{"from": [0, 0, 2, 2, 2, 3, 4, 6, 6, 6, 6, 6, 7, 7, 7, 7, 8, 8, 9, 9, 10, 10, 10, 10, 11, 11, 11, 11, 11, 11, 12, 12, 12, 12, 12, 12, 13, 13, 14, 14, 14, 14, 14, 14, 15, 15, 15, 15, 16, 16, 16, 17, 17, 18, 18, 18, 18, 18, 18, 18, 19, 19, 19, 19, 19, 19, 19, 19, 19, 20, 20, 21, 21, 21, 21, 21, 21, 21, 21, 21, 21, 21, 21, 22, 22, 22, 22, 22, 22, 22, 22, 22, 22, 23, 23, 23, 23, 23, 23, 23, 23, 24, 24, 24, 24], "to": [1, 4, 0, 1, 4, 5, 5, 1, 4, 13, 23, 25, 1, 13, 16, 25, 5, 9, 5, 25, 5, 9, 13, 16, 5, 8, 9, 10, 16, 23, 3, 8, 9, 13, 16, 25, 3, 16, 5, 12, 16, 19, 23, 25, 3, 12, 18, 24, 5, 8, 9, 3, 23, 5, 9, 13, 19, 20, 23, 24, 5, 8, 9, 13, 16, 20, 23, 24, 25, 1, 24, 3, 5, 8, 9, 13, 16, 18, 19, 20, 23, 24, 25, 1, 5, 8, 16, 18, 19, 20, 23, 24, 25, 5, 8, 9, 13, 16, 20, 24, 25, 1, 8, 16, 25], "influence_y": [[6, 7, 9, 12, 14, 19, 21, 22, 23, 24]], "weights": [0.7493908436012674, -0.4079881240337717, -0.7635052501614632, -0.14017834368291932, -0.5493997971240313, 0.33731193733982534, -0.07075936520128484, -0.19359233319925945, 0.21294817063150598, 0.09814057282161281, 0.047736944784974464, 1.674765015293443, 0.25360718289568107, -0.3122243441935932, 0.217691555663607, 0.9977292121858788, 0.3226530603895485, -0.2073859664463687, -1.177253135801423, 2.4317912899745435, -0.9813754691614246, -0.6823627043347005, -0.09615111220592289, 0.1414806248982883, -0.5231422766813303, 0.12893548549257378, -0.5974380546631771, -0.3371428571428573, 0.2706693288282772, -0.11643545947999796, 0.11869466253317285, -0.17454879071819168, 0.08598136821609473, -0.08733447769655828, -0.09969095601988993, 3.0898342284644706, -1.6135778043487068, 0.12400388938356566, 0.29613090948486503, 0.1941333071609964, 0.21117877038071753, -0.10336868125862897, -0.08249966107624165, 3.034656256829421, -0.22190857338871917, -0.33116930446774745, 0.13995900739991796, -0.2102557932086886, 0.19230103568524862, 0.10807623756863582, -0.12445543876671503, -0.2642199671620945, -0.28361271329406146, -0.26154276714155944, 0.1257514477381937, -0.21441628178872627, -0.18947580252785667, -0.33779264214046845, -0.22718332501986643, -0.5305879742175689, 0.2080122698922614, -0.3053299868642246, 0.0922836547020406, -0.20422043808432805, -0.21162118631671667, -0.3377926421404699, -0.2385482868031417, -0.5376752481459512, -1.378638212737833, 0.19179893087213953, -0.5347514552712059, 0.26445604042970866, -0.3085583546156045, -0.40520928966676206, 0.18021423161884986, -0.2805683417617542, -0.21115061739496727, -0.1558533066653769, -0.19383631855177663, -0.3377926421404681, -0.24612705048652608, -0.5416540685969734, 1.147427617565052, -0.2109341251435617, -0.37197213823536546, -0.3330946384889068, -0.18431848816089225, -0.16047527594999678, -0.17271454467230513, -0.3377926421404692, -0.2407823219451707, -0.5347106368295035, -2.038316362301899, -0.4059325985003556, -0.2400792401201088, 0.2135454982740259, -0.24909748789490893, -0.10499552821614902, -0.33779264214046845, -0.5401450557270541, 1.9097049998904447, -0.1279650913381697, 0.1048564619435145, 0.0687282000049044, 1.5746667455673997]}