{"from": [0, 0, 0, 2, 2, 2, 2, 3, 4, 4, 6, 6, 7, 7, 7, 7, 7, 8, 8, 8, 9, 10, 10, 10, 10, 10, 11, 11, 11, 11, 11, 12, 12, 12, 12, 12, 12, 13, 13, 13, 13, 14, 14, 14, 14, 14, 15, 15, 15, 15, 15, 16, 16, 16, 17, 17, 18, 18, 18, 18, 18, 19, 19, 19, 19, 19, 19, 19, 19, 21, 21, 21, 21, 21, 21, 21, 21, 21, 21, 21, 22, 22, 22, 22, 22, 22, 22, 22, 22, 22, 23, 23, 23, 23, 23, 23, 23, 23, 23, 23, 23, 24, 24, 24], "to": [1, 4, 25, 0, 1, 4, 25, 5, 5, 25, 1, 13, 1, 13, 16, 24, 25, 5, 9, 25, 5, 5, 9, 13, 16, 25, 5, 8, 9, 10, 16, 3, 8, 9, 13, 16, 25, 3, 16, 24, 25, 5, 12, 16, 19, 24, 3, 12, 14, 18, 24, 5, 8, 9, 13, 23, 9, 13, 20, 24, 25, 5, 8, 13, 16, 18, 20, 24, 25, 3, 8, 9, 13, 16, 18, 19, 20, 23, 24, 25, 1, 8, 13, 16, 18, 19, 20, 23, 24, 25, 1, 5, 8, 9, 11, 13, 16, 18, 19, 20, 24, 1, 8, 20], "influence_y": [[0, 2, 4, 7, 8, 10, 12, 13, 18, 19, 21, 22]], "weights": [0.7346914398145472, -0.44474415880338936, 0.7854518323343823, -0.7580769534445291, -0.14698787919120826, -0.5616950617003927, 1.4889199785292428, 0.3324711748597773, -0.07773910042929139, 0.2050110626457903, -0.18032707309778193, 0.10982799027569311, 0.24080258266332943, -0.28625766310203743, 0.1716842516007957, -0.08735470894842132, 1.4428223896780472, 0.3360664528482725, -0.2023540131288807, 0.553622044720411, -1.346994362888789, -1.0743076908424447, -0.6873462202765674, -0.10170264946306139, 0.1617421353161606, 0.4763999185804259, -0.6624955335056939, 0.11595182333158162, -0.6149307983126713, -0.3509433962264147, 0.24377908752009453, 0.12226736930851129, -0.19121856289594874, 0.09656779777384518, -0.07828436076529285, -0.11018724534799998, 0.5877982105442887, -1.5948427394386868, 0.09125641374151548, -0.07943858365771544, 0.32468038601036653, 0.32054085717767794, 0.21562362382323838, 0.16843267648016103, -0.10160213978677304, -0.07965562719593827, -0.33243270632124233, -0.31790051417551735, -0.2947925335869695, 0.1665413879865177, -0.3065798428506253, 0.2335009926821139, 0.11576976974369044, -0.12945787010444895, 0.19445347579509092, -0.28230560397625526, 0.08751834576432979, -0.16903249087795752, -0.5515463917525788, -0.34530616560027283, 1.1512176846770332, 0.35063212370008223, -0.2584334831099353, -0.18010578055779436, -0.24784974481415525, -0.24781863927125042, -0.5515463917525787, -0.3592622070189217, -0.7065394677016215, 0.2324872057924099, -0.3593346040846495, 0.1561473902573287, -0.27355370624954517, -0.25965754669904806, -0.24255702948596292, -0.19363943365112765, -0.5515463917525767, -0.15354731520305331, -0.3759778740740804, -0.5066886553289457, -0.2761959737039215, -0.31299347744931955, -0.13039241251948383, -0.1975318493484112, -0.24785842460043878, -0.18062363158216932, -0.5515463917525784, -0.16187620724583043, -0.3421943573088856, -0.5130476481687489, -0.19204585152146864, -0.3000132950728919, -0.26017157411178193, 0.187122833406033, -0.1648228786630578, -0.23865982213607442, -0.1410665831208442, -0.2457360830743759, -0.19220048709010762, -0.551546391752578, -0.3657030242411538, -0.20759893802718293, 0.11558785051529757, -0.5515463917525779]}