{"from": [0, 0, 2, 2, 2, 2, 3, 3, 5, 6, 6, 6, 7, 7, 7, 8, 8, 9, 10, 10, 10, 10, 11, 11, 11, 11, 11, 12, 12, 12, 12, 12, 13, 13, 13, 13, 14, 14, 14, 14, 15, 15, 15, 15, 15, 16, 16, 16, 16, 17, 18, 18, 18, 18, 18, 18, 19, 19, 19, 19, 19, 19, 19, 20, 21, 21, 21, 21, 21, 21, 21, 21, 21, 22, 22, 22, 22, 22, 22, 22, 22, 22, 22, 23, 23, 23, 23, 23, 23, 23, 23, 24, 24], "to": [1, 4, 0, 1, 4, 25, 5, 25, 4, 1, 4, 23, 1, 13, 16, 5, 9, 5, 5, 9, 13, 16, 5, 9, 10, 16, 23, 3, 8, 9, 13, 16, 3, 16, 24, 25, 12, 16, 19, 23, 12, 14, 16, 18, 24, 5, 8, 9, 25, 23, 9, 13, 19, 20, 23, 24, 5, 8, 13, 16, 20, 23, 24, 1, 8, 9, 13, 16, 18, 19, 20, 23, 24, 1, 8, 14, 16, 18, 19, 20, 23, 24, 25, 1, 5, 8, 9, 13, 16, 20, 24, 1, 20], "influence_y": [[2, 3, 13, 16, 22]], "weights": [0.7215821248535086, -0.46257701465303747, -0.7609997333880931, -0.16396617557994497, -0.5850612131692001, 0.24137299488585384, 0.34411153323817273, 1.0274773100931587, -0.09889481521714011, -0.18553665256278068, 0.19805767158547513, 0.04647801969264086, 0.28555412920532436, -0.2916321130802133, 0.17272016370266818, 0.36607583024794, -0.2147189749039489, -1.3130547031384177, -1.0008699805152133, -0.6777719880639136, -0.09144149784332786, 0.12662951215527532, -0.64573924188869, -0.5898822227738261, -0.3377358490566039, 0.2640287121025081, -0.11513274118873365, 0.17730354316667044, -0.1744895562076813, 0.08714791770183236, -0.09963055717066166, -0.07939045106968565, -1.617100424904131, 0.10950767706716036, -0.06330711030568675, 0.8268234670544208, 0.1763580960386678, 0.1798743565201808, -0.0874463872384979, -0.10189034369885461, -0.3582536513607219, -0.252877724152551, 0.1746462217891254, 0.13984012050014122, -0.3154743495283799, 0.2696152612644633, 0.15461330291184427, -0.14423241146712257, 1.0629630175606901, -0.2676655571601972, 0.07902179061266035, -0.19634574769469948, -0.19032870572386512, -0.5482233502538085, -0.22538777476006971, -0.34660728899403265, 0.27303962096854684, -0.3106954730488187, -0.1637916858190545, -0.2595226093395601, -0.5482233502538089, -0.23757261758660353, -0.3496140497852183, 0.20548320838736553, -0.427731519477205, 0.15717205451703212, -0.23015040575981793, -0.22683687679395123, -0.15473970980969673, -0.19318643079701747, -0.5482233502538064, -0.24335577345006112, -0.36533011245728486, -0.24749228511696114, -0.35181732111073116, 0.1635055608106351, -0.168620419794079, -0.16016879684087756, -0.17555998254580718, -0.548223350253807, -0.23528963572618591, -0.3463047000193396, -0.846158549576535, -0.15130341850230633, -0.3609715558111779, -0.27047416212497866, 0.1875765409235055, -0.2661068340925106, -0.12082030343671495, -0.5482233502538075, -0.36403245444961446, -0.16644885420023428, -0.5482233502538082]}