{"from": [0, 0, 2, 2, 2, 3, 5, 6, 6, 6, 7, 7, 7, 7, 8, 8, 8, 8, 8, 9, 10, 10, 10, 10, 11, 11, 11, 11, 11, 11, 12, 12, 12, 12, 12, 13, 13, 14, 14, 14, 14, 14, 15, 15, 15, 16, 16, 16, 16, 16, 17, 17, 17, 18, 18, 18, 18, 18, 18, 19, 19, 19, 19, 19, 19, 19, 19, 20, 20, 20, 20, 20, 20, 20, 21, 21, 21, 21, 21, 21, 21, 21, 21, 21, 22, 22, 22, 22, 22, 22, 22, 22, 22, 22, 23, 23, 23, 24], "to": [1, 4, 0, 1, 4, 5, 4, 1, 4, 23, 1, 13, 14, 16, 5, 9, 23, 24, 25, 5, 5, 9, 13, 16, 5, 8, 9, 10, 16, 23, 3, 8, 9, 16, 23, 3, 23, 5, 9, 12, 16, 19, 12, 14, 24, 5, 8, 9, 13, 23, 8, 9, 23, 1, 9, 19, 20, 23, 24, 5, 8, 9, 16, 20, 23, 24, 25, 1, 8, 9, 13, 16, 23, 24, 3, 8, 9, 13, 16, 18, 19, 20, 23, 24, 1, 5, 8, 14, 16, 18, 19, 20, 23, 24, 5, 9, 24, 1], "influence_y": [[8, 19]], "weights": [0.7578256781770394, -0.4066899447891754, -0.7570951532862714, -0.1350737534453992, -0.5242925573309487, 0.3326466985871447, -0.07641179769667694, -0.1801032569878671, 0.196704192259212, 0.06348559672949883, 0.23908250351659022, -0.30615078377014693, -0.13296474659151292, 0.18331127588403356, 0.3506096227493309, -0.190817579685224, -0.11127278558366412, 0.05649236562935067, 0.6822591742923151, -1.3831234281763798, -1.098785895533345, -0.6819860223763784, -0.11978773655118356, 0.14929621027208845, -0.6746084380688144, 0.15496846966245287, -0.5975883255613751, -0.3447619047619049, 0.2517414622391873, -0.07586668849088399, 0.14924304136706112, -0.1734994268529032, 0.09115809469372498, -0.10250403546630213, -0.06958722699747107, -1.6309181778243502, -0.08050659873404896, 0.2752392247405274, -0.07370483324049583, 0.20699721868497448, 0.19307828270761113, -0.09516711728120647, -0.33910522988147385, -0.1733620763260155, -0.2200849202331463, 0.19672734933924121, 0.12618780745650696, -0.12333052915920602, 0.12425741152491812, -0.06252115448713434, 0.19141728887459747, -0.13747835024370783, -0.20227073731693995, 0.1577923254409126, 0.08042082582137941, -0.19294267447806185, -0.2583979328165389, -0.32716646723351567, -0.5129119729356492, 0.3123538187649155, -0.221339547775488, 0.05060693250888873, -0.22759141171753922, -0.2583979328165389, -0.3672077719260962, -0.5086621148884195, -0.4979124238298513, 0.2420334879007688, 0.12503069850806958, -0.08320088718730889, 0.21557271269781716, 0.09134142210173599, -0.26371994336086824, -0.5295536838933378, 0.2919576693417773, -0.3099695484282494, 0.15415536534937763, -0.13954275488858958, -0.1973611382821316, -0.15845070422535398, -0.1967191473860462, -0.2583979328165381, -0.39271154525984087, -0.5086960662579181, -0.19940630111613059, -0.2483770837432862, -0.24782744369127713, 0.16255184957451463, -0.15357649411026716, -0.15845070422535096, -0.17632619368292987, -0.2583979328165371, -0.3744963463854597, -0.504567821566118, -0.3155908739767287, 0.17617847873828216, -0.5135638114021615, -0.12674788259138275]}