{"from": [0, 0, 0, 1, 2, 2, 2, 2, 3, 4, 6, 7, 7, 7, 8, 8, 8, 9, 10, 10, 10, 10, 11, 11, 11, 11, 11, 12, 12, 12, 12, 13, 13, 13, 14, 14, 14, 14, 14, 15, 15, 15, 15, 15, 16, 16, 16, 17, 17, 17, 18, 18, 18, 18, 18, 18, 19, 19, 19, 19, 19, 19, 19, 19, 19, 20, 20, 20, 20, 21, 21, 21, 21, 21, 21, 21, 21, 21, 21, 21, 22, 22, 22, 22, 22, 22, 22, 22, 22, 22, 23, 23, 23, 23, 23, 23, 23, 23, 23, 24, 24, 24, 24], "to": [1, 4, 5, 25, 0, 1, 4, 25, 5, 5, 1, 1, 13, 16, 5, 9, 25, 5, 5, 9, 13, 16, 5, 8, 9, 10, 16, 3, 8, 9, 16, 3, 16, 25, 5, 9, 12, 16, 19, 3, 12, 16, 18, 24, 5, 8, 9, 3, 9, 23, 5, 9, 12, 13, 20, 24, 5, 8, 9, 16, 18, 20, 23, 24, 25, 1, 8, 16, 24, 3, 5, 8, 9, 13, 16, 18, 19, 20, 23, 24, 1, 5, 8, 9, 16, 18, 19, 20, 23, 24, 5, 8, 9, 11, 13, 16, 18, 20, 24, 1, 8, 9, 16], "influence_y": [[1, 2, 8, 13, 19]], "weights": [0.7669802647763874, -0.40440169239696655, -0.04496487932574317, 1.53810988069271, -0.770410786633738, -0.12186118018404724, -0.5072052463381708, 0.7914965433933782, 0.33800549035495653, -0.08885112414323912, -0.16630213001231536, 0.27867346953224503, -0.3044148793648088, 0.17828033347849379, 0.3467926806831615, -0.20975955071375368, 1.402517651706336, -1.1991529166460961, -0.9743952664472402, -0.6830052085724059, -0.11328300981073988, 0.14191190336301063, -0.5813514096798005, 0.1445759600193432, -0.5898777423733599, -0.34541984732824427, 0.23764076061299433, 0.14576721449559638, -0.19127908976476285, 0.0883808805534968, -0.09803174050499623, -1.6001653727424123, 0.10505673589508668, 0.7297425592180437, 0.2332442903071796, -0.0750564932492182, 0.19965216806014716, 0.16702252697717518, -0.09519627111150107, -0.2663842205671729, -0.31580205351842444, 0.17661307807099383, 0.1505286295857599, -0.21904367122775872, 0.20467588515921512, 0.11902565492987921, -0.119168168674816, -0.28624986226875704, -0.12236083390471038, -0.29515632704918443, -0.24112068313944482, 0.1535413059005417, 0.13154946427476075, -0.14808507064648355, -0.34782608695652356, -0.5318684355465819, 0.15699189247840076, -0.22275490114028884, 0.1114527158143288, -0.1964782793442613, -0.23864126743586067, -0.34782608695652106, -0.18518550517510354, -0.5393358334293479, 1.0571792939747182, 0.16211282803975033, 0.1299106844129113, 0.07535890062913356, -0.5360808138394255, 0.3009523961043897, -0.3563936738155232, -0.2966965266424799, 0.21913337046719664, -0.19289457348282382, -0.2234374582650124, -0.2355622727397889, -0.16053576673502593, -0.34782608695652106, -0.18250226583829293, -0.5438162721590071, -0.1866531809341881, -0.355781859212192, -0.2814824993850247, 0.10054032957815628, -0.1660660255582578, -0.24082138350606422, -0.14319341574109518, -0.3478260869565222, -0.1891314453762954, -0.5361634094922252, -0.4439841548878961, -0.14687855080714768, 0.25024797623401474, -0.17506178651288687, -0.1934101685546064, -0.07607096955658306, -0.23685206872996958, -0.34782608695652145, -0.5419394089363628, -0.13559366517350496, 0.1835834661679586, 0.11204126737466362, 0.1000558370163978]}