{"from": [0, 0, 2, 2, 2, 3, 4, 5, 5, 6, 6, 6, 7, 7, 7, 8, 8, 9, 10, 10, 10, 10, 11, 11, 11, 11, 11, 11, 12, 12, 12, 13, 13, 13, 14, 14, 14, 14, 14, 15, 15, 15, 15, 16, 16, 16, 17, 17, 18, 18, 18, 18, 18, 18, 19, 19, 19, 19, 19, 19, 19, 19, 19, 20, 21, 21, 21, 21, 21, 21, 21, 21, 21, 21, 22, 22, 22, 22, 22, 22, 22, 22, 22, 22, 22, 23, 23, 23, 23, 23, 23, 23, 24, 24, 24], "to": [1, 25, 0, 1, 4, 5, 0, 4, 25, 1, 4, 13, 1, 13, 16, 5, 9, 5, 5, 9, 13, 16, 5, 8, 9, 10, 16, 23, 8, 9, 16, 3, 16, 24, 5, 9, 12, 16, 19, 12, 14, 18, 24, 5, 8, 9, 9, 23, 5, 9, 13, 20, 23, 24, 5, 8, 9, 13, 16, 18, 20, 23, 24, 1, 5, 8, 9, 13, 16, 18, 19, 20, 23, 24, 1, 5, 8, 14, 16, 18, 19, 20, 23, 24, 25, 5, 8, 9, 13, 16, 20, 24, 1, 8, 20], "influence_y": [[0, 5, 22]], "weights": [0.7400520053155178, 0.4861115369522181, -0.8143557546580451, -0.14730471366469516, -0.24845909129375798, 0.33436291957098957, -0.20516841833325872, -0.10622717268404724, 0.5586839426582038, -0.17723421687272098, 0.28308273361379466, 0.09263083613295887, 0.2907443717069078, -0.2669037839404735, 0.1539895086996535, 0.3116237841617629, -0.19185571098711585, -1.2875996201778614, -0.9899397052174531, -0.6756917992175244, -0.10237358414715109, 0.15364614263799586, -0.6310828207619685, 0.12864096274946032, -0.6077647805101443, -0.34857142857142864, 0.22151198171162645, -0.1142021049032565, -0.16769991628166264, 0.09790268321153434, -0.10527758439797352, -1.628862482002425, 0.10176947382092774, -0.051838219790865614, 0.25502614452250816, -0.06344370525002338, 0.1949438202247191, 0.17993145472334285, -0.08717047227274209, -0.28470037453183517, -0.2760120351165859, 0.15425128354600126, -0.24261408945947685, 0.22221869850717924, 0.09468414491823024, -0.11987481335564767, -0.13552233405443384, -0.2886980902346533, -0.26116000970566555, 0.09301269580922653, -0.1782195341860612, -0.5526315789473693, -0.2299874368774434, -0.352181341062495, 0.18697730528557344, -0.31553060126175236, 0.08260315631535975, -0.16677771263446228, -0.2929476012481078, -0.1976464135861643, -0.5526315789473679, -0.23106811037579122, -0.35559162993378146, 0.22067139499545013, -0.29159173347659106, -0.38021336707524134, 0.18540888290560448, -0.25057824846000676, -0.2748529965510261, -0.19269902818948983, -0.16260901461209692, -0.5526315789473686, -0.24552974689290302, -0.3679586087314487, -0.21239499664391337, -0.34176525042613615, -0.34742081491268473, 0.14576550061990848, -0.24205288356315602, -0.19814636372730332, -0.1454797120186416, -0.5526315789473688, -0.25200824434915986, -0.35143378302389694, -0.8905851787488515, -0.39254207169237965, -0.20960712766743747, 0.1968174265012104, -0.26715425187784536, -0.15892129934245464, -0.5526315789473695, -0.36634575077393183, -0.12873817792539144, 0.13965816042237506, -0.5526315789473679]}