{"from": [0, 0, 0, 1, 2, 2, 2, 3, 3, 3, 5, 6, 6, 7, 7, 7, 8, 8, 8, 9, 10, 10, 10, 11, 11, 11, 11, 11, 12, 12, 12, 12, 13, 14, 14, 14, 14, 14, 15, 15, 15, 15, 15, 15, 16, 16, 16, 17, 17, 17, 18, 18, 18, 18, 18, 18, 19, 19, 19, 19, 19, 19, 19, 20, 20, 20, 21, 21, 21, 21, 21, 21, 21, 21, 21, 22, 22, 22, 22, 22, 22, 22, 22, 22, 23, 23, 23, 23, 23, 23, 23, 23, 23, 23, 23, 23, 24, 24], "to": [1, 4, 25, 25, 0, 1, 4, 5, 8, 16, 4, 1, 4, 1, 13, 16, 5, 9, 25, 5, 5, 9, 16, 5, 8, 9, 10, 16, 3, 8, 9, 16, 3, 5, 9, 12, 16, 19, 3, 8, 12, 14, 18, 24, 5, 8, 9, 3, 8, 23, 5, 8, 9, 19, 20, 24, 5, 8, 9, 16, 20, 24, 25, 1, 24, 25, 3, 8, 9, 16, 18, 19, 20, 23, 24, 1, 8, 16, 18, 19, 20, 23, 24, 25, 1, 5, 8, 9, 11, 13, 16, 18, 19, 20, 24, 25, 1, 25], "influence_y": [[0, 1, 8, 19, 20, 22, 23, 24]], "weights": [0.7308036233044709, -0.42038795836096354, 0.2742289903955915, 0.18366291915402433, -0.7571946038989816, -0.1739104254670778, -0.5389791054473168, 0.34446786269744295, 0.04555864919955649, -0.06108398465095197, -0.09812424940107412, -0.21273685117310942, 0.22530774537281648, 0.2775399381920007, -0.3303577488794427, 0.1591805150996023, 0.387298197340232, -0.2109682100698232, 0.5642736910689647, -1.2643282459967131, -1.0295146559858093, -0.6832365232867227, 0.1330966458466667, -0.5831101493578367, 0.10405315611179827, -0.6107314465133685, -0.347826086956522, 0.23627216504571094, 0.11538987820802249, -0.1822396046705015, 0.09511929849006862, -0.08375681367092305, -1.6229626362604468, 0.24007726359659626, -0.07955899352721618, 0.19100630436517538, 0.1811579179019689, -0.13327484658291175, -0.3333283935207203, 0.1805372712749942, -0.2835900300587872, -0.2063983488132091, 0.14939655572102523, -0.24753919173103797, 0.22150865689485022, 0.11617665379047042, -0.11569117093344108, -0.2589482580589821, 0.1894970768457405, -0.26938775510204044, -0.17410757963565152, -0.17559165914370953, 0.1052056340490745, -0.23847713551687186, -0.33999999999999886, -0.5254513784459772, 0.25995526722588436, -0.39868761577637873, 0.08983757024227, -0.23886610627314478, -0.3400000000000002, -0.5308326652227399, -0.6389015019140036, 0.17194561802050096, -0.5303050880877626, -0.5951298717843811, 0.25816826928581404, -0.5099856870519124, 0.16717899199348413, -0.26591913148309326, -0.19413104224213715, -0.24195723305820688, -0.33999999999999986, -0.14328678839957065, -0.5344528035998336, -0.25259015471418, -0.41917344673211787, -0.21409053032477604, -0.19645121602416604, -0.22353097586018936, -0.33999999999999914, -0.1608378088077338, -0.5306084449403732, -1.1260985354462867, -0.1645167934591402, -0.3091266320225044, -0.3224566670246236, 0.19497620879913702, -0.16286684453068165, -0.1742701067425232, -0.11056611771832786, -0.19244952256735315, -0.24296689098686458, -0.33999999999999997, -0.5372389590045977, -1.3317188042515489, -0.18531040647116132, 0.3730412660591352]}