{"from": [0, 0, 0, 1, 2, 2, 2, 2, 3, 3, 4, 4, 6, 6, 6, 7, 7, 7, 8, 8, 9, 9, 10, 10, 10, 10, 11, 11, 11, 11, 11, 11, 12, 12, 12, 12, 12, 13, 13, 13, 14, 14, 14, 14, 14, 15, 15, 15, 15, 15, 15, 16, 16, 16, 16, 17, 17, 18, 18, 18, 18, 18, 19, 19, 19, 19, 19, 19, 19, 19, 19, 20, 20, 21, 21, 21, 21, 21, 21, 21, 21, 21, 21, 21, 22, 22, 22, 22, 22, 22, 22, 22, 22, 22, 23, 23, 23, 23, 23, 23, 23, 24, 24, 24, 24], "to": [1, 4, 25, 25, 0, 1, 4, 25, 5, 25, 5, 25, 1, 4, 25, 1, 13, 16, 5, 9, 5, 25, 5, 9, 16, 25, 5, 8, 9, 10, 16, 23, 3, 8, 9, 16, 25, 3, 16, 25, 5, 9, 12, 16, 23, 3, 8, 12, 16, 18, 24, 5, 8, 9, 25, 23, 25, 5, 9, 20, 23, 24, 5, 8, 9, 16, 18, 20, 23, 24, 25, 1, 24, 3, 5, 8, 9, 16, 18, 19, 20, 23, 24, 25, 1, 5, 8, 16, 18, 19, 20, 23, 24, 25, 5, 8, 9, 13, 16, 20, 24, 1, 8, 16, 25], "influence_y": [[0, 1, 2, 3, 4, 6, 9, 10, 12, 13, 16, 17, 19, 21, 22, 24]], "weights": [0.7212349499861889, -0.43786400601262654, 0.911331744574879, 1.4686902300070164, -0.7469664441674756, -0.15444168123629606, -0.5734902172560495, 1.3530019419068222, 0.34550747683334576, 2.6738791817049625, -0.07411157826173337, 0.6287911273886808, -0.19258301302144415, 0.24341952415615373, 1.248210852893367, 0.2758456848229645, -0.272626377855356, 0.1988803582868909, 0.30985151144156403, -0.19619558495997774, -1.28360483838656, -0.4208768809464698, -1.026185935535647, -0.6742395825577083, 0.1569263087993281, 1.779583192216671, -0.636965503635807, 0.12902686867856183, -0.6061848842822766, -0.34724857685009464, 0.2571905384011257, -0.11180727393108417, 0.14971784978612843, -0.1680606282261955, 0.09692192325105373, -0.08507461088411244, 1.8531880611849345, -1.623853521002793, 0.131495141985239, 2.237587973695613, 0.2723540831087363, -0.07181547780032063, 0.19887106357694556, 0.17331399221656157, -0.08718872625220865, -0.31031862874530985, 0.2382522154661388, -0.2849079025549619, 0.1499309415414729, 0.15574142694022, -0.21834248578015972, 0.17747074818838546, 0.11979855660439301, -0.1276677583313056, 1.3999322066829027, -0.2755162395425589, 1.7241804293571437, -0.26549791006423584, 0.10873620338869126, -0.3399339933993405, -0.22317093181141362, -0.5336243135664905, 0.13175209025351897, -0.2457798451126918, 0.09431600429407415, -0.2250934014171113, -0.191003130870381, -0.3399339933993405, -0.23688595868443724, -0.5410678073999007, -1.0369227431531833, 0.24005874093688348, -0.5399838034435789, 0.2958473601297087, -0.34730485907265596, -0.35994970733835363, 0.17663802693034225, -0.2602993259635205, -0.18766019620121094, -0.15465729349736454, -0.3399339933993396, -0.236953334327387, -0.5457544516653858, -0.7180504829745995, -0.20693131230314576, -0.3653763175790966, -0.32103276846268325, -0.18311015628845528, -0.19631249769788786, -0.15465729349736324, -0.3399339933993398, -0.2349396715317194, -0.5336243135664867, -0.6329433622653609, -0.39253235847594775, -0.1978382617774187, 0.20814501810719274, -0.17796324802770805, -0.1060984875886835, -0.3399339933993408, -0.5436630485448861, -0.12887269951161084, 0.12865349774438647, 0.07332208917307395, 1.2781599743340204]}