{"from": [0, 0, 0, 2, 2, 2, 3, 4, 5, 5, 6, 6, 6, 7, 7, 7, 7, 8, 8, 8, 9, 9, 10, 10, 10, 11, 11, 11, 11, 11, 11, 12, 12, 12, 12, 12, 12, 13, 13, 13, 14, 14, 14, 14, 14, 15, 15, 15, 15, 15, 15, 15, 16, 16, 16, 16, 17, 17, 17, 17, 17, 18, 18, 18, 18, 18, 18, 18, 19, 19, 19, 19, 19, 19, 19, 19, 20, 20, 20, 20, 20, 21, 21, 21, 21, 21, 21, 21, 21, 21, 21, 21, 21, 22, 22, 22, 22, 22, 22, 22, 22, 22, 22, 23, 23, 23, 23, 23, 23, 23, 23, 23, 23, 24, 24, 24, 24], "to": [1, 4, 25, 0, 1, 4, 5, 25, 4, 25, 1, 4, 13, 1, 5, 13, 16, 5, 9, 25, 5, 25, 5, 9, 16, 5, 8, 9, 10, 16, 25, 3, 8, 9, 13, 16, 25, 3, 5, 16, 5, 9, 12, 16, 19, 3, 8, 12, 14, 16, 18, 24, 5, 8, 9, 25, 3, 5, 9, 13, 23, 1, 5, 9, 13, 20, 24, 25, 5, 8, 9, 13, 16, 18, 20, 24, 1, 8, 13, 16, 24, 3, 5, 8, 9, 13, 16, 18, 19, 20, 23, 24, 25, 1, 5, 8, 16, 18, 19, 20, 23, 24, 25, 5, 8, 9, 11, 13, 18, 19, 20, 24, 25, 1, 8, 9, 16], "influence_y": [[0, 4, 5, 8, 9, 11, 12, 16, 18, 21, 22, 23]], "weights": [0.7499498687787117, -0.4401227131709848, 0.3231855252329526, -0.7439931894513822, -0.14571368518408823, -0.5719535388429167, 0.3214464413107005, 0.24922030572495632, -0.11802748626779258, 0.16598476355430497, -0.18335290349657501, 0.18769932704906941, 0.07781046394191182, 0.27867533577037906, -0.15310021660819814, -0.3358171535577874, 0.17892363477096987, 0.35936325682656206, -0.20345320723392124, 0.6075490833246808, -1.2526025385640425, 0.7546472902772657, -1.0318824131013786, -0.6779701645685227, 0.15837075157682884, -0.6052400281998641, 0.16848749745169417, -0.597139820069294, -0.34923664122137443, 0.251787278269195, 0.46471730657307314, 0.11793509513440259, -0.1719103056992061, 0.09598424916036252, -0.08971947983342873, -0.06747375729589228, 0.40168270771174835, -1.5908476374703595, -0.15761295181912285, 0.10640931648086455, 0.23301751924557762, -0.0870479030680956, 0.1969808944465132, 0.1619970006695906, -0.09602565758358919, -0.28950897509338613, 0.18844579090799277, -0.3036210021660421, -0.20973441850503277, 0.20237703067265334, 0.14906520411972296, -0.21078794720302227, 0.2153757574935642, 0.07281143712271616, -0.12039877070796515, 0.3738668485583134, -0.2830077339671017, 0.3083629028430752, -0.13748658290257953, 0.17902682849142806, -0.3236423486554435, 0.13310993010133879, -0.2656122887257228, 0.14931329669258853, -0.15766757346859883, -0.3462783171521033, -0.5338523801581908, -0.5634295841082936, 0.16265428087281267, -0.2809663261996561, 0.11009103387437073, -0.13454597096496584, -0.23048646988833196, -0.23109297028338643, -0.3462783171521038, -0.5409575918616655, 0.19824393415157174, 0.12291291020093914, 0.11831165787996364, 0.08112079766989302, -0.5397623226031354, 0.25069623239743133, -0.28437395208084826, -0.35400299956083886, 0.20219123452872861, -0.2143804408099049, -0.1468341098153234, -0.22783623985630252, -0.1884335632014982, -0.34627831715210455, -0.1344205885431558, -0.5455628216694715, -0.7706602895614402, -0.1989757508525385, -0.30577040948143414, -0.28720228752690535, -0.10709918390956488, -0.23307549306232267, -0.17203008730286468, -0.3462783171521041, -0.15484699527991277, -0.538154174999069, -0.5146196583007573, -0.3660397165036079, -0.2117271671571966, 0.21309750542488243, -0.15196037099494092, -0.19525200315250693, -0.22866437987918908, -0.18354336767640853, -0.3462783171521052, -0.5443917775183433, -0.5153649227762415, -0.09338769796398183, 0.16210675144828102, 0.07587232172455925, 0.12756967777738185]}