{"from": [0, 0, 0, 2, 2, 2, 3, 5, 5, 6, 6, 6, 6, 7, 7, 7, 8, 8, 8, 9, 10, 10, 10, 11, 11, 11, 11, 11, 11, 12, 12, 12, 12, 12, 13, 13, 14, 14, 14, 14, 14, 14, 15, 15, 15, 15, 15, 15, 16, 16, 16, 17, 17, 17, 18, 18, 18, 18, 18, 18, 18, 19, 19, 19, 19, 19, 19, 19, 20, 21, 21, 21, 21, 21, 21, 21, 21, 21, 21, 21, 22, 22, 22, 22, 22, 22, 22, 22, 22, 22, 23, 23, 23, 23, 23, 23, 23, 24, 24, 24], "to": [1, 2, 4, 1, 4, 9, 5, 4, 25, 1, 4, 13, 23, 1, 13, 16, 1, 5, 9, 5, 5, 9, 16, 5, 8, 9, 10, 16, 23, 3, 8, 9, 13, 16, 3, 16, 5, 9, 12, 16, 19, 23, 3, 8, 12, 14, 18, 24, 5, 8, 9, 3, 9, 23, 5, 9, 13, 19, 20, 23, 24, 5, 8, 9, 16, 20, 23, 24, 1, 3, 5, 8, 9, 13, 16, 18, 19, 20, 23, 24, 1, 5, 8, 14, 16, 18, 19, 20, 23, 24, 5, 8, 9, 13, 16, 20, 24, 8, 20, 25], "influence_y": [[5, 24]], "weights": [0.7376266067976109, -0.7649925688097873, -0.4190689357214081, -0.13975061273007408, -0.5343965966261922, -0.0211219923242046, 0.3492795560658117, -0.0947635734403322, 0.48692577033646617, -0.1609639532660962, 0.1958631590857504, 0.09000742890639625, 0.0487920648943103, 0.22491939139961953, -0.2755317477393812, 0.16176256143073958, 0.06803328872543413, 0.29282223188052664, -0.19096880034243327, -1.2840534130278294, -1.0515929272356936, -0.668498077976548, 0.14954887444342885, -0.65134752440156, 0.11969458446151743, -0.6068797534498861, -0.35294117647058865, 0.23124486059470697, -0.1173934071345445, 0.10865128180026618, -0.15898784063101296, 0.10128246537283667, -0.08874316087083292, -0.08490746331074786, -1.6139609312906007, 0.10862413479326018, 0.25992711627097315, -0.08851128374155368, 0.1984183113093612, 0.16336329176136014, -0.10142061992745002, -0.099323896958915, -0.297843898290179, 0.20325577491173535, -0.30682980269895055, -0.2705313084117749, 0.1423375185276481, -0.2900821971513944, 0.2030382875270088, 0.10969711218821773, -0.12157545691677905, -0.27251672015748946, -0.14612786644188983, -0.30582934728891265, -0.2224208657469562, 0.09529338470230188, -0.15581824198723082, -0.18370113416464467, -0.5477386934673373, -0.2300249262817315, -0.3326095439584157, 0.15936258833904354, -0.26670435282863836, 0.07805567915913594, -0.25316266339261184, -0.5477386934673388, -0.23947616891885148, -0.3426123783429458, 0.2220549509655349, 0.30872971074664446, -0.30729857909485847, -0.4005901628542706, 0.1630884152716679, -0.24290138971770242, -0.2599377742964428, -0.1535032254527527, -0.18653853602338277, -0.5477386934673376, -0.2432372633048768, -0.3435560419641291, -0.16063002901225248, -0.3860072679420382, -0.30198820527621284, 0.15790292973404033, -0.185002381821587, -0.15602770219644937, -0.16579514885331545, -0.5477386934673374, -0.23869739328952963, -0.33841118790144303, -0.4471158008644992, -0.21915966334499176, 0.195896067701136, -0.21325595688622673, -0.12345647959102271, -0.5477386934673367, -0.3455020860540327, 0.13448053356617806, -0.5477386934673358, 1.5331286897305612]}