{"from": [0, 0, 0, 1, 2, 2, 2, 3, 3, 3, 3, 4, 6, 6, 7, 7, 7, 8, 8, 9, 9, 10, 10, 10, 10, 11, 11, 11, 11, 11, 11, 12, 12, 12, 12, 13, 13, 13, 14, 14, 14, 14, 14, 15, 15, 15, 15, 15, 15, 16, 16, 16, 16, 17, 17, 18, 18, 18, 18, 18, 18, 18, 18, 19, 19, 19, 19, 19, 19, 19, 20, 20, 20, 20, 21, 21, 21, 21, 21, 21, 21, 21, 21, 21, 22, 22, 22, 22, 22, 22, 22, 22, 22, 23, 23, 23, 23, 23, 23, 23, 23, 23, 23, 23, 24, 24, 24], "to": [1, 4, 25, 5, 0, 1, 4, 5, 8, 16, 25, 5, 1, 4, 1, 13, 16, 5, 9, 5, 25, 5, 9, 16, 25, 5, 8, 9, 10, 16, 25, 3, 8, 9, 16, 3, 16, 25, 5, 12, 16, 19, 25, 3, 8, 12, 14, 18, 24, 5, 8, 9, 25, 3, 23, 1, 5, 8, 9, 19, 20, 23, 24, 5, 8, 9, 16, 20, 24, 25, 1, 8, 13, 24, 3, 5, 8, 9, 16, 18, 19, 20, 23, 24, 1, 5, 8, 16, 18, 19, 20, 23, 24, 1, 5, 8, 9, 11, 13, 16, 19, 20, 24, 25, 1, 8, 25], "influence_y": [[0, 3, 9, 10, 11, 13, 14, 16, 19, 23, 24]], "weights": [0.7568377415174496, -0.4189198522671591, 0.4984280665006752, -0.05255175965645975, -0.7473971593752964, -0.13676999280900337, -0.5576794116362911, 0.34816853429433214, 0.04774980566147713, -0.03294434630257554, 2.2137202547630768, -0.08810604511533962, -0.16108635720606815, 0.1955423248848666, 0.2469618816379884, -0.3145202705269499, 0.18305933641656402, 0.29476785603543765, -0.20058478559054774, -1.2676092754006538, 0.83506816611159, -1.0386132997389255, -0.6761928960206037, 0.12803652544706756, 0.9349165906483544, -0.5572948548589373, 0.11965774619588554, -0.58069576999504, -0.3403441682600378, 0.23841254302501091, -0.7127321838725653, 0.11877909486917015, -0.17716194247384123, 0.09069626311447333, -0.1031511693741266, -1.6188309848024462, 0.05568370875323503, 1.4611606047040875, 0.2598878427427361, 0.18894436013445493, 0.1783538706197985, -0.1149979098593448, 0.502318867585046, -0.31807258176702, 0.24340918361717118, -0.31367665621853147, -0.2372434353858504, 0.14510152660441453, -0.22248866596107328, 0.21984592785522447, 0.1217852550047351, -0.13049616345873272, 0.5175663772671388, -0.28820559806211293, -0.30922405316273827, 0.11994609446546205, -0.2494998874345181, -0.13799926841362015, 0.11957232574134574, -0.23963162925044132, -0.3554817275747515, -0.17817887425939194, -0.5394982990236306, 0.16538168385054197, -0.2771263670572398, 0.10890412534187834, -0.28522185154187524, -0.35548172757475216, -0.5466753527643081, -1.0342625782716652, 0.19551745344748392, 0.07738849329117742, 0.2085758596350039, -0.5457362990038449, 0.23724910923867187, -0.31945341287851337, -0.3950510496528468, 0.18930609831211817, -0.2627352506817835, -0.1543352601156055, -0.24339049862276002, -0.3554817275747516, -0.1824745301562393, -0.5516340444396854, -0.17013789211649274, -0.3066576985528295, -0.298071302658605, -0.194908612495287, -0.162249888839483, -0.22988695617715396, -0.3554817275747514, -0.18411435468058715, -0.5394982990236281, -0.12018822436961303, -0.4277804407765513, -0.22720964441623157, 0.23434994883692323, -0.18996900866972674, -0.16383433988408747, -0.12818110002140337, -0.24194851856182792, -0.35548172757475155, -0.5471703219878037, -1.0550916985121825, -0.13419061550383396, 0.12905587750762143, 0.46534660833588565]}