{"from": [0, 0, 2, 2, 2, 3, 3, 5, 6, 6, 6, 6, 7, 7, 7, 8, 8, 8, 9, 10, 10, 10, 11, 11, 11, 11, 11, 11, 12, 12, 12, 12, 12, 13, 13, 13, 14, 14, 14, 14, 14, 15, 15, 15, 15, 15, 15, 16, 16, 16, 17, 17, 18, 18, 18, 18, 18, 19, 19, 19, 19, 19, 19, 20, 20, 21, 21, 21, 21, 21, 21, 21, 21, 21, 21, 22, 22, 22, 22, 22, 22, 22, 22, 22, 22, 23, 23, 23, 23, 23, 23, 23, 24, 24, 24], "to": [1, 4, 0, 1, 4, 5, 25, 4, 1, 4, 23, 25, 1, 13, 16, 5, 9, 25, 5, 5, 9, 16, 5, 8, 9, 10, 16, 23, 3, 8, 9, 16, 25, 3, 16, 25, 5, 12, 16, 19, 23, 3, 8, 12, 14, 18, 24, 5, 8, 9, 3, 23, 5, 19, 20, 23, 24, 5, 8, 16, 20, 23, 24, 1, 24, 3, 5, 8, 9, 16, 18, 19, 20, 23, 24, 1, 5, 8, 14, 16, 18, 19, 20, 23, 24, 1, 5, 8, 9, 13, 20, 24, 1, 8, 16], "influence_y": [[3, 6, 8, 12, 13]], "weights": [0.7385613066599852, -0.4220555124503517, -0.7523373428395376, -0.14369831307705308, -0.5572475216232458, 0.3494216085574726, -0.28061390588683927, -0.08525340648589474, -0.16633497562423244, 0.19388204708508563, 0.0521078767233114, 0.8484340460503885, 0.2737005066884584, -0.26105611589130945, 0.20537478263643677, 0.3142067980070788, -0.20781179149426715, 0.6396062203422204, -1.2445576471208053, -1.0204432388109956, -0.682422195832205, 0.14771840448702267, -0.6050804831816002, 0.13756801539656352, -0.5999997089193836, -0.34732824427480957, 0.24913857269009326, -0.11655817189195605, 0.13867595851084435, -0.18002411581382852, 0.08712565234909722, -0.09944065273958075, 1.076044089087007, -1.601562601870829, 0.1059464753099126, 0.9453255775049069, 0.22099554978739272, 0.20639714462214376, 0.17461353150838396, -0.09611050848129254, -0.09052783673883388, -0.2800689002650387, 0.21431960114915374, -0.29549042487473354, -0.24565865720379826, 0.13543985203466483, -0.21992693436585337, 0.2279328009080617, 0.1054217595954233, -0.1296810251145178, -0.23196448552680493, -0.28471125816820064, -0.32148081178354965, -0.1867801447550485, -0.34105960264900737, -0.2272237003569058, -0.5160859094699094, 0.19373486497986173, -0.25409491931786454, -0.22205048562283966, -0.34105960264900775, -0.239649379420268, -0.5234991769204423, 0.17328607560828177, -0.522491548334934, 0.26141155046122955, -0.2845247280775033, -0.38574310953125457, 0.14546258798655579, -0.24128506745876332, -0.14915349447713633, -0.1909325866022103, -0.3410596026490078, -0.24576829177635154, -0.5274614405577984, -0.2330710237212574, -0.3731344595847795, -0.32609095568887325, 0.15230091168198728, -0.16495216804292243, -0.15339492545218208, -0.17175782998402145, -0.3410596026490065, -0.2404201734624678, -0.5205742142528846, -0.14052488113371325, -0.46504398521905654, -0.2232700788454472, 0.17619495570337068, -0.14963154180893262, -0.3410596026490072, -0.5258604398861706, -0.15643081590791358, 0.11318046887125816, 0.10008522296475367]}