{"from": [0, 0, 0, 2, 2, 2, 3, 3, 4, 5, 6, 7, 7, 7, 7, 8, 8, 9, 10, 10, 10, 10, 11, 11, 11, 11, 11, 11, 12, 12, 12, 12, 12, 13, 13, 14, 14, 14, 14, 14, 15, 15, 15, 15, 15, 16, 16, 16, 17, 17, 17, 18, 18, 18, 18, 18, 18, 18, 19, 19, 19, 19, 19, 19, 19, 19, 19, 20, 20, 21, 21, 21, 21, 21, 21, 21, 21, 21, 21, 21, 22, 22, 22, 22, 22, 22, 22, 22, 22, 23, 23, 23, 23, 23, 23, 24, 24, 24, 24], "to": [1, 4, 5, 0, 1, 4, 5, 16, 5, 25, 1, 1, 5, 13, 16, 5, 9, 5, 5, 9, 13, 16, 5, 8, 9, 10, 16, 23, 3, 8, 9, 13, 25, 3, 25, 5, 9, 12, 16, 19, 3, 12, 14, 18, 24, 5, 8, 9, 3, 9, 23, 1, 5, 9, 13, 20, 23, 24, 5, 8, 9, 13, 16, 18, 20, 23, 24, 1, 13, 3, 5, 8, 9, 13, 16, 18, 19, 20, 23, 24, 1, 5, 8, 14, 18, 19, 20, 23, 24, 5, 8, 9, 13, 20, 24, 1, 8, 20, 25], "influence_y": [[5, 12, 13, 24]], "weights": [0.7278872910346814, -0.42959984399997686, -0.043611541237794337, -0.7589978147463009, -0.1602824998704014, -0.5485635395280783, 0.353056231197119, -0.065984087213627, -0.06487020778988473, 1.4632159562255875, -0.18916007484955868, 0.28336212854397963, -0.20129090838355077, -0.3177907406290442, 0.19498312669163925, 0.31406995663257314, -0.19463964590360178, -1.249826941907553, -1.0004155507009855, -0.6827760714850682, -0.10244965060414121, 0.15002325438034975, -0.5568379130159357, 0.1363783699369962, -0.6080433045376201, -0.34535104364326374, 0.24119786709114424, -0.11342477426062487, 0.09557353733161922, -0.19028756442165085, 0.0920793284360209, -0.08617532190924294, 0.9512734453662353, -1.6046637390074068, 1.5475876502855934, 0.25318332074130484, -0.0767411754261989, 0.1992201322348131, 0.13910101807260114, -0.09125015595238625, -0.24682946083923474, -0.3396046886797975, -0.23998452816481647, 0.1490469989276828, -0.29298584075720646, 0.25456635011751, 0.10480314747016159, -0.1250717867147439, -0.3280535908872343, -0.15433251879042353, -0.2821770804746353, 0.1486966725420658, -0.22613550987328365, 0.1064394367545381, -0.13264782170384914, -0.5567010309278366, -0.22976402757222789, -0.3264821238911344, 0.12536619288687267, -0.289083779734362, 0.062491992182218195, -0.13197625098587587, -0.20251245637370507, -0.1941532341626906, -0.5567010309278358, -0.237474006628509, -0.336248318583042, 0.25641304975790963, 0.13155146609062313, 0.2614113600726782, -0.2688869963873447, -0.38962943094962743, 0.16511945333834765, -0.2179500217323198, -0.18594184670224959, -0.19113680680344067, -0.1632966899032602, -0.5567010309278362, -0.24665271488966156, -0.34217779393169956, -0.16755730826955975, -0.3663975565328438, -0.3217979552381948, 0.1503842544323467, -0.19614052748172595, -0.14589398158948358, -0.556701030927835, -0.2529107658692037, -0.33234184070627815, -0.4373568429145664, -0.23178333659310107, 0.19399645449217318, -0.19163211507121117, -0.5567010309278349, -0.3395037168136765, -0.07971277506642047, 0.10651837989977442, -0.556701030927835, 1.0848897414423462]}