{"from": [0, 0, 0, 2, 2, 2, 2, 3, 3, 4, 5, 6, 6, 7, 7, 7, 8, 8, 9, 10, 10, 10, 10, 11, 11, 11, 11, 11, 12, 12, 12, 12, 12, 13, 13, 13, 13, 14, 14, 14, 14, 14, 15, 15, 15, 15, 15, 15, 16, 16, 16, 16, 17, 17, 17, 18, 18, 18, 18, 18, 18, 18, 19, 19, 19, 19, 19, 19, 20, 20, 21, 21, 21, 21, 21, 21, 21, 21, 21, 21, 21, 22, 22, 22, 22, 22, 22, 22, 22, 22, 23, 23, 23, 23, 23, 23, 23, 23, 23, 23, 23, 23, 24, 24, 24], "to": [1, 4, 25, 0, 1, 4, 25, 5, 25, 25, 4, 1, 4, 1, 13, 16, 5, 9, 5, 5, 9, 16, 25, 5, 8, 9, 10, 16, 3, 8, 9, 16, 25, 3, 16, 24, 25, 5, 12, 16, 19, 24, 3, 8, 12, 14, 16, 24, 5, 8, 9, 25, 3, 8, 23, 5, 8, 9, 19, 20, 24, 25, 5, 8, 9, 16, 20, 24, 1, 25, 3, 5, 8, 9, 16, 18, 19, 20, 23, 24, 25, 1, 5, 8, 16, 18, 19, 20, 23, 24, 1, 5, 8, 9, 11, 13, 16, 18, 19, 20, 24, 25, 1, 8, 20], "influence_y": [[0, 2, 3, 4, 10, 12, 13, 16, 18, 20, 21, 23]], "weights": [0.7405128188827184, -0.44216431650377175, 0.4105997350100433, -0.759766011783233, -0.1466346233263995, -0.5781316662452611, 1.155323874827271, 0.34404212010985535, 0.9655692661462569, 0.6204918104147447, -0.07966632516338679, -0.18553108152958306, 0.1970820968595538, 0.2984232840815836, -0.3104848395935452, 0.2030988483945014, 0.3415355239661706, -0.20080634156494914, -1.2376713463599496, -1.0052448751282657, -0.6627968041768186, 0.13820400459408558, -0.49156346200550716, -0.6367178185883385, 0.1257128879541955, -0.5826445846870768, -0.33781190019193846, 0.2443931348620175, 0.11533174436573768, -0.17612668393171022, 0.08486941675417246, -0.10145262994177004, 1.1341680759282489, -1.6423198973958464, 0.10751739662563728, -0.06537137579810123, 1.214738864775929, 0.1997222981016802, 0.2503990687880346, 0.19306905366959468, -0.12308707710383393, -0.07121838023645943, -0.3449034964088167, 0.20414440303025022, -0.2842265166929629, -0.2594221852336236, 0.16995084160719112, -0.28637138379127974, 0.2404811201720246, 0.10880355113725709, -0.13904798318772985, 0.8999741719302636, -0.281963550206717, 0.15922565346785977, -0.3581726711010578, -0.25360015252543805, -0.15182076396848249, 0.09864543430513595, -0.232557218508508, -0.5450000000000005, -0.3426917085853986, 0.3238846991006693, 0.20720907932451713, -0.29544062110985136, 0.10539468641700023, -0.2676121632337792, -0.5450000000000004, -0.3524156786058805, 0.19453472249355858, -0.4939027866848772, 0.2719516811063021, -0.2726584478680279, -0.4447615991357499, 0.17228156215289137, -0.2858947381773405, -0.1863354037267069, -0.2343982645335637, -0.5450000000000002, -0.15509673498328674, -0.3603621762125313, -1.086827418628881, -0.2644622107413502, -0.324475457144319, -0.3204246087054951, -0.1968904349162415, -0.1863354037267081, -0.21727189520803164, -0.544999999999999, -0.16941283722186548, -0.33395101694543466, -0.13689658646997813, -0.4790728595552177, -0.2114281017990769, 0.22639658255662948, -0.16698050292260033, -0.16972824737224243, -0.13199581929923043, -0.18633540372670923, -0.2335004145016402, -0.5450000000000023, -0.3593343846881029, -0.8890596688826758, -0.16536494409248276, 0.11733761889020936, -0.5449999999999998]}