{"from": [0, 0, 0, 0, 1, 1, 2, 2, 3, 3, 3, 4, 5, 6, 6, 7, 7, 7, 7, 8, 8, 8, 8, 9, 9, 10, 10, 10, 11, 11, 11, 11, 11, 11, 12, 12, 12, 13, 13, 14, 14, 14, 14, 14, 15, 15, 15, 16, 16, 16, 16, 17, 17, 17, 18, 18, 18, 18, 18, 18, 19, 19, 19, 19, 19, 19, 19, 19, 19, 20, 21, 21, 21, 21, 21, 21, 21, 21, 21, 22, 22, 22, 22, 22, 22, 22, 22, 22, 22, 23, 23, 23, 23, 23, 23, 23, 23, 23, 24, 24, 24], "to": [1, 2, 4, 25, 5, 25, 1, 4, 5, 9, 25, 5, 25, 1, 4, 1, 13, 16, 25, 1, 5, 9, 25, 5, 25, 5, 9, 16, 5, 8, 9, 10, 16, 25, 8, 9, 16, 3, 16, 5, 9, 12, 16, 19, 12, 14, 24, 5, 8, 9, 25, 9, 23, 25, 1, 8, 9, 20, 24, 25, 5, 8, 9, 16, 18, 20, 23, 24, 25, 1, 3, 8, 9, 16, 18, 19, 20, 23, 24, 1, 5, 8, 9, 16, 18, 19, 20, 23, 24, 5, 8, 9, 11, 16, 18, 20, 24, 25, 9, 20, 25], "influence_y": [[0, 1, 3, 5, 7, 8, 9, 11, 16, 17, 18, 19, 23, 24]], "weights": [0.7381645704115528, -0.7414639226472267, -0.44294858358793743, 1.1791747008561955, -0.058484203243615154, 2.4296442659715103, -0.14578504406760592, -0.577105561016889, 0.3475074190410845, 0.014835289501585025, -0.5149635672710806, -0.07358238044597674, 5.483239030933983, -0.18382551475651107, 0.21962271849598333, 0.2611289123961225, -0.318839448347645, 0.18729280361985937, 2.5845517024761495, 0.06194758605494848, 0.37702949968248073, -0.1869393530765745, 1.940427367696576, -1.3225725278586982, 1.2533003760616754, -1.0275725238699902, -0.6797282023429225, 0.15153849920081092, -0.6061728001558676, 0.11984676445469143, -0.5914712534176817, -0.33969465648854885, 0.22320481127888192, 3.1661038205276815, -0.19550613554213758, 0.10530899911670608, -0.09505437067122469, -1.627661862952996, 0.10471592827314676, 0.2733910776727884, -0.09533724078957671, 0.1859638537611752, 0.18664565755621892, -0.1307399637650438, -0.2688518163469697, -0.24962733631464218, -0.27544392592336026, 0.181709829897713, 0.12660693513759558, -0.1285997425497224, 2.8773767079253156, -0.1256281567328868, -0.3152765231645685, 3.4072921173675756, 0.1869875714616751, -0.14400263177172623, 0.1493416389353597, -0.5567010309278357, -0.3332800444943055, 2.0383725823216436, 0.3207415330643046, -0.3016119876362658, 0.12192819562631638, -0.25809866830983114, -0.23785166240409222, -0.5567010309278344, -0.18512222738497525, -0.34277811090545457, 5.04191949618814, 0.26462207059910303, 0.2609402277308304, -0.44683568035119253, 0.22012802714357813, -0.27852152463210994, -0.23785166240409117, -0.15853978512164865, -0.5567010309278337, -0.1851222273849749, -0.3427781109054557, -0.15585864170530359, -0.29023879502539596, -0.3442543252894877, 0.11069669344064786, -0.22696034734289217, -0.23785166240409172, -0.13712548071185696, -0.5567010309278341, -0.2005236667349689, -0.3390184596177074, -0.27512508296938376, -0.2731398734413374, 0.2530105772389424, -0.17744728336155138, -0.1510257809945511, -0.2378516624040925, -0.5567010309278344, -0.34565954678299515, 2.842238327590545, 0.09867226990934012, -0.5567010309278361, 1.0318925919334392]}