{"from": [0, 0, 1, 2, 2, 2, 2, 3, 3, 4, 4, 6, 6, 6, 7, 7, 7, 8, 8, 9, 9, 10, 10, 10, 10, 11, 11, 11, 11, 11, 11, 12, 12, 12, 13, 13, 13, 14, 14, 14, 14, 14, 15, 15, 15, 15, 15, 15, 16, 16, 17, 17, 18, 18, 18, 18, 18, 18, 18, 18, 19, 19, 19, 19, 19, 19, 19, 19, 20, 20, 20, 20, 21, 21, 21, 21, 21, 21, 21, 21, 21, 21, 21, 22, 22, 22, 22, 22, 22, 22, 22, 22, 22, 22, 23, 23, 23, 23, 23, 23, 23, 24, 24, 24], "to": [1, 4, 25, 0, 1, 4, 25, 5, 25, 5, 8, 1, 4, 23, 1, 13, 16, 5, 25, 5, 8, 5, 8, 9, 16, 5, 8, 9, 10, 16, 23, 8, 9, 16, 3, 16, 25, 5, 12, 16, 19, 23, 8, 12, 14, 16, 18, 24, 5, 9, 9, 23, 1, 5, 9, 13, 20, 23, 24, 25, 8, 9, 16, 18, 20, 23, 24, 25, 1, 13, 24, 25, 5, 8, 9, 13, 16, 18, 19, 20, 23, 24, 25, 1, 5, 8, 9, 16, 18, 19, 20, 23, 24, 25, 5, 9, 13, 16, 20, 24, 25, 1, 8, 16], "influence_y": [[1, 2, 3, 8, 13, 18, 19, 20, 21, 22, 23]], "weights": [0.7296758998243725, -0.4236545389518583, 3.09892652526246, -0.7551439677414115, -0.14799593329497068, -0.5535894074272962, 0.4105574021473468, 0.3720310959881262, 4.044876895407447, -0.08321416033565363, -0.03952598623943428, -0.16365103415161672, 0.2053782526011826, 0.04327891438533204, 0.26628790935156255, -0.28726529891522745, 0.17860023684570017, 0.2912127547173441, 2.2875832945067147, -1.2289002145692995, -0.5393845438950772, -1.029133090656691, -0.3603593370230744, -0.6884634576127298, 0.14922248136641506, -0.5961052655344488, -0.1804688636052888, -0.6322977916653861, -0.33776091081593884, 0.22537098570432085, -0.12755480086189241, -0.10103039499273014, 0.12300445263229329, -0.09316472636797507, -1.62667686144042, 0.11980654387978706, 4.937145655610807, 0.21970278758674233, 0.2059827281240236, 0.16546179514725878, -0.10514657999523955, -0.09191702712246323, 0.24283999555445954, -0.32311934242014284, -0.2532398050172389, 0.19735499449013133, 0.15451693391730442, -0.21769715829802885, 0.22341678119361508, -0.13936761468897557, -0.1307812093647399, -0.29391476006973416, 0.1364715547038143, -0.3165645566863063, 0.1562146835130124, -0.10789716682396033, -0.35117056856187107, -0.2353178900787708, -0.5306816483702441, 1.094937987424325, -0.20637943496874864, 0.159232836976162, -0.2398605880427553, -0.19431895345398298, -0.35117056856187284, -0.24442211072857242, -0.5377804687495286, -1.4759601791266175, 0.24956501782048793, 0.20490067655239438, -0.5348282609092557, -1.2944015536446472, -0.31632487782760593, -0.24618696559430278, 0.27253818027964777, -0.13168631563896185, -0.25612085747447383, -0.19341459012837875, -0.16445670878699886, -0.35117056856187334, -0.24934612206856543, -0.5390546159970924, 2.231072947322118, -0.21990002843931875, -0.32419612143368476, -0.21228069111103165, 0.14089608491214367, -0.19677456898432077, -0.1960699547865346, -0.14772102154553146, -0.35117056856187256, -0.24872870001654251, -0.5353135028021188, -1.611665947850296, -0.46090911477516483, 0.2649301093256463, -0.14366479135656324, -0.13009854815413244, -0.35117056856187157, -0.5403570776279356, 1.656376871423365, -0.07708655685621582, 0.1416443093129871, 0.09677003368071603]}