{"from": [0, 0, 1, 2, 2, 2, 2, 2, 3, 3, 3, 4, 4, 5, 6, 6, 7, 7, 7, 7, 8, 8, 8, 9, 10, 10, 10, 11, 11, 11, 11, 11, 12, 12, 12, 12, 13, 13, 13, 14, 14, 14, 14, 14, 15, 15, 15, 15, 15, 16, 16, 16, 16, 17, 17, 17, 17, 18, 18, 18, 18, 18, 19, 19, 19, 19, 19, 19, 20, 20, 21, 21, 21, 21, 21, 21, 21, 21, 21, 21, 22, 22, 22, 22, 22, 22, 22, 22, 22, 23, 23, 23, 23, 23, 23, 23, 23, 23, 24, 24], "to": [1, 4, 8, 0, 1, 4, 8, 25, 5, 8, 9, 5, 25, 25, 1, 25, 1, 13, 16, 25, 5, 9, 25, 5, 5, 9, 16, 5, 8, 9, 10, 16, 3, 8, 9, 16, 3, 16, 24, 5, 9, 12, 16, 19, 3, 8, 12, 18, 24, 3, 5, 8, 9, 3, 9, 19, 23, 5, 9, 19, 20, 24, 5, 8, 9, 16, 20, 24, 1, 8, 3, 5, 8, 9, 16, 18, 19, 20, 23, 24, 1, 5, 8, 18, 19, 20, 23, 24, 25, 5, 8, 9, 11, 13, 18, 19, 20, 24, 8, 20], "influence_y": [[2, 4, 5, 6, 7, 8, 22]], "weights": [0.7435350422452311, -0.45847935742660195, 0.058796570720063564, -0.7552286019364005, -0.13088171654086156, -0.5696007607566441, 0.06642768685728931, 0.19902381108188522, 0.3485664294923771, 0.042219650964354045, 0.02301405406808743, -0.08951838740685095, 0.3710360549257789, 0.266760421938367, -0.17103761965598654, 0.3871055910963339, 0.2638252402669525, -0.2863196899070556, 0.1901772737260023, 0.6999207275329733, 0.281728952807274, -0.2012002695418045, 0.5076302311720768, -1.2383792943993859, -0.9965841190737464, -0.6900758115975263, 0.1659678246226428, -0.586595825342004, 0.15138523546428231, -0.6043035514444925, -0.3478260869565221, 0.26538406871510045, 0.12022980690998253, -0.17799404484152537, 0.0840368576260449, -0.09839422198033866, -1.60722079326499, 0.1287293138659304, -0.06212027366747577, 0.22067759191656028, -0.07029175167759917, 0.17016788250515172, 0.15549251222617158, -0.1230178272075968, -0.2240738673639493, 0.23719027810040885, -0.42210247327630684, 0.15152420773774322, -0.36429804662487764, -0.08145735622556594, 0.23104020871114248, 0.11595924638113594, -0.11960621346510143, -0.40048319388173, -0.12689426301271906, -0.15421084457384424, -0.27572547691645977, -0.2478628591597046, 0.0887524424894117, -0.2484862067739984, -0.5520833333333326, -0.34378874618454913, 0.16928385473141513, -0.2277449864389232, 0.08040428796068258, -0.2075944517357816, -0.5520833333333331, -0.35084739881393245, 0.21828496616575704, 0.1140834732573996, 0.22349628649290354, -0.2642020694279009, -0.307633961256115, 0.1577512193651121, -0.20521014548657487, -0.19007799319953028, -0.25178735132920643, -0.552083333333331, -0.1522296571350423, -0.35714071089185173, -0.20723125378951435, -0.3352335725161855, -0.21139497188625328, -0.19251850915048918, -0.23256518226374967, -0.5520833333333319, -0.15860146437470812, -0.34544395196761263, -1.1409885906634982, -0.40206648401787026, -0.15469954918724957, 0.1906110106040954, -0.16410564225690263, -0.16167883653299361, -0.19014165883303286, -0.2601993691371389, -0.5520833333333321, -0.3587103075369893, 0.19452610320759878, -0.5520833333333319]}