{"from": [0, 0, 2, 2, 2, 3, 3, 3, 4, 6, 7, 7, 7, 8, 8, 9, 9, 10, 10, 10, 11, 11, 11, 11, 11, 11, 12, 12, 12, 12, 13, 14, 14, 14, 14, 15, 15, 15, 15, 15, 15, 16, 16, 16, 17, 17, 18, 18, 18, 18, 18, 19, 19, 19, 19, 19, 19, 19, 19, 20, 20, 20, 20, 21, 21, 21, 21, 21, 21, 21, 21, 21, 22, 22, 22, 22, 22, 22, 22, 22, 22, 22, 23, 23, 23, 23, 23, 23, 23, 24], "to": [1, 4, 0, 1, 4, 5, 16, 25, 5, 1, 1, 13, 16, 5, 9, 5, 25, 5, 9, 16, 5, 8, 9, 10, 16, 23, 3, 8, 9, 16, 3, 5, 12, 16, 25, 3, 8, 12, 14, 18, 24, 5, 8, 9, 3, 23, 1, 9, 20, 23, 24, 5, 8, 9, 16, 18, 20, 23, 24, 1, 13, 24, 25, 3, 8, 9, 16, 18, 19, 20, 23, 24, 1, 5, 8, 16, 18, 19, 20, 23, 24, 25, 5, 8, 9, 13, 16, 20, 24, 8], "influence_y": [[3, 9, 14, 20, 22]], "weights": [0.7259700564032711, -0.411654263354187, -0.7584971959066507, -0.15165562408024774, -0.5536563642816981, 0.3269380524148975, -0.0639736686096252, -0.20000038502560688, -0.07811989390780393, -0.18936025070648066, 0.2659276093094297, -0.292522249129286, 0.17596338165562164, 0.3579933603112574, -0.19251728690373332, -1.201954668433184, 0.5888221840773364, -0.9605536773036902, -0.6712791818598899, 0.14301932927035102, -0.546119744157691, 0.14057362608139462, -0.5903052322384789, -0.3404255319148934, 0.23132039143015237, -0.11778032051241136, 0.11974250274320784, -0.18892991240293366, 0.08640146597863893, -0.06999990034745467, -1.5965725738543806, 0.27663190391127845, 0.18757534271469992, 0.16625543024892617, 1.0048117414584334, -0.28968766741713853, 0.2001194596963649, -0.2595514874696351, -0.2563309951254311, 0.1451011310913671, -0.19389672676670433, 0.2547678168484576, 0.10322698640050904, -0.1405482481644442, -0.26819773834123745, -0.29562219243542803, 0.16310285418066464, 0.10929851457710697, -0.35714285714285793, -0.2140833826801694, -0.5428249623840035, 0.26853653676863204, -0.2963674551151568, 0.09602835863627024, -0.24201686031671596, -0.1836087389579203, -0.35714285714285543, -0.2223863204693846, -0.5472317061741552, 0.26826362993272346, 0.2069002730325441, -0.5481130549321869, -0.5510698241697584, 0.20371611121609617, -0.35747776200369497, 0.1807310335539224, -0.27491536267275657, -0.17853527283584614, -0.1546572934973631, -0.35714285714285665, -0.2267022315990066, -0.5540113120051589, -0.14722568761396815, -0.24258674297416927, -0.33967913773205544, -0.21870751922186926, -0.18411608557012799, -0.15465729349736357, -0.3571428571428553, -0.23012226759752563, -0.5465537455910539, -0.9409189750151632, -0.3369150274645338, -0.24544743294773572, 0.2246282183759791, -0.12676393223887727, -0.15361389901319436, -0.35714285714285626, -0.5518434147917576, 0.12464512985795984]}