{"from": [0, 0, 0, 1, 2, 2, 3, 3, 4, 4, 6, 6, 6, 6, 7, 7, 7, 8, 8, 8, 9, 10, 10, 10, 11, 11, 11, 11, 11, 12, 12, 12, 12, 12, 12, 13, 13, 13, 14, 14, 14, 14, 14, 14, 15, 15, 15, 15, 15, 15, 16, 16, 16, 17, 17, 17, 17, 18, 18, 18, 18, 18, 18, 18, 18, 18, 19, 19, 19, 19, 19, 19, 19, 21, 21, 21, 21, 21, 21, 21, 21, 21, 21, 21, 22, 22, 22, 22, 22, 22, 22, 22, 22, 22, 23, 23, 23, 23, 23, 23, 23, 23, 23, 23, 23, 24, 24], "to": [1, 2, 4, 25, 1, 4, 5, 9, 5, 25, 1, 4, 13, 25, 1, 13, 16, 5, 9, 25, 5, 5, 9, 16, 5, 8, 9, 10, 16, 3, 8, 9, 13, 16, 25, 3, 16, 24, 5, 9, 12, 16, 19, 25, 3, 8, 12, 14, 18, 24, 5, 8, 9, 3, 9, 13, 23, 5, 8, 9, 12, 13, 19, 20, 23, 24, 5, 8, 9, 13, 16, 20, 24, 3, 5, 8, 9, 13, 16, 18, 19, 20, 23, 24, 1, 5, 8, 13, 16, 18, 19, 20, 23, 24, 1, 5, 8, 9, 11, 13, 16, 19, 20, 24, 25, 1, 20], "influence_y": [[1, 4, 6, 8, 12, 14, 23]], "weights": [0.7235842966677483, -0.7563940937078069, -0.44113430837015116, 1.693247658305392, -0.1591340841815283, -0.559410053061802, 0.3406368779693486, 0.013294695557643565, -0.07315347281564423, 1.782191172798217, -0.17523298613885474, 0.226592449941992, 0.08203542323153563, 2.398522204210151, 0.26083033114366844, -0.30046615346548866, 0.17155517659349076, 0.2787803307858566, -0.20563892674807951, 2.238183563381903, -1.2542281514398899, -1.003412632906746, -0.6752078638461173, 0.14481791777419997, -0.6008636768515485, 0.11792841844981575, -0.6042395834738783, -0.3467432950191572, 0.24500702880384873, 0.12901453976762045, -0.15398669951206764, 0.09064764839129388, -0.0899602347278167, -0.07599070432045628, 0.8309197957060004, -1.61590802586855, 0.107530730293065, -0.06012379955728356, 0.2692081506412809, -0.06915815553260132, 0.18931953912046795, 0.1790438171763937, -0.12842229253574547, 0.8546689438593833, -0.2659032644193604, 0.19466603497178242, -0.28763346805815293, -0.250148614909047, 0.14634836094548861, -0.2676675247025294, 0.2384887327922746, 0.11109328000334022, -0.10967745714947913, -0.2807750883109204, -0.11961964834634492, 0.23152796447390916, -0.29129335326172334, -0.2874939967449766, -0.15695088988549707, 0.11602358519368472, 0.13001146166375133, -0.19378141478067074, -0.2436177102076284, -0.5510204081632643, -0.17751234805751254, -0.3408319293466277, 0.20063631273507976, -0.3195727436364141, 0.07642146253396234, -0.18119420682737525, -0.2476082354368484, -0.5510204081632638, -0.3475699877201698, 0.32034296899626147, -0.29447832406512525, -0.4472510717044257, 0.16896626221259634, -0.27419321933887153, -0.24062605479647176, -0.15624631772441203, -0.24837409141265698, -0.5510204081632648, -0.17643348378617324, -0.35815183551576835, -0.26772995341396616, -0.32221715367566317, -0.3628505019129199, -0.1338392670084006, -0.18368974076650108, -0.16437678222138485, -0.2251517596469332, -0.5510204081632636, -0.18817406556251692, -0.3362735236285589, -0.16587856742907545, -0.40179161216375936, -0.2710797764520829, 0.1966219357544211, -0.16527401828096175, -0.22277913451775588, -0.13313115494754324, -0.24460178907763575, -0.5510204081632649, -0.3544745666411195, -0.608703629114065, -0.23158088037866675, -0.5510204081632643]}