{"from": [0, 0, 0, 0, 2, 2, 2, 2, 3, 3, 4, 4, 4, 5, 6, 6, 6, 7, 7, 7, 8, 8, 8, 9, 10, 10, 10, 10, 11, 11, 11, 11, 11, 12, 12, 12, 12, 12, 12, 13, 13, 13, 14, 14, 14, 14, 14, 14, 14, 15, 15, 15, 15, 16, 16, 16, 17, 17, 17, 17, 18, 18, 18, 18, 18, 19, 19, 19, 19, 19, 19, 19, 19, 19, 19, 20, 20, 21, 21, 21, 21, 21, 21, 21, 21, 21, 21, 21, 21, 22, 22, 22, 22, 22, 22, 22, 22, 22, 22, 23, 23, 23, 23, 23, 23, 23, 23, 23, 23, 24, 24, 24], "to": [1, 4, 5, 25, 0, 1, 4, 25, 5, 9, 5, 9, 25, 25, 1, 4, 13, 1, 13, 16, 5, 9, 25, 5, 5, 9, 13, 16, 5, 8, 9, 10, 16, 3, 8, 9, 13, 16, 25, 3, 16, 25, 5, 9, 12, 16, 19, 23, 25, 3, 12, 14, 24, 5, 8, 9, 3, 9, 13, 23, 5, 9, 13, 20, 24, 5, 8, 9, 13, 16, 18, 20, 23, 24, 25, 1, 25, 3, 5, 8, 9, 13, 16, 18, 19, 20, 23, 24, 25, 1, 5, 8, 16, 18, 19, 20, 23, 24, 25, 5, 8, 9, 11, 13, 16, 18, 20, 24, 25, 9, 20, 25], "influence_y": [[0, 2, 4, 5, 8, 12, 13, 14, 19, 20, 21, 22, 23, 24]], "weights": [0.7468322153708319, -0.4232239922437956, -0.04671821278448306, 0.3137643744256004, -0.7571263880555972, -0.13412524449755014, -0.5431167059606269, 0.8618325649892017, 0.3484682331519759, 0.02362800708828966, -0.08497724121462338, 0.02223635925845356, 0.49465867165904315, 0.2720942252909807, -0.1790465288928978, 0.21336783639198462, 0.0800815232456682, 0.2764548024983137, -0.2924611423562864, 0.19139072089444353, 0.2839415947282464, -0.20024972949763353, 0.3879913560281617, -1.2437571669654344, -0.9698804923363227, -0.6883915352428901, -0.10056464770855814, 0.15136894173031137, -0.5492888417801284, 0.1425815645999309, -0.5988303057755064, -0.3459357277882789, 0.22683288108698832, 0.13294790375070298, -0.1753877302472219, 0.09008072443210553, -0.07550867582315479, -0.08546626012330343, 0.9322381561010437, -1.604410150653193, 0.10988412720316579, 1.3134117658369988, 0.21970214240288946, -0.07197678449436053, 0.16249642992795105, 0.1825542427443918, -0.1037542560753482, -0.07384276212878371, 0.736264221547695, -0.29565876694257476, -0.31894508419481266, -0.24343538585024638, -0.29229383025210437, 0.22522594103325985, 0.12130074209709638, -0.12002563975206185, -0.2839094570508566, -0.1361719589973557, 0.17736440820360005, -0.3452724502287523, -0.2435584654603472, 0.12658260792515322, -0.18310619359319436, -0.5440414507772006, -0.3276302677413813, 0.1952531784288023, -0.30935788865659836, 0.11656194157798151, -0.16004703472024562, -0.2674146143927246, -0.2442159383033419, -0.5440414507772018, -0.19413965484180648, -0.33737339541645234, -0.510187912291787, 0.24108104319756582, 0.348944683789911, 0.26759635495626666, -0.31424067342719864, -0.42100939825121825, 0.18157334570348857, -0.2627730874234912, -0.2621349228186431, -0.2442159383033416, -0.1634147313646124, -0.5440414507772016, -0.1915498612471606, -0.34301415354412507, -0.7419794887040585, -0.201844366468957, -0.3264919655920516, -0.2999727929656074, -0.18081817734048333, -0.24421593830334262, -0.15090051188184117, -0.544041450777203, -0.19930126911547147, -0.3337197225383002, -1.0819642761365376, -0.41694462958864703, -0.24154040810054606, 0.21642398234211674, -0.18183392334923834, -0.2413185473016088, -0.1409867660976524, -0.24421593830334143, -0.5440414507772031, -0.3407670691010276, -0.7724334414266782, 0.07523239683566557, -0.5440414507772033, 0.4967002354889996]}