{"from": [0, 0, 0, 0, 1, 2, 2, 2, 2, 3, 4, 5, 6, 6, 7, 7, 7, 7, 8, 8, 9, 10, 10, 10, 11, 11, 11, 11, 11, 12, 12, 12, 12, 12, 13, 13, 13, 14, 14, 14, 14, 14, 15, 15, 15, 15, 16, 16, 16, 16, 17, 17, 17, 17, 18, 18, 18, 18, 18, 18, 19, 19, 19, 19, 19, 19, 19, 20, 20, 21, 21, 21, 21, 21, 21, 21, 21, 21, 21, 21, 22, 22, 22, 22, 22, 22, 22, 22, 22, 22, 22, 23, 23, 23, 23, 23, 23, 23, 23, 23, 23, 24, 24, 24, 24], "to": [1, 4, 5, 25, 25, 0, 1, 4, 25, 5, 5, 25, 1, 4, 1, 13, 16, 25, 5, 9, 5, 5, 9, 16, 5, 8, 9, 10, 16, 3, 8, 9, 16, 25, 3, 16, 24, 5, 9, 12, 16, 19, 3, 12, 24, 25, 5, 8, 9, 25, 3, 9, 23, 25, 1, 5, 9, 19, 20, 24, 5, 8, 9, 16, 20, 24, 25, 1, 25, 3, 5, 8, 9, 16, 18, 19, 20, 23, 24, 25, 1, 5, 8, 9, 16, 18, 19, 20, 23, 24, 25, 5, 8, 9, 11, 16, 18, 19, 20, 24, 25, 8, 9, 16, 20], "influence_y": [[0, 1, 2, 5, 7, 12, 15, 16, 17, 19, 20, 21, 22, 23]], "weights": [0.737673208689304, -0.4487979453513061, -0.04815034329013521, 0.538265468502257, 0.8774638832074194, -0.7659335003016561, -0.13792819135630963, -0.577653176840078, 0.667147285222565, 0.3360737510570991, -0.07065439631166989, 1.023882693778457, -0.16695659142776684, 0.20317185403752164, 0.2370959103741792, -0.2679417122040081, 0.24947526805316997, 0.5398046447908688, 0.296936970018879, -0.18408140725318747, -1.2683324938037654, -1.006181216558126, -0.6811590149214177, 0.13656586370189183, -0.5878187965457339, 0.14428094216790313, -0.594847379305907, -0.34990439770554527, 0.23540888035034352, 0.12714831357605805, -0.18703938312292281, 0.10500372722892111, -0.07998788604322998, 0.4716894461657132, -1.6100645800186155, 0.10755524754352142, -0.05965343604068468, 0.2789136680647296, -0.06986897406271358, 0.23711725738010173, 0.18094293946321022, -0.12932346078154758, -0.21313226099013982, -0.30046249656561985, -0.27463267258626717, -0.8271160872088597, 0.20913278999027823, 0.10001838616484465, -0.1196570009524211, 0.6883706789755653, -0.26770105975484115, -0.13441547856369732, -0.25828329847759063, 0.8110653525901549, 0.18540041696033122, -0.24730677845415705, 0.15766242626984606, -0.23122807001780502, -0.5490196078431382, -0.33211587319091057, 0.12983115287886846, -0.2729353200901764, 0.14632202489472185, -0.2373132059524644, -0.5490196078431373, -0.33359555063908763, -1.08290602973304, 0.2737098251538151, 0.1760089696310611, 0.2984242116103631, -0.3095652684779177, -0.3923966958396095, 0.22200259964486804, -0.23023013891808725, -0.18388429752066193, -0.23506833329944127, -0.5490196078431393, -0.1484719692369962, -0.34736694225238074, -0.775416532188602, -0.19232631368565611, -0.32044521641751195, -0.35294172398610274, 0.10058180185663024, -0.2155504234213385, -0.18388429752066057, -0.21527392603695802, -0.5490196078431357, -0.1603319166160697, -0.33293302642318323, -0.960092306452194, -0.4162088704934318, -0.21490085624783165, 0.24637825392034596, -0.18665615652033343, -0.1660345546429017, -0.1838842975206614, -0.2304496382715274, -0.5490196078431384, -0.3446669840338784, -0.6391901851995165, 0.1378882999841768, 0.09661950091899925, 0.060228135006558714, -0.5490196078431364]}