{"from": [0, 0, 1, 2, 2, 2, 3, 4, 5, 5, 6, 6, 7, 7, 7, 8, 8, 9, 10, 10, 10, 11, 11, 11, 11, 11, 12, 12, 12, 12, 13, 13, 13, 14, 14, 14, 14, 15, 15, 15, 15, 15, 15, 15, 16, 16, 16, 17, 17, 18, 18, 18, 18, 18, 19, 19, 19, 19, 19, 20, 20, 20, 20, 21, 21, 21, 21, 21, 21, 21, 21, 21, 21, 21, 22, 22, 22, 22, 22, 22, 22, 22, 22, 22, 23, 23, 23, 23, 23, 23, 23, 23, 23, 23, 24, 24, 24], "to": [1, 4, 25, 0, 1, 4, 5, 25, 4, 25, 1, 4, 1, 13, 16, 5, 9, 5, 5, 9, 16, 5, 8, 9, 10, 16, 3, 8, 9, 16, 3, 16, 25, 5, 12, 16, 19, 3, 8, 12, 14, 18, 20, 24, 5, 8, 9, 3, 23, 1, 5, 19, 20, 24, 5, 8, 16, 20, 24, 1, 8, 16, 24, 3, 5, 8, 9, 16, 18, 19, 20, 23, 24, 25, 1, 5, 8, 14, 18, 19, 20, 23, 24, 25, 5, 8, 9, 11, 13, 18, 19, 20, 24, 25, 1, 8, 16], "influence_y": [[1, 4, 5, 13, 21, 22, 23]], "weights": [0.7333495106067033, -0.44367511182880626, 1.3043003396993522, -0.7578398269446048, -0.14368077569859222, -0.559709370500675, 0.3489357226364719, -0.2132859998933331, -0.10518151615156943, 0.21690121933683637, -0.16886148774359444, 0.1890369408311835, 0.2512738770407634, -0.3077647818796557, 0.18731728266436307, 0.34761546090411655, -0.20890164314087267, -1.3011198769926615, -1.0115955722851422, -0.6815051264097028, 0.14929584820210878, -0.6030089214344138, 0.141093275975018, -0.6044889429181373, -0.34095238095238084, 0.2465917570169872, 0.13751038136899407, -0.17255900366135157, 0.07639939987085798, -0.09859221716779237, -1.6012482290546914, 0.11337791125306648, 1.5625832805039426, 0.247574030039577, 0.2237951499948995, 0.17116901822904582, -0.10977430463891469, -0.2533442605477192, 0.18640755050521135, -0.2859834732565606, -0.26059573643461614, 0.14527408199380837, 0.16154077843288742, -0.2355048958360994, 0.18958587167581703, 0.10880539112921019, -0.13961917932494247, -0.23755787063406067, -0.3377619735020604, 0.16140008710752596, -0.26859513413800157, -0.2379717664031557, -0.3615644068233526, -0.5309193086137736, 0.1640322357866132, -0.22168361530938555, -0.1461013620365472, -0.3580526507704632, -0.5360389802623857, 0.2409863182762463, 0.12950005242971518, 0.12165083272209679, -0.5354051161535112, 0.254820955289699, -0.2434583244386846, -0.3205168940483515, 0.1409618366351806, -0.17531973844593526, -0.18867390015543228, -0.24111747276138523, -0.35275309163610524, -0.1539035585088892, -0.5437650302048361, -0.6863124680379438, -0.16503867562878224, -0.29436586338204235, -0.2417740066464705, 0.1626314114860416, -0.19363316380790876, -0.21973286796159555, -0.3582676562430897, -0.16919371092716468, -0.535725530977777, -1.1159350645897104, -0.3767895084281413, -0.16310457637422277, 0.17901267995245065, -0.16015456435604722, -0.15766307485087544, -0.19158848988822283, -0.23847921883589296, -0.3559940351532529, -0.539040167090882, -0.8715270064348828, -0.09353806379516724, 0.19596320080961774, 0.14043628497583582]}