{"from": [0, 0, 0, 0, 1, 1, 1, 2, 2, 2, 3, 3, 4, 4, 5, 6, 7, 7, 7, 8, 8, 9, 10, 10, 10, 10, 11, 11, 11, 11, 11, 12, 12, 12, 12, 13, 13, 13, 14, 14, 14, 14, 14, 14, 14, 15, 15, 15, 15, 15, 16, 16, 16, 16, 17, 17, 18, 18, 18, 18, 19, 19, 19, 19, 19, 19, 19, 19, 19, 19, 20, 20, 21, 21, 21, 21, 21, 21, 21, 21, 21, 21, 22, 22, 22, 22, 22, 22, 22, 22, 22, 22, 23, 23, 23, 23, 23, 23, 23, 23, 23, 23, 24], "to": [1, 4, 5, 20, 9, 20, 25, 0, 1, 4, 5, 25, 5, 25, 25, 1, 1, 13, 16, 5, 9, 5, 5, 9, 16, 25, 5, 8, 9, 10, 16, 3, 8, 9, 16, 3, 16, 20, 5, 9, 11, 12, 16, 19, 25, 12, 14, 16, 20, 24, 5, 8, 9, 25, 9, 23, 5, 9, 20, 24, 5, 8, 9, 10, 16, 18, 20, 23, 24, 25, 24, 25, 5, 8, 9, 16, 18, 19, 20, 23, 24, 25, 1, 5, 8, 16, 18, 19, 20, 23, 24, 25, 0, 5, 8, 9, 11, 16, 18, 20, 24, 25, 25], "influence_y": [[1, 3, 4, 5, 10, 14, 16, 19, 20, 21, 22, 23, 24]], "weights": [0.7586263212745508, -0.41831277478456014, -0.04282785673906975, -0.0986105662139925, 0.016635996580906254, 0.1015010839211973, 0.572552328824463, -0.7721584647698378, -0.12239049295848403, -0.5362380015006115, 0.34574394022466026, 0.2497221009160212, -0.06941838138132506, -0.1686600360634723, 0.7468969222256872, -0.17934887569865993, 0.2875146211984936, -0.27233931824095736, 0.1688397676045321, 0.33328294494017174, -0.21081357578607668, -1.2289365028077452, -0.987281798940442, -0.6725711523476162, 0.14492328052094203, 0.34848898793094407, -0.5831079120576356, 0.16421675786319595, -0.5846661267581658, -0.337993773562094, 0.23538131224550374, 0.16031505243461625, -0.16818648543319856, 0.09301457282136462, -0.09725904442722444, -1.6443000399459744, 0.10746463918607753, 0.06480844283238166, 0.24313887111965832, -0.07827459811852974, -0.11727384965712893, 0.1863477088162729, 0.19252523921457723, -0.08876950929464837, 0.6113586987717391, -0.3060942914338776, -0.23602903058579544, 0.14295293899481712, 0.1334588901036145, -0.2258245696378932, 0.21461223205025826, 0.1251557660453565, -0.13421725435112813, 0.4483677482274084, -0.13889844758493658, -0.305602962788893, -0.2613729236042017, 0.10855570046571711, -0.34917200502111717, -0.5219340344289694, 0.21318268036720184, -0.3057185589221742, 0.0714761929423613, -0.12863838574239153, -0.2820833885050642, -0.2253164556962025, -0.3349620167264633, -0.18299890548909442, -0.5295460985740672, -0.5368590053390379, -0.5283252958338153, -0.3850372078298741, -0.2810261147741365, -0.4094242263576319, 0.17019839790732277, -0.2370488790711969, -0.2253164556962049, -0.1602178020218269, -0.3348108730040033, -0.18037677587987447, -0.5342517382273991, -0.6889713006951528, -0.24627229098915562, -0.3383263509096872, -0.363925550880977, -0.2483143332144189, -0.22531645569620173, -0.14609538008858822, -0.3190935304765901, -0.1947308544351101, -0.5266387129630903, -0.9682644874268116, -0.22903980673829377, -0.4284620239350706, -0.24681172288657294, 0.20838667890337043, -0.16682777315331251, -0.10551087486106508, -0.22531645569620257, -0.32310228843676786, -0.5324375027842203, -0.4752115972923729, 0.5688937007380868]}