{"from": [0, 0, 1, 2, 2, 2, 2, 3, 5, 5, 6, 6, 6, 7, 7, 7, 8, 8, 8, 9, 10, 10, 10, 10, 10, 11, 11, 11, 11, 11, 11, 12, 12, 12, 13, 13, 14, 14, 14, 14, 14, 14, 15, 15, 15, 15, 15, 15, 15, 16, 16, 16, 17, 17, 17, 17, 18, 18, 18, 18, 18, 19, 19, 19, 19, 19, 19, 19, 19, 19, 19, 20, 20, 20, 21, 21, 21, 21, 21, 21, 21, 21, 21, 21, 21, 22, 22, 22, 22, 22, 22, 22, 22, 22, 23, 23, 23, 23, 23, 23, 24, 24, 24, 24], "to": [1, 4, 25, 0, 1, 4, 25, 5, 4, 25, 1, 4, 13, 1, 13, 16, 5, 9, 25, 5, 5, 9, 13, 16, 25, 5, 8, 9, 10, 16, 23, 3, 8, 9, 3, 16, 5, 9, 12, 16, 19, 23, 3, 8, 12, 14, 18, 20, 24, 5, 8, 9, 3, 9, 13, 23, 9, 13, 20, 23, 24, 5, 8, 9, 13, 16, 18, 20, 23, 24, 25, 1, 8, 24, 3, 8, 9, 13, 16, 18, 19, 20, 23, 24, 25, 8, 13, 14, 18, 19, 20, 23, 24, 25, 5, 8, 9, 13, 20, 24, 8, 9, 16, 25], "influence_y": [[1, 2, 5, 8, 10, 19, 21, 22, 24]], "weights": [0.7525756293383142, -0.41081949020348746, 0.34626318377293286, -0.7622885012279126, -0.12922907535819578, -0.5283304811824073, 0.43633690378079787, 0.32894371540362594, -0.09123256698639937, 0.4064992888306621, -0.19250102462259433, 0.22504844830874263, 0.10063066468152361, 0.26895717769505606, -0.3035151641757383, 0.21426945743429515, 0.41623994912294204, -0.20913879619433573, 0.337658910186723, -1.3071358438309535, -1.0471128676708281, -0.6792254076763626, -0.11885098730125608, 0.13703250046911095, 0.3831579880009126, -0.6579346250875487, 0.13839887998802067, -0.5910132318810005, -0.3485714285714287, 0.2506026718831361, -0.11431507977756794, 0.1300781155953562, -0.16562534085953645, 0.08706786676620931, -1.6314090289253202, 0.14766616699298937, 0.21893822949316247, -0.0831504507683882, 0.1787009561490271, 0.15118204996228693, -0.10629312437027622, -0.10092502916953926, -0.26474659785212107, 0.2103001864552785, -0.2807677637490867, -0.21227197346600357, 0.16577655655099136, 0.16582145074924481, -0.2572685873767135, 0.21328131365972886, 0.11515367361277813, -0.13216363386331742, -0.27423724712852077, -0.15139240556482925, 0.22012014451503106, -0.2937267965858425, 0.1397724431455697, -0.22009546411470154, -0.35661595371162097, -0.22748245262021274, -0.5096107275610853, 0.3610270823565016, -0.19255844652659285, 0.10378466776976597, -0.210938721994054, -0.18176541392793485, -0.1967621190029872, -0.35120873249153517, -0.24135293174194525, -0.517999920627714, -0.5766874049145495, 0.26764495927840376, 0.15901956586889976, -0.5145582003952518, 0.2809525942330822, -0.3054982560690281, 0.21185488676170927, -0.28179544045100846, -0.19138015275415063, -0.19613963786179014, -0.16668848434772648, -0.3505860827752847, -0.2477273574053979, -0.5189659489202373, -0.5148210591557948, -0.275103756685423, -0.15065654426988268, 0.158008407574531, -0.2021678762818247, -0.14475569589415518, -0.35661595371162114, -0.2347320442657229, -0.5096107275610843, -0.6923917636966056, -0.2791770667622617, -0.14214867015237354, 0.22023551113150697, -0.2349009109439486, -0.34916330423974395, -0.5211733607016101, 0.19778570471977708, 0.09732380658181083, 0.09150958380901986, 0.7680739180202648]}