{"from": [0, 0, 0, 2, 2, 2, 3, 3, 3, 6, 7, 7, 7, 7, 8, 8, 9, 10, 10, 10, 11, 11, 11, 11, 11, 11, 12, 12, 12, 12, 13, 13, 14, 14, 14, 14, 14, 14, 15, 15, 15, 15, 15, 15, 16, 16, 16, 16, 17, 17, 18, 18, 18, 18, 18, 18, 19, 19, 19, 19, 19, 19, 20, 20, 21, 21, 21, 21, 21, 21, 21, 21, 21, 21, 21, 22, 22, 22, 22, 22, 22, 22, 22, 23, 23, 23, 23, 23, 23, 23, 23, 23, 23, 24, 24], "to": [1, 2, 4, 1, 4, 25, 5, 16, 25, 1, 1, 13, 16, 25, 5, 9, 5, 5, 9, 13, 5, 8, 9, 10, 16, 25, 3, 8, 9, 20, 3, 25, 1, 9, 12, 16, 19, 20, 3, 12, 14, 18, 20, 24, 5, 8, 9, 25, 3, 23, 1, 9, 13, 19, 20, 24, 8, 9, 16, 20, 24, 25, 1, 24, 3, 8, 9, 13, 16, 18, 19, 20, 23, 24, 25, 1, 8, 18, 19, 20, 23, 24, 25, 1, 5, 8, 9, 11, 13, 18, 19, 20, 24, 1, 8], "influence_y": [[2, 3, 7, 11, 13, 16, 19, 21, 22]], "weights": [0.7221084159370518, -0.7610757331367015, -0.4164670399813266, -0.15993532608149527, -0.557002834396791, 0.1364461080082543, 0.3571209679201944, -0.07274629197541249, 0.707910845331981, -0.17198317553886655, 0.2712330467948451, -0.28381836586553855, 0.18927138146601769, 0.7057479027116431, 0.3985615302380639, -0.20304978662537662, -1.3099218327816664, -1.0828125992833773, -0.6724557119306911, -0.10656196187663093, -0.6604655662458652, 0.13296007108260724, -0.5979595280980985, -0.3358490566037736, 0.19837367308990814, 0.4937941403751383, 0.11247267682288131, -0.2088157321853695, 0.10181979709248018, -0.06566084450496046, -1.5992014834755197, 0.7219339921387562, 0.10369958531015384, -0.08612780964487277, 0.19318972734871662, 0.15014039667681262, -0.1285255355939824, 0.07947651738844824, -0.2899074400919426, -0.3001106141359296, -0.21594559862925694, 0.13932013591095257, 0.14394178522228573, -0.21771406828591566, 0.21794517105774602, 0.10335627823317901, -0.1238044348160473, 0.3699838634913323, -0.24099114152754014, -0.3244222956432642, 0.104114020058059, 0.10337135415238569, -0.15967804822675116, -0.23227913381140253, -0.33941543996991697, -0.5498337060070899, -0.2443208877429553, 0.08448235906937755, -0.20669061492124058, -0.3344928684420732, -0.5570908416166229, -0.7286666065888512, 0.2089012647045307, -0.5540205150125902, 0.25217627393831066, -0.41515756682453786, 0.17461680974674396, -0.2290701299617649, -0.258485805688522, -0.18246560074116708, -0.23524471097699595, -0.33988293308182427, -0.14282842496733328, -0.5614969596652666, -1.0511599094703916, -0.23734438565225896, -0.306293293370807, -0.18708591137086564, -0.21786753397066594, -0.3527220277690638, -0.1568977592171684, -0.5542768502578239, -0.8794794236818242, -0.1577402523823781, -0.3121879655991348, -0.23535200820140315, 0.22383169618132065, -0.16116905166141146, -0.21491447825809187, -0.18329488726444582, -0.23294961212710258, -0.3374688926254426, -0.5602010425921347, -0.13190546239138592, 0.09832613221109932]}