{"from": [0, 0, 2, 2, 2, 2, 3, 3, 4, 5, 6, 6, 7, 7, 7, 8, 8, 8, 9, 9, 10, 10, 10, 10, 11, 11, 11, 11, 12, 12, 12, 12, 13, 13, 13, 14, 14, 14, 14, 14, 14, 14, 15, 15, 15, 15, 15, 16, 16, 16, 17, 17, 17, 18, 18, 18, 18, 18, 19, 19, 19, 19, 19, 19, 19, 19, 19, 20, 20, 21, 21, 21, 21, 21, 21, 21, 21, 21, 21, 21, 22, 22, 22, 22, 22, 22, 22, 22, 22, 23, 23, 23, 23, 23, 23, 23, 23, 23, 23, 24, 24, 24], "to": [1, 4, 0, 1, 4, 25, 5, 25, 5, 25, 1, 25, 1, 13, 16, 5, 9, 25, 5, 25, 5, 9, 16, 25, 5, 9, 10, 16, 3, 8, 9, 16, 3, 16, 25, 5, 9, 11, 12, 16, 19, 23, 3, 12, 14, 18, 24, 5, 8, 9, 3, 9, 23, 1, 5, 9, 20, 24, 5, 8, 9, 16, 18, 20, 23, 24, 25, 1, 24, 3, 5, 8, 9, 16, 18, 19, 20, 23, 24, 25, 1, 5, 8, 14, 18, 19, 20, 23, 24, 1, 5, 8, 9, 11, 13, 18, 20, 24, 25, 1, 8, 25], "influence_y": [[2, 3, 5, 6, 8, 9, 10, 13, 19, 21, 23, 24]], "weights": [0.7276737349963782, -0.42874362514262543, -0.7604181896089612, -0.14640857415052078, -0.57257549179046, 1.4536519641730208, 0.35080646462645276, 3.553055076980068, -0.08998479650075403, 2.635850506579937, -0.17780303636747424, 2.543031887319485, 0.3100469420933345, -0.30672100330437685, 0.17059006387456238, 0.3361668605465446, -0.20589078773364622, 2.4048564990798287, -1.2420965356793345, 2.754715199903828, -0.9843788475821088, -0.6537710332487963, 0.14935604312915163, 2.289962476752765, -0.5606336104491638, -0.594108717021953, -0.3365019011406855, 0.26323742188483745, 0.13242522121368916, -0.19938932618854885, 0.09300686547192479, -0.09354927000455203, -1.612455907237666, 0.14049024179870678, 2.56294593934175, 0.2032629876361322, -0.0871476230194303, -0.1148307012542192, 0.17952472125239305, 0.13384146291630894, -0.08805283246267691, -0.07295407707215225, -0.2628074785079144, -0.33784370826830623, -0.25448606119919254, 0.15911226657980457, -0.2294229318616931, 0.1926233059706707, 0.15144478682750712, -0.12973174793063527, -0.3599589109784351, -0.16951331882396525, -0.3377482575063968, 0.08194914185632501, -0.260478728815151, 0.11538648038882766, -0.3409090909090905, -0.5287154339419348, 0.14482230122880185, -0.25018915990431756, 0.10091767208608332, -0.20958367290750454, -0.23409584987225657, -0.3409090909090893, -0.17652568731448853, -0.5364487911957014, 2.82530076814025, 0.19837255048943078, -0.5352703748522691, 0.2747074136624803, -0.3584690356297144, -0.32720370666260074, 0.17633247015277798, -0.291535800374314, -0.23009963960785854, -0.1601115277789926, -0.3409090909090917, -0.18055752379525533, -0.5422109005220338, 2.321747996112849, -0.2408808162952145, -0.3708139887979232, -0.3296834631782843, 0.14573251593340739, -0.23614434581371044, -0.14316999016056065, -0.3409090909090908, -0.17438525270737965, -0.5334950783557215, -0.13540170480297026, -0.459576909881836, -0.26105217297652034, 0.19483697904699243, -0.16038282198350634, -0.18003819793502812, -0.23377660375151013, -0.3409090909090921, -0.5369091100798509, 2.2425326355248942, -0.14515325820593444, 0.10869981678193685, 2.9601531031346657]}