{"from": [0, 0, 1, 2, 2, 2, 3, 3, 3, 5, 6, 6, 6, 6, 7, 7, 7, 8, 8, 8, 9, 10, 10, 10, 10, 11, 11, 11, 11, 11, 11, 12, 12, 12, 12, 12, 12, 13, 13, 14, 14, 14, 14, 15, 15, 15, 15, 15, 16, 16, 16, 16, 17, 17, 18, 18, 18, 18, 18, 18, 19, 19, 19, 19, 19, 19, 19, 20, 20, 21, 21, 21, 21, 21, 21, 21, 21, 21, 21, 22, 22, 22, 22, 22, 22, 22, 22, 22, 23, 23, 23, 23, 23, 23, 23, 23, 23, 23, 23, 24, 24, 24], "to": [1, 4, 25, 0, 1, 4, 5, 9, 25, 4, 1, 4, 13, 25, 1, 13, 16, 5, 9, 25, 5, 5, 9, 13, 16, 5, 8, 9, 10, 16, 25, 3, 8, 9, 13, 16, 25, 3, 16, 5, 12, 16, 19, 3, 12, 16, 18, 24, 5, 8, 9, 25, 3, 23, 5, 9, 13, 19, 20, 24, 5, 8, 9, 13, 16, 20, 24, 1, 25, 3, 8, 9, 13, 16, 18, 19, 20, 23, 24, 1, 8, 16, 18, 19, 20, 23, 24, 25, 5, 8, 9, 11, 13, 16, 18, 19, 20, 24, 25, 1, 16, 20], "influence_y": [[1, 3, 6, 8, 11, 12, 16, 20, 22, 23]], "weights": [0.7671034446316064, -0.4215972679761073, 0.16825768557704884, -0.7606146605443393, -0.12620674593760045, -0.5488126127752923, 0.3324756712639174, 0.020928735568525918, -0.2636160738574761, -0.09249494659704188, -0.18810960306405247, 0.20638952384842324, 0.07653746443904677, 0.8264447878480228, 0.29111343481670415, -0.30513916990778145, 0.19906918440503588, 0.3560072154014385, -0.20116421696737583, 0.7897119242395085, -1.3286234324979813, -1.071768082113933, -0.683508982850932, -0.11010983528383125, 0.15264683899963125, -0.6637095204274324, 0.13492856657800623, -0.5967910256425007, -0.3416030534351148, 0.218850508960826, 0.4358393626395641, 0.1294472170383506, -0.19423159481474722, 0.08393978734962151, -0.09080374673985908, -0.07355051173894081, 0.7267001278957546, -1.6068640625641648, 0.1277252157941513, 0.24718657759470597, 0.23035666398498292, 0.18006103785734337, -0.11190880245533358, -0.31485938640259037, -0.3442984416435728, 0.2167197650941287, 0.1459441423443227, -0.32112729211546487, 0.23586837735477303, 0.13080591022711913, -0.1272404163854565, 0.7817138655821756, -0.23342747931907773, -0.2848030135345496, -0.19910553063051617, 0.09831873135287379, -0.16362437156428283, -0.23456477882599616, -0.5323383084577125, -0.3208580132698585, 0.3534390824905743, -0.3003600944425546, 0.09198984429630523, -0.20058151673793265, -0.20753529402391074, -0.5323383084577127, -0.3314446272956434, 0.1662965064895159, 0.7050976767575996, 0.2955156459995226, -0.37324055319466215, 0.17036314581821901, -0.28889273013077255, -0.24279369518821628, -0.18708686739001823, -0.23795332175748823, -0.5323383084577127, -0.14579248309118667, -0.3380612610617584, -0.2264743996281523, -0.2975454374609692, -0.15793955508858729, -0.19180010906907316, -0.22175375726832375, -0.5323383084577133, -0.159859501236891, -0.3276905088467856, -0.8303947338667443, -0.27335413788793134, -0.2491425905181401, 0.20838821397203475, -0.1975699407800694, -0.2585252700603221, -0.12635376664394457, -0.1896302141047119, -0.23581048969670323, -0.5323383084577131, -0.33246502382825105, -0.5275618051254892, -0.15438330109490836, 0.09070550787936019, -0.5323383084577121]}