{"from": [0, 0, 0, 1, 2, 2, 2, 3, 3, 4, 6, 6, 6, 6, 7, 7, 7, 7, 8, 8, 8, 9, 10, 10, 10, 10, 11, 11, 11, 11, 11, 11, 12, 12, 12, 12, 12, 13, 13, 13, 13, 14, 14, 14, 14, 14, 15, 15, 15, 15, 15, 15, 16, 16, 16, 16, 17, 17, 17, 17, 17, 18, 18, 18, 18, 18, 18, 18, 19, 19, 19, 19, 19, 19, 19, 19, 20, 20, 21, 21, 21, 21, 21, 21, 21, 21, 21, 21, 21, 21, 22, 22, 22, 22, 22, 22, 22, 22, 22, 22, 23, 23, 23, 23, 24, 24, 24, 24, 24, 24], "to": [1, 4, 25, 5, 0, 1, 4, 5, 25, 5, 1, 4, 13, 25, 1, 13, 16, 25, 5, 9, 23, 5, 5, 9, 13, 16, 5, 8, 9, 10, 16, 23, 3, 8, 9, 13, 16, 3, 16, 23, 25, 5, 12, 16, 19, 23, 3, 8, 14, 16, 18, 24, 5, 8, 9, 25, 5, 8, 13, 23, 25, 1, 5, 9, 13, 20, 23, 24, 5, 8, 13, 16, 18, 20, 23, 24, 1, 25, 3, 5, 8, 9, 13, 16, 18, 19, 20, 23, 24, 25, 1, 5, 8, 16, 18, 19, 20, 23, 24, 25, 5, 9, 20, 25, 1, 8, 16, 20, 23, 25], "influence_y": [[0, 3, 6, 7, 13, 16, 17, 20, 21, 22, 23, 24]], "weights": [0.7449767750348623, -0.4301827744103781, 0.14226138633052454, -0.04763606143846327, -0.7689405685163725, -0.14510125648250574, -0.5558004439268343, 0.3554500984301079, 1.1045379943470903, -0.09909011259868614, -0.18971047421800968, 0.22225869958791852, 0.07311826041168534, 0.9225687097901653, 0.25514807857738353, -0.2828451135559888, 0.19661690849314165, 0.6407035880755185, 0.3206247768867728, -0.20808508873126685, -0.10814472361902204, -1.185289317498493, -1.0018449540407381, -0.687237530076525, -0.1339461057781054, 0.14192751439386578, -0.56288154812577, 0.14523028956130205, -0.6055901074727159, -0.3497164461247637, 0.22556073658492917, -0.09389981286346133, 0.12096506997435906, -0.16378144046038834, 0.09356116171582446, -0.07403237419339907, -0.09467490844454063, -1.6521684712058315, 0.12428889150912587, -0.10628111255832227, 0.7976222066656116, 0.2373054014812378, 0.24662174467310138, 0.1915929098999748, -0.09462024724539907, -0.08286541429679035, -0.32154002045485686, 0.2661084067444476, -0.22728395061728415, 0.18635131297670507, 0.16153338786292396, -0.33131893522283146, 0.2398826069574993, 0.12798673887698814, -0.13205003916158672, 1.0216624947203847, 0.42167050543391316, 0.22143909100876835, 0.3091387343785202, -0.2418822154534024, 1.3880789045311037, 0.14700818079306993, -0.22621099159392644, 0.08957539934467335, -0.14486955069330065, -0.5326633165829143, -0.3418466067201071, -0.2388072155896247, 0.23571805471305024, -0.16294960299909028, -0.12337757754891698, -0.21076806420970806, -0.1950911573611172, -0.5326633165829149, -0.36006356216378566, -0.24985118009705284, 0.24415877038210565, -0.47132338478390995, 0.3126948333634513, -0.35565900699535874, -0.2706574777570424, 0.16658642022311707, -0.25838797325022267, -0.1873780741573393, -0.19414096096192066, -0.1624296563582723, -0.5326633165829162, -0.38187903385688554, -0.25180011501012733, -0.46284676474009995, -0.19512963554794563, -0.36168095622729063, -0.22485758562434593, -0.17958034762473465, -0.20047560362321484, -0.14971888472163578, -0.5326633165829163, -0.3568733384287705, -0.23880721558962575, -0.928233470803558, -0.38686633585130037, 0.1847749607422269, -0.5326633165829157, -0.5945837319368117, -0.10618624948956512, 0.18081539344589803, 0.12967460522591928, -0.5326633165829147, -0.29302035565273815, 0.7801324474417319]}