{"from": [0, 0, 0, 1, 2, 2, 2, 3, 3, 5, 6, 7, 7, 7, 7, 8, 8, 9, 9, 10, 10, 10, 10, 11, 11, 11, 11, 11, 12, 12, 12, 12, 13, 13, 13, 14, 14, 14, 14, 14, 15, 15, 15, 15, 15, 15, 15, 16, 16, 16, 17, 17, 17, 18, 18, 18, 18, 18, 18, 18, 18, 19, 19, 19, 19, 19, 19, 19, 20, 21, 21, 21, 21, 21, 21, 21, 21, 21, 21, 22, 22, 22, 22, 22, 22, 22, 22, 22, 22, 23, 23, 23, 23, 23, 23, 23, 23, 23, 24, 24, 24], "to": [1, 2, 4, 25, 1, 4, 25, 5, 9, 4, 1, 1, 13, 14, 16, 5, 9, 5, 25, 5, 9, 13, 16, 5, 8, 9, 10, 16, 3, 8, 9, 16, 3, 16, 24, 5, 9, 12, 16, 19, 3, 8, 12, 14, 16, 18, 24, 5, 8, 9, 3, 9, 23, 1, 8, 9, 13, 19, 20, 23, 24, 5, 8, 9, 13, 16, 20, 24, 1, 3, 8, 9, 13, 16, 18, 19, 20, 23, 24, 1, 8, 9, 14, 16, 18, 19, 20, 23, 24, 5, 8, 9, 11, 13, 16, 19, 20, 24, 1, 9, 20], "influence_y": [[1, 2, 9]], "weights": [0.7431044935703824, -0.754920313447401, -0.42700882115389094, 0.4669442919239347, -0.14436395091715049, -0.5385753032696589, 0.5579410154410089, 0.33483062985854967, 0.014200766511574647, -0.10467197777699855, -0.19197446295867315, 0.2864957639696183, -0.2835582635751125, -0.11509865357598328, 0.19223407970602663, 0.38698303539468976, -0.20708291067532889, -1.3288100213554384, 0.47868209119829885, -1.0321040863291988, -0.6774342048854012, -0.11887665402228531, 0.16408646350827835, -0.6243417067032417, 0.14908786822666065, -0.5891904300738612, -0.3415094339622639, 0.2580343985385264, 0.1485287289072173, -0.16436376774223155, 0.08897082692757347, -0.09323438597325609, -1.6041806881776537, 0.11619106519065868, -0.06572103602367953, 0.2847210966496287, -0.08093610691287398, 0.18473956262425387, 0.1984914589801393, -0.13241509917969238, -0.3454410510647195, 0.27043755017481647, -0.33460516898608456, -0.2769127356101692, 0.17400985739260638, 0.1403217159617195, -0.2781365052809623, 0.22241043451674075, 0.09819662218085831, -0.12041117034491453, -0.28908351107539276, -0.11711960408440823, -0.24713314275944168, 0.17091245266507366, -0.15782702795624917, 0.13467511268834192, -0.19056705019559875, -0.2411258344304394, -0.5567010309278333, -0.1781785895332349, -0.3558760967358941, 0.3102508428839889, -0.33519710925008805, 0.1360316856180469, -0.18036344665151594, -0.23601215435268913, -0.5567010309278374, -0.3626877337888443, 0.27893741317535464, 0.26087773847948253, -0.4245769511555699, 0.20970592246208328, -0.26927386603966935, -0.2599820364398287, -0.1540450551501107, -0.2418868407475635, -0.5567010309278344, -0.18101920036954944, -0.36924408174694223, -0.21607252663028115, -0.370957465215342, 0.11191152429994194, 0.15079021293025285, -0.22023704058723814, -0.15596036592832543, -0.21743951280993284, -0.5567010309278335, -0.1930917964238899, -0.3557217203811261, -0.22604530024188707, -0.3076983039672316, 0.23396008335841167, -0.15162214114785635, -0.2375604766182411, -0.1245252491720808, -0.2396038217961891, -0.5567010309278361, -0.3709302246576745, -0.09473534005225032, 0.08393265304558742, -0.5567010309278358]}