{"from": [0, 0, 0, 0, 1, 2, 2, 3, 3, 4, 6, 6, 6, 6, 6, 7, 7, 7, 8, 8, 8, 9, 10, 10, 10, 10, 11, 11, 11, 11, 11, 11, 12, 12, 12, 12, 13, 13, 13, 14, 14, 14, 14, 14, 14, 14, 15, 15, 15, 15, 16, 16, 16, 17, 17, 18, 18, 18, 18, 18, 18, 19, 19, 19, 19, 19, 19, 19, 19, 19, 20, 20, 20, 20, 21, 21, 21, 21, 21, 21, 21, 21, 21, 21, 21, 22, 22, 22, 22, 22, 22, 22, 22, 22, 23, 23, 23, 23, 23, 23, 23, 23, 24, 24, 24], "to": [1, 2, 4, 25, 9, 1, 4, 5, 25, 5, 1, 4, 13, 23, 25, 1, 13, 16, 5, 9, 25, 5, 5, 9, 13, 16, 5, 8, 9, 10, 16, 23, 3, 8, 9, 16, 3, 16, 25, 5, 9, 12, 16, 19, 23, 25, 8, 12, 18, 24, 5, 8, 9, 8, 23, 5, 9, 13, 20, 23, 24, 8, 9, 13, 16, 18, 20, 23, 24, 25, 1, 8, 24, 25, 3, 5, 8, 9, 13, 16, 18, 19, 20, 23, 24, 1, 5, 8, 16, 18, 19, 20, 23, 24, 5, 8, 9, 13, 16, 20, 24, 25, 1, 8, 9], "influence_y": [[0, 3, 6, 8, 13, 14, 19, 20, 23]], "weights": [0.7480663058599063, -0.7527811729641503, -0.4001997357084741, 0.5017752436113643, 0.01822938693855354, -0.13747241853180844, -0.5342972468185314, 0.3605634558939383, 1.7813307613662004, -0.0829811302142486, -0.18886282373360427, 0.2113393045576883, 0.08707334937990951, 0.057918589280476995, 1.039730647689567, 0.2206420634393423, -0.3075315621937192, 0.1878867599983789, 0.3238337067404889, -0.21485546055497912, 1.1849649027190416, -1.2021425770910619, -1.0044023195633973, -0.6873567286878645, -0.13076610333461683, 0.17538684862264112, -0.5849398910148117, 0.12728666844227451, -0.6075943179915857, -0.33776091081593884, 0.25447661778550656, -0.11971069256022161, 0.13091615499924392, -0.16089450470790995, 0.08959414403788997, -0.10187004038278076, -1.6303097211468578, 0.12485464231736473, 1.9714144746687094, 0.23685382566112545, -0.06399767654847309, 0.20237256283767793, 0.17173451270355927, -0.0908349678637929, -0.0690389665527794, 0.6946324927148554, 0.2024410018687695, -0.28032260590400043, 0.1536148047638866, -0.2037492051060029, 0.22223637209344677, 0.09539119986681424, -0.12874644356486176, 0.24590674890051997, -0.2774685813906552, -0.28929880070315483, 0.1317559379782046, -0.17253631687387272, -0.34256055363321636, -0.23579032477617473, -0.5428816375185048, -0.21322928782004635, 0.10826470933868027, -0.162046726085352, -0.2679379274251858, -0.2002176632228511, -0.34256055363321664, -0.24994001016281034, -0.5495256333371776, -0.9123711665758445, 0.2201859216482373, 0.12816520700065914, -0.5469977830762008, 1.0249861695550295, 0.30811647565103606, -0.28758703108695766, -0.33718483475713157, 0.1978485922070659, -0.2226467293752375, -0.2705844854208192, -0.19684785228830776, -0.16663187315279032, -0.34256055363321825, -0.2522677402857033, -0.553995230524287, -0.18339125932502728, -0.3372747592876533, -0.2527811731692766, -0.20726404485760355, -0.20232844909634934, -0.1526093223676413, -0.34256055363321697, -0.2560823680837421, -0.5467259621431458, -0.4304977491136187, -0.16968917504117864, 0.23053702556839067, -0.2500263436057656, -0.13788478868021892, -0.34256055363321797, -0.551937157745439, -0.6591389795995785, -0.12367838910693382, 0.1620879419596364, 0.09360511023873724]}