{"from": [0, 0, 0, 2, 2, 2, 3, 3, 3, 5, 5, 6, 6, 6, 7, 7, 7, 7, 8, 8, 8, 9, 9, 10, 10, 10, 10, 11, 11, 11, 11, 11, 11, 11, 12, 12, 12, 12, 14, 14, 14, 14, 14, 14, 15, 15, 15, 15, 15, 16, 16, 16, 16, 17, 17, 18, 18, 18, 18, 18, 18, 18, 19, 19, 19, 19, 19, 19, 19, 20, 20, 20, 21, 21, 21, 21, 21, 21, 21, 21, 21, 21, 22, 22, 22, 22, 22, 22, 22, 22, 22, 22, 23, 23, 23, 23, 23, 23, 23, 23, 23, 24, 24, 24, 24], "to": [1, 4, 25, 0, 1, 4, 5, 13, 25, 4, 25, 1, 4, 23, 1, 3, 16, 25, 5, 9, 25, 5, 25, 3, 5, 9, 16, 5, 8, 9, 10, 16, 23, 25, 3, 8, 9, 16, 5, 12, 16, 19, 23, 25, 8, 12, 14, 18, 24, 3, 5, 8, 9, 3, 23, 1, 3, 19, 20, 23, 24, 25, 5, 8, 16, 20, 23, 24, 25, 1, 3, 8, 3, 8, 9, 16, 18, 19, 20, 23, 24, 25, 1, 8, 14, 16, 18, 19, 20, 23, 24, 25, 1, 3, 5, 8, 9, 16, 20, 24, 25, 1, 8, 20, 25], "influence_y": [[0, 3, 5, 7, 8, 9, 11, 14, 18, 19, 21, 22, 23, 24]], "weights": [0.7267129796377565, -0.4228837662798273, 0.18548346456420217, -0.7522261182517718, -0.1557979534195788, -0.5399831424503483, 0.3249944516614155, -0.399181800117346, -0.16639208172317618, -0.09447763061101966, 1.5180102406055713, -0.18247483846219034, 0.2261626408602031, 0.053245212200563774, 0.255113164346943, 0.47161292453717796, 0.15544179503304065, 0.7630886833756368, 0.3592418768539623, -0.21376805345212269, 0.6073378617343749, -1.3181729255303216, 1.1741424872312418, 0.24293222385997856, -1.0190868111822569, -0.6826040485580485, 0.13652745765426993, -0.6479311152132172, 0.13346200746753678, -0.6018044050241089, -0.3509433962264146, 0.21592332898638283, -0.11579580455493436, 1.657646194072824, 0.23695609847243898, -0.15912111006084395, 0.07993577042879338, -0.1133349116546752, 0.2544569311772231, 0.2048107169823931, 0.16996914348546116, -0.10018164306438057, -0.07660577859028796, 0.5968431034147812, 0.21188263505054708, -0.3136425313521327, -0.23998452816481453, 0.13586562905130006, -0.2840563053905743, -0.22312181322933985, 0.24925139028370813, 0.11851201595360708, -0.12482920025162908, -0.5143157920710859, -0.2906651183185692, 0.14531356321061117, 0.2788454781797697, -0.1922669335992847, -0.5641025641025634, -0.23143306849468143, -0.3414359706724429, 1.3941842844014798, 0.3005274506780809, -0.22470387399418656, -0.28245267700243726, -0.5641025641025618, -0.2369668254517523, -0.35090451418546315, -0.9444688977675719, 0.20951326216920066, -0.31064349145877296, 0.12071853121892281, 0.49094989607408995, -0.3044564974477931, 0.14141728409451954, -0.3313474274625023, -0.150843666031738, -0.19220296064713752, -0.5641025641025634, -0.24564109964298425, -0.3572168765274773, 1.2553338183273843, -0.22033691993838495, -0.2345828713976249, 0.15038425443234682, -0.24799290719558872, -0.15567444395356161, -0.17342817865062643, -0.5641025641025644, -0.24237093275125787, -0.34711709678025643, -0.7068625743439734, -0.10836840688871724, 0.14633913162754464, -0.34070000932126143, -0.14819073678092587, 0.17145962385942196, -0.15238840771894765, -0.5641025641025633, -0.35420254619561586, 0.9043486382220906, -0.1138505166621829, 0.1981729086354135, -0.5641025641025628, 1.0245944068606938]}