{"from": [0, 0, 0, 2, 2, 2, 3, 3, 4, 5, 6, 6, 6, 7, 7, 7, 8, 8, 9, 10, 10, 10, 10, 11, 11, 11, 11, 11, 11, 12, 12, 12, 12, 13, 13, 14, 14, 14, 14, 14, 15, 15, 15, 15, 16, 16, 16, 17, 17, 17, 18, 18, 18, 18, 18, 18, 18, 19, 19, 19, 19, 19, 19, 19, 20, 20, 20, 20, 21, 21, 21, 21, 21, 21, 21, 21, 21, 22, 22, 22, 22, 22, 22, 22, 22, 22, 22, 23, 23, 23, 23, 23, 23, 23, 23, 23, 23, 23, 23, 24, 24, 24], "to": [1, 4, 25, 0, 1, 4, 5, 16, 5, 25, 1, 4, 25, 1, 13, 16, 5, 9, 5, 5, 9, 16, 25, 5, 8, 9, 10, 16, 25, 3, 8, 9, 16, 3, 16, 5, 9, 12, 16, 19, 12, 14, 18, 24, 5, 8, 9, 8, 23, 25, 5, 8, 9, 12, 19, 20, 24, 8, 9, 10, 16, 20, 24, 25, 1, 13, 24, 25, 5, 8, 9, 16, 18, 19, 20, 23, 24, 1, 5, 8, 16, 18, 19, 20, 23, 24, 25, 1, 5, 8, 9, 11, 13, 16, 18, 19, 20, 24, 25, 1, 8, 25], "influence_y": [[0, 5, 6, 10, 11, 17, 19, 20, 22, 23, 24]], "weights": [0.741591414220103, -0.4402742016199212, 0.1790728751547257, -0.7519714064130247, -0.1379407605383247, -0.5526777324615997, 0.3425012337220127, -0.02999048686719931, -0.0802660452016854, 1.4024989779733938, -0.1732937145572651, 0.20086569829034143, 0.5994725227954583, 0.2572510473218895, -0.30038968031166635, 0.1932798122301801, 0.2883874284467757, -0.19977968593032974, -1.2109137973516344, -0.9509396062637959, -0.6818823213617995, 0.1334904073993048, 0.6850829284157226, -0.5179288469440508, 0.13454876318119385, -0.5980188317473687, -0.3351046148293771, 0.24844151583301904, 0.6596412633995771, 0.16548296037307983, -0.18459009014791022, 0.10416722709466525, -0.10153970328289938, -1.6049141728939402, 0.0641943491297374, 0.2446627465453251, -0.07735611885056733, 0.18175662088073966, 0.17857080604346265, -0.11236316785630501, -0.31938005368964234, -0.2696365095745893, 0.14087238020393292, -0.20722303416155302, 0.1669716827710798, 0.11790746657680318, -0.12076459755055585, 0.20578403689597297, -0.21208735262143594, 1.5455165562629256, -0.27674422635207596, -0.1349605824655888, 0.10386602930575645, 0.1166992444681147, -0.23665506509278, -0.3529411764705873, -0.5358529167764561, -0.3329241370601193, 0.074552406903347, -0.12648944354218275, -0.25515580286812156, -0.3529411764705892, -0.5425375307816668, -0.6228518531593654, 0.17256635285838606, 0.2107573458354136, -0.5416091121698322, 0.8005774336608675, -0.3206497969044629, -0.3881757193535682, 0.19027148440278946, -0.23971415844904564, -0.1827323389160245, -0.23973849688140553, -0.35294117647058776, -0.14870705727815947, -0.5438230334749766, -0.2548078503703401, -0.40167652815775534, -0.32671173428126543, -0.17851152862536954, -0.18527556085063407, -0.2207320112667796, -0.3529411764705887, -0.15353479136451895, -0.5400819582899575, -0.6676178266142669, -0.14790083196889736, -0.4761225021169756, -0.24217699788040367, 0.20207279854947524, -0.1747513946155718, -0.11252204654471405, -0.12174227512958963, -0.18144229880426643, -0.2385037367950728, -0.35294117647058915, -0.5457206803079571, 0.64484171636359, -0.18944890791259705, 0.06691065085672852, 0.9895654355418626]}