{"from": [0, 0, 0, 0, 1, 1, 2, 2, 2, 2, 3, 5, 6, 7, 7, 7, 7, 8, 8, 9, 10, 10, 10, 10, 11, 11, 11, 11, 11, 12, 12, 12, 12, 12, 13, 13, 13, 13, 14, 14, 14, 14, 14, 15, 15, 15, 15, 15, 15, 16, 16, 16, 17, 17, 17, 17, 18, 18, 18, 18, 18, 18, 19, 19, 19, 19, 19, 19, 19, 21, 21, 21, 21, 21, 21, 21, 21, 21, 21, 21, 21, 22, 22, 22, 22, 22, 22, 22, 22, 22, 22, 23, 23, 23, 23, 23, 23, 23, 23, 23, 23, 24], "to": [1, 2, 4, 24, 5, 24, 1, 4, 24, 25, 5, 25, 1, 1, 5, 13, 16, 5, 9, 5, 5, 9, 13, 16, 5, 8, 9, 10, 16, 3, 8, 9, 13, 16, 3, 8, 16, 25, 5, 9, 12, 16, 19, 3, 8, 12, 14, 18, 24, 5, 8, 9, 3, 5, 8, 23, 5, 8, 9, 13, 20, 24, 5, 8, 13, 16, 18, 20, 24, 3, 5, 8, 9, 13, 16, 18, 19, 20, 23, 24, 25, 1, 5, 8, 16, 18, 19, 20, 23, 24, 25, 5, 8, 9, 11, 13, 16, 18, 19, 20, 24, 20], "influence_y": [[2, 5, 13, 21, 22]], "weights": [0.7517029507711992, -0.761107983419383, -0.4540034686741302, 0.0710447284358508, -0.03991327110550673, -0.1029689012461357, -0.1272850976380585, -0.5601433204171391, -0.037892507811879445, 0.19898640639394286, 0.3784421090226107, 0.5194100019488039, -0.16520202021997027, 0.28922302204475664, -0.19986558525388604, -0.2934096871775991, 0.20288703916799797, 0.3096658754704006, -0.2087279765425104, -1.229543951198253, -1.0299640356112114, -0.6718199472450392, -0.12129382875856312, 0.15388249310817656, -0.6056965656717463, 0.1210961094420022, -0.5882244042444281, -0.35440613026819845, 0.24547862878719678, 0.14602292339850065, -0.17940718018582322, 0.09724614739252901, -0.08910980361895862, -0.10270500951778988, -1.6028107421876974, -0.0902331312454363, 0.10073510183308405, 0.4784957214236438, 0.23075208214382584, -0.08755315981057776, 0.20422571972959497, 0.16552737351439178, -0.09636971755884846, -0.27071420647084077, 0.15117349598479857, -0.31079094128189677, -0.20330237358101141, 0.17036869667708246, -0.323634180149942, 0.2424813572736585, 0.11188618235361121, -0.1458427716874865, -0.22414315794043796, 0.32647849554537184, 0.16693650790460107, -0.25977554279223325, -0.22831606311298425, -0.17106609665012096, 0.09506310848248445, -0.17344405714694433, -0.5520833333333348, -0.3320190279691461, 0.20932307880994233, -0.31990264697371673, -0.13376660952609992, -0.25094246737952364, -0.24631425393638337, -0.5520833333333349, -0.35416058091683067, 0.2615155432967748, -0.2710122966696723, -0.43665041849254727, 0.15239221040936943, -0.22985915823613054, -0.24316494199896532, -0.2456280115711399, -0.1913548027374762, -0.5520833333333333, -0.1469983949366909, -0.3580265176439478, -0.9035458172529149, -0.23339161173230938, -0.30327571071507203, -0.3644004174988205, -0.18287699102763455, -0.25205701899291644, -0.17413446474971356, -0.552083333333335, -0.15757009664114696, -0.37337131633078346, -1.0150577177159568, -0.4188723150415534, -0.2399488838156678, 0.1929098801230078, -0.15973044721257895, -0.21636949255324625, -0.1506049896127235, -0.24384647939401888, -0.1863599640006223, -0.5520833333333334, -0.3724858975008658, -0.5520833333333338]}