{"from": [0, 0, 0, 2, 2, 2, 3, 3, 4, 6, 6, 7, 7, 7, 8, 8, 8, 9, 10, 10, 10, 10, 10, 10, 11, 11, 11, 11, 11, 12, 12, 12, 12, 13, 13, 13, 14, 14, 14, 14, 14, 14, 15, 15, 15, 15, 15, 16, 16, 16, 17, 18, 18, 18, 18, 18, 18, 18, 19, 19, 19, 19, 19, 19, 19, 20, 20, 20, 20, 21, 21, 21, 21, 21, 21, 21, 21, 21, 21, 21, 22, 22, 22, 22, 22, 22, 22, 22, 22, 23, 23, 23, 23, 23, 23, 23, 23, 23, 23, 23, 24, 24, 24], "to": [1, 4, 25, 0, 1, 4, 5, 25, 5, 1, 4, 1, 13, 16, 1, 5, 9, 5, 5, 9, 11, 13, 16, 25, 5, 8, 9, 16, 25, 3, 8, 9, 16, 3, 16, 25, 1, 5, 12, 16, 19, 25, 3, 12, 16, 18, 24, 5, 8, 9, 23, 5, 9, 13, 19, 20, 24, 25, 8, 9, 13, 16, 20, 24, 25, 1, 8, 16, 24, 3, 5, 8, 9, 13, 16, 18, 19, 20, 23, 24, 1, 5, 8, 16, 18, 19, 20, 23, 24, 1, 5, 8, 9, 11, 13, 16, 18, 19, 20, 24, 1, 8, 16], "influence_y": [[0, 3, 10, 11, 13, 14, 18, 19]], "weights": [0.7504373604815595, -0.41265856509877014, 2.371452463056369, -0.7515238857226415, -0.13419867614394504, -0.5585023216174184, 0.37545239255901036, 1.3188114037565322, -0.07619605530673736, -0.14368579526233616, 0.21097722100065922, 0.3081569616553824, -0.30228404327336916, 0.2199238194142111, 0.07222080274342797, 0.29965152357789926, -0.19583171676622327, -1.1962423968334417, -0.9617768747583615, -0.6800705171356506, -0.3053818909293458, -0.1249661224840837, 0.1688107578965814, 2.3652091901308037, -0.5700136288900447, 0.1360524163490178, -0.5905934393542867, 0.23300947225706214, 1.6456780589374365, 0.1488093969249048, -0.18722161378453755, 0.09662203843523075, -0.08985054056663377, -1.6041931744610909, 0.11904117091364512, 2.889338382810038, 0.11411043303735344, 0.21446606410864066, 0.19006463021575568, 0.1982500278161497, -0.11018899138461932, 2.2605291510493575, -0.2358662977867927, -0.29922447787647627, 0.16309120624387907, 0.14520803596204854, -0.20916637666456325, 0.2151962072163997, 0.10722165198425966, -0.12803633178065393, -0.2509277697320775, -0.3012715231697969, 0.11015776981310132, -0.17995338673549227, -0.24512523505138167, -0.33904109589041126, -0.51850606594143, 2.906305038846486, -0.20998515515020683, 0.09487318440676808, -0.17413400391758133, -0.20941916492469936, -0.33904109589041054, -0.5252533684144797, -0.8945296226275872, 0.12469591606852896, 0.1320557691882324, 0.053218339182433884, -0.5248444409918707, 0.31941642059673503, -0.3722616296259733, -0.3147871629759619, 0.18843309905223815, -0.30909455767177074, -0.21326329483744966, -0.19256920638731626, -0.24999619404926837, -0.33904109589041087, -0.15785159707136528, -0.5301264202005708, -0.2614619515988998, -0.4250308317842002, -0.2696270043721471, -0.18646214016355295, -0.19784385726628084, -0.22849207464799814, -0.33904109589041065, -0.16786011210341395, -0.5225284962619029, -0.1315751762232818, -0.5068972479812692, -0.17217894662428512, 0.23707743193855074, -0.17471045528210863, -0.2347048612078545, -0.11385912595261527, -0.19411011563285704, -0.24577755601040766, -0.3390410958904113, -0.527906801971297, -0.20560773845943747, 0.15682924409406068, 0.11452535377465485]}