{"from": [0, 0, 0, 1, 2, 2, 2, 3, 4, 6, 6, 6, 7, 7, 7, 8, 8, 8, 9, 10, 10, 10, 11, 11, 11, 11, 11, 11, 12, 12, 12, 12, 12, 13, 13, 13, 14, 14, 14, 14, 14, 14, 15, 15, 15, 15, 15, 15, 15, 15, 16, 16, 16, 16, 17, 17, 17, 18, 18, 18, 18, 18, 18, 19, 19, 19, 19, 19, 19, 19, 19, 20, 20, 21, 21, 21, 21, 21, 21, 21, 21, 21, 22, 22, 22, 22, 22, 22, 22, 22, 22, 22, 23, 23, 23, 23, 23, 23, 23, 24, 24, 24, 24], "to": [1, 4, 25, 9, 0, 1, 4, 5, 25, 1, 23, 25, 1, 13, 16, 5, 9, 25, 5, 5, 9, 16, 5, 8, 9, 10, 16, 23, 3, 8, 9, 16, 25, 3, 16, 25, 5, 9, 12, 16, 19, 23, 3, 8, 12, 14, 16, 18, 24, 25, 5, 8, 9, 25, 3, 9, 23, 8, 9, 19, 20, 23, 24, 5, 8, 9, 16, 20, 23, 24, 25, 1, 25, 3, 8, 9, 16, 18, 19, 20, 23, 24, 1, 8, 9, 16, 18, 19, 20, 23, 24, 25, 5, 8, 9, 16, 20, 24, 25, 8, 9, 20, 25], "influence_y": [[0, 4, 6, 8, 12, 13, 15, 16, 19, 20, 22, 23, 24]], "weights": [0.7356525365194695, -0.4194456087694185, 1.942467324269909, 0.015795710403597563, -0.7645850209525406, -0.14477587836580133, -0.5466863511355572, 0.32097503041164643, -0.2127671849614246, -0.18323220409228289, 0.046263112176385776, 1.8538921624716942, 0.2952547532441198, -0.2862017651888343, 0.19227106714037612, 0.36585405834877605, -0.20109339790611835, 2.2731885080382233, -1.3614251574725187, -1.0632253089489803, -0.6779081083045522, 0.1341368718157148, -0.6527294501532356, 0.15306118879898634, -0.5850797551027324, -0.3491461100569263, 0.22018657435880692, -0.12156019532785126, 0.11746207583986124, -0.1617423180202165, 0.09285049732454112, -0.08028584108714494, 1.1262606555812282, -1.6084483354460222, 0.12605099994498523, 0.9051261902712013, 0.22495772152806043, -0.07442432633671231, 0.19528141671517507, 0.18216255368345588, -0.10096238492206673, -0.083891152257357, -0.33681328779189634, 0.3117212663811858, -0.2901571660895698, -0.25478540007133527, 0.17331792588441863, 0.13818670076653305, -0.30321895388768566, 0.7795295058504065, 0.21026589526154338, 0.10164643154759978, -0.12625287149783102, 0.3390387309673268, -0.26250088516130643, -0.12381420610374437, -0.31217122132589775, -0.11668347473196203, 0.16062968110842735, -0.1921361954325287, -0.5477386934673367, -0.22832159843226005, -0.3272227615108818, 0.34421627950261413, -0.2857632201246455, 0.13246658985264714, -0.23464302551434155, -0.5477386934673351, -0.24017683744452933, -0.3371103360941764, 0.9102688718568064, 0.24106337907714456, 1.2236303518302387, 0.24749640463628161, -0.3949005889288178, 0.22190552013218304, -0.2656822918886377, -0.1541184698122789, -0.19670970517686093, -0.5477386934673361, -0.24293287844046085, -0.34471616269670907, -0.19606528493551556, -0.3782972905394504, 0.10568692947804537, -0.1812110383191899, -0.15915063690238762, -0.1829946839845029, -0.5477386934673377, -0.22909698153076735, -0.33367422861487556, -1.0453245550183365, -0.3035659852037895, -0.23707349339008849, 0.2536431710372491, -0.14615461851880365, -0.5477386934673363, -0.33744362512507364, -0.544637106004301, 0.09854015013537122, 0.11345613292614223, -0.5477386934673356, 1.7250339416666056]}