{"from": [0, 0, 0, 1, 2, 2, 2, 3, 6, 6, 7, 7, 7, 8, 8, 8, 8, 9, 9, 10, 10, 10, 10, 10, 11, 11, 11, 11, 11, 11, 12, 12, 12, 12, 13, 13, 13, 14, 14, 14, 14, 14, 14, 15, 15, 15, 15, 15, 16, 16, 16, 17, 17, 17, 17, 18, 18, 18, 18, 18, 19, 19, 19, 19, 19, 19, 19, 19, 21, 21, 21, 21, 21, 21, 21, 21, 21, 21, 21, 22, 22, 22, 22, 22, 22, 22, 22, 22, 23, 23, 23, 23, 23, 23, 23, 23, 23, 24, 24, 24], "to": [1, 4, 25, 25, 0, 1, 4, 5, 1, 4, 1, 13, 16, 1, 5, 9, 25, 5, 25, 5, 9, 13, 16, 25, 5, 8, 9, 10, 16, 23, 3, 8, 9, 16, 3, 16, 24, 5, 9, 12, 16, 19, 23, 3, 12, 16, 18, 24, 5, 8, 9, 3, 9, 23, 25, 9, 13, 20, 23, 24, 8, 9, 13, 16, 18, 20, 23, 24, 3, 5, 8, 9, 13, 16, 18, 19, 20, 23, 24, 1, 8, 16, 18, 19, 20, 23, 24, 25, 1, 5, 8, 9, 13, 16, 20, 24, 25, 1, 9, 20], "influence_y": [[0, 1, 8, 9, 10, 17, 22, 23]], "weights": [0.7240143795836302, -0.434979935153775, 0.9575138654884989, 0.42895279794814706, -0.7488912046464272, -0.14204861174465827, -0.5535179625958047, 0.34960534870843013, -0.15149649312867763, 0.2204658416393325, 0.3012179755218781, -0.28101470586524674, 0.16454084647850573, 0.09186006354002149, 0.3533350159391076, -0.20591613018639435, 1.1169408741310405, -1.2527885298521069, 0.9097539047669634, -1.0095164523290896, -0.6829321051718039, -0.11573246711998002, 0.15505412022982185, 1.0433367864256435, -0.5805701138769709, 0.14016209759726672, -0.6034607748215239, -0.3485714285714287, 0.25351011584890143, -0.11804575726240078, 0.14877702513470992, -0.1801462583370645, 0.08376308377006664, -0.06661556079123349, -1.6046925990781342, 0.12217254235886571, -0.05475687130206147, 0.2344502204958968, -0.07493642962687948, 0.2067450515429959, 0.17887762248095906, -0.08059446396575767, -0.10459604033699973, -0.3309697854245839, -0.35937965433074526, 0.142861763364705, 0.1565758196784653, -0.31346528845034904, 0.18792084520412805, 0.11754670601245104, -0.12393556001896583, -0.288140622269025, -0.14307650457974305, -0.24938429450686167, 1.093206004085863, 0.12203736951692652, -0.20866896949314964, -0.5326633165829141, -0.23167818089253392, -0.3305529229647266, -0.311208608527894, 0.09721284560063932, -0.16047072676962948, -0.21774489689164217, -0.1938922809866917, -0.5326633165829138, -0.2435523693230024, -0.33799613515697324, 0.23104219822166985, -0.2634417297565283, -0.3855395642156889, 0.1807357224519096, -0.2683188231272229, -0.28571795370571756, -0.19111339557012308, -0.15469583706320886, -0.532663316582914, -0.2464231977230003, -0.34918931003078385, -0.22087264775130533, -0.34819296073223466, -0.22585971673740218, -0.1993542281847779, -0.1411882169360619, -0.5326633165829141, -0.23991269505892654, -0.3255169444098345, -0.9282242605415427, -0.18340577001854916, -0.3716800429768471, -0.23577516251356823, 0.2153855565148472, -0.2565141265156425, -0.13795521799547567, -0.5326633165829139, -0.3433961524001144, -0.9903900114038553, -0.16472912694023523, 0.09919479789750371, -0.5326633165829133]}