{"from": [0, 0, 1, 2, 2, 2, 2, 3, 3, 5, 6, 6, 6, 7, 7, 7, 8, 8, 9, 10, 10, 10, 10, 11, 11, 11, 11, 11, 11, 11, 12, 12, 13, 13, 14, 14, 14, 14, 14, 14, 15, 15, 15, 15, 15, 16, 16, 16, 16, 17, 17, 17, 18, 18, 18, 18, 18, 19, 19, 19, 19, 19, 19, 19, 19, 19, 20, 20, 20, 21, 21, 21, 21, 21, 21, 21, 21, 21, 21, 21, 21, 22, 22, 22, 22, 22, 22, 22, 22, 22, 23, 23, 23, 23, 23, 23, 23, 24, 24], "to": [1, 4, 25, 0, 1, 4, 25, 5, 25, 4, 1, 4, 23, 1, 13, 16, 5, 9, 5, 5, 9, 13, 16, 5, 8, 9, 10, 16, 23, 25, 8, 9, 3, 16, 5, 9, 12, 16, 19, 23, 8, 12, 14, 18, 24, 5, 8, 9, 25, 5, 9, 23, 5, 9, 20, 23, 24, 5, 8, 9, 16, 18, 20, 23, 24, 25, 1, 9, 24, 3, 5, 8, 9, 13, 16, 18, 19, 20, 23, 24, 25, 1, 5, 8, 18, 19, 20, 23, 24, 25, 1, 5, 8, 9, 13, 20, 24, 1, 8], "influence_y": [[1, 2, 3, 11, 16, 19, 21, 22]], "weights": [0.7284757060706576, -0.4063279827535696, 0.6957193975810647, -0.7578621088223882, -0.14674119405360925, -0.547284264571464, 0.40109631061134654, 0.34791597388037104, 0.46260586229184086, -0.0997990319767803, -0.16502208751906944, 0.184293642382203, 0.054500317041855595, 0.2696497577959748, -0.31253399302600393, 0.2121141646672897, 0.34776096906537335, -0.19846770253185442, -1.203559146487239, -1.0154608234381146, -0.675129856594196, -0.11962617852850885, 0.12878485449120564, -0.6125105958184883, 0.1376508941279687, -0.602212907808544, -0.3365019011406854, 0.2385490748493408, -0.11727425775334316, 0.5431988364658354, -0.16827797570780895, 0.09148269384403518, -1.6153682084230923, 0.1313453133798236, 0.2910889170019556, -0.0806769393453036, 0.19450188279898978, 0.15454089766526385, -0.09527499231310933, -0.10439242757303119, 0.24096830571648628, -0.29649567085289574, -0.24705742480085502, 0.1530587372838974, -0.2164211545281949, 0.21635907807551732, 0.10939757140673394, -0.12079574165333498, 0.8156732802217805, 0.27506483428053674, -0.12266510047507935, -0.33911921619216595, -0.2176285434785536, 0.07275335035458191, -0.34563758389261734, -0.23232570476903233, -0.5331800196749, 0.17235766304833489, -0.2716746718308525, 0.04675521845522327, -0.228766092592411, -0.19382931016858745, -0.34563758389261745, -0.24008430146918416, -0.53793652856563, -0.551908715536774, 0.21308060043902596, -0.08928571365602812, -0.5394835484475647, 0.24881118810946565, -0.2810982374951077, -0.362760138604011, 0.15990274084704026, -0.2363560540755766, -0.22236336110059726, -0.18852953635013003, -0.16480981144801216, -0.3456375838926178, -0.24613691335837462, -0.5454302737047965, -0.6829012813991999, -0.2309376589300281, -0.29875927234263766, -0.31948573814756975, -0.19424980120508217, -0.14997927019172513, -0.3456375838926191, -0.2473832498095243, -0.5373419649542884, -1.0201084709734969, -0.14397763061713534, -0.3842316010374046, -0.23489912176554392, 0.1650517260061456, -0.18495466107749467, -0.34563758389261834, -0.5405580135792688, -0.1806186902692497, 0.10842900216182794]}