{"from": [0, 0, 1, 2, 2, 2, 3, 3, 5, 6, 6, 7, 7, 7, 7, 8, 8, 8, 9, 10, 10, 10, 10, 11, 11, 11, 11, 11, 12, 12, 12, 12, 12, 13, 14, 14, 14, 14, 15, 15, 15, 15, 15, 15, 15, 16, 16, 16, 17, 17, 17, 18, 18, 18, 18, 18, 18, 19, 19, 19, 19, 19, 19, 19, 19, 19, 19, 20, 21, 21, 21, 21, 21, 21, 21, 21, 21, 21, 21, 22, 22, 22, 22, 22, 22, 22, 22, 22, 23, 23, 23, 23, 23, 23, 23, 23, 23, 23, 24, 24, 24], "to": [1, 4, 25, 0, 1, 4, 5, 16, 4, 1, 4, 1, 5, 13, 16, 5, 9, 25, 5, 5, 9, 13, 16, 5, 8, 9, 10, 16, 3, 8, 9, 13, 16, 3, 5, 9, 12, 16, 3, 8, 12, 14, 16, 18, 24, 5, 8, 9, 3, 9, 23, 5, 8, 9, 13, 20, 24, 5, 8, 9, 13, 16, 18, 20, 23, 24, 25, 1, 3, 5, 8, 9, 13, 16, 18, 19, 20, 23, 24, 4, 5, 8, 16, 18, 19, 20, 23, 24, 0, 5, 8, 9, 11, 13, 16, 18, 20, 24, 8, 9, 20], "influence_y": [[1, 8, 19]], "weights": [0.7311360283909553, -0.44591316580512397, 0.3807784145383126, -0.7686711001354841, -0.13645514279463716, -0.5692412037388974, 0.34620788559113347, -0.062153412020906254, -0.09584829769591957, -0.17512182677756316, 0.20065438570927507, 0.2536153504701434, -0.19656313834015599, -0.3253262723895621, 0.19874499744301344, 0.2996219916818905, -0.2062368004210881, 0.4175432711637437, -1.3129355733199948, -1.0602852839384602, -0.6674306864138502, -0.11242580448140188, 0.14543803567324248, -0.6427395508839493, 0.1232414122498492, -0.5878806674118414, -0.34410646387832683, 0.22215286014760882, 0.1377788531399696, -0.16575655973210798, 0.08974658181683927, -0.0840617472831996, -0.08776493468164766, -1.5958085385076834, 0.24765446907205788, -0.06214322286519189, 0.21467825931834655, 0.19332567981737747, -0.24763627073290784, 0.20178735957023747, -0.27900409689013383, -0.25797342192691003, 0.1321763494220794, 0.14945085761484656, -0.28978723644877963, 0.2143143315608003, 0.10473897566018908, -0.12842536074684371, -0.25289544726118784, -0.1466290738045707, -0.3338033825520913, -0.21096281535396064, -0.12282798160468605, 0.1308077143174345, -0.18944398525011663, -0.5400000000000011, -0.3337137329348115, 0.20443314300155488, -0.2811089887957493, 0.10764435618061652, -0.1917139165537936, -0.275949211827028, -0.22557979112370433, -0.5399999999999988, -0.17224228527345614, -0.34037550848535847, -0.48343768453661046, 0.2613821195756575, 0.22470888461680702, -0.2846144509477935, -0.4041028109516375, 0.1846334372700159, -0.25541271727677617, -0.2571387384342678, -0.22100914707924452, -0.15343915343915318, -0.5400000000000009, -0.17649019367210766, -0.349238049173139, -0.2812007721647553, -0.35955644018933963, -0.36066592944635506, -0.18882597638578352, -0.22602642587060143, -0.15343915343915374, -0.5400000000000014, -0.1912729148994153, -0.33950947766378775, -0.23506763653169338, -0.386000847735514, -0.24179573155299716, 0.23214426830924417, -0.1815627779125233, -0.2602153453875719, -0.14907279095329892, -0.2218987355174278, -0.5399999999999997, -0.3475131251466581, 0.0957739494259944, 0.08306047521481172, -0.5399999999999993]}