{"from": [0, 0, 1, 2, 2, 2, 3, 3, 4, 4, 5, 5, 6, 6, 6, 7, 7, 7, 7, 7, 8, 8, 9, 9, 9, 9, 10, 10, 10, 10, 11, 11, 11, 11, 11, 12, 12, 12, 12, 13, 13, 14, 14, 14, 14, 14, 14, 15, 15, 15, 15, 16, 16, 17, 17, 17, 17, 18, 18, 18, 18, 18, 18, 19, 19, 19, 19, 19, 19, 19, 20, 20, 20, 21, 21, 21, 21, 21, 21, 21, 21, 21, 22, 22, 22, 22, 22, 22, 22, 22, 22, 22, 23, 23, 23, 23, 23, 23, 23, 23, 23, 23, 24, 24, 24, 24], "to": [1, 25, 25, 0, 1, 4, 5, 13, 0, 25, 4, 25, 1, 3, 4, 1, 3, 13, 16, 25, 5, 25, 5, 8, 16, 25, 3, 5, 8, 9, 5, 8, 9, 10, 25, 3, 8, 9, 20, 16, 25, 5, 9, 12, 16, 19, 20, 12, 13, 20, 24, 5, 25, 3, 9, 23, 25, 3, 5, 9, 19, 20, 24, 3, 8, 9, 16, 20, 24, 25, 1, 9, 24, 3, 5, 8, 9, 18, 19, 20, 23, 24, 1, 5, 8, 9, 18, 19, 20, 23, 24, 25, 3, 5, 9, 11, 13, 18, 19, 20, 24, 25, 1, 8, 16, 25], "influence_y": [[0, 1, 4, 5, 7, 8, 9, 11, 13, 16, 17, 19, 22, 23, 24]], "weights": [0.747637622225256, 0.15139120100855363, 0.1202093624498039, -0.8116282424391088, -0.13232302348200448, -0.22787955081215097, 0.35315359482031644, -0.3969047688980579, -0.1948788901949696, 0.14041228303733017, -0.10188099621011792, 0.18870882704975533, -0.17798840554277173, -0.16206729599118214, 0.23131951754652041, 0.25106149567677344, 0.4121358737226339, -0.10921456561098264, 0.20553411875261862, 0.8905160079458077, 0.3003157318268235, 0.6454668422983686, -1.2891981188491035, -0.5177006401639859, -0.3236679114663018, 0.8915767770626453, 0.20918853860434786, -1.0454552349517714, -0.33020464053559717, -0.7173731544140404, -0.6405585482606064, -0.16724503743817842, -0.6876336894991351, -0.3484848484848474, 0.9728736572829968, 0.2999375947890098, -0.1243089313266944, 0.14188059146062715, -0.0475544390269127, 0.1302928301704743, 0.5297944827514763, 0.2522024918024698, -0.1057247388664928, 0.20951806037801435, 0.1591625886936941, -0.11691844072297872, 0.08898114913029238, -0.3768023679062419, -0.12531242143198593, 0.1625567846991756, -0.2136039760026811, 0.17641149227704828, 0.8781848496859079, -0.5632119304061158, -0.1310104309627658, -0.2523234020713472, 1.1016935912731258, 0.2830648252169588, -0.33730388811127676, 0.10743822037013537, -0.24705593843739648, -0.343325615741614, -0.5389095561448802, 0.3905252668140519, -0.17650744585748634, 0.15831343904416187, -0.1327093828764187, -0.33944813464685236, -0.5457267043151824, -0.4781050066300235, 0.2023491105005829, -0.09194592172864358, -0.5410244469963954, 0.7035288765882928, -0.32692398119928345, -0.21588867812375193, 0.272273199063699, -0.188284518828451, -0.2501385338613541, -0.34095318469787245, -0.15556014725467987, -0.5497707752636632, -0.23169385949113455, -0.3737154278509485, -0.2679069447683417, 0.14557471127264887, -0.18828451882845168, -0.23568886781155138, -0.3538737876732596, -0.1680337617638574, -0.5433596389782727, -0.5207101310096794, 0.3549628797340756, -0.4647307868765154, 0.2422937504156736, -0.1563519813519816, -0.09321341056545407, -0.18828451882845124, -0.24808930849429084, -0.3395333957364129, -0.5486188277813678, -0.2452903455187381, -0.11596030772515556, 0.1570768195034087, 0.09992055734787056, 0.9908744404494668]}