{"from": [0, 0, 0, 1, 2, 2, 2, 2, 3, 6, 6, 7, 7, 7, 7, 8, 8, 9, 9, 10, 10, 10, 10, 11, 11, 11, 11, 11, 12, 12, 12, 12, 12, 13, 13, 13, 14, 14, 14, 15, 15, 15, 15, 15, 16, 16, 16, 16, 17, 17, 18, 18, 18, 18, 18, 19, 19, 19, 19, 19, 19, 20, 21, 21, 21, 21, 21, 21, 21, 21, 21, 21, 21, 22, 22, 22, 22, 22, 22, 22, 22, 22, 22, 22, 23, 23, 23, 23, 23, 23, 23, 23, 23, 23, 23, 24, 24, 24, 24], "to": [1, 4, 25, 25, 0, 1, 4, 25, 5, 1, 13, 1, 13, 14, 16, 5, 9, 5, 25, 5, 9, 13, 16, 5, 8, 9, 10, 16, 3, 8, 9, 13, 16, 3, 16, 25, 12, 16, 19, 3, 12, 14, 18, 24, 5, 8, 9, 25, 13, 23, 9, 13, 19, 20, 24, 8, 13, 16, 20, 24, 25, 1, 3, 8, 9, 13, 16, 18, 19, 20, 23, 24, 25, 1, 8, 13, 14, 16, 18, 19, 20, 23, 24, 25, 5, 8, 9, 11, 13, 16, 18, 19, 20, 24, 25, 1, 8, 20, 25], "influence_y": [[0, 1, 2, 9, 13, 16, 19, 21, 22, 23, 24]], "weights": [0.7188659089059349, -0.45650276082464614, 2.4240210510869957, 1.1745699177771805, -0.7623684638691592, -0.1512505258107147, -0.577178405291578, 0.48059960068167706, 0.32881758675352907, -0.21111692788369574, 0.09973496152221656, 0.2524561524807415, -0.2551986253044397, -0.09958149093830942, 0.24835145518927734, 0.330088924013737, -0.20611344807603088, -1.362516684262596, 1.9274526590348995, -1.0958211597655882, -0.6865476650109104, -0.11357469987818596, 0.1540060502894493, -0.6639228909758602, 0.14541492583480628, -0.5955081812138643, -0.344761904761905, 0.24738094968723393, 0.13553948407552951, -0.19012987840007267, 0.09239654633037775, -0.07164106495065702, -0.08731241067494608, -1.638233788455151, 0.12468066334168393, 2.6039801286600075, 0.2029281707918513, 0.1570196129371696, -0.11564489066377984, -0.24067570485945838, -0.27438540177713167, -0.23081236218646164, 0.15021456791055995, -0.2976654306349417, 0.16878021496863171, 0.08971656399775449, -0.1500371897187759, 1.4685065974743718, 0.13553249879514243, -0.2817976777744568, 0.0753536670858852, -0.19339937061352153, -0.236523633805317, -0.5376884422110569, -0.3210698413573784, -0.2531402452661948, -0.21795508326304888, -0.2206991089764716, -0.5376884422110557, -0.3308829874222672, -1.0119045545054743, 0.2188724050692507, 0.31151277389677046, -0.38960119137613247, 0.15057931011996475, -0.2757753746675221, -0.2439521374732247, -0.19258823898896069, -0.2380486729396552, -0.5376884422110553, -0.14986904383389507, -0.3323024991171886, 1.6672027610409421, -0.23268389287344424, -0.3236074043539147, -0.14885938580480598, 0.13884896466935553, -0.20311450220727775, -0.1952524218915243, -0.2188908967127127, -0.5376884422110564, -0.16177898342285327, -0.3270231499700781, 1.9442920984921703, -0.3429963976624716, -0.20203785406191754, 0.1874313710792732, -0.170908363345338, -0.2638284630371829, -0.13432358388538082, -0.19118779240688621, -0.2367138151561882, -0.5376884422110554, -0.3350776263284355, -0.775416675287895, -0.14987467574406654, 0.13109070860194783, -0.5376884422110548, 1.1983870455438677]}