{"from": [0, 0, 2, 2, 2, 2, 3, 5, 6, 6, 6, 7, 7, 7, 8, 8, 9, 10, 10, 10, 10, 11, 11, 11, 11, 11, 11, 12, 12, 12, 12, 12, 13, 13, 13, 13, 14, 14, 14, 14, 15, 15, 15, 15, 15, 15, 15, 16, 16, 16, 16, 17, 18, 18, 18, 18, 18, 19, 19, 19, 19, 19, 19, 19, 20, 21, 21, 21, 21, 21, 21, 21, 21, 21, 21, 22, 22, 22, 22, 22, 22, 22, 22, 23, 23, 23, 23, 23, 23, 23, 23, 23, 23, 23, 23, 24, 24, 24], "to": [1, 4, 0, 1, 4, 25, 5, 25, 1, 4, 25, 1, 13, 16, 5, 9, 5, 5, 9, 13, 16, 5, 8, 9, 10, 16, 25, 3, 8, 9, 13, 16, 3, 4, 16, 25, 9, 12, 16, 19, 3, 8, 12, 14, 16, 18, 24, 5, 8, 9, 25, 23, 9, 13, 19, 20, 24, 5, 8, 9, 13, 16, 20, 24, 1, 3, 8, 9, 13, 16, 18, 19, 20, 23, 24, 1, 8, 16, 18, 19, 20, 23, 24, 1, 5, 8, 9, 11, 13, 16, 18, 19, 20, 24, 25, 1, 8, 20], "influence_y": [[2, 5, 6, 11, 13, 16, 23]], "weights": [0.7567983601280057, -0.45187276047685654, -0.7485772011896997, -0.13957376088563828, -0.563422427863826, 0.3835913492661542, 0.33175526652036486, 0.346278453901946, -0.1685505614802377, 0.21059229535242716, 0.4305453914739255, 0.2954376737512904, -0.28238318104624394, 0.21748005242238644, 0.37936354877108597, -0.20938057284290454, -1.267884097412939, -1.020363213065193, -0.6702768231246806, -0.10647663649594385, 0.14078978602785888, -0.6217381332667111, 0.14539817226200993, -0.5871834846531836, -0.3481624758220502, 0.24209159942354944, 0.4435233290385553, 0.14527793461421373, -0.18034991986876217, 0.09022786164170879, -0.10165448408168815, -0.0850022948891061, -1.6078180127044277, 0.14605070537233478, 0.12398151609440358, 0.4572123292489246, -0.07497309506002174, 0.20668781017649007, 0.2028726075597337, -0.1173162063549486, -0.34747105781740917, 0.27710892355413025, -0.25497182532300244, -0.2547854000713352, 0.13624064697610866, 0.15611155726980977, -0.30980217280565997, 0.27014078739268677, 0.09475911698221282, -0.1424698990814734, 0.5447020001036316, -0.3263565073671617, 0.08788874627276227, -0.172031046603386, -0.23845616309554715, -0.5527638190954779, -0.3357907821087606, 0.3238958393474179, -0.25731977433543024, 0.06609456442572727, -0.16938788290140955, -0.23680640356778362, -0.5527638190954784, -0.3457844005863614, 0.16898146804787348, 0.23506736786983118, -0.3555237671051691, 0.15515958210801017, -0.2517637432086946, -0.23327365262048652, -0.1826162117733104, -0.2410345412571952, -0.552763819095478, -0.13643681985279205, -0.35366398438600904, -0.2597406116630354, -0.30209210089273897, -0.183825147254693, -0.1916226477696451, -0.22372257360042122, -0.552763819095479, -0.15014174382778653, -0.3357907821087594, -0.11756900611725685, -0.3624199873413757, -0.24310222673800397, 0.18641153946194058, -0.1637647554806072, -0.2470808197394102, -0.15211572038072793, -0.1877198588379011, -0.23832724418746482, -0.5527638190954764, -0.3435358364289023, -0.5132470104167676, -0.16357042507223082, 0.14998294374550453, -0.5527638190954782]}