{"from": [0, 0, 2, 2, 2, 3, 3, 4, 5, 6, 6, 7, 7, 7, 7, 8, 8, 8, 9, 9, 10, 10, 10, 10, 11, 11, 11, 11, 11, 12, 12, 12, 12, 12, 13, 13, 13, 14, 14, 14, 14, 15, 15, 15, 15, 15, 15, 16, 16, 16, 17, 17, 17, 17, 18, 18, 18, 18, 18, 18, 19, 19, 19, 19, 19, 19, 20, 20, 21, 21, 21, 21, 21, 21, 21, 21, 21, 21, 21, 22, 22, 22, 22, 22, 22, 22, 22, 22, 22, 22, 23, 23, 23, 23, 23, 23, 23, 23, 23, 23, 23, 24, 24], "to": [1, 4, 0, 1, 4, 5, 25, 5, 25, 1, 13, 1, 13, 16, 25, 5, 9, 25, 5, 25, 5, 9, 13, 16, 5, 8, 9, 10, 16, 3, 8, 9, 13, 16, 3, 16, 25, 5, 12, 16, 19, 3, 12, 14, 16, 18, 24, 5, 8, 9, 3, 13, 23, 25, 1, 5, 9, 13, 20, 24, 8, 13, 16, 18, 20, 24, 1, 25, 3, 5, 8, 9, 13, 16, 18, 19, 20, 23, 24, 1, 5, 8, 14, 16, 18, 19, 20, 23, 24, 25, 5, 8, 9, 11, 13, 16, 18, 19, 20, 24, 25, 1, 20], "influence_y": [[3, 5, 7, 8, 9, 13, 17, 20, 22, 23]], "weights": [0.7373098874750686, -0.46053694092210323, -0.7494479555781736, -0.14551741729324572, -0.5775576333896868, 0.3505975766443702, 3.897815741630543, -0.07230513912684275, 0.4541560879496682, -0.17300225445387013, 0.07024712905022318, 0.23951484542805743, -0.2986532142922862, 0.17593163709708334, 5.181392627239853, 0.33427416858795367, -0.2001946447527384, 4.093463436987578, -1.201784112132639, 4.3748473157638195, -1.0099463606441799, -0.6736971853401031, -0.0946185733277472, 0.15552155468032575, -0.6123197237967356, 0.1156143297515141, -0.5947553730978193, -0.3409523809523809, 0.23086107259676303, 0.12034636682632471, -0.1904239338339993, 0.08002211397312986, -0.09822290203967207, -0.0945535979745031, -1.6150563163330518, 0.11200044171457413, 2.261721761080613, 0.22137441006558367, 0.1930282330176796, 0.180310985591081, -0.12087986159979355, -0.28410219974502193, -0.3215546329925874, -0.2648129062896656, 0.13129471342471644, 0.1541275025451449, -0.27536707816145967, 0.21894170578507643, 0.13201597610021548, -0.14712478206410506, -0.24105953170796554, 0.17264507536312335, -0.3026660731067898, 1.9868902004462812, 0.14827284315424485, -0.27123536783456426, 0.09042181896165744, -0.20082947829236927, -0.5380710659898482, -0.3186444583488347, -0.268085480888775, -0.162641855148155, -0.2579456564647131, -0.24453036426281907, -0.5380710659898466, -0.3278233609542168, 0.23581072627643976, 1.0272197304705712, 0.2693802992029562, -0.34766464866292746, -0.39647286883066807, 0.16959062715263268, -0.2693586319144597, -0.2509535467305448, -0.24169583548037943, -0.19402986375277267, -0.5380710659898476, -0.15090239159092084, -0.3328875830813236, -0.21000318146265393, -0.38111072677761865, -0.31263960969857374, 0.1423563153373458, -0.20426674103276302, -0.24645695804463244, -0.17171224562694992, -0.5380710659898482, -0.1656878032082068, -0.3243812724771984, 1.098537669106645, -0.4708069693146188, -0.27217622501291466, 0.2002644032672644, -0.17214056495384505, -0.20651801686451937, -0.11946177988891774, -0.24249922663237822, -0.19039474361645245, -0.5380710659898467, -0.33145222942611113, 3.0400147989883965, -0.09813039339279189, -0.5380710659898476]}