{"from": [0, 0, 1, 2, 2, 2, 3, 3, 4, 5, 6, 6, 7, 7, 7, 8, 8, 8, 9, 10, 10, 10, 11, 11, 11, 11, 11, 12, 12, 13, 14, 14, 14, 15, 15, 15, 15, 15, 16, 16, 16, 16, 17, 17, 18, 18, 18, 18, 18, 18, 19, 19, 19, 19, 19, 19, 19, 19, 20, 20, 20, 21, 21, 21, 21, 21, 21, 21, 21, 21, 21, 22, 22, 22, 22, 22, 22, 22, 22, 23, 23, 23, 23, 23, 23, 23, 23, 23, 23, 24, 24, 24], "to": [1, 4, 25, 0, 1, 4, 5, 25, 25, 4, 1, 4, 1, 13, 25, 5, 9, 25, 5, 5, 9, 13, 5, 8, 9, 10, 16, 8, 9, 3, 5, 12, 19, 8, 12, 14, 18, 24, 5, 8, 9, 13, 9, 23, 9, 13, 19, 20, 23, 24, 5, 8, 9, 13, 16, 20, 24, 25, 1, 8, 24, 3, 8, 9, 13, 16, 18, 19, 20, 23, 24, 1, 5, 8, 18, 19, 20, 23, 24, 1, 5, 8, 9, 11, 13, 19, 20, 24, 25, 1, 8, 25], "influence_y": [[1, 3, 4, 7, 8, 19, 23, 24]], "weights": [0.7363876636735536, -0.43638502265018886, 0.5233195510366728, -0.7545312492151722, -0.15527039261446365, -0.5633248502987833, 0.3284327434320054, -0.19243378758020768, 0.2659138222013281, -0.09355018021996131, -0.1943352803166044, 0.16978078566471336, 0.28550417473089484, -0.3397681471370566, 0.6643543302307864, 0.38214387191334526, -0.20781108943382798, 0.40053714996339596, -1.3274921547313985, -1.0210074982618096, -0.6736253490811743, -0.15780059864462465, -0.630027662917431, 0.12464788735525659, -0.5857149588189893, -0.3390151515151517, 0.21312091047137804, -0.1690831374139202, 0.0816615096913707, -1.6282150658531949, 0.24553732409690432, 0.21629376601195532, -0.10341743236299247, 0.21792181285161263, -0.2706700825505268, -0.26574074074074056, 0.14331503786891264, -0.21505936535155695, 0.20223655356356068, 0.09534144836713179, -0.12564208655579848, 0.1351557490178013, -0.13194977244400935, -0.24518906070527408, 0.10285859610543686, -0.19128698842523098, -0.23529533633910538, -0.3466666666666659, -0.18052403348053156, -0.5163481033185182, 0.2393736768801224, -0.22496124570532827, 0.09397667818174384, -0.14025733548795194, -0.25019894256518715, -0.3466666666666663, -0.523437972505934, -0.2921988794986457, 0.20102481880419185, 0.1357459848846442, -0.5204838603445122, 0.2849838783345346, -0.3136221090663444, 0.1913895722775134, -0.21261826201576312, -0.2497531318396233, -0.15683296077385325, -0.23832090463804473, -0.34666666666666607, -0.18426658433293377, -0.5244635510676361, -0.22137560390547184, -0.21050033852650274, -0.2665817740467018, -0.15948501698985876, -0.2222229080909734, -0.34666666666666546, -0.193874863925158, -0.5204838603445106, -0.15391157855236723, -0.28033913971966873, -0.16344023216362055, 0.2077196478638359, -0.1824980574980578, -0.21229821541512695, -0.23632528523138202, -0.3466666666666664, -0.5261235290163188, -0.3895452620237858, -0.18914255144472727, 0.1805585460273422, 0.9341191319800257]}