{"from": [0, 0, 0, 2, 2, 2, 3, 4, 6, 6, 7, 7, 7, 8, 8, 9, 10, 10, 10, 10, 11, 11, 11, 11, 11, 12, 12, 12, 12, 12, 12, 13, 13, 13, 14, 14, 14, 14, 14, 15, 15, 15, 15, 15, 15, 15, 16, 16, 16, 17, 18, 18, 18, 18, 18, 18, 18, 18, 18, 19, 19, 19, 19, 19, 19, 19, 19, 20, 21, 21, 21, 21, 21, 21, 21, 21, 21, 21, 22, 22, 22, 22, 22, 22, 22, 22, 22, 22, 23, 23, 23, 23, 23, 23, 23, 23, 23, 23, 24, 24, 24], "to": [1, 4, 25, 0, 1, 4, 5, 5, 1, 25, 1, 13, 16, 5, 9, 5, 5, 9, 13, 16, 5, 8, 9, 10, 16, 3, 8, 9, 13, 16, 25, 3, 16, 25, 5, 9, 12, 16, 19, 3, 8, 12, 14, 16, 18, 24, 5, 8, 9, 23, 1, 8, 9, 13, 19, 20, 23, 24, 25, 5, 8, 9, 13, 16, 20, 24, 25, 1, 3, 8, 9, 13, 16, 18, 19, 20, 23, 24, 1, 5, 8, 16, 18, 19, 20, 23, 24, 25, 5, 8, 9, 11, 13, 16, 19, 20, 24, 25, 8, 9, 20], "influence_y": [[0, 6, 12, 13, 18, 19, 22, 23]], "weights": [0.7372207069125616, -0.4067319098086259, 1.1421546125077762, -0.767949217083816, -0.13948597837156668, -0.5416309068418009, 0.33913631672625594, -0.07343678230878403, -0.17438793446434203, 0.8673750824651905, 0.24478044493006182, -0.28534296067571435, 0.21414713707752095, 0.35172769692266953, -0.21533134252365174, -1.3176325477159452, -1.0274514804311994, -0.6837591490825058, -0.11425607324276932, 0.13370389646580028, -0.6187558588064341, 0.12745858696278062, -0.5977079158927463, -0.3396946564885489, 0.2196379007315497, 0.1272035805030945, -0.1632754079696573, 0.09162550543613646, -0.08451100267800651, -0.08254373147436236, 0.9380831658737011, -1.6354046279380432, 0.12163544782683781, 0.5761190449655158, 0.2642485295973785, -0.07013137977228093, 0.20308236348413222, 0.17056601553954243, -0.11655732810075159, -0.26764487244113666, 0.2153593393075995, -0.3130548654006929, -0.22825298081907813, 0.13834777174006657, 0.13789298101079212, -0.293199221710213, 0.2120219958455035, 0.11582791885802955, -0.13355724011775033, -0.21082018193371227, 0.17985735123490038, -0.11840716797077869, 0.11638664891172594, -0.1912798921297279, -0.22941481745831788, -0.5487179487179498, -0.17979945898045632, -0.3336518763704504, 0.7024030724253152, 0.3007503249159423, -0.3017449408761901, 0.09300981456983376, -0.20954794836759014, -0.25315528495620465, -0.5487179487179482, -0.34364730438330043, -0.8758237634788644, 0.2747621668723295, 0.248689411612741, -0.4227178060583094, 0.18460915233228453, -0.26811109574237607, -0.2723851072594267, -0.15105549283454942, -0.23445066145131238, -0.5487179487179501, -0.1821086455574175, -0.3488173533554632, -0.1643838268327742, -0.23212235906113693, -0.3449446876195427, -0.203437961284536, -0.15568074329478546, -0.2148295689152295, -0.5487179487179493, -0.19017136097933318, -0.33898277131063725, -0.818138751899072, -0.3085340214190623, -0.2511881680451599, 0.2237251985908349, -0.1871756269561426, -0.2351941187839477, -0.14473130138707943, -0.2323008470597172, -0.5487179487179499, -0.3472890494732528, -0.9029287402863563, 0.09952773643246682, 0.08733768607246356, -0.5487179487179484]}