{"from": [0, 0, 0, 2, 2, 2, 3, 4, 5, 6, 6, 6, 7, 7, 7, 7, 8, 8, 9, 10, 10, 10, 10, 11, 11, 11, 11, 11, 12, 12, 12, 12, 13, 13, 14, 14, 14, 14, 14, 15, 15, 15, 15, 15, 15, 16, 16, 16, 17, 17, 17, 18, 18, 18, 18, 18, 18, 19, 19, 19, 19, 19, 19, 19, 19, 19, 19, 20, 21, 21, 21, 21, 21, 21, 21, 21, 21, 21, 21, 22, 22, 22, 22, 22, 22, 22, 22, 22, 22, 23, 23, 23, 23, 23, 23, 23, 23, 23, 24, 24], "to": [1, 4, 25, 0, 1, 4, 5, 5, 25, 1, 4, 25, 1, 13, 16, 25, 5, 9, 5, 5, 9, 13, 16, 5, 8, 9, 10, 16, 3, 8, 9, 16, 3, 16, 5, 9, 12, 16, 25, 3, 8, 12, 14, 18, 24, 5, 8, 9, 3, 9, 23, 5, 8, 9, 13, 20, 24, 5, 8, 9, 13, 16, 18, 20, 23, 24, 25, 1, 3, 5, 8, 9, 13, 16, 18, 19, 20, 23, 24, 1, 5, 8, 16, 18, 19, 20, 23, 24, 25, 5, 8, 9, 11, 13, 16, 18, 20, 24, 20, 25], "influence_y": [[0, 5, 6, 7, 14, 19, 22, 24]], "weights": [0.7617198391689635, -0.4185513500256579, 0.7251238118755858, -0.758857753875061, -0.1312609492278491, -0.548817619132062, 0.3463408041288052, -0.06627666985384238, 0.18479777290865118, -0.15835989244204196, 0.22173014358495752, 0.4638094286099868, 0.2913985325299771, -0.27086648847103817, 0.22134219472103592, 0.8604082220723113, 0.34377270840682844, -0.20347316720231207, -1.2200349081405175, -1.0072298783561515, -0.6842743420958738, -0.10511624999705317, 0.1518554935801218, -0.5827477059725664, 0.13154521970164879, -0.594307524629446, -0.3383742911153115, 0.23796434834070357, 0.14702574635111243, -0.18975109845200858, 0.11603698410083262, -0.0885935268387549, -1.6199372708786117, 0.12919774163338676, 0.25229215435080427, -0.07560802138738977, 0.22335305447536727, 0.15932372089409452, 0.8550372984382903, -0.3021771228306298, 0.20867046965523806, -0.2743580227159416, -0.25487264673311166, 0.14966719021110003, -0.2681712072572289, 0.2151873371571241, 0.10000999860487775, -0.1108519663521713, -0.25432984771341943, -0.13784876615293068, -0.2613708352512058, -0.3057836867374367, -0.15115991769974313, 0.11326722649998608, -0.1894953281031526, -0.5435897435897441, -0.33033922643163444, 0.1838314028606792, -0.34759867006129597, 0.09791410290716483, -0.16783288803524893, -0.2427404681389192, -0.2372604527490495, -0.5435897435897431, -0.18618777834782774, -0.3395865094405047, -0.538038437679794, 0.19661349648639526, 0.2558046862456179, -0.28373773187526985, -0.43119579049193807, 0.18614127601452796, -0.23805533651387775, -0.24826909689006493, -0.23454416980510795, -0.15425531914893548, -0.5435897435897439, -0.1833416349512627, -0.34445350049780343, -0.19398926954573104, -0.31598586288077185, -0.34737572712197207, -0.1825574271663732, -0.23954317514616824, -0.15425531914893578, -0.5435897435897442, -0.19427617731669727, -0.33549636503273544, -0.8042512011928713, -0.4209876191557111, -0.28258261935788387, 0.19361374916745666, -0.1665293633046957, -0.24649635067929992, -0.1428794835432868, -0.23554014021788555, -0.5435897435897439, -0.3426689371101267, -0.5435897435897447, 0.8672167740413042]}