{"from": [0, 0, 0, 1, 2, 2, 2, 3, 4, 4, 4, 5, 5, 5, 6, 6, 6, 6, 7, 7, 7, 7, 9, 9, 9, 10, 10, 10, 10, 10, 10, 11, 11, 11, 11, 11, 11, 12, 12, 12, 12, 12, 13, 13, 13, 13, 14, 14, 14, 14, 14, 15, 15, 15, 15, 15, 15, 15, 16, 16, 17, 17, 17, 18, 18, 18, 18, 18, 19, 19, 19, 19, 19, 19, 19, 19, 20, 20, 20, 21, 21, 21, 21, 21, 21, 21, 21, 21, 21, 21, 22, 22, 22, 22, 22, 22, 22, 22, 22, 22, 23, 23, 23, 23, 23, 23, 23, 24, 24, 24], "to": [1, 4, 5, 8, 0, 1, 4, 25, 5, 9, 25, 3, 8, 25, 1, 4, 23, 25, 1, 5, 13, 16, 3, 5, 8, 3, 5, 8, 9, 13, 16, 5, 9, 10, 16, 23, 25, 3, 8, 9, 16, 25, 3, 5, 16, 25, 5, 9, 12, 16, 23, 3, 8, 12, 14, 16, 18, 24, 5, 9, 3, 9, 23, 5, 9, 20, 23, 24, 5, 8, 9, 16, 18, 20, 23, 24, 1, 13, 24, 3, 5, 8, 9, 13, 16, 18, 19, 20, 23, 24, 1, 5, 8, 9, 16, 18, 19, 20, 23, 24, 1, 5, 9, 13, 16, 20, 24, 1, 8, 9], "influence_y": [[3, 4, 5, 6, 11, 12, 13]], "weights": [0.7619355548446263, -0.4144449861095432, -0.05276478672794466, 0.02132776529308647, -0.7693105976149559, -0.12977554925565574, -0.5493759907197349, 3.442181536118084, -0.0979578885416908, 0.031657516985594956, 0.3970704101721686, 0.16104845678539315, 0.1224888282826101, 2.1104778465038554, -0.16056323672747416, 0.22179731099171424, 0.04341788810585407, 2.105657695158563, 0.28398777111519224, -0.16961979202405153, -0.30559358468201275, 0.19142979487935383, 0.25698105286406103, -1.35396665068127, -0.28885169011865763, 0.20395112921456526, -1.068763262104239, -0.18143988919898846, -0.680693682494816, -0.10202722519178874, 0.1713729987975713, -0.635499315636753, -0.6332977331318169, -0.34225621414913915, 0.25830037548842394, -0.1222134465283699, 1.6180178602450916, 0.14353437816951262, -0.13759204976488099, 0.13152925451546676, -0.10460328954276421, 1.4226735016337877, -1.5142016725463083, -0.6385819737920717, 0.1222260804205589, 2.6537651450268953, 0.2151015455267093, -0.07228109686827387, 0.2374862149343887, 0.1800666199807922, -0.0818095781906624, -0.2204516620872602, 0.19910981926805812, -0.31964616051320843, -0.23291861067910874, 0.13764892509852586, 0.1435764012888989, -0.2254869059174166, 0.2319932241740091, -0.13586802104439127, -0.3074142905390928, -0.14835735295916358, -0.3005307034880534, -0.2528338766598156, 0.16097215993754743, -0.34883720930232487, -0.23394751146706821, -0.5224092321700067, 0.14851727301512146, -0.21648906983645894, 0.18493961808409534, -0.2552302906221948, -0.18055803337048584, -0.34883720930232615, -0.23852555592669147, -0.5301846427188839, 0.14232758748581248, 0.17570643910651448, -0.5288517151962178, 0.2905876956151948, -0.353332850582202, -0.21786224193922654, 0.3088136638243276, -0.16795350036426787, -0.2656271894836273, -0.17781735083356762, -0.1545293072824165, -0.34883720930232626, -0.24581165847206105, -0.534488887844154, -0.2412952166775234, -0.43294222548030603, -0.2048242297565281, 0.16281066239056047, -0.20892799425536934, -0.1828501215136687, -0.15452930728241548, -0.34883720930232764, -0.24386096191791573, -0.5265849156129231, -0.1598288818503074, -0.5206413452800596, 0.28725226426508754, -0.14763054267157041, -0.14262448778363912, -0.3488372093023251, -0.5324308724330026, -0.15026179514850677, 0.13757231264725825, 0.09648724233055693]}