{"from": [0, 0, 0, 1, 2, 2, 2, 2, 3, 4, 6, 6, 6, 6, 6, 7, 7, 7, 8, 8, 8, 9, 10, 10, 10, 10, 11, 11, 11, 11, 11, 11, 12, 12, 12, 12, 13, 13, 14, 14, 14, 14, 14, 15, 15, 15, 15, 15, 16, 16, 16, 16, 17, 18, 18, 18, 18, 18, 18, 19, 19, 19, 19, 19, 19, 19, 20, 20, 20, 20, 21, 21, 21, 21, 21, 21, 21, 21, 21, 22, 22, 22, 22, 22, 22, 22, 22, 22, 23, 23, 23, 23, 23, 23, 23, 24, 24], "to": [1, 4, 25, 25, 0, 1, 4, 25, 5, 5, 1, 4, 13, 23, 25, 1, 13, 16, 5, 9, 25, 5, 5, 9, 13, 16, 5, 8, 9, 10, 16, 23, 8, 9, 13, 16, 3, 16, 9, 12, 16, 19, 23, 8, 12, 14, 18, 24, 5, 8, 9, 25, 23, 9, 13, 19, 20, 23, 24, 8, 9, 13, 16, 20, 23, 24, 1, 8, 13, 24, 8, 9, 13, 16, 18, 19, 20, 23, 24, 1, 8, 16, 18, 19, 20, 23, 24, 25, 5, 8, 9, 13, 16, 20, 24, 1, 8], "influence_y": [[0, 1, 2, 6, 8, 16, 22]], "weights": [0.7437100823263957, -0.4235043142990765, 0.8007855053487998, 0.6015941084993244, -0.7523422527213794, -0.14135241074012245, -0.557229284071439, 0.8386628582182564, 0.3333138446274073, -0.07481352139215891, -0.19020112104686218, 0.1979786718752514, 0.08793363164503809, 0.054974716442664134, 0.46279432703008216, 0.24179662144118838, -0.2891277047395765, 0.20277763493510925, 0.4153155189001014, -0.19302068830539204, 0.6964233875773339, -1.2541782537728798, -1.0278633080366397, -0.68994258697151, -0.09071089246859697, 0.14505993552392632, -0.6777140144666602, 0.12791213923585035, -0.6136299924537765, -0.3529411764705887, 0.23526296318935003, -0.12109848662790683, -0.16975028640384404, 0.07918360339398155, -0.09214554337752266, -0.08596701414304936, -1.6489762241970203, 0.13159473911864233, -0.07270882491245889, 0.2294389086883089, 0.1800547669824208, -0.11733920916522447, -0.08338218339936135, 0.28779442338994154, -0.24724222367687299, -0.29015574842468095, 0.1336450563714508, -0.21470699195611684, 0.23373074564577723, 0.11137659469935383, -0.125486002132354, 0.8440986198518672, -0.31014115166356765, 0.09243382759742805, -0.15085818572109302, -0.2006935471426216, -0.34459459459459385, -0.23443485038001793, -0.5360520727454343, -0.1913377051844741, 0.0910638996661005, -0.12010396787536527, -0.25183671185318834, -0.3445945945945945, -0.24808393389582725, -0.5428322935440506, 0.18601438864132883, 0.14615941078979794, 0.10340939695506723, -0.5423669842735559, -0.3372591599707717, 0.17166842229382873, -0.2310594663403913, -0.24220898513698785, -0.14982705714291716, -0.20404472814693356, -0.34459459459459607, -0.24828752143171257, -0.547352440743125, -0.22211316639352316, -0.28321656419496083, -0.21614802972656624, -0.15413355734822665, -0.1832068306367462, -0.34459459459459363, -0.25028647779816965, -0.5404338480914772, -0.555808539267497, -0.382551088180505, -0.15828361553022544, 0.21488607025751297, -0.24963617929487628, -0.0983753502276456, -0.34459459459459457, -0.5408233392333488, -0.14458340259412214, 0.17466262620658152]}