{"from": [0, 1, 2, 2, 2, 3, 4, 4, 6, 6, 7, 7, 7, 8, 8, 9, 9, 10, 10, 10, 10, 11, 11, 11, 11, 11, 11, 12, 12, 12, 12, 13, 13, 13, 14, 14, 14, 14, 14, 15, 15, 15, 15, 15, 15, 15, 16, 16, 16, 17, 17, 17, 18, 18, 18, 18, 18, 18, 18, 19, 19, 19, 19, 19, 19, 19, 20, 20, 20, 21, 21, 21, 21, 21, 21, 21, 21, 21, 21, 21, 22, 22, 22, 22, 22, 22, 22, 22, 22, 22, 23, 23, 23, 23, 23, 23, 23, 23, 23, 23, 24, 24], "to": [1, 25, 0, 1, 4, 5, 0, 25, 1, 25, 1, 13, 16, 5, 9, 5, 25, 5, 9, 13, 16, 5, 8, 9, 10, 16, 25, 3, 8, 9, 16, 3, 16, 25, 5, 12, 16, 19, 23, 3, 8, 12, 16, 18, 24, 25, 5, 8, 9, 3, 8, 23, 5, 9, 13, 19, 20, 23, 24, 5, 8, 9, 16, 20, 24, 25, 1, 13, 24, 3, 5, 8, 9, 13, 16, 18, 19, 20, 23, 24, 1, 5, 8, 16, 18, 19, 20, 23, 24, 25, 0, 5, 8, 9, 11, 13, 16, 19, 20, 24, 1, 25], "influence_y": [[1, 4, 6, 9, 11, 13, 15, 19, 22, 24]], "weights": [0.7425329121126847, 0.7377317457318885, -0.8209560341499715, -0.14509535114522162, -0.22318248393735934, 0.34394167231111383, -0.20840278337250207, 0.3352465945008014, -0.19099808126327375, 0.8932974778951343, 0.2921888831065452, -0.28428690321620886, 0.14867620034812148, 0.33120236133980496, -0.2100957068912642, -1.290670055062944, 0.7316744412344336, -0.9781357827905429, -0.6705932627758626, -0.10801479716991855, 0.14023995720275137, -0.6234118244576885, 0.14163579061867868, -0.5801274572899144, -0.33773584905660387, 0.22812759232753305, 1.4004154496779058, 0.1412848555057119, -0.15860616351050424, 0.09738609241190921, -0.08653937099330322, -1.62424147961201, 0.12895616560340062, 2.733571445232034, 0.23080957935467092, 0.18529508737223865, 0.1822404511527983, -0.12729098023166274, -0.06989427049870689, -0.2816219910664157, 0.17274494444416422, -0.28562931931757174, 0.13249467862512096, 0.14003124942590867, -0.21582112034902182, 1.2724625890429935, 0.17545400821816085, 0.11306323282660384, -0.14440721154129826, -0.22601267730244382, 0.2095877495596995, -0.29431233134212903, -0.2376148069461958, 0.10435579690696167, -0.10538094464619306, -0.24330627371327035, -0.3421926910298998, -0.1732895326294886, -0.5200934561369357, 0.16919551818866274, -0.29594251334530886, 0.1005763359055625, -0.23359680360780405, -0.34219269102990024, -0.5246370586705994, -1.1344256279559637, 0.1966778409096291, 0.16401178982413087, -0.5263795081859377, 0.25443844106509084, -0.2641436580668026, -0.41159176759698646, 0.17945477702921747, -0.17959895393856934, -0.26629492729895016, -0.15562063366524917, -0.247292152892244, -0.3421926910299007, -0.1742890003669535, -0.5318655172468829, -0.24755652793976024, -0.3446804367218145, -0.319622703200514, -0.23682611765465833, -0.16027931353009867, -0.2263642354460326, -0.3421926910299011, -0.18249440398793576, -0.5246853948677671, -1.3001436104332824, -0.20230626971089824, -0.38298788416042034, -0.2210486021415306, 0.22321434343178842, -0.16240496198479376, -0.16331632449386718, -0.11815443672606907, -0.2483812735787166, -0.342192691029901, -0.5302497441533615, -0.1777412299120527, 1.8574236943776001]}