{"from": [0, 0, 2, 2, 2, 2, 3, 3, 3, 4, 5, 5, 6, 6, 6, 6, 7, 7, 7, 7, 8, 8, 8, 8, 9, 10, 10, 10, 10, 11, 11, 11, 11, 11, 12, 12, 12, 12, 12, 13, 13, 13, 13, 14, 14, 14, 14, 14, 14, 15, 15, 15, 15, 15, 15, 16, 16, 16, 16, 17, 17, 17, 17, 18, 18, 18, 18, 18, 18, 18, 18, 19, 19, 19, 19, 19, 19, 19, 19, 20, 20, 20, 21, 21, 21, 21, 21, 21, 21, 21, 21, 21, 21, 21, 22, 22, 22, 22, 22, 22, 22, 22, 22, 22, 22, 23, 23, 23, 23, 23, 23, 23, 23, 23, 23, 23, 24, 24], "to": [1, 4, 0, 1, 4, 25, 5, 8, 25, 25, 4, 25, 1, 4, 13, 25, 1, 13, 14, 16, 5, 9, 24, 25, 5, 5, 9, 13, 16, 5, 8, 9, 10, 16, 3, 8, 9, 16, 25, 3, 16, 20, 25, 5, 9, 12, 16, 19, 25, 3, 8, 12, 14, 16, 24, 5, 8, 9, 25, 3, 8, 9, 23, 5, 8, 9, 13, 19, 20, 24, 25, 5, 8, 9, 10, 13, 16, 20, 24, 1, 24, 25, 3, 5, 8, 9, 13, 16, 18, 19, 20, 23, 24, 25, 5, 8, 9, 14, 16, 18, 19, 20, 23, 24, 25, 5, 8, 9, 11, 13, 16, 18, 19, 20, 24, 25, 9, 25], "influence_y": [[2, 3, 4, 5, 6, 8, 12, 13, 14, 16, 18, 20, 21, 22, 23, 24]], "weights": [0.7612825953888573, -0.42371691879240125, -0.7643351168031343, -0.12320673270892002, -0.5432573126674288, 4.554466558667488, 0.37495592379658566, 0.03350561337178509, 2.12358883659938, 0.7717052026716621, -0.10305113000973459, 2.2564664009388817, -0.1982425433614527, 0.18628455592172788, 0.09048560997997677, 3.707789548662501, 0.26086932012870945, -0.27064888512842733, -0.11705336039168539, 0.18775094508371679, 0.32305672293091564, -0.20019938613659566, 0.049559840455264514, 2.4574206864526764, -1.261509332134256, -1.0535340572300795, -0.6773114582937971, -0.1406918205323568, 0.13506220638069494, -0.5629645537583114, 0.1354627221237339, -0.5909153299699982, -0.35568283018968566, 0.248321184205097, 0.12078382910614704, -0.18559646514670491, 0.08864314417754135, -0.07697917866088878, 4.081189170130369, -1.587567367611061, 0.11327499938191307, 0.06365026079293151, 4.9808371754220175, 0.2905752519157583, -0.06664608963311651, 0.206166333515052, 0.18465763457825068, -0.12626911710348718, 4.727543399960972, -0.23957495420545039, 0.17616397241786827, -0.3483796716942276, -0.24314222977785252, 0.1655522680998381, -0.18742726310931104, 0.19261074077219337, 0.12398785206426295, -0.11194135108407943, 1.315560126105371, -0.3460812118779709, 0.2019470212811103, -0.11701545792286684, -0.2446426807885247, -0.24665990589797177, -0.18708650188000134, 0.1526011056617324, -0.18594215411684825, -0.23452514520339357, -0.33588966690511673, -0.5299579744644635, 3.001659769437935, 0.1327842141536853, -0.3384112570496507, 0.1332786307697738, -0.1369586606300091, -0.18106181753657144, -0.23213336562373318, -0.3387503527834512, -0.5273661131391119, 0.264498618592889, -0.544728700614808, 2.082907676141865, 0.21535352247621065, -0.28826419849059093, -0.4622395485169116, 0.22390031429137533, -0.21875129550597341, -0.2374987794013685, -0.18619246861924765, -0.23640866361039964, -0.3356677171386945, -0.1535442425003663, -0.5251455297380543, 2.9690793490881706, -0.3243004275658061, -0.349523704536486, 0.11238304544628408, 0.15315996440737392, -0.18465432001533655, -0.1861924686192478, -0.21263182174879086, -0.34117632659203984, -0.16429594922873206, -0.5245377672200231, -1.3612313593891276, -0.4310612062481616, -0.27244122059385556, 0.2564495800268014, -0.15880908046432404, -0.23296486185808535, -0.12205191721330814, -0.1861924686192473, -0.2340797223967837, -0.33444269207130967, -0.5320774712299443, 2.152432737341636, 0.10889939194458076, 2.701043229941474]}