{"from": [0, 0, 0, 0, 1, 1, 2, 2, 2, 2, 3, 4, 4, 6, 6, 7, 7, 7, 8, 9, 9, 10, 10, 10, 10, 10, 11, 11, 11, 11, 11, 12, 12, 12, 12, 12, 13, 13, 13, 13, 14, 14, 14, 14, 14, 14, 14, 15, 15, 15, 15, 15, 15, 15, 16, 16, 17, 17, 17, 18, 18, 18, 18, 18, 18, 18, 19, 19, 19, 19, 19, 19, 19, 20, 21, 21, 21, 21, 21, 21, 21, 21, 21, 21, 21, 21, 22, 22, 22, 22, 22, 22, 22, 22, 22, 22, 22, 23, 23, 23, 23, 23, 23, 23, 23, 23, 24, 24], "to": [1, 2, 4, 24, 8, 24, 1, 4, 24, 25, 5, 5, 8, 1, 4, 1, 13, 16, 5, 5, 8, 5, 8, 9, 13, 16, 5, 8, 9, 10, 16, 3, 8, 9, 13, 16, 3, 4, 16, 24, 1, 5, 9, 12, 16, 19, 24, 3, 8, 12, 14, 16, 18, 24, 5, 9, 5, 9, 23, 5, 9, 13, 19, 20, 23, 24, 5, 8, 9, 13, 16, 20, 24, 8, 3, 5, 8, 9, 13, 16, 18, 19, 20, 23, 24, 25, 1, 5, 8, 9, 14, 16, 18, 19, 20, 23, 24, 1, 5, 9, 11, 13, 16, 19, 20, 24, 8, 20], "influence_y": [[2, 21]], "weights": [0.7504790821016853, -0.7510609745742103, -0.42896174174411106, 0.06538072548432083, 0.018888240535603625, -0.09395094262714755, -0.13464062237469762, -0.5585809377459678, -0.03526317019679581, 0.2842457416312247, 0.35828641749769874, -0.056801142838643126, -0.040184131345680635, -0.17264709341640536, 0.217765549235315, 0.23488968042456768, -0.2723479059942446, 0.1746952150374792, 0.33853281598762447, -1.1681478190705437, -0.4963733486984731, -0.9652203686042758, -0.33709582886523354, -0.6795018743330157, -0.11702698512452789, 0.14899763816533096, -0.5609191916992391, -0.16294819431326465, -0.6262754938644846, -0.34914611005692636, 0.22282445854704422, 0.13338329963266812, -0.10627535343578962, 0.12849270329327583, -0.09801247236923591, -0.10389453989141312, -1.6333815176792599, 0.1298850533867218, 0.11315519497788278, -0.06544832488460646, 0.12422917687573126, 0.264215242510068, -0.09679641811311049, 0.22637547666438582, 0.16334111827341102, -0.11652453443827782, -0.0772802495668089, -0.30065907102484085, 0.19440790957372475, -0.3583962497196092, -0.2355920344772857, 0.15380736873879083, 0.14288148624224958, -0.30323105424097185, 0.2267362956690321, -0.152134477474505, 0.3027841408185137, -0.14658045428034944, -0.26903918893379797, -0.19454374486092973, 0.12071287983954593, -0.17788927270475466, -0.23418951804169658, -0.5520833333333337, -0.17930627437966437, -0.3498485842495749, 0.19537254980505137, -0.14332498833345197, 0.1542292953697925, -0.1607553638887398, -0.25910647858266306, -0.552083333333332, -0.3708991396062701, 0.10720253796694729, 0.28804473175759404, -0.2540386859808289, -0.21224235686998513, 0.25907324747260285, -0.24270824803199553, -0.27767732696738334, -0.15826410962727164, -0.23910051374599045, -0.5520833333333339, -0.18260483914820214, -0.38165749363099616, -0.8904966258780332, -0.2643966483701964, -0.36235855477750606, -0.23037122280041372, 0.1459427882588118, 0.13349952670166834, -0.19102632971708067, -0.16285293356000174, -0.21743435622704102, -0.5520833333333336, -0.19442873859424414, -0.37430274805437147, -0.1506992946709359, -0.4021172306619901, 0.24934790937923146, -0.18314307010317352, -0.2242199088709954, -0.14756991799510663, -0.23642178881637438, -0.5520833333333302, -0.38835581401365815, 0.19165598833767655, -0.5520833333333336]}