{"from": [0, 0, 0, 0, 1, 2, 2, 2, 2, 3, 4, 4, 6, 7, 7, 7, 8, 8, 8, 9, 10, 10, 10, 11, 11, 11, 11, 11, 12, 12, 12, 13, 13, 14, 14, 14, 14, 14, 15, 15, 15, 15, 16, 16, 16, 17, 18, 18, 18, 18, 19, 19, 19, 19, 19, 19, 19, 20, 21, 21, 21, 21, 21, 21, 21, 21, 22, 22, 22, 22, 22, 22, 22, 22, 22, 22, 23, 23, 23, 23, 23, 23, 23, 23, 23, 23, 23], "to": [1, 4, 20, 25, 20, 0, 1, 4, 25, 5, 5, 25, 1, 1, 13, 16, 5, 9, 25, 5, 5, 9, 16, 5, 8, 9, 10, 16, 8, 9, 16, 3, 16, 5, 12, 16, 19, 20, 12, 14, 20, 24, 5, 8, 9, 23, 9, 19, 20, 24, 5, 8, 9, 16, 20, 24, 25, 24, 8, 9, 16, 18, 19, 20, 23, 24, 1, 5, 8, 14, 16, 18, 19, 20, 23, 24, 5, 8, 9, 11, 13, 16, 18, 19, 20, 24, 25], "influence_y": [[0, 2, 4, 8, 19, 23]], "weights": [0.7151578937991573, -0.43887523855273275, -0.08999064543747053, 0.5764092212095278, 0.09665087201292293, -0.756574686014301, -0.168749570903313, -0.5729526598461502, 0.3642744960429195, 0.3233878955341246, -0.07031864482614311, -0.17374637074184768, -0.18491314023104238, 0.2640844018542641, -0.30661260946742835, 0.1838434500433378, 0.35575053559612096, -0.1982399858730814, 0.4021492800776942, -1.298022877596798, -1.0382762466655957, -0.66539478361153, 0.13245126284922226, -0.633688332008585, 0.12360671029581322, -0.5852844840756698, -0.34541984732824427, 0.22995292593937133, -0.1841587238013208, 0.08539519736235951, -0.10224742706660432, -1.6450924443080948, 0.11101921963501393, 0.2818276270763828, 0.15687682307126807, 0.18306035992822323, -0.11834423208341363, 0.08222453771206434, -0.2986575622942966, -0.2737382941583333, 0.15833611663259095, -0.2372440393445221, 0.24637612296224048, 0.1351313971838963, -0.1343382180324176, -0.3180694296408303, 0.11572942200254532, -0.24604348069307763, -0.3489150025674594, -0.528663795831596, 0.2984901546254257, -0.2852001958318003, 0.10710301886530976, -0.24936899294044085, -0.33153014030484285, -0.5337115413495646, -0.5832956562034848, -0.5354421969557255, -0.4348820384751451, 0.19603160614193899, -0.24807674328853435, -0.18275154004106808, -0.24264249044521957, -0.3365211336573883, -0.15082566034713882, -0.5423509519476273, -0.26282276814718, -0.22982499400173667, -0.33354990041032223, 0.16697223533544905, -0.1965786456692871, -0.182751540041067, -0.22020910579204464, -0.33424400774784285, -0.16455707214481938, -0.5335055109202598, -0.28705437602394085, -0.22285429932898226, 0.22747316155366537, -0.15914365746298542, -0.17727884051004972, -0.1384126954649274, -0.18275154004106844, -0.24427574794682272, -0.3276095655957143, -0.5370371148672858, -0.5411720454319885]}