{"from": [0, 0, 0, 2, 2, 2, 3, 4, 5, 6, 6, 6, 7, 7, 7, 7, 8, 8, 8, 9, 10, 10, 10, 10, 11, 11, 11, 11, 11, 11, 12, 12, 12, 12, 12, 13, 13, 14, 14, 14, 14, 15, 15, 15, 15, 15, 15, 15, 15, 16, 16, 16, 16, 17, 17, 18, 18, 18, 18, 18, 18, 19, 19, 19, 19, 19, 19, 19, 20, 21, 21, 21, 21, 21, 21, 21, 21, 21, 21, 21, 22, 22, 22, 22, 22, 22, 22, 22, 22, 23, 23, 23, 23, 23, 23, 23, 23, 23, 23, 23, 24, 24, 24], "to": [1, 4, 25, 0, 1, 4, 5, 25, 4, 1, 4, 25, 1, 13, 16, 25, 5, 9, 25, 5, 5, 9, 16, 25, 5, 8, 9, 10, 16, 25, 3, 8, 9, 16, 25, 3, 16, 5, 12, 16, 19, 3, 8, 12, 14, 16, 18, 24, 25, 5, 8, 9, 25, 3, 23, 5, 8, 9, 20, 24, 25, 5, 8, 16, 18, 20, 24, 25, 1, 3, 8, 9, 13, 16, 18, 19, 20, 23, 24, 25, 1, 5, 8, 16, 18, 19, 20, 23, 24, 5, 8, 9, 11, 13, 16, 18, 19, 20, 24, 25, 1, 8, 20], "influence_y": [[0, 4, 6, 7, 8, 10, 11, 12, 15, 16, 18, 19, 21, 23]], "weights": [0.7530978108189337, -0.4259162289448496, 0.6976356186677202, -0.7554003796347979, -0.14435567369784694, -0.5458826525109179, 0.34436201834989166, 1.8746561768593273, -0.09845929211829574, -0.19280984892051034, 0.19308140324084141, 1.8804820467375865, 0.22887040578721404, -0.3266441304871016, 0.19221461069960633, 0.8387748078740735, 0.37927808914846206, -0.2251636887751279, 1.242405222220935, -1.28401592542984, -1.0274629304012048, -0.6711269100565106, 0.14928800788094532, -0.7779693752790334, -0.5645226709039448, 0.12277689462465118, -0.5741066770190922, -0.3346007604562732, 0.23448310256792243, -0.7081603832607363, 0.13618407739726146, -0.14288665127035366, 0.08318550327818953, -0.08121909928179177, 1.6067812453901853, -1.6174760613811987, 0.10789120846184305, 0.23564542427158647, 0.1971537070963197, 0.1619213733254718, -0.10969125279254055, -0.29161328678488285, 0.2124504979286032, -0.3149577752069489, -0.27582846003898653, 0.12930169795922414, 0.16107759893141999, -0.2997674656234506, 1.6275223133144867, 0.20046613948471942, 0.09681811184833276, -0.15557708282416194, 0.5527628155672888, -0.313110372146441, -0.31798397503663584, -0.2214716396504376, -0.11847597932249829, 0.0936263588248939, -0.5510204081632641, -0.3331264424462841, -1.2074223009455112, 0.25153659273955015, -0.3400299865356243, -0.252496761191302, -0.23350018081447743, -0.5510204081632653, -0.343230963759434, -1.0847854927724228, 0.21798972004153505, 0.3003782742015333, -0.42423486342406946, 0.14528594363953398, -0.2027065151676081, -0.2734977428771341, -0.2330723955670596, -0.19060563576089232, -0.5510204081632641, -0.14986038305349225, -0.34402707755986367, -1.1731208076823254, -0.23567461357899797, -0.2577371448680354, -0.35034880894266246, -0.20891170909803508, -0.23583211666763243, -0.1731547546348062, -0.5510204081632641, -0.1627576351878448, -0.3388912014005805, -0.3292894475148811, -0.2689610109653922, 0.19882126058541016, -0.16796022313849152, -0.19492058668911066, -0.1273798925329346, -0.2331769914105219, -0.19013078185269955, -0.5510204081632665, -0.34383242336140707, 1.26796721358462, -0.14505298707015873, 0.1109864987900245, -0.5510204081632656]}