{"from": [0, 0, 0, 0, 2, 2, 3, 4, 5, 6, 6, 6, 7, 7, 7, 8, 8, 8, 9, 10, 10, 10, 10, 11, 11, 11, 11, 11, 11, 12, 12, 12, 12, 12, 12, 13, 13, 13, 13, 14, 14, 14, 14, 14, 14, 15, 15, 15, 15, 15, 15, 15, 15, 16, 16, 16, 16, 17, 17, 18, 18, 18, 18, 18, 18, 19, 19, 19, 19, 19, 19, 19, 20, 20, 20, 20, 21, 21, 21, 21, 21, 21, 21, 21, 21, 21, 22, 22, 22, 22, 22, 22, 22, 22, 22, 22, 22, 23, 23, 23, 23, 23, 23, 23, 24], "to": [1, 2, 4, 25, 1, 4, 5, 25, 25, 1, 23, 25, 1, 13, 16, 5, 9, 25, 5, 5, 9, 13, 16, 5, 8, 9, 10, 16, 23, 3, 8, 9, 13, 16, 25, 3, 16, 20, 25, 5, 12, 16, 19, 20, 23, 3, 8, 12, 14, 18, 20, 24, 25, 5, 8, 9, 25, 23, 25, 5, 13, 19, 20, 23, 24, 8, 13, 16, 20, 23, 24, 25, 1, 8, 24, 25, 3, 8, 9, 13, 16, 18, 19, 20, 23, 24, 1, 5, 8, 14, 16, 18, 19, 20, 23, 24, 25, 5, 8, 9, 13, 16, 20, 24, 8], "influence_y": [[0, 4, 5, 6, 8, 12, 13, 15, 16, 17, 19, 20, 22]], "weights": [0.7725232569524781, -0.7506947983621091, -0.43138330084188076, 0.8794136261282506, -0.12131204266725407, -0.5696945658508445, 0.3285178384321926, 1.0361657026319637, 2.0983319041954362, -0.17595900732430128, 0.04225322518816216, 1.4940977529298094, 0.3149162726914482, -0.29201387515371924, 0.20152014238214333, 0.31669845192128543, -0.2204424778951563, 2.1136914924016743, -1.3431409536551402, -1.068220889856808, -0.6808235557517649, -0.12939107590552956, 0.16971337938597575, -0.6586636176636855, 0.1167311933506155, -0.5979454731054514, -0.34285714285714286, 0.24678073170769277, -0.12007542925908254, 0.14296639797015553, -0.16733744148453927, 0.09105785265078509, -0.08268708586483706, -0.09786914489527788, 1.8525842411193936, -1.6150279102407281, 0.12111567594728878, 0.059910048449591885, 0.9516381213926596, 0.20526453660804952, 0.18739861678592645, 0.1568130667112612, -0.13477108941929208, 0.09737479487769124, -0.09231267191462152, -0.30801565635465267, 0.22307766755530423, -0.2540321269276204, -0.3079183364362116, 0.1558183742536364, 0.1476833062812468, -0.21627070292621706, 1.0684060482398254, 0.22530556341456215, 0.11700978822264858, -0.13236307962193958, 1.4576130877980753, -0.2498177354039233, 1.5180265021830008, -0.2557306801574617, -0.15257319789020807, -0.18603109996395725, -0.33732852704682054, -0.23481601427641396, -0.5331908213283751, -0.2091611901662965, -0.18421274377553748, -0.2481419320432408, -0.32211296003584106, -0.24685517167165522, -0.5405636862008556, 1.2801439466455227, 0.2001460394161103, 0.13148828216380803, -0.5394899680155446, 3.0326333214582104, 0.32781379608261857, -0.3024446509262863, 0.14619020156273826, -0.24428412390016666, -0.22842064597094586, -0.16567018050523719, -0.19216199090775105, -0.3273421101471773, -0.2502329649785489, -0.537195834345526, -0.19484030912879205, -0.30443276275806774, -0.25369597734966925, 0.13905399009182476, -0.2112516025004676, -0.16550044371411265, -0.1677916196184235, -0.3518375544565143, -0.24822010476119055, -0.5374314233465345, -0.947350152427322, -0.42098646040723225, -0.13241863667104012, 0.17411530167378547, -0.2239717672329355, -0.14776485053613636, -0.32495587324177794, -0.5428028525695395, 0.1863946888070804]}