{"from": [0, 0, 0, 2, 2, 2, 3, 3, 5, 6, 7, 7, 7, 8, 8, 8, 9, 9, 10, 10, 10, 10, 10, 11, 11, 11, 11, 11, 11, 12, 12, 12, 12, 13, 13, 13, 14, 14, 14, 14, 14, 15, 15, 15, 15, 15, 15, 16, 16, 16, 17, 17, 17, 17, 18, 18, 18, 18, 18, 19, 19, 19, 19, 19, 19, 19, 19, 20, 20, 20, 20, 21, 21, 21, 21, 21, 21, 21, 21, 21, 21, 22, 22, 22, 22, 22, 22, 22, 22, 23, 23, 23, 23, 23, 23, 23, 23, 23, 23, 23, 24, 24], "to": [1, 4, 25, 0, 1, 4, 5, 16, 4, 1, 1, 13, 16, 5, 9, 25, 5, 25, 5, 9, 13, 16, 25, 5, 8, 9, 10, 16, 25, 3, 8, 9, 16, 3, 16, 25, 5, 12, 16, 19, 25, 3, 8, 12, 14, 18, 24, 5, 8, 9, 3, 9, 23, 25, 9, 13, 19, 20, 24, 5, 8, 9, 13, 16, 20, 24, 25, 1, 9, 24, 25, 3, 8, 9, 13, 16, 18, 19, 20, 23, 24, 8, 16, 18, 19, 20, 23, 24, 25, 5, 8, 9, 11, 13, 16, 18, 19, 20, 24, 25, 8, 25], "influence_y": [[0, 8, 9, 10, 11, 13, 14, 17, 19, 20, 22, 23, 24]], "weights": [0.7393638029511302, -0.4233202799041205, 0.26780124094030733, -0.7701836932111319, -0.1380480973646133, -0.5428914985133872, 0.32438153227605554, -0.02767760598801997, -0.1006493182237706, -0.19543134293145448, 0.277834892398118, -0.27261115419599585, 0.19947054314770357, 0.3875858158328754, -0.18974520124569677, 2.638756985899518, -1.3833858123582132, 3.727106429274156, -1.0783622644871047, -0.664063615422582, -0.10489232713182732, 0.1683400487079913, 3.429100872650746, -0.6584501523705564, 0.12950608056358517, -0.5852952922691347, -0.3517110266159689, 0.2564747211794523, 3.505109204805596, 0.13130902470310535, -0.18441659592841642, 0.08351825931330736, -0.09285235698723476, -1.6048799674076548, 0.05826762913110316, 4.275079005085575, 0.3096849003601081, 0.1942702809031296, 0.1672811634844021, -0.11295115575130038, 3.4859911559185965, -0.24173410231331816, 0.2012303146857566, -0.2936155549250203, -0.26572535991140694, 0.14506190804807162, -0.21418025917383407, 0.2124752753375093, 0.12380843648986962, -0.13080053193353566, -0.2777322304375924, -0.12878091863999314, -0.3222321920898555, 3.538115466484741, 0.07767720597015546, -0.1684205705046698, -0.24640223826042798, -0.35548172757474944, -0.5401407016102676, 0.3253325217618261, -0.2690011551926238, 0.06119514548517354, -0.1817094516627848, -0.23955117876763768, -0.3554817275747503, -0.5469042887420756, 1.311878899971639, 0.2738301870645596, -0.08167921165070186, -0.5461457556057994, 4.34758636581484, 0.28620280483320787, -0.36073762164673406, 0.16085679062307795, -0.25091495097075606, -0.2173129853593675, -0.18597925805709897, -0.24578657158337763, -0.3554817275747516, -0.1497347599296621, -0.5482229755413586, -0.30657244476882906, -0.1977164270454078, -0.1884928452200438, -0.22647570783536933, -0.3554817275747511, -0.16387972330980977, -0.5445117273076963, 1.3267189810433218, -0.26506341267134464, -0.22505031097169725, 0.17634155730980827, -0.16920768307322923, -0.22809423076345728, -0.14906749028762983, -0.1846268495913918, -0.24448280685550466, -0.355481727574751, -0.5502197726302167, -0.6796525161964719, 0.1522738849558371, 2.0563331166743106]}