{"from": [0, 0, 0, 1, 2, 2, 2, 3, 4, 5, 6, 6, 6, 7, 7, 7, 8, 8, 8, 8, 9, 9, 10, 10, 10, 10, 10, 11, 11, 11, 11, 12, 12, 12, 12, 12, 12, 13, 13, 13, 14, 14, 14, 14, 14, 15, 15, 15, 15, 15, 15, 15, 16, 16, 16, 16, 17, 17, 17, 18, 18, 18, 18, 18, 18, 18, 19, 19, 19, 19, 19, 19, 19, 19, 20, 20, 21, 21, 21, 21, 21, 21, 21, 21, 21, 21, 21, 21, 22, 22, 22, 22, 22, 22, 22, 22, 22, 22, 23, 23, 23, 23, 23, 23, 23, 23, 23, 23, 23, 24, 24, 24], "to": [1, 4, 25, 25, 0, 1, 4, 5, 25, 4, 1, 13, 25, 1, 13, 16, 1, 5, 9, 25, 5, 25, 5, 9, 11, 13, 16, 5, 8, 9, 16, 3, 8, 9, 13, 16, 25, 3, 16, 25, 5, 12, 16, 19, 25, 3, 8, 12, 14, 16, 18, 24, 5, 8, 9, 25, 3, 13, 23, 1, 8, 9, 13, 19, 20, 24, 5, 8, 9, 13, 16, 20, 24, 25, 1, 25, 3, 5, 8, 9, 13, 16, 18, 19, 20, 23, 24, 25, 1, 5, 8, 13, 16, 18, 19, 20, 23, 24, 5, 8, 9, 11, 13, 16, 18, 19, 20, 24, 25, 1, 8, 20], "influence_y": [[0, 1, 4, 6, 8, 9, 12, 13, 14, 16, 19, 20, 21, 23]], "weights": [0.7400777778039979, -0.4267635550857021, 0.2381761929095499, 0.4091322594351297, -0.7572579523154339, -0.14801830944025196, -0.555462098567452, 0.35112550292272365, -0.13466747084880115, -0.11465319523400563, -0.20683183044291048, 0.07451890181612311, 0.6845359102022712, 0.24985730889124208, -0.3032048598973122, 0.20991724207806067, 0.061735917090034675, 0.34949198855870434, -0.19866340367988214, 0.8756226527149664, -1.3111337724269319, 0.6685152128075522, -1.0192086283810666, -0.6722931772784971, -0.3028692448108252, -0.09093583975987996, 0.15876233579973698, -0.6629552820809947, 0.12828414209340683, -0.5895051070796141, 0.22974394582930466, 0.12076405590445949, -0.17812758011264193, 0.08587727470070688, -0.10299833993466351, -0.08051919584972547, 0.28909526238009964, -1.6028127277915223, 0.11387699796001799, 0.7541442116228699, 0.2678218296946775, 0.1998150270818073, 0.18364739166179395, -0.11276639248955456, 0.9318387081347186, -0.22125588397521856, 0.2272577101323091, -0.27436993599740234, -0.23569544776975151, 0.17289668928728985, 0.14691226581960776, -0.26974839048725874, 0.20804188610804922, 0.08669992131378428, -0.13282288832911118, 0.3257781888223974, -0.2932682552023737, 0.16232139859441777, -0.26510918481821466, 0.1516529295169486, -0.14441796888964173, 0.1025159404518137, -0.19673180853538041, -0.2422478434999789, -0.57291666666667, -0.3425226667615939, 0.2030408550703654, -0.3254533998260259, 0.09772282839749281, -0.19120979334740784, -0.2679638137698568, -0.5729166666666667, -0.35122422774505496, -0.662430226834434, 0.2550697156738312, -0.5123883090497842, 0.32420726000588057, -0.25105604727483943, -0.4175913517810972, 0.18440288114719794, -0.33051819274222033, -0.2564960898302344, -0.18767769177059357, -0.24583072219112073, -0.5729166666666679, -0.14864103024150654, -0.35808507390508904, 0.6901566753621597, -0.18708760653396572, -0.26962290209841683, -0.388423849193918, -0.1437146600091225, -0.24113603230944236, -0.19321515409764098, -0.22518579802764824, -0.572916666666668, -0.1647515114727673, -0.34791763457133984, -0.32007263461388913, -0.2663443420987881, 0.21874258404571637, -0.17202170787941828, -0.2764283997905639, -0.15300379947908613, -0.19108745921335785, -0.24154340576578698, -0.5729166666666673, -0.35182433539908653, -0.8048635123036226, -0.1462701779223563, 0.09356163016633008, -0.5729166666666682]}