{"from": [0, 0, 0, 2, 2, 2, 3, 3, 5, 6, 6, 6, 7, 7, 7, 7, 8, 9, 9, 10, 10, 10, 10, 11, 11, 11, 11, 11, 12, 12, 12, 13, 13, 14, 14, 14, 14, 14, 14, 15, 15, 15, 15, 15, 15, 16, 16, 17, 17, 18, 18, 18, 18, 18, 18, 18, 18, 19, 19, 19, 19, 19, 19, 20, 20, 20, 20, 21, 21, 21, 21, 21, 21, 21, 21, 21, 21, 22, 22, 22, 22, 22, 22, 22, 22, 22, 22, 22, 23, 23, 23, 23, 23, 23, 23, 23, 23, 24, 24], "to": [1, 4, 25, 0, 1, 4, 5, 8, 4, 1, 4, 25, 1, 13, 14, 16, 5, 5, 8, 5, 8, 9, 16, 5, 8, 9, 10, 16, 3, 8, 9, 3, 16, 5, 9, 12, 16, 19, 25, 3, 8, 12, 14, 18, 24, 5, 9, 9, 23, 1, 5, 9, 19, 20, 23, 24, 25, 5, 8, 9, 16, 20, 24, 1, 8, 13, 24, 3, 5, 8, 9, 16, 18, 19, 20, 23, 24, 1, 5, 8, 9, 14, 18, 19, 20, 23, 24, 25, 1, 5, 8, 9, 11, 13, 19, 20, 24, 1, 8], "influence_y": [[0, 6, 14, 18, 22]], "weights": [0.7149679877836772, -0.462088586202576, 0.6665998248653914, -0.7555472793929392, -0.16480214312809188, -0.5732179822405956, 0.3448336966584977, 0.03835903330119654, -0.08503299103019579, -0.18618313812037462, 0.1973731826760388, 0.7342715842473797, 0.2663770688150303, -0.2967095117387401, -0.10690467980864314, 0.18434942726459683, 0.305039753569712, -1.2720291438639746, -0.5046376085761615, -1.0336050430996548, -0.3478218679562209, -0.680978619871796, 0.12298666746743288, -0.5814361497815227, -0.1622726247375043, -0.6234250774480035, -0.3371647509578539, 0.26609422554890205, 0.12788305150670076, -0.10929106585832263, 0.1387507848569401, -1.620817937473665, 0.14360936357088944, 0.258946435286958, -0.07064487478496334, 0.18462405639790064, 0.12534838677681603, -0.10416110089256872, 0.8022248197533657, -0.28634393613014336, 0.2184346483571568, -0.2967407195742751, -0.2469296849780694, 0.13669745204703887, -0.23379766536219512, 0.21276776581381107, -0.13610683027339332, -0.14723025310733595, -0.3115745054725542, 0.12315403596178154, -0.26057300897258173, 0.13214131721850136, -0.23280891478881185, -0.3420195439739387, -0.17634468344214493, -0.5210853334366587, -0.6331646029408371, 0.20000223786386281, -0.192424928810159, 0.16814713540045131, -0.2216893457753387, -0.34201954397394163, -0.5261678913793139, 0.21438510606659866, 0.10923171478001957, 0.20386257498045607, -0.5277652667327213, 0.2744064129056895, -0.29165059088950984, -0.2267707189891568, 0.27561310682086854, -0.24639409163336115, -0.1497840744046176, -0.2361521902024108, -0.34201954397394096, -0.18093957964082902, -0.5343191635514984, -0.22979268877768746, -0.3455823399137091, -0.2188939516058978, 0.14907261585248066, 0.1544325985452159, -0.15454998228977163, -0.21654187629359617, -0.34201954397394135, -0.1962754863909134, -0.5261678913793161, -1.145957371558655, -0.0994620951743671, -0.4163497589667015, -0.08036570381711544, 0.26246266601762225, -0.1666083916083914, -0.12353280556447024, -0.23414222041674843, -0.3420195439739405, -0.5317125000440327, -0.12887412826888925, 0.1774668780116213]}