{"from": [0, 0, 0, 1, 1, 2, 2, 2, 3, 3, 4, 4, 6, 6, 7, 7, 7, 8, 8, 9, 9, 10, 10, 10, 10, 11, 11, 11, 11, 11, 11, 12, 12, 12, 12, 13, 13, 13, 14, 14, 14, 14, 14, 14, 15, 15, 15, 15, 15, 15, 16, 16, 17, 17, 18, 18, 18, 18, 18, 18, 18, 19, 19, 19, 19, 19, 19, 19, 19, 20, 20, 20, 20, 20, 21, 21, 21, 21, 21, 21, 21, 21, 21, 21, 21, 21, 22, 22, 22, 22, 22, 22, 22, 22, 22, 22, 23, 23, 23, 23, 23, 23, 24, 24, 24], "to": [1, 4, 25, 5, 8, 0, 1, 4, 5, 25, 5, 8, 1, 23, 1, 13, 16, 5, 25, 5, 8, 5, 8, 9, 16, 5, 8, 9, 10, 16, 23, 3, 8, 9, 16, 3, 16, 25, 5, 9, 12, 16, 19, 23, 3, 8, 12, 14, 16, 24, 5, 9, 9, 23, 5, 9, 12, 19, 20, 23, 24, 5, 8, 9, 16, 20, 23, 24, 25, 1, 8, 13, 16, 24, 3, 5, 8, 9, 13, 16, 18, 19, 20, 23, 24, 25, 1, 5, 8, 9, 16, 18, 19, 20, 23, 24, 1, 5, 9, 13, 20, 24, 1, 8, 16], "influence_y": [[0, 3, 8, 13, 19, 21]], "weights": [0.7262478576593097, -0.44192691854647265, 0.7419989018928392, -0.062386662998464834, 0.01504274481559719, -0.7674980349552372, -0.16760294212142862, -0.5818499163340003, 0.3658286874230033, 0.6564486543626383, -0.08815738522044873, -0.037792045579106835, -0.16261324712378444, 0.05461792893258593, 0.2504288172771962, -0.2989640406918339, 0.21803190581392884, 0.29759974907951325, 0.4043604889332948, -1.1894615909653057, -0.4971750019798362, -0.9982578781348225, -0.34088605336825495, -0.6809582787931303, 0.15790835285950305, -0.5495086052497824, -0.15799696138843095, -0.6286106112508043, -0.35192307692307717, 0.2636231643558617, -0.12510515046455759, 0.13528374268571552, -0.11643486216423644, 0.12239795932479966, -0.07756359950517, -1.6280944519413099, 0.11653781499455965, 1.1857713030682286, 0.23196354754114257, -0.07753888197589409, 0.20979283015333627, 0.19262925745283263, -0.1183661890303952, -0.10527831071647564, -0.34556147785338753, 0.23900042132536214, -0.31994281605773384, -0.24033941061804923, 0.21999999040550425, -0.20090298937752554, 0.2158422433948033, -0.1448180340222054, -0.1503505658810903, -0.2892320023780401, -0.2871720447407848, 0.1424406409569559, 0.1310420897552252, -0.19218817709800337, -0.35353535353535254, -0.23907054263062438, -0.547850823691223, 0.15107701901266607, -0.11614857319429808, 0.15076229358022328, -0.14453099776739586, -0.3535353535353547, -0.24669249497652435, -0.5545475900038075, -0.4727257106624082, 0.17281473523669622, 0.09747002857484338, 0.21247856338865842, 0.08574851424639678, -0.5535909091020096, 0.27556566780856545, -0.35491639190167845, -0.17700041744308984, 0.26661422636404397, -0.16011010705300896, -0.14219944303973145, -0.15752212389380624, -0.1947271862600466, -0.35353535353535315, -0.2517165068548363, -0.5588091685663618, -0.554415672124874, -0.2454693205322151, -0.3805938082894873, -0.18562583708320765, 0.12057801666657042, -0.10735934790686566, -0.15752212389380685, -0.1764545327219057, -0.3535353535353542, -0.24885143539961518, -0.5516414461323087, -0.1354486885165297, -0.5291757937800619, 0.24941182971030046, -0.11367951322223566, -0.35353535353535387, -0.5546228345691172, -0.17150055310861764, 0.20527248363825057, 0.15884975169007903]}