{"from": [0, 0, 0, 2, 2, 2, 2, 3, 3, 6, 7, 7, 7, 7, 8, 8, 9, 10, 10, 10, 11, 11, 11, 11, 11, 11, 12, 12, 12, 12, 12, 13, 13, 13, 14, 14, 14, 14, 15, 15, 15, 15, 16, 16, 16, 17, 17, 17, 18, 18, 18, 18, 18, 18, 19, 19, 19, 19, 19, 19, 19, 20, 20, 20, 21, 21, 21, 21, 21, 21, 21, 21, 21, 21, 21, 22, 22, 22, 22, 22, 22, 22, 22, 22, 22, 22, 23, 23, 23, 23, 23, 23, 23, 23, 23, 23, 23, 24, 24, 24, 24], "to": [1, 4, 25, 0, 1, 4, 5, 5, 25, 1, 1, 13, 14, 16, 5, 9, 5, 5, 9, 16, 5, 8, 9, 10, 16, 25, 3, 8, 9, 16, 25, 3, 16, 25, 5, 12, 16, 19, 3, 12, 14, 24, 5, 8, 9, 3, 8, 23, 5, 9, 12, 19, 20, 24, 5, 8, 9, 16, 20, 24, 25, 1, 8, 24, 3, 5, 8, 9, 16, 18, 19, 20, 23, 24, 25, 1, 5, 8, 14, 16, 18, 19, 20, 23, 24, 25, 1, 5, 8, 9, 11, 13, 16, 18, 19, 20, 24, 1, 8, 16, 25], "influence_y": [[0, 3, 11, 12, 13, 19, 21, 22, 24]], "weights": [0.7311532132214678, -0.41326204377015197, 0.2649470838046317, -0.7656365851989949, -0.15187621894902492, -0.5530614718384952, 0.05587024350975628, 0.3475330504451095, -0.2789952259517674, -0.15949501246779943, 0.30816638681949543, -0.3271651336247745, -0.10083795920669411, 0.19613985493209213, 0.29153919606102746, -0.1996585487709283, -1.2803386540936876, -1.0634406568495902, -0.6735059037129757, 0.1424817231705238, -0.6217239776515819, 0.14663812567621154, -0.5868370650383294, -0.3498098859315598, 0.24357764729039783, 1.9554253228518386, 0.1398129957721319, -0.19371280207609742, 0.09207852139083972, -0.09489910495805012, 1.6642095491910682, -1.614626193879281, 0.09931515860240474, 0.5524378831219048, 0.19786355723068938, 0.18348759718622726, 0.1899357757005679, -0.12044019678855994, -0.20959433636322555, -0.3567217168244551, -0.20666607580085028, -0.21155783074082407, 0.22592028658561686, 0.12136128821164616, -0.13185687397231974, -0.2744635556772227, 0.17623900348907576, -0.2855505956481401, -0.3001278168533718, 0.09104077484136498, 0.12857693799474534, -0.24420780447360405, -0.3519736842105259, -0.5321148859842004, 0.16775865324578806, -0.20149164992446883, 0.10116597472697667, -0.2520297857106207, -0.35197368421052583, -0.538795659586541, -1.2980138744410818, 0.18209221122398225, 0.1371368012769697, -0.5380464139488961, 0.28390230693039986, -0.32591243599411746, -0.30159993650873984, 0.183750651829245, -0.25740512158473305, -0.17391304347826106, -0.24616300247341988, -0.3519736842105263, -0.1494667078971731, -0.5436544040246098, -1.3904494537621952, -0.23536413351335952, -0.3251723475483867, -0.223127116194288, 0.14161083841713384, -0.20734637645159074, -0.17391304347826192, -0.22405009646767657, -0.3519736842105269, -0.15588014373525916, -0.5362630787438248, -1.6147308730603565, -0.13394778413117814, -0.47347789597570095, -0.10881370888849518, 0.21370290500441502, -0.16796022313849146, -0.16231306232135798, -0.16672097270966324, -0.1739130434782601, -0.24564161634013462, -0.351973684210525, -0.5421890684004286, -0.17011526199560228, 0.15969211204808054, 0.07559526715279954, 0.2669878152806885]}