{"from": [0, 0, 2, 2, 2, 3, 4, 6, 6, 7, 7, 7, 8, 8, 8, 9, 10, 10, 10, 11, 11, 11, 11, 11, 11, 12, 12, 12, 12, 13, 13, 14, 14, 14, 14, 14, 14, 15, 15, 15, 15, 15, 15, 15, 16, 16, 16, 17, 17, 18, 18, 18, 18, 18, 18, 18, 19, 19, 19, 19, 19, 19, 20, 20, 20, 21, 21, 21, 21, 21, 21, 21, 21, 21, 21, 22, 22, 22, 22, 22, 22, 22, 22, 22, 23, 23, 23, 23, 23, 23, 23, 23, 23, 24, 24, 24], "to": [1, 4, 0, 1, 4, 5, 5, 1, 23, 1, 13, 16, 1, 5, 9, 5, 5, 9, 16, 5, 8, 9, 10, 16, 23, 3, 8, 9, 16, 3, 16, 5, 12, 16, 19, 20, 23, 3, 8, 12, 14, 16, 18, 24, 5, 8, 9, 3, 23, 1, 5, 9, 19, 20, 23, 24, 5, 8, 16, 20, 23, 24, 1, 16, 24, 3, 5, 8, 9, 16, 18, 19, 20, 23, 24, 1, 5, 8, 16, 18, 19, 20, 23, 24, 1, 5, 8, 9, 13, 16, 20, 24, 25, 1, 8, 16], "influence_y": [[23]], "weights": [0.7263559402177442, -0.44945132571331453, -0.7552722922110825, -0.1590288099171307, -0.5848641933653139, 0.34573261343762846, -0.06970228077335301, -0.15423304128274987, 0.05577173456062044, 0.2689436912121492, -0.3216713314674134, 0.21288028958329544, 0.08747004542640549, 0.31745021925521927, -0.2094717426218473, -1.2740550706963878, -0.9909567868841174, -0.6915179252880115, 0.16380474862830632, -0.5722245242555036, 0.1348778868221867, -0.6010592826269331, -0.3468208092485546, 0.2425671995537618, -0.12425973717126146, 0.1327210626073797, -0.15025671134606186, 0.08289186099703193, -0.10954989774606452, -1.6062017117845984, 0.12099819758641607, 0.2462526783327192, 0.21283985987206905, 0.18202768012510007, -0.10810890126830493, 0.07689518762344161, -0.0844724204826384, -0.272561671924025, 0.24324746486745796, -0.31884351908321124, -0.2372434353858504, 0.18282320618890663, 0.1446578545074961, -0.24815462428042795, 0.17827732809992153, 0.12590189720745026, -0.14658022316943653, -0.24860592590198075, -0.28045292993021825, 0.14185948258246728, -0.31509869266877744, 0.08703714739825269, -0.20296597780901496, -0.34385109942769676, -0.24149564002409113, -0.5293927407450744, 0.15847182258572304, -0.2609238763884196, -0.1767270982595439, -0.3391601250631092, -0.2547171120481094, -0.5372292025644552, 0.1841320848040344, 0.07026346358208722, -0.5367636701791456, 0.21732065485631855, -0.3144775732697278, -0.36285598433241023, 0.1507129254257374, -0.18198944855363017, -0.15682632386253323, -0.2092450301554071, -0.3393849647930005, -0.2619481297592575, -0.5385836527554615, -0.20979303878655184, -0.32835447899718373, -0.3033831857277503, -0.1496466419680554, -0.15955387936839557, -0.1877324508121172, -0.3546863304109992, -0.25654174643088734, -0.533904643004718, -0.12153685566850878, -0.41396494242108534, -0.20165870526950574, 0.1879639524685887, -0.1549380247900838, -0.08156160099968193, -0.34347118249279734, -0.5401820722355282, -0.8756994149817668, -0.1307965874825362, 0.11486695366630995, 0.10378154282385338]}