{"from": [0, 0, 0, 1, 2, 2, 2, 2, 3, 4, 4, 5, 6, 6, 6, 7, 7, 7, 8, 8, 8, 9, 9, 10, 10, 10, 11, 11, 11, 11, 11, 12, 12, 12, 12, 13, 13, 13, 13, 14, 14, 14, 14, 14, 15, 15, 15, 15, 15, 15, 16, 16, 16, 17, 17, 17, 17, 18, 18, 18, 18, 18, 18, 18, 19, 19, 19, 19, 19, 19, 19, 19, 20, 20, 20, 20, 20, 21, 21, 21, 21, 21, 21, 21, 21, 21, 21, 22, 22, 22, 22, 22, 22, 22, 22, 22, 23, 23, 23, 23, 23, 23, 23, 23, 23, 24, 24], "to": [1, 4, 25, 5, 0, 1, 4, 25, 5, 5, 25, 25, 1, 4, 25, 1, 13, 16, 5, 9, 25, 5, 25, 5, 9, 16, 5, 8, 9, 10, 16, 3, 8, 9, 16, 3, 10, 16, 25, 5, 9, 12, 16, 19, 3, 8, 12, 14, 18, 24, 5, 8, 9, 9, 10, 23, 25, 5, 9, 19, 20, 23, 24, 25, 5, 8, 9, 10, 16, 20, 24, 25, 1, 8, 13, 24, 25, 3, 5, 8, 9, 16, 18, 19, 20, 23, 24, 5, 8, 16, 18, 19, 20, 23, 24, 25, 5, 8, 9, 11, 13, 16, 19, 20, 24, 8, 25], "influence_y": [[0, 2, 4, 5, 6, 8, 9, 13, 17, 18, 19, 20, 22, 24]], "weights": [0.7404861025869904, -0.4293808025568808, 3.5628126494567205, -0.05488148759394927, -0.753065408896193, -0.13591113319772025, -0.5642361734386627, 3.4465876654323586, 0.3484835343986109, -0.08217574619830079, -0.3748943564671262, 1.040649174346943, -0.20098342787099843, 0.232915009328309, 3.631990607728216, 0.27316779806010316, -0.2981097363275323, 0.19512255216133825, 0.3552124116646198, -0.19588486040136252, 3.0407816539248715, -1.270399385731866, 3.714084031087128, -1.0132287029350098, -0.6774649925310581, 0.13376540477757948, -0.597821339159041, 0.11464523036156479, -0.6007509416120606, -0.3449680835298031, 0.22644208128332918, 0.13480103837125734, -0.15335730310742027, 0.09020189275038984, -0.11644192470299114, -1.6199080847753697, -0.09611141243428972, 0.11734534396184054, 3.956033796883972, 0.22702110339548012, -0.08706438221030086, 0.2123330078580962, 0.16461428744127385, -0.11573002809001645, -0.29119928286684416, 0.22712600284138496, -0.2917604691715396, -0.2504283572499473, 0.14214773231874822, -0.22076734489015354, 0.19527697919844517, 0.10548637170436781, -0.13154137949409647, -0.1473093916142608, 0.24721992798129128, -0.32958704487238666, 3.357830982356882, -0.25491901294609054, 0.10322365674166246, -0.24846380346456753, -0.35333333333333283, -0.1788231618008323, -0.5436480540296789, 3.2889460373654003, 0.17009405747104925, -0.1980650101338858, 0.08785567619400854, -0.10851391483657422, -0.24944770243129752, -0.3533333333333325, -0.5504062380569275, -1.1971318391881298, 0.28110492887051625, 0.15392896804955544, 0.19418720264029732, -0.5498961864322277, 1.2760611985501518, 0.263613274353666, -0.2794699722460988, -0.31230788970281176, 0.16594508384263285, -0.24581216916459842, -0.1524322708325733, -0.25401947080357495, -0.35333333333333317, -0.18417143027746335, -0.5523055969665471, -0.31586465753139686, -0.2466082372915429, -0.2119233361901998, -0.15504528061784245, -0.23657487098118182, -0.3533333333333329, -0.19871203519830374, -0.548247373714889, -1.4969532103007528, -0.40436098897581596, -0.1439227938986141, 0.19371085255297987, -0.16449899953824815, -0.12716662474041493, -0.1257585490331681, -0.25009296180911367, -0.35333333333333244, -0.5535701818899078, 0.21666287225130648, 3.5318258369181397]}