{"from": [0, 0, 0, 0, 1, 1, 2, 2, 2, 2, 3, 4, 5, 6, 7, 7, 7, 8, 8, 8, 9, 10, 10, 10, 10, 11, 11, 11, 11, 11, 12, 12, 12, 12, 13, 13, 13, 14, 14, 14, 15, 15, 15, 15, 15, 15, 15, 16, 16, 16, 17, 17, 18, 18, 18, 18, 18, 19, 19, 19, 19, 19, 19, 20, 20, 21, 21, 21, 21, 21, 21, 21, 21, 21, 21, 22, 22, 22, 22, 22, 22, 22, 22, 22, 23, 23, 23, 23, 23, 23, 23, 23, 23, 23, 24], "to": [1, 4, 20, 25, 20, 25, 0, 1, 4, 25, 5, 25, 4, 1, 1, 13, 16, 5, 9, 25, 5, 5, 9, 16, 25, 5, 8, 9, 10, 16, 3, 8, 9, 16, 3, 16, 25, 12, 16, 19, 3, 8, 12, 14, 16, 18, 24, 5, 8, 9, 3, 23, 19, 20, 23, 24, 25, 5, 8, 16, 20, 24, 25, 24, 25, 3, 8, 9, 13, 16, 18, 19, 20, 23, 24, 1, 8, 16, 18, 19, 20, 23, 24, 25, 5, 8, 9, 11, 13, 16, 19, 20, 24, 25, 8], "influence_y": [[0, 1, 2, 4, 8, 10, 13, 18, 19, 20, 22, 23]], "weights": [0.7341810218190169, -0.4234261112840321, -0.09882548295375643, 0.8589617870247053, 0.10542497527896011, 0.9236950905573277, -0.7702292594674027, -0.14470885278944706, -0.5599666188702512, 0.9872873447822195, 0.3321287857046339, -0.15785893223576028, -0.09673642613932665, -0.15936163064169867, 0.29359651645184215, -0.27283496938068463, 0.1661049652479293, 0.38910113266781193, -0.20525160197690803, 0.5399477241720637, -1.389497319817612, -1.0892934395722802, -0.6900360102048735, 0.13571211631681865, 0.7253339683301957, -0.7528929112581607, 0.12548835872008263, -0.6007001386584498, -0.35294117647058865, 0.256141784565193, 0.13054441286555196, -0.1890293692824464, 0.08640001144629267, -0.07532345138451932, -1.6339225369490502, 0.11488711706089519, 0.5597310157325472, 0.21503028923503487, 0.18037788623126905, -0.11532225221183645, -0.2912339967620974, 0.2031130485353225, -0.28964889318841414, -0.24266438209466684, 0.15239318937061652, 0.14050028664128858, -0.2064847669936318, 0.239325247598076, 0.10243211100471758, -0.13965952437055337, -0.26015223706180635, -0.2667682199729411, -0.24340600039342197, -0.3639888918091035, -0.1825789980326151, -0.5415933078689239, -0.6979672124903731, 0.33184351954634483, -0.26135393940395474, -0.26529968792330294, -0.34756469193978856, -0.5482541068042032, -0.9901721406241526, -0.5474928726401687, -0.7845686452211348, 0.2091131512133783, -0.34652338438185615, 0.13516986974483822, -0.18566029483302468, -0.24292832685954455, -0.1544422381618452, -0.24752465225813125, -0.3538487139338511, -0.18604352036992566, -0.55265499181501, -0.2561713214717962, -0.3200331019519678, -0.20476844587811238, -0.15926711064266152, -0.22899071886694383, -0.3280328376894301, -0.19703671624793206, -0.545564168772647, -1.0413962381121094, -0.298849602993092, -0.23671870706732687, 0.17459160890099457, -0.17231029706018192, -0.17133783707662295, -0.11828840312471359, -0.2461594811344346, -0.3436596013797132, -0.5508735221158277, -0.9605605055045967, 0.12300721834194324]}