{"from": [0, 0, 0, 2, 2, 2, 3, 3, 4, 4, 4, 6, 6, 7, 7, 7, 7, 8, 8, 8, 9, 10, 10, 10, 11, 11, 11, 11, 11, 12, 12, 12, 12, 13, 13, 13, 13, 13, 14, 14, 14, 14, 15, 15, 15, 15, 15, 15, 15, 16, 16, 16, 16, 17, 17, 17, 17, 18, 18, 18, 18, 18, 18, 18, 19, 19, 19, 19, 19, 19, 19, 21, 21, 21, 21, 21, 21, 21, 21, 21, 21, 21, 21, 22, 22, 22, 22, 22, 22, 22, 22, 22, 22, 22, 23, 23, 23, 23, 23, 23, 23, 23, 23, 23, 23, 24, 24, 24, 24, 24], "to": [1, 4, 25, 0, 1, 4, 5, 25, 5, 8, 25, 1, 4, 1, 5, 13, 16, 5, 9, 25, 5, 5, 9, 16, 5, 8, 9, 10, 16, 3, 8, 9, 16, 3, 4, 10, 16, 24, 5, 12, 16, 19, 3, 8, 12, 14, 16, 24, 25, 5, 8, 9, 25, 3, 9, 10, 23, 5, 8, 9, 19, 20, 23, 24, 8, 9, 10, 16, 20, 24, 25, 3, 5, 8, 9, 10, 13, 16, 18, 19, 20, 23, 24, 1, 5, 8, 14, 16, 18, 19, 20, 23, 24, 25, 1, 5, 8, 9, 11, 13, 16, 19, 20, 24, 25, 1, 8, 16, 20, 25], "influence_y": [[0, 3, 4, 8, 15, 16, 19, 22, 23, 24]], "weights": [0.715539768910453, -0.40245392715091366, 0.2723370550963072, -0.7639781455834596, -0.171016428207717, -0.55053090286109, 0.35241152972747947, 0.22183004129435782, -0.07895462475090838, -0.04589131659946631, -0.1577556689290305, -0.1877240685545409, 0.2162688935939673, 0.27817804267451113, -0.1919487040851381, -0.2785482388312483, 0.1888330816784925, 0.24721679493614124, -0.21036491138169677, 0.3341575945700465, -1.2541931816347784, -1.0363635132681548, -0.6596626174254991, 0.16410160136322294, -0.611387750162624, 0.1393402419098408, -0.5855454578904095, -0.3531770873191345, 0.23891565703117182, 0.10950866505067032, -0.17548406253033444, 0.09062139098117994, -0.09302742540026848, -1.6096407477457775, 0.12181959956874261, -0.10239750895132288, 0.12470447062108811, -0.05636958215804222, 0.26980796465833257, 0.2206121525612344, 0.18532247616651829, -0.13026207033181658, -0.26346422213712795, 0.20426780809252845, -0.30592954009073536, -0.250977735349367, 0.24264135199654258, -0.26231777410670626, -0.9418571351320819, 0.24010394401165913, 0.11124073815541342, -0.13345872680057758, 0.4312933181311764, -0.2488220545168962, -0.12999081868765852, 0.22941210098337705, -0.2933706787581516, -0.290050619927027, -0.14228250250300767, 0.09125539901934733, -0.23840392697299378, -0.545454545454546, -0.17527539195377398, -0.33798721081064204, -0.318806545516258, 0.09883615866910297, -0.1657097596553046, -0.208919185263019, -0.545454545454546, -0.34261209292018013, -0.6986968726263776, 0.26144764904272394, -0.3264129144053263, -0.38545347098243965, 0.1927876734864562, -0.1474915585758516, -0.19442749570214637, -0.181674011855117, -0.1557522123893815, -0.24009564217210766, -0.5454545454545456, -0.1790854007688158, -0.35570031118701134, -0.3110949720111564, -0.4108694087534568, -0.336120719093676, 0.14648557530737885, -0.1782389374333478, -0.15575221238938192, -0.216655626768993, -0.5454545454545466, -0.19117485181654165, -0.3387942099057079, -0.6073013583832476, -0.14823791080056686, -0.4661414609542771, -0.22496406005320532, 0.19225975641824058, -0.17725129749217539, -0.18234840253046825, -0.10602686862144435, -0.23960878227468618, -0.5454545454545465, -0.34990864010860256, -0.5768649524041923, -0.2509099299854657, 0.10854247257391297, 0.11080970254043494, -0.5454545454545472, 0.45093705769148185]}