{"from": [0, 0, 0, 1, 2, 2, 2, 2, 5, 5, 6, 6, 7, 7, 7, 7, 8, 8, 8, 9, 9, 10, 10, 10, 10, 11, 11, 11, 11, 11, 11, 12, 12, 12, 12, 12, 13, 13, 13, 13, 14, 14, 14, 14, 14, 15, 15, 15, 15, 15, 15, 15, 16, 16, 16, 17, 17, 17, 18, 18, 18, 18, 18, 18, 19, 19, 19, 19, 19, 19, 19, 19, 20, 20, 20, 21, 21, 21, 21, 21, 21, 21, 21, 21, 22, 22, 22, 22, 22, 22, 22, 22, 22, 22, 23, 23, 23, 23, 23, 23, 23, 23, 24, 24, 24], "to": [1, 4, 25, 25, 0, 1, 4, 25, 3, 4, 1, 25, 1, 13, 16, 25, 5, 9, 25, 3, 5, 3, 5, 9, 16, 5, 8, 9, 10, 16, 23, 3, 8, 9, 16, 25, 3, 5, 16, 25, 9, 12, 16, 19, 23, 3, 8, 12, 14, 16, 18, 24, 5, 8, 9, 3, 9, 23, 8, 9, 20, 23, 24, 25, 8, 9, 16, 18, 20, 23, 24, 25, 1, 24, 25, 3, 8, 9, 16, 18, 19, 20, 23, 24, 1, 8, 9, 14, 16, 18, 19, 20, 23, 24, 5, 8, 9, 13, 16, 20, 24, 25, 1, 8, 9], "influence_y": [[0, 1, 2, 6, 7, 8, 12, 13, 18, 19, 20, 23]], "weights": [0.7378363693573013, -0.4460754621079063, -0.6164919991383215, 4.061224846068809, -0.7613331502159632, -0.14548900435286716, -0.5697295672579171, 2.513286274687401, 0.13826608409424146, -0.10633524591900817, -0.19706023876582915, 0.7050570707794126, 0.24925919848953498, -0.2897627084159345, 0.17937154562038166, 3.8688541824139304, 0.3332245847407561, -0.1839210333675748, 1.1731479251591335, 0.1961107179974377, -1.3118653761159407, 0.15794515779123405, -1.0477284329452807, -0.6861423254377469, 0.1537299439337119, -0.6803679164016095, 0.12310773361073615, -0.5941428355750215, -0.34160305343511466, 0.2620886559825739, -0.12184533009509263, 0.14123829138711122, -0.15982007352487948, 0.09770861324810504, -0.07986006789488288, 2.648207178097872, -1.5384274697228648, -0.5909317286541841, 0.1168194099072836, 3.0265506082504112, -0.07498833044950017, 0.21794487473537674, 0.201897849236916, -0.09418287631443306, -0.08432109975405262, -0.3402832014679707, 0.24649272335419664, -0.2979371597080364, -0.22623079107633073, 0.21296428919556526, 0.14432942130518675, -0.20950704958005698, 0.18733914598511026, 0.11360511093231945, -0.13224040077454516, -0.29019471977859196, -0.12369113069373679, -0.23031910155410376, -0.11850031164987168, 0.15543756194260205, -0.3389261744966438, -0.23412531745588, -0.555766068045886, 2.9654283379699344, -0.27655074765859416, 0.13189357144710767, -0.2536362010899766, -0.19043133625345476, -0.33892617449664286, -0.24396705250601491, -0.5628281034249892, -1.4762505798496666, 0.22057730815241555, -0.56198904971658, 0.819386283204234, 0.2115216375395127, -0.4119169286760329, 0.23331666989943942, -0.21087346237007537, -0.1871267830414633, -0.15944727834006486, -0.3389261744966441, -0.24971889086936594, -0.5676249576447563, -0.19499638062146823, -0.3057522468834448, 0.1119008541420049, 0.13576472815625928, -0.1874747753354643, -0.19246638427362117, -0.14432505550600475, -0.33892617449664364, -0.2400535610898954, -0.5598740494102, -0.39482423146717927, -0.23914437616832682, 0.24757113368981315, -0.16998028004423887, -0.11338009491862425, -0.33892617449664353, -0.5649751691263266, -1.1367209061619314, -0.12141266016166383, 0.09769035391306545, 0.08940659664043599]}