{"from": [0, 0, 0, 2, 2, 2, 3, 3, 4, 6, 6, 6, 7, 7, 7, 8, 8, 9, 9, 10, 10, 10, 11, 11, 11, 11, 11, 12, 12, 12, 13, 13, 13, 13, 14, 14, 14, 14, 14, 14, 15, 15, 15, 15, 16, 16, 16, 16, 17, 17, 18, 18, 18, 18, 18, 18, 19, 19, 19, 19, 19, 19, 19, 19, 20, 20, 20, 20, 21, 21, 21, 21, 21, 21, 21, 21, 21, 21, 21, 22, 22, 22, 22, 22, 22, 22, 22, 22, 22, 22, 23, 23, 23, 23, 23, 23, 23, 23, 23, 23, 24, 24, 24], "to": [1, 4, 25, 0, 1, 4, 5, 9, 5, 1, 4, 25, 1, 13, 16, 5, 9, 5, 25, 5, 9, 16, 5, 8, 9, 10, 16, 8, 9, 16, 3, 5, 16, 25, 5, 9, 12, 16, 19, 25, 12, 14, 18, 24, 5, 8, 9, 25, 5, 23, 5, 9, 13, 20, 24, 25, 5, 8, 9, 16, 18, 20, 24, 25, 1, 13, 24, 25, 5, 8, 9, 13, 16, 18, 19, 20, 23, 24, 25, 1, 5, 8, 14, 16, 18, 19, 20, 23, 24, 25, 5, 8, 9, 11, 13, 16, 18, 19, 20, 24, 1, 8, 16], "influence_y": [[0, 6, 9, 13, 14, 16, 18, 19, 20, 21, 22]], "weights": [0.7386961018538746, -0.4416841863082085, 0.9516084202730413, -0.7740641275923629, -0.13188852110106727, -0.555503954824706, 0.2791872793699255, 0.02332617228935502, -0.07747793156560936, -0.19460528904366808, 0.22336301194344194, 1.0491092960640231, 0.2721930496375918, -0.29476669387932075, 0.2046236355136567, 0.28541396401678343, -0.20303532293844556, -1.2679989886601573, 0.8734656630964515, -1.0279024523730302, -0.6854259896078273, 0.142826507319647, -0.5977036739181829, 0.1405103870927486, -0.6099328122767689, -0.3624288425047442, 0.2420916601625872, -0.197942022176566, 0.0961608502790999, -0.09700705835789807, -1.6351125446547425, -0.14559970465164263, 0.09855713873899162, 1.0362207178155955, 0.21112393868678983, -0.0749986395229015, 0.1853833804754986, 0.1853730026966353, -0.09383827831287614, 1.0094067150309944, -0.32593073924011856, -0.2638443138862792, 0.16725371657201216, -0.23713313749012527, 0.21881366504758634, 0.11551865477903489, -0.12821945651256736, 0.5185024147240211, 0.2884120686425716, -0.3193233726424305, -0.2689058225751608, 0.09483170760854007, -0.10898567115022281, -0.35081967213114634, -0.527489913826506, -0.6024974438960684, 0.1834030677026039, -0.2619269919370922, 0.08052090495831057, -0.2318648619445891, -0.23380746841165123, -0.35081967213114507, -0.5353074897877181, -0.7682860406472475, 0.22031112360221086, 0.1685846212976265, -0.5341385064664169, -0.4492763534016152, -0.3615214047291155, -0.35340545758172026, 0.1442493956315526, -0.16540429103979962, -0.21220167926510725, -0.23288849194697073, -0.19555748784427984, -0.3508196721311473, -0.1397559114526905, -0.5366104191145893, -0.9959868334279278, -0.22602960285706541, -0.30876259933522787, -0.28087296023866853, 0.16011012471289549, -0.20622577998529892, -0.23597625286829743, -0.17289193446716983, -0.3508196721311468, -0.15916094717480805, -0.532232576576308, -0.9875656477535613, -0.3734380816856028, -0.17205095290933492, 0.20633340498582653, -0.16499897896671412, -0.17122028506294018, -0.09990286824901926, -0.23529111716185966, -0.1878608357305729, -0.3508196721311466, -0.533203965332292, -0.11878677170443355, 0.10864420568128555, 0.07153499301048732]}