{"from": [0, 0, 0, 2, 2, 2, 2, 3, 4, 5, 5, 6, 6, 6, 7, 7, 7, 8, 8, 8, 8, 9, 10, 10, 10, 11, 11, 11, 11, 11, 11, 11, 12, 12, 12, 12, 12, 13, 13, 13, 14, 14, 14, 14, 14, 14, 15, 15, 15, 15, 15, 15, 15, 15, 16, 16, 16, 17, 17, 18, 18, 18, 18, 18, 19, 19, 19, 19, 19, 19, 19, 19, 20, 20, 20, 21, 21, 21, 21, 21, 21, 21, 21, 21, 21, 21, 21, 22, 22, 22, 22, 22, 22, 22, 22, 22, 22, 23, 23, 23, 23, 23, 23, 23, 23, 23, 24, 24], "to": [1, 4, 25, 0, 1, 4, 25, 5, 25, 4, 25, 1, 4, 23, 1, 13, 16, 1, 5, 9, 25, 5, 5, 9, 16, 5, 8, 9, 10, 16, 23, 25, 3, 8, 9, 16, 20, 3, 16, 25, 1, 5, 12, 16, 20, 23, 3, 8, 12, 14, 18, 20, 24, 25, 5, 8, 9, 23, 25, 5, 12, 20, 23, 24, 5, 8, 14, 16, 18, 20, 23, 24, 8, 13, 24, 3, 5, 8, 9, 13, 16, 18, 19, 20, 23, 24, 25, 1, 5, 8, 16, 18, 19, 20, 23, 24, 25, 1, 5, 8, 9, 13, 16, 20, 24, 25, 1, 8], "influence_y": [[0, 2, 4, 5, 8, 11, 13, 15, 17, 21, 22, 23]], "weights": [0.761748492518671, -0.38577234900276797, 0.6423988888557609, -0.7379003352805883, -0.1417720488700304, -0.5258636074129204, 1.159876291193373, 0.34484026965453235, 0.5049836707017114, -0.1175600418243048, 1.0006357496108167, -0.15919857386304553, 0.2029080961815198, 0.053381984769423976, 0.2854751803367305, -0.2929926054115615, 0.1943948978754681, 0.10420421592045298, 0.31758773600586226, -0.21271872045759532, 0.4596029194715653, -1.308713431761184, -1.0009337665990707, -0.6843773073356699, 0.1607609623419896, -0.6422910736262236, 0.121279679407409, -0.6037362238469037, -0.34469696969696956, 0.2301355326136646, -0.12226907404370232, 1.141269916791333, 0.16145006943228113, -0.1665815200191873, 0.08963184907558785, -0.10869346193906987, -0.06710133330940249, -1.616469552751272, 0.09681377151206688, 0.30513492267481845, 0.12163778484317092, 0.25142033563385574, 0.17734864236678208, 0.18262435460624588, 0.0948013304610815, -0.1015809349837673, -0.25189878044910274, 0.2109466299155077, -0.3134673465962071, -0.21388273287702625, 0.16439608610056214, 0.1314744353143023, -0.2184049640010237, -0.976705152451439, 0.1710422478226365, 0.11436070709334308, -0.14261438921199804, -0.30177566201173206, 0.8754442261248575, -0.2527529843999808, 0.12268216380446458, -0.34172968537966253, -0.23343175905054864, -0.5615667721845311, 0.16202574915362827, -0.18977884959839675, -0.11573302302675183, -0.2354990951845855, -0.1968478584677256, -0.33992349523426335, -0.24992063902421632, -0.5640486467754531, 0.13007366636710593, 0.19028398348979225, -0.5679280818156281, 0.261553250933636, -0.2573523362003755, -0.28096617888715325, 0.13595485252196018, -0.15781854345683233, -0.24287496731507302, -0.18958287991530337, -0.15438596491228035, -0.3396219447892171, -0.2528302951044773, -0.5737003812956996, -0.7967412210686932, -0.2809983851966961, -0.35704207049592734, -0.24981244277980685, -0.21357994387029636, -0.19536097364446134, -0.15438596491228043, -0.36222559591995174, -0.25138924459212136, -0.5660240163478171, -0.6425036702771438, -0.1531295360098051, -0.39420363926797075, -0.1429312113608681, 0.17791600632209864, -0.1427719398444454, -0.12314599921180401, -0.3397874056437465, -0.5710626401845755, -0.40391911599542174, -0.24124938275594998, 0.2019363633471589]}