{"from": [0, 0, 0, 2, 2, 2, 3, 3, 3, 4, 6, 6, 6, 7, 7, 7, 8, 8, 9, 9, 10, 10, 10, 10, 10, 11, 11, 11, 11, 11, 12, 12, 12, 13, 13, 13, 14, 14, 14, 14, 14, 14, 15, 15, 15, 15, 15, 16, 16, 17, 17, 18, 18, 18, 18, 18, 18, 18, 18, 19, 19, 19, 19, 19, 19, 19, 19, 20, 20, 21, 21, 21, 21, 21, 21, 21, 21, 21, 21, 22, 22, 22, 22, 22, 22, 22, 22, 22, 22, 22, 23, 23, 23, 23, 23, 23, 23, 23, 23, 24, 24, 24], "to": [1, 4, 25, 0, 1, 4, 5, 8, 25, 5, 1, 4, 13, 1, 13, 16, 1, 5, 5, 8, 5, 8, 9, 13, 16, 5, 8, 9, 10, 16, 8, 9, 16, 3, 16, 24, 5, 9, 12, 16, 19, 24, 8, 12, 16, 18, 24, 5, 9, 9, 23, 5, 9, 12, 13, 19, 20, 23, 24, 5, 8, 9, 13, 16, 20, 24, 25, 1, 8, 5, 8, 9, 13, 16, 18, 19, 20, 23, 24, 1, 5, 8, 9, 16, 18, 19, 20, 23, 24, 25, 1, 5, 9, 11, 13, 16, 19, 20, 24, 1, 8, 20], "influence_y": [[0, 3, 19, 22]], "weights": [0.7242243962972889, -0.4298602403783277, 0.12253348126224473, -0.7560530779729028, -0.17109637077600814, -0.5382683269937598, 0.355503882408829, 0.039201007060890976, -0.22500495014099597, -0.09034415927012385, -0.1830495623624543, 0.24657071265039182, 0.08414315637542828, 0.26057407940969113, -0.29492295189242634, 0.14704978215282669, 0.0841941556899381, 0.31585750191354983, -1.2268731839339002, -0.5617237708570335, -0.989032597017033, -0.3656832927038834, -0.6777019055461171, -0.11374904393086721, 0.15973494924776127, -0.5501906216321784, -0.21018291974714234, -0.6269597182410946, -0.3428030303030305, 0.22493864268952585, -0.11489267030071153, 0.13622868183402295, -0.08660234918720824, -1.6243252606040934, 0.08172291597788445, -0.0585179271020127, 0.29898774466237443, -0.07682386882311656, 0.16775957747142017, 0.18401113823545995, -0.11851874791528627, -0.0812643591741049, 0.19931550778446538, -0.29703730852519666, 0.13580148157323751, 0.14516513126270744, -0.31138653604711114, 0.21062173573387344, -0.14758328573038296, -0.1515401575511087, -0.3082873352602444, -0.2573164684128923, 0.11832133207614273, 0.12914174420748037, -0.2087301745974209, -0.24595605981247293, -0.5602094240837714, -0.18244645923340524, -0.3555296743600406, 0.16906110375795408, -0.1211632839608849, 0.16480096408338626, -0.19158963647275568, -0.27250584269457945, -0.5602094240837697, -0.3634794645890999, -0.667855598795697, 0.16313294158696845, 0.11138702511623899, -0.30034929292881835, -0.1969036214143915, 0.26823828512936215, -0.26013675220773924, -0.2689708962337972, -0.15926915485477622, -0.24609467823108866, -0.5602094240837705, -0.1810041793023631, -0.3678509621442807, -0.25304199968438823, -0.40338508298511716, -0.20665367782445146, 0.12391189674205605, -0.2295182803022121, -0.16140011453317615, -0.22504731018025406, -0.5602094240837702, -0.19447036437280774, -0.34208108724910075, -0.9076467082805707, -0.1459067845738541, -0.4039557382666834, 0.24719472019604571, -0.1576496844697554, -0.2755640798505886, -0.1827657472392106, -0.24317434637825716, -0.5602094240837705, -0.3665147611637171, -0.17368322452958868, 0.2321591354139968, -0.5602094240837698]}