{"from": [0, 0, 1, 2, 2, 2, 3, 3, 5, 5, 6, 6, 6, 6, 7, 7, 7, 8, 8, 9, 10, 10, 10, 10, 11, 11, 11, 11, 11, 11, 12, 12, 12, 12, 12, 12, 13, 13, 13, 14, 14, 14, 14, 14, 14, 15, 15, 15, 15, 15, 15, 16, 16, 16, 17, 17, 17, 17, 17, 18, 18, 18, 18, 18, 18, 18, 19, 19, 19, 19, 19, 19, 19, 19, 19, 20, 20, 21, 21, 21, 21, 21, 21, 21, 21, 21, 21, 21, 22, 22, 22, 22, 22, 22, 22, 22, 22, 22, 23, 23, 23, 23, 23, 23, 23, 23, 23, 24, 24], "to": [1, 4, 25, 0, 1, 4, 5, 25, 4, 25, 1, 4, 13, 23, 1, 13, 16, 5, 9, 5, 5, 9, 13, 16, 5, 8, 9, 10, 16, 23, 3, 8, 9, 13, 16, 25, 3, 8, 16, 5, 9, 12, 16, 19, 23, 3, 8, 12, 14, 18, 24, 5, 8, 9, 3, 8, 9, 13, 23, 5, 8, 9, 13, 20, 23, 24, 8, 9, 13, 16, 18, 20, 23, 24, 25, 1, 24, 3, 5, 8, 9, 13, 16, 18, 19, 20, 23, 24, 1, 5, 8, 16, 18, 19, 20, 23, 24, 25, 1, 5, 8, 9, 13, 16, 20, 24, 25, 1, 25], "influence_y": [[1, 3, 5, 12, 19, 22, 23, 24]], "weights": [0.7325535303809048, -0.40929452823201296, 0.4880546161707418, -0.7593429508587668, -0.14837868799027437, -0.5557170752507654, 0.36629718238628173, -0.3220145835507674, -0.09441889905740786, 0.5499227719679022, -0.1864878991852498, 0.1894154494553589, 0.06770038679044837, 0.05122749086186116, 0.2650337301432311, -0.28330540154306316, 0.20858506678894684, 0.3318919192376891, -0.20867318930407763, -1.2370765594555675, -1.0294102900128157, -0.6598819949766451, -0.10781345058194461, 0.14098109620590316, -0.6296564482798238, 0.1420257057378116, -0.5824122892798314, -0.34210526315789525, 0.24844007713828792, -0.11468376389779061, 0.12884589655004097, -0.17366502136093548, 0.0908526279923491, -0.07277811485145708, -0.095737109221292, 0.41837513113056163, -1.622340849319272, -0.0794645898469506, 0.11874506525874931, 0.2736702358178565, -0.07839235445944986, 0.192673775959369, 0.18452534206538354, -0.09053318308159858, -0.07336596248765852, -0.2812549919516776, 0.18127684455895965, -0.2806837364687002, -0.26262458471760847, 0.15654755066741877, -0.2203496483951316, 0.16151698925182822, 0.11153186915213935, -0.13437691558600978, -0.23490250465939538, 0.15272090234692737, -0.13280906599976933, 0.16712169806925595, -0.28911918533128994, -0.2953766101642026, -0.18423646144704658, 0.10512379048291173, -0.18225722331905245, -0.3489932885906043, -0.23408183687280654, -0.5293544086292438, -0.3406758487009525, 0.10232499942648512, -0.20922711240261094, -0.23668531403442233, -0.1941410809232164, -0.3489932885906033, -0.2429636604725568, -0.5341972580445183, -0.654878379240349, 0.16964206462002926, -0.5357106484867945, 0.3085610770512546, -0.36131265354155406, -0.4259338086284356, 0.19121085982395092, -0.2558915465434987, -0.24604197431031172, -0.1887205043191407, -0.16364024983548903, -0.3489932885906051, -0.2420520839958924, -0.5418270302365136, -0.2725543206895258, -0.38718809558515793, -0.36521153879987334, -0.1945992724428818, -0.19451212661538328, -0.14910403028039676, -0.34899328859060336, -0.24608494363148764, -0.5336749899703239, -0.49305627648596295, -0.1270421353552376, -0.4847405374139594, -0.2735205693055335, 0.20167711099475444, -0.22239305753417582, -0.10062959330997162, -0.3489932885906031, -0.5392577636132935, -0.42734299648816526, -0.17583564898253176, 0.6222611761306132]}