{"from": [0, 0, 2, 2, 2, 3, 4, 4, 4, 5, 5, 6, 7, 7, 7, 7, 8, 8, 9, 9, 10, 10, 10, 10, 10, 11, 11, 11, 11, 11, 11, 12, 12, 12, 12, 13, 13, 13, 13, 14, 14, 14, 14, 14, 14, 15, 15, 15, 15, 15, 16, 16, 16, 16, 17, 18, 18, 18, 18, 19, 19, 19, 19, 19, 19, 20, 20, 20, 21, 21, 21, 21, 21, 21, 21, 21, 21, 21, 21, 22, 22, 22, 22, 22, 22, 22, 22, 22, 23, 23, 23, 23, 23, 23, 23, 23, 23, 23, 24, 24, 24], "to": [1, 25, 0, 1, 25, 25, 0, 2, 5, 3, 25, 1, 1, 13, 16, 25, 5, 9, 3, 5, 3, 5, 9, 16, 25, 5, 8, 9, 10, 16, 25, 3, 8, 9, 16, 3, 5, 16, 25, 5, 9, 12, 16, 19, 25, 8, 12, 14, 18, 24, 5, 8, 9, 25, 23, 9, 19, 20, 24, 5, 8, 9, 16, 20, 24, 1, 8, 24, 3, 8, 9, 13, 16, 18, 19, 20, 23, 24, 25, 1, 5, 8, 16, 18, 19, 20, 23, 24, 5, 8, 9, 11, 13, 16, 18, 19, 20, 24, 1, 8, 25], "influence_y": [[0, 2, 3, 5, 7, 10, 11, 13, 14, 16, 21, 24]], "weights": [0.7628697834923132, 0.6480533030601522, -0.8028615666627371, -0.12051382885493023, 2.1305579422383727, 2.961206534419291, -0.19120919588636892, -0.23828838388672166, -0.06035265840539106, 0.15722656525227632, 0.9676384242275157, -0.1872439525758099, 0.29988120970069587, -0.28609945089678446, 0.20914370581550873, 1.207395896367024, 0.37058996493482826, -0.19842875388822886, 0.2631426985614187, -1.2687299380904955, 0.22178476642944506, -0.9632812319458981, -0.6871122525652872, 0.15216239324570505, 1.6198719593322741, -0.5897703525004409, 0.12893938511400535, -0.6095083052534606, -0.33460803059273336, 0.26879913254498783, 0.8271390392957739, 0.1508056242485488, -0.18178581715615322, 0.09246274151492515, -0.08951635960925454, -1.5252306176609596, -0.5920408318818878, 0.11518481367886013, 2.455767285429168, 0.26244363983714575, -0.06964430003263884, 0.21471379520489878, 0.19682620324609007, -0.10704729929725659, 1.6194841739745636, 0.21496436784847822, -0.29790270077440933, -0.2532398050172387, 0.13866020668116402, -0.1991270671697561, 0.20980249398199016, 0.11892384902617495, -0.12384536354997906, 1.6374823422937839, -0.2879909222999875, 0.09935643240563498, -0.2377804631808574, -0.33774834437086054, -0.5320567406339659, 0.2767602500307859, -0.2171204969948265, 0.09201813290657979, -0.2596346698764067, -0.33774834437086076, -0.5384801944136353, 0.19030973083405286, 0.16297576244425124, -0.537913419080135, 0.27247337975639574, -0.3121760138936573, 0.1737618852739133, -0.21087399555297437, -0.22634823657521647, -0.18035125365423316, -0.2417712616195712, -0.33774834437086054, -0.14606275596706064, -0.5425371125902689, -0.5012722400228897, -0.19948832181445394, -0.2390372144713547, -0.2570448013348384, -0.23270880950494105, -0.1849303316870458, -0.22597377575836627, -0.33774834437086215, -0.15289845381319056, -0.535961192931411, -0.3227490242337045, -0.13827899396075505, 0.21315662086181664, -0.156596921299162, -0.1755053474969897, -0.15685696221245232, -0.18257622487825592, -0.23941228176770743, -0.33774834437086265, -0.5393418772377372, -0.13123277805677974, 0.17040881906951144, 2.6559024306330676]}