{"from": [0, 0, 0, 2, 2, 2, 2, 3, 3, 4, 5, 6, 6, 6, 7, 7, 7, 8, 8, 9, 9, 10, 10, 10, 10, 11, 11, 11, 11, 11, 11, 12, 12, 12, 12, 13, 13, 13, 14, 14, 14, 14, 14, 14, 15, 15, 15, 15, 15, 15, 15, 15, 15, 15, 16, 16, 16, 17, 17, 17, 17, 17, 18, 18, 18, 18, 18, 18, 18, 19, 19, 19, 19, 19, 19, 19, 19, 20, 20, 20, 20, 21, 21, 21, 21, 21, 21, 21, 21, 21, 21, 21, 22, 22, 22, 22, 22, 22, 22, 22, 22, 23, 23, 23, 23, 23, 23, 23, 24, 24, 24], "to": [1, 4, 25, 0, 1, 4, 25, 5, 25, 5, 25, 1, 23, 25, 1, 13, 16, 5, 9, 5, 25, 5, 9, 16, 25, 5, 8, 9, 10, 16, 23, 3, 8, 9, 16, 3, 16, 25, 5, 9, 12, 16, 19, 23, 3, 8, 12, 14, 16, 18, 20, 23, 24, 25, 5, 8, 9, 3, 5, 9, 23, 25, 5, 9, 13, 19, 20, 23, 24, 5, 8, 9, 16, 20, 23, 24, 25, 1, 8, 24, 25, 3, 5, 8, 9, 13, 16, 18, 19, 20, 23, 24, 1, 5, 8, 16, 18, 19, 20, 23, 24, 5, 8, 9, 13, 16, 20, 24, 8, 9, 25], "influence_y": [[0, 2, 3, 5, 6, 9, 10, 13, 15, 17, 19, 20, 24]], "weights": [0.7346230399884754, -0.43799726515462833, 1.7916873258838237, -0.7488145369910103, -0.13436929589770413, -0.5679373228702779, 0.9359206127265163, 0.35574019396989354, 3.3783318019103774, -0.07679569995007006, 3.6780185085692865, -0.16742776206121968, 0.050704580552328286, 1.1635430417815151, 0.2862767375706769, -0.3132383376922846, 0.18825400224004307, 0.32196454077440056, -0.20597395138903463, -1.2129542359906198, 1.6065158582276466, -0.9918034559245116, -0.6696665961117964, 0.11824155678419694, 3.2532820299614653, -0.5864454179827339, 0.14587628059390595, -0.5887397303044395, -0.3498098859315597, 0.2187564806854876, -0.11866151673801408, 0.12913806958997176, -0.15947195863706062, 0.09168547196504953, -0.08004441868143333, -1.6031377182995457, 0.10920537876997526, 3.6483876010061485, 0.26017408133665265, -0.07996197978329905, 0.19378297663542896, 0.16976260445229194, -0.09697230963615869, -0.06853862060844323, -0.30938156455757, 0.2758583923938415, -0.33797454552062833, -0.25633099512543156, 0.1483363241936396, 0.14205264013459157, 0.16740176566836798, 0.13523598702356587, -0.2541911383985063, 2.397003421824217, 0.22809422000736257, 0.10498749638743954, -0.13628899438372072, -0.24707198832651892, 0.2632672001940509, -0.13723800792454394, -0.29530861122243834, 2.9355493102833257, -0.2644182796388212, 0.13028381621502932, -0.17292594419521623, -0.193833819656844, -0.35004410594010327, -0.22949653627353184, -0.5299643524526475, 0.1827292620889578, -0.18995571087389118, 0.11216045300831241, -0.24521926035287134, -0.3445853527117861, -0.2363399407294441, -0.538253193922162, 3.0000773823798808, 0.24231140936882833, 0.1408196177838044, -0.5349484924212436, -0.6648406667670964, 0.23494618917789184, -0.37419842757403204, -0.2776170964321776, 0.20243950923380744, -0.2594101408316694, -0.2899663239871895, -0.15807081371619794, -0.19960999636125884, -0.33999999999999964, -0.23875133560337625, -0.5452158207565556, -0.21869710633816414, -0.3113183946208644, -0.2516153101561939, -0.21406608075346326, -0.16386219058322682, -0.1811852575303889, -0.34682484121571017, -0.2428428809727748, -0.534852643575695, -0.3687929818901163, -0.15698708804485595, 0.21659240110819186, -0.21905608820196265, -0.13235100259905697, -0.34811994771402893, -0.5328860896756178, 0.20180852323483645, 0.06985270982203973, 2.8112246158153287]}