{"from": [0, 0, 0, 2, 2, 2, 2, 2, 3, 5, 6, 6, 6, 7, 7, 7, 7, 8, 9, 9, 9, 10, 10, 10, 10, 11, 11, 11, 11, 11, 11, 12, 12, 12, 12, 12, 13, 13, 13, 14, 14, 14, 14, 14, 14, 15, 15, 15, 15, 15, 15, 15, 16, 16, 16, 17, 17, 17, 18, 18, 18, 18, 18, 18, 19, 19, 19, 19, 19, 19, 19, 20, 20, 20, 20, 21, 21, 21, 21, 21, 21, 21, 21, 21, 21, 22, 22, 22, 22, 22, 22, 22, 22, 22, 22, 22, 22, 23, 23, 23, 23, 23, 23, 23, 24, 24, 24], "to": [1, 4, 25, 0, 1, 4, 5, 9, 5, 4, 1, 4, 25, 1, 13, 16, 25, 5, 5, 8, 25, 5, 8, 9, 16, 5, 8, 9, 10, 16, 25, 3, 8, 9, 16, 25, 3, 16, 25, 5, 9, 12, 16, 19, 25, 3, 8, 12, 14, 16, 18, 24, 5, 9, 25, 3, 9, 23, 5, 9, 19, 20, 23, 24, 5, 8, 9, 16, 20, 24, 25, 1, 8, 24, 25, 3, 5, 8, 9, 16, 18, 19, 20, 23, 24, 1, 5, 8, 9, 14, 16, 18, 19, 20, 23, 24, 25, 5, 9, 11, 13, 19, 20, 24, 8, 9, 16], "influence_y": [[0, 6, 7, 9, 11, 12, 13, 14, 16, 19, 20, 22]], "weights": [0.757949774726564, -0.4529299102547392, 0.2506400371438511, -0.7565508563636136, -0.1299904162290627, -0.5811093302413299, 0.04683588111276194, -0.020073954460540257, 0.3454658839816406, -0.09232374639901925, -0.16773519920651883, 0.1720467864009892, 0.7539343201051132, 0.24038640240192294, -0.2804290041835562, 0.21052896653639017, 3.0183399521005794, 0.3180813363260318, -1.2687631939502935, -0.49595483336870283, 2.6498196810047956, -1.0459656469416785, -0.3420830760837977, -0.6883975239045323, 0.14030605161350843, -0.6195591258532451, -0.14062242812543277, -0.63045875886029, -0.33333333333333387, 0.2481066977354661, 2.5682190081936542, 0.13221595046610046, -0.11709874775716339, 0.13180827757726582, -0.08708643266617175, 1.5152591248810472, -1.6211033595798228, 0.12949659623115015, 3.1065919349523936, 0.15711061553919628, -0.0886693578524696, 0.17370572006512977, 0.19804255257161324, -0.11458926908126715, 1.394063882835595, -0.30962435827293966, 0.2148697079999451, -0.3146683587090614, -0.24880147107112352, 0.18707478246239748, 0.14101871951662956, -0.20329967273097954, 0.21218624268839525, -0.14549192188659515, 0.9275452221981869, -0.3116440328693834, -0.1474148830695428, -0.29872791277169514, -0.22880026621005656, 0.17133704828599822, -0.24304702277173787, -0.3389261744966452, -0.17838184771123883, -0.509426925149729, 0.18732487755162358, -0.17358492506710801, 0.17539436961146962, -0.20983983311242252, -0.3389261744966444, -0.5160562623040025, 2.3340768151375446, 0.21767939039834788, 0.12348320624977645, -0.5154655292902565, 2.1349065637929225, 0.29329356457100275, -0.3243179517694275, -0.19526419143851964, 0.29415873715638974, -0.21287732110430332, -0.1570284569259101, -0.24720172141679075, -0.3389261744966455, -0.18222513079952993, -0.5201269079250446, -0.2119290628045978, -0.2661109423428011, -0.2174089551928363, 0.1819011925332351, 0.14399270526544408, -0.19060902422248927, -0.16157256174384635, -0.22283150092474668, -0.33892617449664353, -0.190032913696893, -0.5135758980626071, -0.8719715279275353, -0.4445856465284004, 0.2887657955465087, -0.16527401828096172, -0.16848297314286953, -0.24137867326020943, -0.33892617449664403, -0.5187740365396628, 0.20586082913962556, 0.07681126576048408, 0.10037502410528279]}