{"from": [0, 0, 1, 1, 2, 2, 2, 3, 3, 4, 5, 6, 6, 7, 7, 7, 7, 8, 8, 8, 9, 10, 10, 10, 10, 11, 11, 11, 11, 11, 11, 12, 12, 12, 12, 13, 13, 13, 13, 14, 14, 14, 14, 14, 15, 15, 15, 15, 15, 15, 15, 15, 16, 16, 16, 16, 17, 17, 18, 18, 18, 18, 18, 18, 18, 18, 19, 19, 19, 19, 19, 19, 19, 20, 20, 21, 21, 21, 21, 21, 21, 21, 21, 21, 21, 22, 22, 22, 22, 22, 22, 22, 22, 22, 22, 22, 23, 23, 23, 23, 23, 23, 23, 23, 23, 23, 23, 24, 24, 24, 24], "to": [1, 4, 5, 25, 0, 1, 4, 5, 25, 25, 4, 1, 4, 1, 13, 16, 25, 5, 9, 25, 5, 5, 9, 16, 25, 5, 8, 9, 10, 16, 25, 3, 8, 9, 16, 3, 16, 24, 25, 5, 9, 12, 16, 19, 3, 8, 12, 14, 16, 18, 24, 25, 5, 8, 9, 25, 8, 23, 1, 5, 8, 9, 19, 20, 24, 25, 5, 8, 9, 16, 20, 24, 25, 1, 25, 3, 5, 8, 9, 16, 18, 19, 20, 23, 24, 1, 5, 8, 14, 16, 18, 19, 20, 23, 24, 25, 5, 8, 9, 11, 13, 16, 18, 19, 20, 24, 25, 1, 8, 20, 25], "influence_y": [[1, 3, 4, 7, 8, 10, 11, 13, 15, 16, 18, 19, 20, 22, 23, 24]], "weights": [0.7447320224949152, -0.3973306709885286, -0.05899543004123109, 4.086207439283209, -0.7707848214481072, -0.13729748817309953, -0.541424513716551, 0.3482095673570199, 1.45039571018353, -0.2702311132659412, -0.10406743921989947, -0.1703601210488559, 0.1932614662026085, 0.27626252523006134, -0.28294982385621903, 0.19670269254342826, 2.2497389442425315, 0.30602345407434506, -0.2065496555177379, 0.4682467268161964, -1.3070176949571608, -1.0527495148996644, -0.6745338410222811, 0.14055116647652163, 2.1664533269242616, -0.656137789325981, 0.12011666893886438, -0.599915151889935, -0.33205374280230326, 0.23691318524710617, 4.6800358707676555, 0.12911069115872692, -0.15860530015445146, 0.09408411713196936, -0.09881212713194021, -1.6338451739515576, 0.11645214222280093, -0.0567558165506567, 5.794286678287722, 0.21955006097989743, -0.07586475305407722, 0.20383234989962853, 0.17241880292728495, -0.1256370833262515, -0.3164581343865623, 0.23838761163131833, -0.33603017215159026, -0.24479542917186525, 0.13908008223101942, 0.1372130963959007, -0.2878174864812341, 4.32058594544365, 0.1769308171461554, 0.11609825563298379, -0.13320828805316268, 1.7527394914789, 0.14585321309882998, -0.301679796202369, 0.13342444291739863, -0.2007330846190598, -0.11900046254137078, 0.0994374845914029, -0.24701936052347734, -0.5618556701030923, -0.35050884741395777, -1.0546287656145354, 0.16864955464172865, -0.2842710912435017, 0.0915814329439312, -0.24982056722228224, -0.5618556701030917, -0.3570278730210513, 4.005237807518282, 0.23528096272963891, 4.704669466457071, 0.25505783212783384, -0.28682701250482034, -0.36359912123593036, 0.1631645522712517, -0.2885869155850108, -0.18397881345961672, -0.2532874084168958, -0.5618556701030912, -0.14709004901804149, -0.37019781493488046, -0.1713835987019072, -0.3435309757826832, -0.3168468703157996, 0.1611105778702811, -0.20372735549448182, -0.18941133196998516, -0.22492932389468623, -0.5618556701030938, -0.159526644698221, -0.3526405319180826, -1.8418075385387278, -0.40611864495011596, -0.19021694441724923, 0.22199266126554454, -0.16698050292260044, -0.1602826461334494, -0.13090026042661349, -0.18590295113321603, -0.24638458935598193, -0.5618556701030917, -0.3654050094095268, 1.1057653073763931, -0.11517193974213041, 0.12198581626104059, -0.5618556701030927, 3.0482576238050507]}