{"from": [0, 0, 1, 2, 2, 2, 3, 3, 4, 5, 6, 6, 7, 7, 7, 8, 8, 8, 9, 10, 10, 10, 10, 11, 11, 11, 11, 11, 12, 12, 12, 12, 13, 13, 14, 14, 14, 14, 14, 15, 15, 15, 15, 15, 15, 16, 16, 16, 16, 17, 17, 17, 17, 18, 18, 18, 18, 18, 18, 19, 19, 19, 19, 19, 19, 20, 20, 20, 21, 21, 21, 21, 21, 21, 21, 21, 21, 21, 21, 21, 22, 22, 22, 22, 22, 22, 22, 22, 22, 22, 23, 23, 23, 23, 23, 23, 23, 23, 23, 23, 23, 24, 24], "to": [1, 4, 25, 0, 1, 4, 5, 25, 25, 4, 1, 4, 1, 13, 16, 5, 9, 25, 5, 5, 9, 13, 16, 5, 8, 9, 10, 16, 3, 8, 9, 16, 3, 16, 5, 12, 16, 19, 25, 3, 8, 12, 16, 18, 24, 5, 8, 9, 25, 3, 8, 23, 25, 5, 9, 13, 19, 20, 24, 5, 8, 16, 20, 24, 25, 1, 13, 24, 3, 5, 8, 9, 13, 16, 18, 19, 20, 23, 24, 25, 1, 5, 8, 16, 18, 19, 20, 23, 24, 25, 5, 8, 9, 11, 13, 16, 18, 19, 20, 24, 25, 1, 8], "influence_y": [[1, 3, 4, 8, 14, 16, 17, 19, 21, 22, 23]], "weights": [0.7431460459213496, -0.41467714479050427, 0.49521808445361604, -0.7758111214210041, -0.13499380550259948, -0.5224228934045192, 0.3548177574111414, -0.18718426241024644, 0.45292160653936375, -0.09416404572415482, -0.19325443994605912, 0.21632275414041946, 0.27417990382929647, -0.29789360329922454, 0.1958598723569733, 0.3210042648940204, -0.20440664261814406, 0.20126993160965334, -1.2216750303596036, -1.0433508507963511, -0.6758502244799593, -0.10514300135327716, 0.13607811099062628, -0.5892178283485059, 0.12049192844510505, -0.5924376141185242, -0.3435114503816794, 0.23176046683042814, 0.12367329742115862, -0.16907502539541924, 0.0845028594529682, -0.08785277988261064, -1.619337654854064, 0.10129282687698107, 0.22199375307163563, 0.21829501792621306, 0.1859117333534938, -0.10647828719322458, 0.670290623770873, -0.38558162044256394, 0.19205753466300554, -0.3625560595741406, 0.17955788648698595, 0.14581186082782407, -0.1884135267227975, 0.22895410117174594, 0.10975213630546785, -0.13710376150555015, 0.2531436543875648, -0.2715053760521501, 0.18288681152851807, -0.2860095151718325, 0.7402227479132957, -0.2611653909561578, 0.09372514946662187, -0.11242420803334724, -0.23621762633257565, -0.35197368421052566, -0.5468986684229786, 0.18456698861560467, -0.257881020430672, -0.2564662912921555, -0.3519736842105259, -0.5530425877726336, -0.49575877505895083, 0.2197334543361139, 0.15646065205579243, -0.5521812906675421, 0.2525881101038601, -0.2835253855031234, -0.3658560996355166, 0.16436298704352792, -0.1644645043525513, -0.2792865800987527, -0.18457335784934126, -0.23857833638216513, -0.351973684210526, -0.14409484108684562, -0.5568151698294396, -0.908101487273604, -0.19025676387498766, -0.309346288409055, -0.27147540737083964, -0.18219874377659034, -0.1922476663139634, -0.21846709587459773, -0.35197368421052655, -0.15840065483564153, -0.5468986684229763, -1.2034685842288075, -0.5009878113640928, -0.1682010070912555, 0.19719514018020157, -0.16879204325038188, -0.16443450102734666, -0.1360380902845427, -0.18691308603977516, -0.2375304114333217, -0.3519736842105257, -0.5537918462299072, -0.6743892565224561, -0.14279428790494048, 0.1342707199859463]}