{"from": [0, 0, 0, 0, 2, 2, 2, 3, 3, 4, 4, 5, 6, 6, 6, 7, 7, 7, 7, 8, 8, 9, 10, 10, 10, 10, 11, 11, 11, 11, 11, 11, 12, 12, 12, 12, 12, 12, 13, 13, 13, 14, 14, 14, 14, 15, 15, 15, 15, 15, 16, 16, 16, 16, 17, 17, 17, 17, 17, 18, 18, 18, 18, 18, 18, 18, 18, 19, 19, 19, 19, 19, 19, 19, 20, 21, 21, 21, 21, 21, 21, 21, 21, 21, 21, 21, 22, 22, 22, 22, 22, 22, 22, 22, 22, 22, 22, 22, 23, 23, 23, 23, 23, 23, 23, 23, 23, 23, 23, 23, 24, 24, 24], "to": [1, 4, 5, 25, 0, 1, 4, 5, 25, 5, 25, 25, 1, 13, 25, 1, 13, 14, 16, 5, 9, 5, 5, 9, 13, 16, 5, 8, 9, 10, 16, 25, 3, 8, 9, 13, 16, 25, 3, 16, 25, 5, 12, 16, 19, 3, 12, 14, 18, 24, 5, 8, 9, 25, 3, 5, 13, 23, 25, 5, 8, 9, 13, 19, 20, 24, 25, 5, 8, 9, 13, 16, 20, 24, 1, 3, 5, 8, 9, 13, 16, 18, 19, 20, 23, 24, 1, 5, 8, 13, 14, 16, 18, 19, 20, 23, 24, 25, 1, 5, 8, 9, 11, 13, 16, 18, 19, 20, 24, 25, 1, 20, 25], "influence_y": [[0, 3, 4, 5, 6, 11, 12, 13, 16, 17, 18, 22, 23, 24]], "weights": [0.7297012472086394, -0.4435981701541904, -0.0355949213023186, 1.384185306172182, -0.7716434020207641, -0.14876504788161382, -0.5796595402350809, 0.3704962217397494, -0.26612032536776975, -0.062416131262217664, 0.4587120906073687, 1.8385516738041723, -0.17244794317388665, 0.07458505833988752, 0.9702149929544562, 0.25280678439705473, -0.3011254785043853, -0.10079435464693112, 0.19529777682754357, 0.3312667485548104, -0.20159326459713778, -1.2004778210561806, -1.0174073414555176, -0.6793513786176804, -0.09733151459006725, 0.17636313862679615, -0.544827479016951, 0.14160596387384458, -0.5935259587814569, -0.3435700575815741, 0.2746370078895066, 0.6922285943392946, 0.13689909273725098, -0.1823141824290526, 0.07912215920052623, -0.09414922868640452, -0.10714082280749361, 1.0286738287255335, -1.5887117396518935, 0.10595682757294174, 0.9849773487624323, 0.26212409984331236, 0.23379003396644457, 0.15884415318846457, -0.12617002247863882, -0.21727680436692678, -0.3701750793886814, -0.18830636466871267, 0.14286759235636956, -0.2835089472151542, 0.2023327765814229, 0.10579345050192102, -0.1283551612450721, 0.8846906236690735, -0.26698869988063284, 0.3374183662604167, 0.1902273362957791, -0.3278636478853757, 1.160214854756473, -0.25923142852115344, -0.15536323211910955, 0.100752253611558, -0.22840863122397334, -0.23986405157826354, -0.5572916666666679, -0.33473683319244973, 1.8405165251329225, 0.19009303134842206, -0.34762351688007914, 0.08828922193101614, -0.1830208732844637, -0.24525070804124618, -0.5572916666666665, -0.3440832820017405, 0.1555095996865618, 0.2621725887710257, -0.26285631279869837, -0.43612806352512506, 0.18431362866584425, -0.2813775179492807, -0.23439997024702197, -0.18837413347706777, -0.24225888716976407, -0.5572916666666667, -0.15606873401243956, -0.3502009575860038, -0.26689714064287434, -0.36905872039503773, -0.3601994405397178, -0.16433182019398812, 0.14196173464628933, -0.2372057850725298, -0.19347129629183915, -0.2204009587472222, -0.5572916666666672, -0.16270473923550588, -0.3400860586116036, -0.8806305961852559, -0.16060803891766282, -0.40493065788130056, -0.27816863865335256, 0.21668447377848643, -0.16831779331779348, -0.25537676906646734, -0.14437229720236433, -0.19129642513890172, -0.24082513691432586, -0.5572916666666683, -0.3444019109384217, -0.32764611296152235, -0.19012015863964607, -0.5572916666666683, 2.4235128779812087]}