{"from": [0, 0, 1, 1, 2, 2, 2, 3, 3, 4, 4, 6, 6, 7, 7, 7, 7, 8, 8, 9, 9, 10, 10, 10, 10, 11, 11, 11, 11, 11, 11, 11, 12, 12, 12, 12, 12, 12, 13, 13, 13, 13, 14, 14, 14, 14, 14, 14, 15, 15, 15, 15, 15, 15, 15, 16, 16, 16, 16, 17, 17, 17, 17, 17, 18, 18, 18, 18, 18, 18, 18, 18, 18, 19, 19, 19, 19, 19, 19, 19, 19, 19, 20, 20, 20, 20, 21, 21, 21, 21, 21, 21, 21, 21, 21, 21, 21, 21, 22, 22, 22, 22, 22, 22, 22, 22, 22, 22, 22, 23, 23, 23, 23, 23, 23, 23, 23, 24, 24, 24], "to": [1, 4, 5, 25, 0, 1, 4, 5, 25, 5, 25, 1, 4, 1, 13, 14, 16, 5, 9, 5, 25, 5, 9, 13, 16, 5, 8, 9, 10, 16, 23, 25, 3, 8, 9, 13, 16, 25, 3, 4, 16, 25, 5, 9, 12, 16, 19, 23, 3, 8, 12, 14, 16, 18, 24, 5, 8, 9, 25, 3, 9, 13, 23, 25, 1, 5, 8, 9, 13, 19, 20, 23, 24, 5, 8, 9, 13, 16, 20, 23, 24, 25, 1, 13, 24, 25, 3, 5, 8, 9, 13, 16, 18, 19, 20, 23, 24, 25, 1, 5, 8, 14, 16, 18, 19, 20, 23, 24, 25, 5, 8, 9, 13, 16, 20, 24, 25, 1, 8, 25], "influence_y": [[1, 3, 4, 9, 11, 12, 13, 16, 17, 19, 20, 21, 22, 23, 24]], "weights": [0.7363365722297275, -0.3942768070189795, -0.055926978435589206, 0.6633109425169617, -0.7546077187550317, -0.14465278120708983, -0.5207432004481688, 0.340401952688412, 0.5759602351557342, -0.06874584730586551, 1.5047524507333823, -0.1815497028648562, 0.24846416136607916, 0.2604455351225088, -0.3179520331984563, -0.10060586581727152, 0.20295250727630285, 0.31812000010105035, -0.18830432852957044, -1.246111140405148, -0.6675832788136313, -0.9751022830309695, -0.6788845131672453, -0.10229976153599567, 0.12518815426477062, -0.5848420162154702, 0.13390332520482537, -0.6028072826832847, -0.35508637236084456, 0.22201358778470975, -0.11880853520653101, -0.7583791034283307, 0.13770378056428811, -0.16866674490924008, 0.09179938263565557, -0.08831876966137057, -0.0844638799935842, 1.365664317237267, -1.6055680037766338, 0.1825848390525745, 0.09596277674718227, 1.3647864452083338, 0.252412560092353, -0.07101938613561705, 0.21316489837057886, 0.20141296877885295, -0.10311196549164445, -0.09087202421177647, -0.2965103429387017, 0.21950956002992128, -0.27652216333742863, -0.26777088416140193, 0.1314883880317104, 0.13767357493402843, -0.23736326666576327, 0.2165370538456575, 0.12051915644190914, -0.10980797861175146, 1.6486732059726485, -0.2575014938957657, -0.1424934745882093, 0.17901439379071823, -0.2696183979254785, 2.496698216627886, 0.17925869240664366, -0.19686478461510304, -0.1425225370872123, 0.10269618705308678, -0.1539926109406498, -0.1873235077086696, -0.33006535947712445, -0.22561088217957617, -0.5278155499187673, 0.1312181628921389, -0.29018963222404415, 0.0759886034481339, -0.12469713691528303, -0.2496854581505477, -0.3300653594771217, -0.23851953284085337, -0.5357276588076311, -0.7437473378595205, 0.26101349737254986, 0.13009246459105478, -0.5348659439781489, -0.763646230213308, 0.22685152811984569, -0.3100212741042323, -0.4331416516919647, 0.17468757092435377, -0.21085145698783309, -0.26915049592115836, -0.1485773220688032, -0.19005133748358122, -0.33006535947712223, -0.24446792497114495, -0.5366067820175029, 1.7722402175707923, -0.1460789406330985, -0.3554430690572247, -0.3409197264449914, 0.13942433477408656, -0.19687295207243471, -0.15092287186397305, -0.17278963066794162, -0.3300653594771234, -0.23247827961054893, -0.532562815252084, 1.834432790391138, -0.4716990210969688, -0.27885145238303144, 0.1926510539342157, -0.18447583633480913, -0.1149829007538626, -0.33006535947712434, -0.535816558907503, 1.8532320524392731, -0.09358505774892324, 0.09380442914902681, 2.264886178082495]}