{"from": [0, 0, 2, 2, 2, 3, 3, 5, 6, 6, 7, 7, 7, 8, 8, 8, 9, 10, 10, 10, 11, 11, 11, 11, 11, 11, 12, 12, 12, 12, 13, 13, 14, 14, 14, 14, 14, 15, 15, 15, 15, 15, 16, 16, 16, 16, 17, 17, 18, 18, 18, 18, 18, 18, 18, 19, 19, 19, 19, 19, 19, 19, 20, 20, 20, 21, 21, 21, 21, 21, 21, 21, 21, 21, 22, 22, 22, 22, 22, 22, 22, 22, 22, 22, 22, 23, 23, 23, 23, 23, 23, 23, 23, 24, 24], "to": [1, 4, 0, 1, 4, 5, 9, 4, 1, 4, 1, 13, 16, 5, 9, 25, 5, 5, 9, 16, 5, 8, 9, 10, 16, 23, 3, 8, 9, 16, 3, 16, 5, 12, 16, 19, 23, 3, 12, 14, 18, 24, 5, 8, 9, 25, 3, 23, 1, 9, 12, 19, 20, 23, 24, 5, 8, 9, 16, 20, 23, 24, 1, 24, 25, 3, 8, 9, 16, 18, 19, 20, 23, 24, 1, 5, 8, 14, 16, 18, 19, 20, 23, 24, 25, 1, 5, 8, 9, 16, 20, 24, 25, 1, 8], "influence_y": [[8, 16, 20, 22, 23]], "weights": [0.7279716042538836, -0.410002742576557, -0.7575546464695613, -0.15640547913126987, -0.5275553281890664, 0.34034651546557915, 0.023036207477526036, -0.10819810206084568, -0.18370710063446138, 0.197436120304664, 0.26449656485812695, -0.29232190105336747, 0.18392947162401424, 0.394301780102306, -0.20235919609940692, 0.8019161157193649, -1.3611147770989667, -1.0670277537908035, -0.6794160978368583, 0.15714722781827728, -0.6975793878061893, 0.13341461739312602, -0.6042951615083805, -0.34593572778827897, 0.24407180543276832, -0.12110612268071969, 0.12184017911128286, -0.18087811046952396, 0.07748590441919401, -0.10360351834210234, -1.6183982830636876, 0.10608892820393587, 0.26285614626926523, 0.20290212584110123, 0.1817827235035801, -0.09698572164914629, -0.09004949701738842, -0.2200480912526499, -0.31398537716337205, -0.253759291834534, 0.14133539805245324, -0.21432893147543625, 0.21940926230676777, 0.10592254362655176, -0.11948953063490143, 0.6795070517153404, -0.2908756394951996, -0.2829694712722474, 0.10977803661150698, 0.09562606898998331, 0.13916924570444872, -0.1947353862563485, -0.33892617449664364, -0.2284289504310776, -0.5268277463343569, 0.30152346042281214, -0.2819905103635211, 0.10557825769076173, -0.2542360141180934, -0.33892617449664475, -0.2418452170150471, -0.5338167332302943, 0.1915337670543938, -0.5331939522197655, 0.7444646388456503, 0.28622606750020557, -0.3922739283925673, 0.16220485113527736, -0.27525135391363253, -0.15520168546865526, -0.19681577456547414, -0.33892617449664597, -0.24525165392053477, -0.5385184153239266, -0.21147512361512585, -0.22545694278258083, -0.3203375962414441, 0.1547085383549085, -0.21010434987343066, -0.16008418103773892, -0.17847665628999784, -0.33892617449664353, -0.22830669347746085, -0.5311143249638657, -0.7379377496410854, -0.1183412186440066, -0.2577394416544208, -0.2257978931828055, 0.21180698874265805, -0.14962830599248625, -0.3389261744966432, -0.5364605072995459, -0.6418741533148331, -0.13617591394392356, 0.10956780181679615]}