{"from": [0, 0, 2, 2, 2, 2, 3, 3, 4, 5, 6, 6, 6, 6, 7, 7, 7, 8, 8, 8, 8, 9, 10, 10, 10, 10, 10, 11, 11, 11, 11, 11, 12, 12, 12, 12, 12, 13, 13, 14, 14, 14, 14, 14, 15, 15, 15, 15, 15, 16, 16, 16, 17, 17, 18, 18, 18, 18, 18, 18, 19, 19, 19, 19, 19, 19, 19, 20, 20, 21, 21, 21, 21, 21, 21, 21, 21, 21, 22, 22, 22, 22, 22, 22, 22, 22, 23, 23, 23, 23, 23, 23, 23, 23, 23, 23, 23, 24, 24, 24], "to": [1, 4, 0, 1, 4, 25, 5, 25, 25, 4, 1, 4, 13, 25, 1, 13, 16, 1, 5, 9, 25, 5, 5, 9, 13, 16, 25, 5, 8, 9, 10, 16, 8, 9, 13, 16, 25, 3, 16, 1, 5, 12, 16, 19, 12, 14, 16, 24, 25, 5, 8, 9, 9, 23, 9, 13, 19, 20, 24, 25, 5, 8, 9, 13, 16, 20, 24, 1, 9, 8, 9, 13, 16, 18, 19, 20, 23, 24, 1, 8, 16, 18, 19, 20, 23, 24, 1, 5, 8, 9, 11, 13, 16, 18, 19, 20, 24, 1, 20, 25], "influence_y": [[2, 3, 4, 6, 8, 10, 12, 15, 18, 24]], "weights": [0.7432847719910773, -0.43884693945721853, -0.7560856740704616, -0.14873248614220214, -0.5459099964637151, 4.317309085478272, 0.32946641809034344, 1.1785393833780304, 0.9086256733646847, -0.11003108329575484, -0.1825267702941623, 0.17735623789976845, 0.07710916556661325, 5.181063123799713, 0.2628047197665597, -0.28076527633267967, 0.1893182579731825, 0.08757811706763294, 0.33326332908195544, -0.2013401343478503, 2.9564637914713185, -1.3310467563959407, -1.0804267436918107, -0.680326214889346, -0.11324766310687306, 0.15426086279888704, 6.027693007316594, -0.6818432975334792, 0.15697202407434913, -0.5882337050480464, -0.34790874524714804, 0.22148251452782886, -0.18633144757737438, 0.09191876927471071, -0.09807533281494948, -0.06217166372159885, 5.988069031644743, -1.6482590587168828, 0.13977762595777582, 0.12109524617156034, 0.24880259128872717, 0.22686212664136757, 0.17860234517990442, -0.11382258773979487, -0.3809999735441181, -0.3213629402756503, 0.2676970904688894, -0.2534501582220095, 3.678397146020913, 0.2295624814503616, 0.11714731530434408, -0.1297032443727501, -0.10928849398789493, -0.19872211306250726, 0.08463246537320691, -0.17703077494376715, -0.23497056890790707, -0.5532994923857872, -0.33319532700445337, 6.125732702079482, 0.28405260688460604, -0.295588823120577, 0.0864882173887831, -0.18048620749286337, -0.25559096854175045, -0.5532994923857877, -0.33876566015219023, 0.14649248760410988, -0.07375957307516867, -0.38541162322943945, 0.1712172942584802, -0.26177696630117764, -0.25011973560808476, -0.185416666666668, -0.23887579814215887, -0.5532994923857886, -0.15457821317011186, -0.33772122268699, -0.2566533643213988, -0.3395757223785205, -0.21667097422367387, -0.18541666666666531, -0.22172110813280385, -0.5532994923857852, -0.1633787638914506, -0.3382643301688939, -0.12852505125673705, -0.2603397654192493, -0.25430525775971236, 0.18381332792066699, -0.17164881722961034, -0.24473984938949994, -0.11136033124127366, -0.18541666666666695, -0.2372637787345128, -0.5532994923857877, -0.34484820784224685, -0.23352344320235022, -0.553299492385787, 6.414267152846135]}