{"from": [0, 0, 0, 0, 2, 2, 2, 2, 3, 4, 6, 6, 6, 7, 7, 7, 8, 8, 8, 9, 10, 10, 10, 11, 11, 11, 11, 11, 11, 12, 12, 12, 12, 13, 13, 13, 13, 14, 14, 14, 14, 15, 15, 15, 15, 15, 16, 16, 16, 17, 17, 18, 18, 18, 18, 18, 19, 19, 19, 19, 19, 19, 19, 19, 19, 20, 21, 21, 21, 21, 21, 21, 21, 21, 21, 21, 21, 22, 22, 22, 22, 22, 22, 22, 22, 22, 22, 23, 23, 23, 23, 23, 23, 23, 23, 24, 24, 24, 24], "to": [1, 4, 5, 25, 0, 1, 4, 25, 5, 5, 1, 4, 23, 1, 13, 16, 1, 5, 9, 5, 5, 9, 16, 5, 8, 9, 10, 16, 23, 3, 8, 9, 16, 3, 16, 24, 25, 5, 12, 16, 23, 3, 12, 14, 18, 24, 5, 8, 9, 3, 23, 5, 9, 20, 23, 24, 5, 8, 9, 16, 18, 20, 23, 24, 25, 1, 3, 5, 8, 9, 16, 18, 19, 20, 23, 24, 25, 1, 5, 8, 16, 18, 19, 20, 23, 24, 25, 1, 5, 8, 9, 13, 16, 20, 24, 1, 8, 20, 25], "influence_y": [[0, 2, 13, 19, 21, 22, 24]], "weights": [0.7446316956939504, -0.4216727410207947, -0.041796902030047635, 1.182395145558746, -0.7585728572365479, -0.15027783579813148, -0.5415717830154725, 0.7945490554936094, 0.32857021651829693, -0.06557660653906829, -0.16682840145649408, 0.1971596043695371, 0.04635267748634044, 0.2157169561899886, -0.2774005418798627, 0.18716323616600644, 0.08322323415463612, 0.3372568335884083, -0.1883381851426379, -1.2489584340436892, -0.9727211631299052, -0.6789677756371587, 0.1672424185006609, -0.592960871809496, 0.1260128952978427, -0.5952884712439348, -0.3478260869565221, 0.2657602209912661, -0.12450239633099217, 0.13528314246885473, -0.19148977638638426, 0.08658222176246824, -0.13352141405131757, -1.6245135299724665, 0.11803071205243368, -0.05787083038994509, 0.9998925273492006, 0.21367317422384194, 0.202743026814619, 0.19427487629443285, -0.09121374764339962, -0.32441302947776374, -0.30742991466335157, -0.25169420996314307, 0.16026684513773068, -0.2861621158414088, 0.2014807080073659, 0.11261272522168284, -0.13692660941937773, -0.23137686809260863, -0.2877113814790456, -0.25398238395644906, 0.08974526702432448, -0.5544041450777195, -0.23244199870522492, -0.3450964983935566, 0.2104041738069369, -0.31780232586150614, 0.10602288942037288, -0.25459494205712757, -0.19507450995432477, -0.5544041450777177, -0.249326605195052, -0.3485518966951534, -0.7701360953397824, 0.14361763098978472, 0.2838519697779185, -0.29106866386490027, -0.3727640482796337, 0.18824167799847719, -0.24013502107020174, -0.18871577139568257, -0.14768683274021355, -0.5544041450777184, -0.2505715199778093, -0.3615645968861626, -0.773619992925394, -0.24347510145897797, -0.34205643847914247, -0.30327330745704095, -0.2122576575218832, -0.19398153306090857, -0.14768683274021352, -0.5544041450777193, -0.2458747517808641, -0.34591219305094983, -1.0091780814835611, -0.12854947849979428, -0.41894507146015236, -0.22459308050377477, 0.22280981024524518, -0.16271641150939029, -0.12835789332316117, -0.5544041450777195, -0.36085476889152746, -0.1917643374836368, 0.10701940262278448, -0.5544041450777211, 0.817112467110808]}