{"from": [0, 0, 0, 0, 1, 2, 2, 2, 3, 4, 4, 6, 6, 7, 7, 7, 7, 8, 8, 8, 9, 9, 10, 10, 10, 11, 11, 11, 11, 11, 11, 12, 12, 12, 12, 12, 13, 13, 14, 14, 14, 14, 14, 14, 15, 15, 15, 15, 15, 15, 15, 15, 16, 16, 16, 16, 17, 17, 17, 17, 18, 18, 18, 18, 18, 18, 19, 19, 19, 19, 19, 19, 19, 20, 20, 20, 20, 20, 21, 21, 21, 21, 21, 21, 21, 21, 21, 21, 21, 21, 22, 22, 22, 22, 22, 22, 22, 22, 22, 22, 23, 23, 23, 23, 23, 23, 23, 23, 23, 23, 23, 23, 24, 24], "to": [1, 4, 5, 25, 25, 0, 1, 4, 5, 5, 25, 1, 25, 1, 13, 14, 16, 5, 9, 25, 5, 25, 5, 9, 16, 5, 8, 9, 10, 16, 25, 3, 8, 9, 16, 25, 3, 16, 5, 9, 12, 16, 19, 25, 3, 8, 12, 14, 16, 18, 24, 25, 5, 8, 9, 25, 3, 5, 9, 23, 1, 5, 9, 19, 20, 24, 5, 8, 9, 16, 20, 24, 25, 1, 8, 9, 13, 24, 3, 5, 8, 9, 11, 13, 16, 18, 19, 20, 23, 24, 1, 5, 8, 14, 16, 18, 19, 20, 23, 24, 1, 5, 8, 9, 11, 13, 16, 18, 19, 20, 24, 25, 1, 8], "influence_y": [[0, 1, 4, 6, 8, 9, 11, 12, 14, 15, 16, 19, 23]], "weights": [0.7340538256675504, -0.45262081916662994, -0.046696960060913804, 1.336058460367421, 0.9062434590531744, -0.7649917645471866, -0.15479580907383186, -0.566653354952417, 0.360901360153814, -0.07876451862745881, 0.40573811292941897, -0.17586320447253648, 0.6224799074606749, 0.2604785015292979, -0.28127291999784926, -0.09930495916981084, 0.2092751187102799, 0.3179246433928987, -0.18714493960322975, 0.5461697106582412, -1.1710323744352558, 1.3496175500450756, -0.975585582937423, -0.6745097733391868, 0.14482515920469352, -0.5617917331098822, 0.108699162337555, -0.5926526398957735, -0.3498098859315597, 0.21800325175321827, 1.3674382840032295, 0.12928272421807363, -0.18064661772156487, 0.09878771893218925, -0.07068991941834435, 0.8245338565546689, -1.6190170648833258, 0.11044576409771192, 0.21495753046722094, -0.07227848786386104, 0.1809090027829212, 0.20515454262656083, -0.11939593652018979, 1.173739487557328, -0.27982156678744774, 0.22893720207010976, -0.312725232316986, -0.2686857835935164, 0.15859454337104256, 0.1450619080480712, -0.22650369619803665, -1.0087713908297329, 0.23296092821471434, 0.11777398873784051, -0.1160520008886329, 0.4872179474378951, -0.35635951965941626, 0.29610773204264157, -0.1360491714101989, -0.290193673037539, 0.1141967088376598, -0.23561408953217763, 0.07307983841510923, -0.23312192214265504, -0.3333333333333331, -0.5176590419462254, 0.19560619096219345, -0.2123464099388367, 0.06947881622223158, -0.2384032295296655, -0.333333333333333, -0.5252091651528246, -0.9621862597443281, 0.24311030487895763, 0.12394003250347663, -0.07683811008017051, 0.21584953903178544, -0.5243209153638122, 0.2695687940709639, -0.3218117381638212, -0.3240688519086064, 0.18757968731890867, -0.16173514371363082, -0.16079312204100604, -0.2565441144292133, -0.1859792580570991, -0.2360505017176795, -0.3333333333333345, -0.14468081679131756, -0.5262063512367152, -0.22171304302118303, -0.3239607476555225, -0.2432251539425037, 0.14382804341255984, -0.17910848304048538, -0.18849284522004386, -0.21338504284033813, -0.3333333333333322, -0.1510501041856722, -0.5222815663584285, -0.11517207223994134, -0.4348866318235777, -0.1631580966721591, 0.1898534236606054, -0.19725123694337518, -0.13978825516424254, -0.14023479426366733, -0.18462684959139175, -0.23382425118100963, -0.33333333333333304, -0.5283180394143676, -1.090529157598609, -0.12626443323226233, 0.17426644246063622]}