{"from": [0, 0, 2, 2, 2, 2, 3, 5, 6, 7, 7, 7, 8, 8, 8, 9, 10, 10, 10, 10, 11, 11, 11, 11, 11, 12, 12, 12, 12, 12, 13, 13, 14, 14, 14, 14, 14, 14, 14, 15, 15, 15, 15, 15, 15, 16, 16, 16, 17, 17, 17, 18, 18, 18, 18, 19, 19, 19, 19, 19, 19, 19, 19, 19, 20, 21, 21, 21, 21, 21, 21, 21, 21, 21, 21, 22, 22, 22, 22, 22, 22, 22, 22, 22, 23, 23, 23, 23, 23, 23, 23, 23, 23, 24], "to": [1, 4, 0, 1, 4, 25, 5, 4, 1, 1, 13, 16, 5, 9, 25, 5, 5, 9, 13, 16, 5, 8, 9, 10, 16, 3, 8, 9, 13, 16, 3, 16, 5, 9, 12, 16, 18, 19, 23, 3, 8, 12, 14, 18, 24, 5, 8, 9, 3, 9, 23, 9, 13, 20, 24, 5, 8, 9, 13, 16, 18, 20, 23, 24, 1, 3, 8, 9, 13, 16, 18, 19, 20, 23, 24, 1, 8, 16, 18, 19, 20, 23, 24, 25, 5, 8, 9, 11, 13, 16, 18, 20, 24, 20], "influence_y": [[2, 8, 22]], "weights": [0.7558593971556332, -0.4195025122421395, -0.7614058074386194, -0.12613535706477383, -0.5514807823688448, 0.2988330133125014, 0.3294720240343651, -0.10488545360433288, -0.20457218104560795, 0.2790236245802188, -0.30376061015759936, 0.18746607498599835, 0.3841905985052213, -0.19823547324228558, 0.7241608007654409, -1.342624824094365, -1.0429710739579716, -0.6546323697824692, -0.11478797004980029, 0.14707655365752806, -0.6568028948712002, 0.09345185639073132, -0.5904127186736337, -0.34482758620689696, 0.24010881047960358, 0.1289001904203706, -0.18598010913729035, 0.08287103767337055, -0.0951391268967, -0.08858590564397616, -1.5853375685905096, 0.09802183425734831, 0.21958521908450054, -0.08299073861178016, 0.18898973290003565, 0.1686253277303064, -0.0792601678888169, -0.09532166226047457, -0.08090890329016692, -0.21910213674686418, 0.234013600656666, -0.24838645985732113, -0.31654320987654344, 0.12079412365556645, -0.24408618335330323, 0.22983222178888202, 0.12054877721432919, -0.12495026107734357, -0.28477012745119273, -0.14326721649463714, -0.3736628972951978, 0.10231926952440387, -0.16271558395251925, -0.5527638190954779, -0.33335101068980383, 0.3153200940196037, -0.284565078299509, 0.08212365817955769, -0.14582840027665156, -0.22862288068257755, -0.24510270935463083, -0.5527638190954786, -0.18247902383156278, -0.3390274335584855, 0.24369732631575483, 0.3132079538861095, -0.37477788022942615, 0.18005791152379125, -0.29398837375872067, -0.2974583827735526, -0.2408812002678485, -0.15946790759009719, -0.5527638190954789, -0.18221817434595564, -0.34642705622658737, -0.20912968292288678, -0.3521057909463976, -0.20560910631166787, -0.2290263100222335, -0.14027674659577943, -0.5527638190954778, -0.18189053221646245, -0.3381370142849669, -0.7323798251376336, -0.326751337801414, -0.21240565369792477, 0.20043423768120022, -0.17347355523790048, -0.2281820247526601, -0.15658571002575783, -0.23909239843551078, -0.5527638190954773, -0.34511420024899964, -0.5527638190954776]}