{"from": [0, 0, 0, 1, 2, 2, 2, 2, 3, 4, 5, 5, 6, 6, 6, 7, 7, 7, 7, 8, 9, 9, 9, 9, 10, 10, 10, 10, 10, 11, 11, 11, 11, 11, 12, 12, 12, 12, 13, 13, 13, 14, 14, 14, 14, 14, 15, 15, 15, 15, 16, 17, 17, 17, 18, 18, 18, 18, 18, 19, 19, 19, 19, 19, 19, 19, 19, 19, 20, 20, 20, 21, 21, 21, 21, 21, 21, 21, 21, 21, 22, 22, 22, 22, 22, 22, 22, 22, 23, 23, 23, 23, 23, 23, 23, 24, 24, 24], "to": [1, 4, 25, 25, 0, 1, 4, 9, 25, 9, 3, 25, 1, 4, 23, 1, 9, 13, 25, 5, 3, 5, 8, 16, 3, 5, 8, 9, 13, 5, 8, 9, 10, 23, 3, 8, 9, 25, 3, 5, 25, 9, 12, 19, 23, 24, 12, 14, 18, 24, 5, 3, 9, 23, 9, 13, 20, 23, 24, 5, 8, 9, 13, 16, 18, 20, 23, 24, 1, 9, 13, 3, 8, 9, 13, 18, 19, 20, 23, 24, 1, 8, 9, 18, 19, 20, 23, 24, 1, 5, 9, 13, 20, 24, 25, 1, 8, 20], "influence_y": [[0, 1, 3, 5, 7, 12, 13, 23]], "weights": [0.7362240946947599, -0.4271025324378478, 1.5472600820956763, 2.369008546564794, -0.7591887151726322, -0.15740489167433452, -0.5684316098170575, -0.019760325063051837, 3.1138446232299297, 0.01755994313561239, 0.1748408462659202, 1.8179914372877566, -0.15962843557602163, 0.19425370220297447, 0.0516337313019194, 0.20753985744992007, -0.07857256639901793, -0.2824954099780632, 1.8699532087335315, 0.3255014070520364, 0.2585953352179928, -1.3025833292292155, -0.553197791200895, -0.34042260126670504, 0.1974071783299999, -1.0376096614971615, -0.35754085113847606, -0.706388745242507, -0.13413313437587154, -0.6284618244057926, -0.16534719690280045, -0.6731335069362037, -0.34535104364326374, -0.12462187842243325, 0.1304873911658628, -0.13572071698168078, 0.13736062950533093, 1.6763040707694856, -1.5260348659317262, -0.5559253275875601, 2.300654229903178, -0.10611664755717337, 0.2068516961189386, -0.09212730175480183, -0.08794710437341285, -0.08401655905665728, -0.35080453498412373, -0.22846068660022212, 0.15905431449504462, -0.31011331273261356, 0.24702652905293454, -0.26317236398741567, -0.13428128609382234, -0.27950681961661017, 0.10457013201895099, -0.13517409417813064, -0.5502645502645539, -0.24579192338228142, -0.3337573173095155, 0.3076500153308653, -0.1672346155089649, 0.18133181502318482, -0.14758690565150354, -0.2054411708784557, -0.19586438293781455, -0.5502645502645527, -0.25545590425109477, -0.3493490487501445, 0.1912379170465372, -0.06727857601004991, 0.13322289681080388, 0.24586491147958028, -0.20050366709579817, 0.2806413277403442, -0.20125932206295524, -0.19516003613449562, -0.16607582291223538, -0.5502645502645509, -0.25915334720053934, -0.34750914268318617, -0.2512931013529099, -0.2297827276896683, 0.13061882352490028, -0.19799219985413768, -0.15334598207147318, -0.5502645502645522, -0.2595969813913924, -0.3303780563047639, -0.1328223835245189, -0.34809744968258133, 0.2539225862378437, -0.19019200479912854, -0.5502645502645509, -0.349010347709429, -1.0065351670859353, -0.12679885425616227, 0.16573346985699222, -0.5502645502645513]}