{"from": [2, 1, 0, 6, 2, 0, 1, 4, 21, 13, 17, 5, 12, 2, 6, 8, 9, 3, 4, 1, 13, 16, 5, 9, 12, 21, 10, 20, 11, 23, 16, 8, 17, 5, 9, 11, 10, 9, 14, 8, 3, 15, 7, 3, 12, 15, 14, 24, 12, 19, 9, 7, 23, 9, 3, 24, 19, 21, 20, 23, 22, 24, 20, 18, 21, 23, 16, 22, 24, 19, 18, 23, 9, 22, 19, 18, 23, 3, 8, 23, 19, 18, 20, 24, 19, 18, 20, 21, 17, 9, 22, 19, 18, 20, 23, 15], "to": [0, 0, 1, 1, 1, 2, 2, 2, 3, 3, 3, 3, 3, 4, 4, 5, 5, 5, 6, 6, 7, 7, 8, 8, 8, 8, 9, 9, 9, 9, 9, 9, 9, 9, 10, 10, 11, 11, 12, 12, 12, 12, 13, 13, 14, 14, 15, 15, 15, 16, 16, 16, 17, 17, 17, 18, 18, 18, 18, 18, 18, 19, 19, 19, 19, 19, 19, 19, 20, 20, 20, 20, 20, 20, 21, 21, 21, 21, 21, 22, 22, 22, 22, 23, 23, 23, 23, 23, 23, 23, 23, 24, 24, 24, 24, 24], "influence_y": [5, 24, 13, 12], "weights": [[0.010416666666666666], [0.010416666666666666], [0.010416666666666666], [0.010416666666666666], [0.010416666666666666], [0.010416666666666666], [0.010416666666666666], [0.010416666666666666], [0.010416666666666666], [0.010416666666666666], [0.010416666666666666], [0.010416666666666666], [0.010416666666666666], [0.010416666666666666], [0.010416666666666666], [0.010416666666666666], [0.010416666666666666], [0.010416666666666666], [0.010416666666666666], [0.010416666666666666], [0.010416666666666666], [0.010416666666666666], [0.010416666666666666], [0.010416666666666666], [0.010416666666666666], [0.010416666666666666], [0.010416666666666666], [0.010416666666666666], [0.010416666666666666], [0.010416666666666666], [0.010416666666666666], [0.010416666666666666], [0.010416666666666666], [0.010416666666666666], [0.010416666666666666], [0.010416666666666666], [0.010416666666666666], [0.010416666666666666], [0.010416666666666666], [0.010416666666666666], [0.010416666666666666], [0.010416666666666666], [0.010416666666666666], [0.010416666666666666], [0.010416666666666666], [0.010416666666666666], [0.010416666666666666], [0.010416666666666666], [0.010416666666666666], [0.010416666666666666], [0.010416666666666666], [0.010416666666666666], [0.010416666666666666], [0.010416666666666666], [0.010416666666666666], [0.010416666666666666], [0.010416666666666666], [0.010416666666666666], [0.010416666666666666], [0.010416666666666666], [0.010416666666666666], [0.010416666666666666], [0.010416666666666666], [0.010416666666666666], [0.010416666666666666], [0.010416666666666666], [0.010416666666666666], [0.010416666666666666], [0.010416666666666666], [0.010416666666666666], [0.010416666666666666], [0.010416666666666666], [0.010416666666666666], [0.010416666666666666], [0.010416666666666666], [0.010416666666666666], [0.010416666666666666], [0.010416666666666666], [0.010416666666666666], [0.010416666666666666], [0.010416666666666666], [0.010416666666666666], [0.010416666666666666], [0.010416666666666666], [0.010416666666666666], [0.010416666666666666], [0.010416666666666666], [0.010416666666666666], [0.010416666666666666], [0.010416666666666666], [0.010416666666666666], [0.010416666666666666], [0.010416666666666666], [0.010416666666666666], [0.010416666666666666], [0.010416666666666666]]}