{"from": [2, 1, 0, 2, 0, 1, 4, 5, 13, 21, 6, 2, 5, 14, 23, 3, 8, 4, 9, 4, 13, 24, 5, 9, 12, 10, 20, 11, 21, 23, 16, 8, 17, 5, 11, 9, 10, 9, 14, 8, 15, 7, 3, 12, 5, 15, 14, 24, 12, 19, 9, 23, 9, 24, 19, 21, 20, 23, 22, 24, 20, 18, 21, 23, 16, 22, 24, 19, 18, 23, 9, 22, 19, 18, 23, 3, 9, 23, 19, 18, 20, 24, 19, 18, 20, 21, 17, 5, 9, 22, 19, 18, 20, 23, 8, 15], "to": [0, 0, 1, 1, 2, 2, 2, 3, 3, 3, 4, 4, 4, 5, 5, 5, 5, 5, 5, 6, 7, 8, 8, 8, 8, 9, 9, 9, 9, 9, 9, 9, 9, 9, 10, 10, 11, 11, 12, 12, 12, 13, 13, 14, 14, 14, 15, 15, 15, 16, 16, 17, 17, 18, 18, 18, 18, 18, 18, 19, 19, 19, 19, 19, 19, 19, 20, 20, 20, 20, 20, 20, 21, 21, 21, 21, 21, 22, 22, 22, 22, 23, 23, 23, 23, 23, 23, 23, 23, 23, 24, 24, 24, 24, 24, 24], "influence_y": [16, 22, 3, 1, 11], "weights": [[0.010416666666666666], [0.010416666666666666], [0.010416666666666666], [0.010416666666666666], [0.010416666666666666], [0.010416666666666666], [0.010416666666666666], [0.010416666666666666], [0.010416666666666666], [0.010416666666666666], [0.010416666666666666], [0.010416666666666666], [0.010416666666666666], [0.010416666666666666], [0.010416666666666666], [0.010416666666666666], [0.010416666666666666], [0.010416666666666666], [0.010416666666666666], [0.010416666666666666], [0.010416666666666666], [0.010416666666666666], [0.010416666666666666], [0.010416666666666666], [0.010416666666666666], [0.010416666666666666], [0.010416666666666666], [0.010416666666666666], [0.010416666666666666], [0.010416666666666666], [0.010416666666666666], [0.010416666666666666], [0.010416666666666666], [0.010416666666666666], [0.010416666666666666], [0.010416666666666666], [0.010416666666666666], [0.010416666666666666], [0.010416666666666666], [0.010416666666666666], [0.010416666666666666], [0.010416666666666666], [0.010416666666666666], [0.010416666666666666], [0.010416666666666666], [0.010416666666666666], [0.010416666666666666], [0.010416666666666666], [0.010416666666666666], [0.010416666666666666], [0.010416666666666666], [0.010416666666666666], [0.010416666666666666], [0.010416666666666666], [0.010416666666666666], [0.010416666666666666], [0.010416666666666666], [0.010416666666666666], [0.010416666666666666], [0.010416666666666666], [0.010416666666666666], [0.010416666666666666], [0.010416666666666666], [0.010416666666666666], [0.010416666666666666], [0.010416666666666666], [0.010416666666666666], [0.010416666666666666], [0.010416666666666666], [0.010416666666666666], [0.010416666666666666], [0.010416666666666666], [0.010416666666666666], [0.010416666666666666], [0.010416666666666666], [0.010416666666666666], [0.010416666666666666], [0.010416666666666666], [0.010416666666666666], [0.010416666666666666], [0.010416666666666666], [0.010416666666666666], [0.010416666666666666], [0.010416666666666666], [0.010416666666666666], [0.010416666666666666], [0.010416666666666666], [0.010416666666666666], [0.010416666666666666], [0.010416666666666666], [0.010416666666666666], [0.010416666666666666], [0.010416666666666666], [0.010416666666666666], [0.010416666666666666], [0.010416666666666666]]}