{"from": [2, 1, 0, 6, 2, 0, 1, 4, 17, 5, 13, 21, 2, 5, 14, 23, 3, 8, 4, 9, 1, 24, 21, 9, 5, 12, 10, 20, 11, 16, 8, 17, 5, 11, 9, 10, 9, 14, 8, 15, 3, 12, 5, 24, 12, 19, 9, 23, 9, 3, 24, 19, 21, 20, 23, 22, 24, 20, 18, 21, 23, 16, 22, 24, 19, 18, 23, 9, 19, 18, 23, 3, 8, 24, 23, 19, 18, 24, 19, 18, 20, 21, 17, 5, 22, 19, 18, 20, 23, 8, 22, 15], "to": [0, 0, 1, 1, 1, 2, 2, 2, 3, 3, 3, 3, 4, 4, 5, 5, 5, 5, 5, 5, 6, 8, 8, 8, 8, 8, 9, 9, 9, 9, 9, 9, 9, 10, 10, 11, 11, 12, 12, 12, 13, 14, 14, 15, 15, 16, 16, 17, 17, 17, 18, 18, 18, 18, 18, 18, 19, 19, 19, 19, 19, 19, 19, 20, 20, 20, 20, 20, 21, 21, 21, 21, 21, 22, 22, 22, 22, 23, 23, 23, 23, 23, 23, 23, 23, 24, 24, 24, 24, 24, 24, 24], "influence_y": [8, 4, 11, 22, 16, 20], "weights": [[0.010869565217391304], [0.010869565217391304], [0.010869565217391304], [0.010869565217391304], [0.010869565217391304], [0.010869565217391304], [0.010869565217391304], [0.010869565217391304], [0.010869565217391304], [0.010869565217391304], [0.010869565217391304], [0.010869565217391304], [0.010869565217391304], [0.010869565217391304], [0.010869565217391304], [0.010869565217391304], [0.010869565217391304], [0.010869565217391304], [0.010869565217391304], [0.010869565217391304], [0.010869565217391304], [0.010869565217391304], [0.010869565217391304], [0.010869565217391304], [0.010869565217391304], [0.010869565217391304], [0.010869565217391304], [0.010869565217391304], [0.010869565217391304], [0.010869565217391304], [0.010869565217391304], [0.010869565217391304], [0.010869565217391304], [0.010869565217391304], [0.010869565217391304], [0.010869565217391304], [0.010869565217391304], [0.010869565217391304], [0.010869565217391304], [0.010869565217391304], [0.010869565217391304], [0.010869565217391304], [0.010869565217391304], [0.010869565217391304], [0.010869565217391304], [0.010869565217391304], [0.010869565217391304], [0.010869565217391304], [0.010869565217391304], [0.010869565217391304], [0.010869565217391304], [0.010869565217391304], [0.010869565217391304], [0.010869565217391304], [0.010869565217391304], [0.010869565217391304], [0.010869565217391304], [0.010869565217391304], [0.010869565217391304], [0.010869565217391304], [0.010869565217391304], [0.010869565217391304], [0.010869565217391304], [0.010869565217391304], [0.010869565217391304], [0.010869565217391304], [0.010869565217391304], [0.010869565217391304], [0.010869565217391304], [0.010869565217391304], [0.010869565217391304], [0.010869565217391304], [0.010869565217391304], [0.010869565217391304], [0.010869565217391304], [0.010869565217391304], [0.010869565217391304], [0.010869565217391304], [0.010869565217391304], [0.010869565217391304], [0.010869565217391304], [0.010869565217391304], [0.010869565217391304], [0.010869565217391304], [0.010869565217391304], [0.010869565217391304], [0.010869565217391304], [0.010869565217391304], [0.010869565217391304], [0.010869565217391304], [0.010869565217391304], [0.010869565217391304]]}