{"from": [2, 1, 0, 2, 0, 1, 4, 17, 12, 13, 2, 6, 14, 8, 23, 9, 4, 13, 24, 16, 9, 5, 12, 10, 20, 11, 16, 8, 17, 5, 9, 11, 10, 9, 14, 8, 15, 3, 7, 3, 12, 5, 15, 14, 24, 12, 8, 19, 9, 21, 23, 9, 3, 24, 19, 21, 20, 23, 22, 24, 20, 18, 21, 23, 16, 24, 19, 18, 23, 9, 24, 19, 18, 23, 16, 23, 18, 24, 19, 18, 20, 21, 17, 5, 22, 19, 18, 20, 21, 23, 8, 15], "to": [0, 0, 1, 1, 2, 2, 2, 3, 3, 3, 4, 4, 5, 5, 5, 5, 6, 7, 8, 8, 8, 8, 8, 9, 9, 9, 9, 9, 9, 9, 10, 10, 11, 11, 12, 12, 12, 12, 13, 13, 14, 14, 14, 15, 15, 15, 16, 16, 16, 16, 17, 17, 17, 18, 18, 18, 18, 18, 18, 19, 19, 19, 19, 19, 19, 20, 20, 20, 20, 20, 21, 21, 21, 21, 21, 22, 22, 23, 23, 23, 23, 23, 23, 23, 23, 24, 24, 24, 24, 24, 24, 24], "influence_y": [5, 3, 2, 6, 13, 22, 24, 19], "weights": [[0.010869565217391304], [0.010869565217391304], [0.010869565217391304], [0.010869565217391304], [0.010869565217391304], [0.010869565217391304], [0.010869565217391304], [0.010869565217391304], [0.010869565217391304], [0.010869565217391304], [0.010869565217391304], [0.010869565217391304], [0.010869565217391304], [0.010869565217391304], [0.010869565217391304], [0.010869565217391304], [0.010869565217391304], [0.010869565217391304], [0.010869565217391304], [0.010869565217391304], [0.010869565217391304], [0.010869565217391304], [0.010869565217391304], [0.010869565217391304], [0.010869565217391304], [0.010869565217391304], [0.010869565217391304], [0.010869565217391304], [0.010869565217391304], [0.010869565217391304], [0.010869565217391304], [0.010869565217391304], [0.010869565217391304], [0.010869565217391304], [0.010869565217391304], [0.010869565217391304], [0.010869565217391304], [0.010869565217391304], [0.010869565217391304], [0.010869565217391304], [0.010869565217391304], [0.010869565217391304], [0.010869565217391304], [0.010869565217391304], [0.010869565217391304], [0.010869565217391304], [0.010869565217391304], [0.010869565217391304], [0.010869565217391304], [0.010869565217391304], [0.010869565217391304], [0.010869565217391304], [0.010869565217391304], [0.010869565217391304], [0.010869565217391304], [0.010869565217391304], [0.010869565217391304], [0.010869565217391304], [0.010869565217391304], [0.010869565217391304], [0.010869565217391304], [0.010869565217391304], [0.010869565217391304], [0.010869565217391304], [0.010869565217391304], [0.010869565217391304], [0.010869565217391304], [0.010869565217391304], [0.010869565217391304], [0.010869565217391304], [0.010869565217391304], [0.010869565217391304], [0.010869565217391304], [0.010869565217391304], [0.010869565217391304], [0.010869565217391304], [0.010869565217391304], [0.010869565217391304], [0.010869565217391304], [0.010869565217391304], [0.010869565217391304], [0.010869565217391304], [0.010869565217391304], [0.010869565217391304], [0.010869565217391304], [0.010869565217391304], [0.010869565217391304], [0.010869565217391304], [0.010869565217391304], [0.010869565217391304], [0.010869565217391304], [0.010869565217391304]]}