{"from": [9, 4, 15, 13, 3, 8, 10, 9, 0, 5, 3, 5, 4, 3, 16, 16, 13, 3, 4, 3, 14, 13, 8, 15, 0, 9, 10, 13, 11, 5, 1, 14, 2, 4, 12, 6, 11, 14, 13, 15, 1, 10, 4, 2, 3, 9, 0, 5, 4, 3, 4, 5, 15, 2, 14, 13, 3, 15, 5, 11, 13, 4, 2, 15, 5, 13, 2, 11, 15, 14, 13, 16, 3, 13, 13, 5, 2, 4, 3], "to": [0, 0, 0, 0, 0, 1, 1, 1, 1, 1, 1, 2, 2, 2, 2, 3, 4, 4, 5, 5, 5, 5, 6, 6, 6, 6, 6, 6, 6, 6, 6, 6, 6, 6, 7, 7, 7, 7, 7, 7, 7, 7, 7, 7, 7, 8, 8, 8, 8, 8, 9, 9, 9, 9, 9, 9, 9, 10, 10, 10, 10, 10, 10, 11, 11, 11, 11, 12, 12, 12, 12, 13, 13, 14, 15, 15, 15, 15, 15], "influence_y": [7, 14, 13], "weights": [[0.012658227848101266], [0.012658227848101266], [0.012658227848101266], [0.012658227848101266], [0.012658227848101266], [0.012658227848101266], [0.012658227848101266], [0.012658227848101266], [0.012658227848101266], [0.012658227848101266], [0.012658227848101266], [0.012658227848101266], [0.012658227848101266], [0.012658227848101266], [0.012658227848101266], [0.012658227848101266], [0.012658227848101266], [0.012658227848101266], [0.012658227848101266], [0.012658227848101266], [0.012658227848101266], [0.012658227848101266], [0.012658227848101266], [0.012658227848101266], [0.012658227848101266], [0.012658227848101266], [0.012658227848101266], [0.012658227848101266], [0.012658227848101266], [0.012658227848101266], [0.012658227848101266], [0.012658227848101266], [0.012658227848101266], [0.012658227848101266], [0.012658227848101266], [0.012658227848101266], [0.012658227848101266], [0.012658227848101266], [0.012658227848101266], [0.012658227848101266], [0.012658227848101266], [0.012658227848101266], [0.012658227848101266], [0.012658227848101266], [0.012658227848101266], [0.012658227848101266], [0.012658227848101266], [0.012658227848101266], [0.012658227848101266], [0.012658227848101266], [0.012658227848101266], [0.012658227848101266], [0.012658227848101266], [0.012658227848101266], [0.012658227848101266], [0.012658227848101266], [0.012658227848101266], [0.012658227848101266], [0.012658227848101266], [0.012658227848101266], [0.012658227848101266], [0.012658227848101266], [0.012658227848101266], [0.012658227848101266], [0.012658227848101266], [0.012658227848101266], [0.012658227848101266], [0.012658227848101266], [0.012658227848101266], [0.012658227848101266], [0.012658227848101266], [0.012658227848101266], [0.012658227848101266], [0.012658227848101266], [0.012658227848101266], [0.012658227848101266], [0.012658227848101266], [0.012658227848101266], [0.012658227848101266]]}