{"from": [9, 4, 3, 10, 5, 4, 3, 5, 4, 3, 16, 16, 13, 3, 4, 3, 13, 8, 15, 0, 9, 10, 11, 13, 1, 5, 2, 14, 4, 16, 6, 12, 11, 14, 13, 15, 4, 9, 0, 5, 4, 1, 10, 4, 2, 14, 3, 5, 2, 3, 4, 8, 9, 10, 13, 2, 11, 14, 13, 14, 16, 3, 16, 3, 11, 10, 13, 12, 4], "to": [0, 0, 0, 1, 1, 1, 1, 2, 2, 2, 2, 3, 4, 4, 5, 5, 5, 6, 6, 6, 6, 6, 6, 6, 6, 6, 6, 6, 6, 6, 7, 7, 7, 7, 7, 7, 7, 8, 8, 8, 8, 9, 9, 9, 9, 9, 9, 10, 10, 10, 10, 11, 11, 11, 11, 11, 12, 12, 12, 13, 13, 13, 14, 14, 15, 15, 15, 15, 15], "influence_y": [7, 12, 14, 13], "weights": [[0.014492753623188406], [0.014492753623188406], [0.014492753623188406], [0.014492753623188406], [0.014492753623188406], [0.014492753623188406], [0.014492753623188406], [0.014492753623188406], [0.014492753623188406], [0.014492753623188406], [0.014492753623188406], [0.014492753623188406], [0.014492753623188406], [0.014492753623188406], [0.014492753623188406], [0.014492753623188406], [0.014492753623188406], [0.014492753623188406], [0.014492753623188406], [0.014492753623188406], [0.014492753623188406], [0.014492753623188406], [0.014492753623188406], [0.014492753623188406], [0.014492753623188406], [0.014492753623188406], [0.014492753623188406], [0.014492753623188406], [0.014492753623188406], [0.014492753623188406], [0.014492753623188406], [0.014492753623188406], [0.014492753623188406], [0.014492753623188406], [0.014492753623188406], [0.014492753623188406], [0.014492753623188406], [0.014492753623188406], [0.014492753623188406], [0.014492753623188406], [0.014492753623188406], [0.014492753623188406], [0.014492753623188406], [0.014492753623188406], [0.014492753623188406], [0.014492753623188406], [0.014492753623188406], [0.014492753623188406], [0.014492753623188406], [0.014492753623188406], [0.014492753623188406], [0.014492753623188406], [0.014492753623188406], [0.014492753623188406], [0.014492753623188406], [0.014492753623188406], [0.014492753623188406], [0.014492753623188406], [0.014492753623188406], [0.014492753623188406], [0.014492753623188406], [0.014492753623188406], [0.014492753623188406], [0.014492753623188406], [0.014492753623188406], [0.014492753623188406], [0.014492753623188406], [0.014492753623188406], [0.014492753623188406]]}