{"from": [9, 4, 3, 10, 5, 3, 5, 4, 3, 16, 13, 3, 4, 3, 14, 11, 0, 13, 4, 5, 2, 6, 12, 11, 14, 13, 4, 2, 3, 9, 0, 5, 4, 4, 11, 5, 14, 2, 5, 11, 2, 3, 4, 13, 5, 2, 4, 11, 14, 13, 16, 3, 13, 16, 8, 6, 9, 0, 10, 11, 5, 14, 2, 13, 16, 4], "to": [0, 0, 0, 1, 1, 1, 2, 2, 2, 3, 4, 4, 5, 5, 5, 6, 6, 6, 6, 6, 6, 7, 7, 7, 7, 7, 7, 7, 7, 8, 8, 8, 8, 9, 9, 9, 9, 9, 10, 10, 10, 10, 10, 11, 11, 11, 11, 12, 12, 12, 13, 13, 14, 14, 15, 15, 15, 15, 15, 15, 15, 15, 15, 15, 15, 15], "influence_y": [7, 12, 13, 14, 3], "weights": [[0.015151515151515152], [0.015151515151515152], [0.015151515151515152], [0.015151515151515152], [0.015151515151515152], [0.015151515151515152], [0.015151515151515152], [0.015151515151515152], [0.015151515151515152], [0.015151515151515152], [0.015151515151515152], [0.015151515151515152], [0.015151515151515152], [0.015151515151515152], [0.015151515151515152], [0.015151515151515152], [0.015151515151515152], [0.015151515151515152], [0.015151515151515152], [0.015151515151515152], [0.015151515151515152], [0.015151515151515152], [0.015151515151515152], [0.015151515151515152], [0.015151515151515152], [0.015151515151515152], [0.015151515151515152], [0.015151515151515152], [0.015151515151515152], [0.015151515151515152], [0.015151515151515152], [0.015151515151515152], [0.015151515151515152], [0.015151515151515152], [0.015151515151515152], [0.015151515151515152], [0.015151515151515152], [0.015151515151515152], [0.015151515151515152], [0.015151515151515152], [0.015151515151515152], [0.015151515151515152], [0.015151515151515152], [0.015151515151515152], [0.015151515151515152], [0.015151515151515152], [0.015151515151515152], [0.015151515151515152], [0.015151515151515152], [0.015151515151515152], [0.015151515151515152], [0.015151515151515152], [0.015151515151515152], [0.015151515151515152], [0.015151515151515152], [0.015151515151515152], [0.015151515151515152], [0.015151515151515152], [0.015151515151515152], [0.015151515151515152], [0.015151515151515152], [0.015151515151515152], [0.015151515151515152], [0.015151515151515152], [0.015151515151515152], [0.015151515151515152]]}