{"from": [0, 20, 6, 7, 18, 2, 0, 23, 22, 4, 13, 12, 5, 3, 19, 8, 14, 4, 13, 16, 22, 21, 12, 19, 11, 19, 10, 12, 3, 5, 8, 3, 11, 3, 5, 14, 14, 12, 8, 24, 14, 3, 5, 9, 19, 3, 9, 23, 22, 21, 13, 19, 22, 21, 14, 19, 22, 18, 21, 23, 0, 3, 19, 9, 13, 22, 18, 21, 5, 20, 19, 22, 18, 21, 23], "to": [1, 1, 1, 1, 1, 1, 2, 2, 2, 2, 3, 3, 4, 5, 5, 5, 5, 6, 7, 7, 8, 8, 8, 8, 9, 9, 9, 9, 9, 9, 9, 10, 10, 11, 11, 11, 12, 14, 15, 15, 15, 16, 16, 16, 16, 17, 17, 17, 18, 18, 18, 18, 19, 19, 19, 20, 20, 20, 20, 20, 21, 21, 23, 23, 23, 23, 23, 23, 23, 24, 24, 24, 24, 24, 24], "influence_y": [0, 13, 3, 24, 23, 5, 8], "weights": [[0.013333333333333334], [0.013333333333333334], [0.013333333333333334], [0.013333333333333334], [0.013333333333333334], [0.013333333333333334], [0.013333333333333334], [0.013333333333333334], [0.013333333333333334], [0.013333333333333334], [0.013333333333333334], [0.013333333333333334], [0.013333333333333334], [0.013333333333333334], [0.013333333333333334], [0.013333333333333334], [0.013333333333333334], [0.013333333333333334], [0.013333333333333334], [0.013333333333333334], [0.013333333333333334], [0.013333333333333334], [0.013333333333333334], [0.013333333333333334], [0.013333333333333334], [0.013333333333333334], [0.013333333333333334], [0.013333333333333334], [0.013333333333333334], [0.013333333333333334], [0.013333333333333334], [0.013333333333333334], [0.013333333333333334], [0.013333333333333334], [0.013333333333333334], [0.013333333333333334], [0.013333333333333334], [0.013333333333333334], [0.013333333333333334], [0.013333333333333334], [0.013333333333333334], [0.013333333333333334], [0.013333333333333334], [0.013333333333333334], [0.013333333333333334], [0.013333333333333334], [0.013333333333333334], [0.013333333333333334], [0.013333333333333334], [0.013333333333333334], [0.013333333333333334], [0.013333333333333334], [0.013333333333333334], [0.013333333333333334], [0.013333333333333334], [0.013333333333333334], [0.013333333333333334], [0.013333333333333334], [0.013333333333333334], [0.013333333333333334], [0.013333333333333334], [0.013333333333333334], [0.013333333333333334], [0.013333333333333334], [0.013333333333333334], [0.013333333333333334], [0.013333333333333334], [0.013333333333333334], [0.013333333333333334], [0.013333333333333334], [0.013333333333333334], [0.013333333333333334], [0.013333333333333334], [0.013333333333333334], [0.013333333333333334]]}