{"from": [0, 20, 6, 7, 18, 2, 0, 23, 22, 4, 21, 12, 5, 11, 14, 3, 21, 8, 4, 13, 16, 22, 21, 12, 11, 10, 12, 3, 5, 8, 8, 10, 15, 14, 3, 15, 12, 15, 12, 14, 3, 5, 9, 19, 23, 9, 19, 22, 13, 21, 24, 23, 5, 14, 9, 22, 21, 24, 23, 5, 8, 19, 22, 18, 21, 24, 23, 9, 13, 22, 21, 5, 22, 21, 15, 23, 8], "to": [1, 1, 1, 1, 1, 1, 2, 2, 2, 2, 3, 3, 4, 5, 5, 5, 5, 5, 6, 7, 7, 8, 8, 8, 9, 9, 9, 9, 9, 9, 11, 11, 12, 12, 13, 13, 14, 14, 15, 15, 16, 16, 16, 16, 17, 17, 18, 18, 18, 18, 18, 18, 18, 19, 19, 19, 19, 19, 19, 19, 19, 20, 20, 20, 20, 20, 20, 23, 23, 23, 23, 23, 24, 24, 24, 24, 24], "influence_y": [0, 19, 1, 16, 6, 10, 12, 13, 17, 3, 2, 4, 24], "weights": [[0.012987012987012988], [0.012987012987012988], [0.012987012987012988], [0.012987012987012988], [0.012987012987012988], [0.012987012987012988], [0.012987012987012988], [0.012987012987012988], [0.012987012987012988], [0.012987012987012988], [0.012987012987012988], [0.012987012987012988], [0.012987012987012988], [0.012987012987012988], [0.012987012987012988], [0.012987012987012988], [0.012987012987012988], [0.012987012987012988], [0.012987012987012988], [0.012987012987012988], [0.012987012987012988], [0.012987012987012988], [0.012987012987012988], [0.012987012987012988], [0.012987012987012988], [0.012987012987012988], [0.012987012987012988], [0.012987012987012988], [0.012987012987012988], [0.012987012987012988], [0.012987012987012988], [0.012987012987012988], [0.012987012987012988], [0.012987012987012988], [0.012987012987012988], [0.012987012987012988], [0.012987012987012988], [0.012987012987012988], [0.012987012987012988], [0.012987012987012988], [0.012987012987012988], [0.012987012987012988], [0.012987012987012988], [0.012987012987012988], [0.012987012987012988], [0.012987012987012988], [0.012987012987012988], [0.012987012987012988], [0.012987012987012988], [0.012987012987012988], [0.012987012987012988], [0.012987012987012988], [0.012987012987012988], [0.012987012987012988], [0.012987012987012988], [0.012987012987012988], [0.012987012987012988], [0.012987012987012988], [0.012987012987012988], [0.012987012987012988], [0.012987012987012988], [0.012987012987012988], [0.012987012987012988], [0.012987012987012988], [0.012987012987012988], [0.012987012987012988], [0.012987012987012988], [0.012987012987012988], [0.012987012987012988], [0.012987012987012988], [0.012987012987012988], [0.012987012987012988], [0.012987012987012988], [0.012987012987012988], [0.012987012987012988], [0.012987012987012988], [0.012987012987012988]]}