{"from": [0, 20, 6, 7, 2, 0, 19, 4, 0, 6, 14, 13, 17, 21, 5, 8, 5, 11, 14, 13, 22, 18, 21, 8, 4, 13, 16, 22, 21, 12, 11, 10, 12, 3, 5, 8, 13, 8, 10, 15, 14, 10, 12, 12, 19, 9, 3, 24, 5, 23, 8, 22, 21, 24, 6, 9, 22, 3, 18, 21, 24, 23, 8, 19, 22, 3, 18, 21, 24, 23, 13, 22, 18, 21, 24, 5, 8, 22, 21, 8, 15], "to": [1, 1, 1, 1, 1, 2, 2, 2, 3, 3, 3, 3, 3, 3, 3, 3, 4, 5, 5, 5, 5, 5, 5, 5, 6, 7, 7, 8, 8, 8, 9, 9, 9, 9, 9, 9, 10, 11, 11, 12, 12, 13, 14, 15, 16, 16, 16, 16, 16, 17, 17, 18, 18, 18, 19, 19, 19, 19, 19, 19, 19, 19, 19, 20, 20, 20, 20, 20, 20, 20, 23, 23, 23, 23, 23, 23, 23, 24, 24, 24, 24], "influence_y": [0, 20, 19, 16, 6, 14, 13, 3, 5, 8], "weights": [[0.012345679012345678], [0.012345679012345678], [0.012345679012345678], [0.012345679012345678], [0.012345679012345678], [0.012345679012345678], [0.012345679012345678], [0.012345679012345678], [0.012345679012345678], [0.012345679012345678], [0.012345679012345678], [0.012345679012345678], [0.012345679012345678], [0.012345679012345678], [0.012345679012345678], [0.012345679012345678], [0.012345679012345678], [0.012345679012345678], [0.012345679012345678], [0.012345679012345678], [0.012345679012345678], [0.012345679012345678], [0.012345679012345678], [0.012345679012345678], [0.012345679012345678], [0.012345679012345678], [0.012345679012345678], [0.012345679012345678], [0.012345679012345678], [0.012345679012345678], [0.012345679012345678], [0.012345679012345678], [0.012345679012345678], [0.012345679012345678], [0.012345679012345678], [0.012345679012345678], [0.012345679012345678], [0.012345679012345678], [0.012345679012345678], [0.012345679012345678], [0.012345679012345678], [0.012345679012345678], [0.012345679012345678], [0.012345679012345678], [0.012345679012345678], [0.012345679012345678], [0.012345679012345678], [0.012345679012345678], [0.012345679012345678], [0.012345679012345678], [0.012345679012345678], [0.012345679012345678], [0.012345679012345678], [0.012345679012345678], [0.012345679012345678], [0.012345679012345678], [0.012345679012345678], [0.012345679012345678], [0.012345679012345678], [0.012345679012345678], [0.012345679012345678], [0.012345679012345678], [0.012345679012345678], [0.012345679012345678], [0.012345679012345678], [0.012345679012345678], [0.012345679012345678], [0.012345679012345678], [0.012345679012345678], [0.012345679012345678], [0.012345679012345678], [0.012345679012345678], [0.012345679012345678], [0.012345679012345678], [0.012345679012345678], [0.012345679012345678], [0.012345679012345678], [0.012345679012345678], [0.012345679012345678], [0.012345679012345678], [0.012345679012345678]]}