{"from": [7, 18, 0, 2, 6, 20, 0, 4, 12, 5, 11, 8, 3, 23, 14, 4, 13, 16, 14, 12, 15, 23, 22, 24, 19, 11, 5, 12, 10, 8, 3, 19, 3, 10, 8, 15, 3, 5, 3, 2, 22, 15, 12, 12, 5, 9, 3, 19, 9, 3, 5, 13, 23, 22, 24, 19, 14, 23, 22, 18, 23, 22, 24, 19, 21, 5, 18, 12, 8, 3, 23, 22, 24, 9, 19, 23, 22, 19, 15, 23, 22], "to": [1, 1, 1, 1, 1, 1, 2, 2, 3, 4, 5, 5, 5, 5, 5, 6, 7, 7, 7, 8, 8, 8, 8, 8, 8, 9, 9, 9, 9, 9, 9, 10, 10, 11, 11, 12, 12, 13, 13, 13, 14, 14, 14, 15, 16, 16, 16, 16, 17, 17, 18, 18, 18, 18, 18, 18, 19, 19, 19, 20, 20, 20, 20, 20, 20, 21, 21, 21, 21, 21, 21, 21, 21, 21, 21, 22, 23, 24, 24, 24, 24], "influence_y": [13, 5, 12, 19, 8, 16, 2, 22, 4, 14, 6, 20], "weights": [[0.012345679012345678], [0.012345679012345678], [0.012345679012345678], [0.012345679012345678], [0.012345679012345678], [0.012345679012345678], [0.012345679012345678], [0.012345679012345678], [0.012345679012345678], [0.012345679012345678], [0.012345679012345678], [0.012345679012345678], [0.012345679012345678], [0.012345679012345678], [0.012345679012345678], [0.012345679012345678], [0.012345679012345678], [0.012345679012345678], [0.012345679012345678], [0.012345679012345678], [0.012345679012345678], [0.012345679012345678], [0.012345679012345678], [0.012345679012345678], [0.012345679012345678], [0.012345679012345678], [0.012345679012345678], [0.012345679012345678], [0.012345679012345678], [0.012345679012345678], [0.012345679012345678], [0.012345679012345678], [0.012345679012345678], [0.012345679012345678], [0.012345679012345678], [0.012345679012345678], [0.012345679012345678], [0.012345679012345678], [0.012345679012345678], [0.012345679012345678], [0.012345679012345678], [0.012345679012345678], [0.012345679012345678], [0.012345679012345678], [0.012345679012345678], [0.012345679012345678], [0.012345679012345678], [0.012345679012345678], [0.012345679012345678], [0.012345679012345678], [0.012345679012345678], [0.012345679012345678], [0.012345679012345678], [0.012345679012345678], [0.012345679012345678], [0.012345679012345678], [0.012345679012345678], [0.012345679012345678], [0.012345679012345678], [0.012345679012345678], [0.012345679012345678], [0.012345679012345678], [0.012345679012345678], [0.012345679012345678], [0.012345679012345678], [0.012345679012345678], [0.012345679012345678], [0.012345679012345678], [0.012345679012345678], [0.012345679012345678], [0.012345679012345678], [0.012345679012345678], [0.012345679012345678], [0.012345679012345678], [0.012345679012345678], [0.012345679012345678], [0.012345679012345678], [0.012345679012345678], [0.012345679012345678], [0.012345679012345678], [0.012345679012345678]]}