{"from": [0, 20, 6, 7, 18, 2, 0, 4, 13, 21, 12, 15, 5, 11, 19, 20, 14, 3, 24, 8, 4, 19, 22, 12, 21, 15, 11, 20, 10, 14, 7, 13, 3, 5, 8, 14, 8, 10, 15, 10, 7, 20, 20, 12, 22, 15, 5, 9, 19, 3, 9, 23, 14, 20, 19, 22, 21, 24, 22, 21, 22, 21, 19, 8, 19, 20, 6, 9, 13, 12, 22, 18, 21, 24, 5, 20, 19, 22, 21, 15, 8], "to": [1, 1, 1, 1, 1, 1, 2, 2, 3, 3, 3, 3, 4, 5, 5, 5, 5, 5, 5, 5, 6, 8, 8, 8, 8, 8, 9, 9, 9, 9, 9, 9, 9, 9, 9, 11, 11, 11, 12, 12, 13, 13, 14, 14, 14, 14, 16, 16, 16, 17, 17, 17, 17, 18, 18, 18, 18, 18, 19, 19, 20, 20, 20, 20, 23, 23, 23, 23, 23, 23, 23, 23, 23, 23, 23, 24, 24, 24, 24, 24, 24], "influence_y": [0, 11, 19, 20, 16, 6, 10, 14, 9, 7, 12, 13, 22, 5], "weights": [[0.012345679012345678], [0.012345679012345678], [0.012345679012345678], [0.012345679012345678], [0.012345679012345678], [0.012345679012345678], [0.012345679012345678], [0.012345679012345678], [0.012345679012345678], [0.012345679012345678], [0.012345679012345678], [0.012345679012345678], [0.012345679012345678], [0.012345679012345678], [0.012345679012345678], [0.012345679012345678], [0.012345679012345678], [0.012345679012345678], [0.012345679012345678], [0.012345679012345678], [0.012345679012345678], [0.012345679012345678], [0.012345679012345678], [0.012345679012345678], [0.012345679012345678], [0.012345679012345678], [0.012345679012345678], [0.012345679012345678], [0.012345679012345678], [0.012345679012345678], [0.012345679012345678], [0.012345679012345678], [0.012345679012345678], [0.012345679012345678], [0.012345679012345678], [0.012345679012345678], [0.012345679012345678], [0.012345679012345678], [0.012345679012345678], [0.012345679012345678], [0.012345679012345678], [0.012345679012345678], [0.012345679012345678], [0.012345679012345678], [0.012345679012345678], [0.012345679012345678], [0.012345679012345678], [0.012345679012345678], [0.012345679012345678], [0.012345679012345678], [0.012345679012345678], [0.012345679012345678], [0.012345679012345678], [0.012345679012345678], [0.012345679012345678], [0.012345679012345678], [0.012345679012345678], [0.012345679012345678], [0.012345679012345678], [0.012345679012345678], [0.012345679012345678], [0.012345679012345678], [0.012345679012345678], [0.012345679012345678], [0.012345679012345678], [0.012345679012345678], [0.012345679012345678], [0.012345679012345678], [0.012345679012345678], [0.012345679012345678], [0.012345679012345678], [0.012345679012345678], [0.012345679012345678], [0.012345679012345678], [0.012345679012345678], [0.012345679012345678], [0.012345679012345678], [0.012345679012345678], [0.012345679012345678], [0.012345679012345678], [0.012345679012345678]]}