{"from": [0, 7, 24, 6, 0, 1, 22, 4, 24, 23, 21, 12, 22, 3, 18, 21, 8, 13, 22, 21, 12, 11, 10, 12, 3, 5, 8, 11, 5, 15, 3, 15, 16, 22, 12, 15, 5, 12, 3, 5, 9, 23, 9, 22, 21, 24, 14, 9, 22, 18, 21, 24, 23, 8, 19, 22, 18, 21, 24, 23, 22, 21, 9, 13, 22, 18, 21, 24, 5, 8, 21, 8, 15], "to": [1, 1, 1, 1, 2, 2, 2, 2, 2, 2, 3, 3, 5, 5, 5, 5, 5, 7, 8, 8, 8, 9, 9, 9, 9, 9, 9, 10, 11, 12, 13, 13, 14, 14, 14, 14, 14, 15, 16, 16, 16, 17, 17, 18, 18, 18, 19, 19, 19, 19, 19, 19, 19, 19, 20, 20, 20, 20, 20, 20, 21, 22, 23, 23, 23, 23, 23, 23, 23, 23, 24, 24, 24], "influence_y": [11, 19, 1, 16, 10, 6, 13, 22, 4, 15, 24], "weights": [[0.0136986301369863], [0.0136986301369863], [0.0136986301369863], [0.0136986301369863], [0.0136986301369863], [0.0136986301369863], [0.0136986301369863], [0.0136986301369863], [0.0136986301369863], [0.0136986301369863], [0.0136986301369863], [0.0136986301369863], [0.0136986301369863], [0.0136986301369863], [0.0136986301369863], [0.0136986301369863], [0.0136986301369863], [0.0136986301369863], [0.0136986301369863], [0.0136986301369863], [0.0136986301369863], [0.0136986301369863], [0.0136986301369863], [0.0136986301369863], [0.0136986301369863], [0.0136986301369863], [0.0136986301369863], [0.0136986301369863], [0.0136986301369863], [0.0136986301369863], [0.0136986301369863], [0.0136986301369863], [0.0136986301369863], [0.0136986301369863], [0.0136986301369863], [0.0136986301369863], [0.0136986301369863], [0.0136986301369863], [0.0136986301369863], [0.0136986301369863], [0.0136986301369863], [0.0136986301369863], [0.0136986301369863], [0.0136986301369863], [0.0136986301369863], [0.0136986301369863], [0.0136986301369863], [0.0136986301369863], [0.0136986301369863], [0.0136986301369863], [0.0136986301369863], [0.0136986301369863], [0.0136986301369863], [0.0136986301369863], [0.0136986301369863], [0.0136986301369863], [0.0136986301369863], [0.0136986301369863], [0.0136986301369863], [0.0136986301369863], [0.0136986301369863], [0.0136986301369863], [0.0136986301369863], [0.0136986301369863], [0.0136986301369863], [0.0136986301369863], [0.0136986301369863], [0.0136986301369863], [0.0136986301369863], [0.0136986301369863], [0.0136986301369863], [0.0136986301369863], [0.0136986301369863]]}