{"from": [7, 18, 0, 2, 6, 20, 0, 4, 21, 12, 6, 11, 18, 12, 3, 22, 4, 14, 21, 4, 13, 16, 11, 5, 12, 10, 22, 9, 21, 11, 5, 12, 10, 3, 23, 21, 11, 10, 3, 22, 12, 24, 8, 14, 5, 9, 3, 19, 9, 3, 23, 21, 22, 13, 18, 8, 23, 22, 9, 14, 21, 18, 23, 22, 24, 19, 21, 11, 5, 13, 18, 22, 21, 18, 23, 22, 19, 21, 20], "to": [1, 1, 1, 1, 1, 1, 2, 2, 3, 3, 4, 5, 5, 5, 5, 5, 5, 5, 5, 6, 7, 7, 8, 8, 8, 8, 8, 8, 8, 9, 9, 9, 9, 9, 9, 9, 10, 11, 13, 14, 14, 15, 15, 15, 16, 16, 16, 16, 17, 17, 17, 18, 18, 19, 19, 19, 19, 19, 19, 19, 19, 20, 20, 20, 20, 20, 20, 23, 23, 23, 23, 23, 23, 24, 24, 24, 24, 24, 24], "influence_y": [1, 5, 19, 24], "weights": [[0.012658227848101266], [0.012658227848101266], [0.012658227848101266], [0.012658227848101266], [0.012658227848101266], [0.012658227848101266], [0.012658227848101266], [0.012658227848101266], [0.012658227848101266], [0.012658227848101266], [0.012658227848101266], [0.012658227848101266], [0.012658227848101266], [0.012658227848101266], [0.012658227848101266], [0.012658227848101266], [0.012658227848101266], [0.012658227848101266], [0.012658227848101266], [0.012658227848101266], [0.012658227848101266], [0.012658227848101266], [0.012658227848101266], [0.012658227848101266], [0.012658227848101266], [0.012658227848101266], [0.012658227848101266], [0.012658227848101266], [0.012658227848101266], [0.012658227848101266], [0.012658227848101266], [0.012658227848101266], [0.012658227848101266], [0.012658227848101266], [0.012658227848101266], [0.012658227848101266], [0.012658227848101266], [0.012658227848101266], [0.012658227848101266], [0.012658227848101266], [0.012658227848101266], [0.012658227848101266], [0.012658227848101266], [0.012658227848101266], [0.012658227848101266], [0.012658227848101266], [0.012658227848101266], [0.012658227848101266], [0.012658227848101266], [0.012658227848101266], [0.012658227848101266], [0.012658227848101266], [0.012658227848101266], [0.012658227848101266], [0.012658227848101266], [0.012658227848101266], [0.012658227848101266], [0.012658227848101266], [0.012658227848101266], [0.012658227848101266], [0.012658227848101266], [0.012658227848101266], [0.012658227848101266], [0.012658227848101266], [0.012658227848101266], [0.012658227848101266], [0.012658227848101266], [0.012658227848101266], [0.012658227848101266], [0.012658227848101266], [0.012658227848101266], [0.012658227848101266], [0.012658227848101266], [0.012658227848101266], [0.012658227848101266], [0.012658227848101266], [0.012658227848101266], [0.012658227848101266], [0.012658227848101266]]}