{"from": [12, 7, 18, 0, 2, 6, 20, 0, 4, 13, 19, 8, 3, 14, 20, 4, 11, 5, 18, 12, 10, 8, 3, 14, 20, 11, 13, 19, 8, 14, 8, 14, 3, 7, 20, 18, 19, 24, 8, 14, 7, 9, 3, 19, 9, 23, 8, 18, 20, 8, 18, 19, 18, 12, 8, 3, 22, 19, 20, 14, 13, 18, 22, 9, 19, 21, 20, 18, 23, 22, 19, 21, 20], "to": [0, 1, 1, 1, 1, 1, 1, 2, 2, 3, 5, 5, 5, 5, 5, 6, 9, 9, 9, 9, 9, 9, 9, 9, 9, 10, 10, 10, 11, 11, 12, 12, 12, 13, 13, 14, 14, 15, 15, 15, 16, 16, 16, 16, 17, 17, 19, 19, 19, 20, 20, 20, 21, 21, 21, 21, 21, 21, 21, 22, 23, 23, 23, 23, 23, 23, 23, 24, 24, 24, 24, 24, 24], "influence_y": [11, 5, 13, 18, 19, 8, 16, 23, 22, 9, 4, 14, 20], "weights": [[0.0136986301369863], [0.0136986301369863], [0.0136986301369863], [0.0136986301369863], [0.0136986301369863], [0.0136986301369863], [0.0136986301369863], [0.0136986301369863], [0.0136986301369863], [0.0136986301369863], [0.0136986301369863], [0.0136986301369863], [0.0136986301369863], [0.0136986301369863], [0.0136986301369863], [0.0136986301369863], [0.0136986301369863], [0.0136986301369863], [0.0136986301369863], [0.0136986301369863], [0.0136986301369863], [0.0136986301369863], [0.0136986301369863], [0.0136986301369863], [0.0136986301369863], [0.0136986301369863], [0.0136986301369863], [0.0136986301369863], [0.0136986301369863], [0.0136986301369863], [0.0136986301369863], [0.0136986301369863], [0.0136986301369863], [0.0136986301369863], [0.0136986301369863], [0.0136986301369863], [0.0136986301369863], [0.0136986301369863], [0.0136986301369863], [0.0136986301369863], [0.0136986301369863], [0.0136986301369863], [0.0136986301369863], [0.0136986301369863], [0.0136986301369863], [0.0136986301369863], [0.0136986301369863], [0.0136986301369863], [0.0136986301369863], [0.0136986301369863], [0.0136986301369863], [0.0136986301369863], [0.0136986301369863], [0.0136986301369863], [0.0136986301369863], [0.0136986301369863], [0.0136986301369863], [0.0136986301369863], [0.0136986301369863], [0.0136986301369863], [0.0136986301369863], [0.0136986301369863], [0.0136986301369863], [0.0136986301369863], [0.0136986301369863], [0.0136986301369863], [0.0136986301369863], [0.0136986301369863], [0.0136986301369863], [0.0136986301369863], [0.0136986301369863], [0.0136986301369863], [0.0136986301369863]]}