{"from": [0, 20, 6, 7, 18, 2, 0, 22, 4, 13, 6, 14, 6, 12, 4, 8, 4, 13, 16, 22, 21, 11, 19, 10, 12, 3, 5, 8, 11, 8, 8, 14, 3, 12, 24, 14, 13, 5, 9, 19, 3, 9, 23, 22, 14, 22, 18, 21, 8, 19, 22, 18, 21, 24, 23, 3, 22, 18, 18, 19, 9, 13, 22, 18, 21, 24, 5, 18, 21, 19, 22], "to": [1, 1, 1, 1, 1, 1, 2, 2, 2, 3, 4, 5, 5, 5, 5, 5, 6, 7, 7, 8, 8, 9, 9, 9, 9, 9, 9, 9, 10, 11, 12, 12, 13, 15, 15, 15, 16, 16, 16, 16, 17, 17, 17, 18, 19, 19, 19, 19, 19, 20, 20, 20, 20, 20, 20, 21, 21, 21, 22, 23, 23, 23, 23, 23, 23, 23, 23, 24, 24, 24, 24], "influence_y": [11, 6, 12, 13, 3, 21, 5, 8], "weights": [[0.014084507042253521], [0.014084507042253521], [0.014084507042253521], [0.014084507042253521], [0.014084507042253521], [0.014084507042253521], [0.014084507042253521], [0.014084507042253521], [0.014084507042253521], [0.014084507042253521], [0.014084507042253521], [0.014084507042253521], [0.014084507042253521], [0.014084507042253521], [0.014084507042253521], [0.014084507042253521], [0.014084507042253521], [0.014084507042253521], [0.014084507042253521], [0.014084507042253521], [0.014084507042253521], [0.014084507042253521], [0.014084507042253521], [0.014084507042253521], [0.014084507042253521], [0.014084507042253521], [0.014084507042253521], [0.014084507042253521], [0.014084507042253521], [0.014084507042253521], [0.014084507042253521], [0.014084507042253521], [0.014084507042253521], [0.014084507042253521], [0.014084507042253521], [0.014084507042253521], [0.014084507042253521], [0.014084507042253521], [0.014084507042253521], [0.014084507042253521], [0.014084507042253521], [0.014084507042253521], [0.014084507042253521], [0.014084507042253521], [0.014084507042253521], [0.014084507042253521], [0.014084507042253521], [0.014084507042253521], [0.014084507042253521], [0.014084507042253521], [0.014084507042253521], [0.014084507042253521], [0.014084507042253521], [0.014084507042253521], [0.014084507042253521], [0.014084507042253521], [0.014084507042253521], [0.014084507042253521], [0.014084507042253521], [0.014084507042253521], [0.014084507042253521], [0.014084507042253521], [0.014084507042253521], [0.014084507042253521], [0.014084507042253521], [0.014084507042253521], [0.014084507042253521], [0.014084507042253521], [0.014084507042253521], [0.014084507042253521], [0.014084507042253521]]}