{"from": [0, 20, 6, 7, 2, 0, 23, 22, 4, 21, 12, 5, 11, 14, 22, 3, 18, 21, 8, 4, 13, 16, 22, 21, 12, 11, 19, 10, 12, 3, 5, 8, 8, 10, 3, 22, 12, 12, 8, 24, 14, 3, 5, 9, 19, 3, 9, 23, 22, 21, 14, 22, 18, 21, 8, 19, 22, 18, 21, 24, 23, 19, 9, 13, 22, 18, 21, 5, 8, 20, 19, 22, 18, 21, 23], "to": [1, 1, 1, 1, 1, 2, 2, 2, 2, 3, 3, 4, 5, 5, 5, 5, 5, 5, 5, 6, 7, 7, 8, 8, 8, 9, 9, 9, 9, 9, 9, 9, 11, 11, 13, 14, 14, 15, 15, 15, 15, 16, 16, 16, 16, 17, 17, 17, 18, 18, 19, 19, 19, 19, 19, 20, 20, 20, 20, 20, 20, 23, 23, 23, 23, 23, 23, 23, 23, 24, 24, 24, 24, 24, 24], "influence_y": [19, 22, 18, 21, 24, 23, 5], "weights": [[0.013333333333333334], [0.013333333333333334], [0.013333333333333334], [0.013333333333333334], [0.013333333333333334], [0.013333333333333334], [0.013333333333333334], [0.013333333333333334], [0.013333333333333334], [0.013333333333333334], [0.013333333333333334], [0.013333333333333334], [0.013333333333333334], [0.013333333333333334], [0.013333333333333334], [0.013333333333333334], [0.013333333333333334], [0.013333333333333334], [0.013333333333333334], [0.013333333333333334], [0.013333333333333334], [0.013333333333333334], [0.013333333333333334], [0.013333333333333334], [0.013333333333333334], [0.013333333333333334], [0.013333333333333334], [0.013333333333333334], [0.013333333333333334], [0.013333333333333334], [0.013333333333333334], [0.013333333333333334], [0.013333333333333334], [0.013333333333333334], [0.013333333333333334], [0.013333333333333334], [0.013333333333333334], [0.013333333333333334], [0.013333333333333334], [0.013333333333333334], [0.013333333333333334], [0.013333333333333334], [0.013333333333333334], [0.013333333333333334], [0.013333333333333334], [0.013333333333333334], [0.013333333333333334], [0.013333333333333334], [0.013333333333333334], [0.013333333333333334], [0.013333333333333334], [0.013333333333333334], [0.013333333333333334], [0.013333333333333334], [0.013333333333333334], [0.013333333333333334], [0.013333333333333334], [0.013333333333333334], [0.013333333333333334], [0.013333333333333334], [0.013333333333333334], [0.013333333333333334], [0.013333333333333334], [0.013333333333333334], [0.013333333333333334], [0.013333333333333334], [0.013333333333333334], [0.013333333333333334], [0.013333333333333334], [0.013333333333333334], [0.013333333333333334], [0.013333333333333334], [0.013333333333333334], [0.013333333333333334], [0.013333333333333334]]}