{"from": [7, 18, 0, 2, 6, 20, 0, 4, 22, 21, 12, 5, 11, 8, 14, 3, 4, 13, 22, 21, 12, 11, 5, 12, 10, 8, 3, 10, 8, 15, 3, 22, 15, 12, 12, 5, 7, 0, 3, 9, 9, 23, 5, 13, 15, 23, 22, 21, 20, 13, 18, 12, 8, 23, 22, 24, 9, 21, 20, 13, 8, 22, 9, 14, 5, 13, 22, 9, 21, 20, 18, 8, 15, 23, 22, 21, 20], "to": [1, 1, 1, 1, 1, 1, 2, 2, 2, 3, 3, 4, 5, 5, 5, 5, 6, 7, 8, 8, 8, 9, 9, 9, 9, 9, 9, 11, 11, 12, 13, 14, 14, 14, 15, 16, 16, 16, 16, 16, 17, 17, 18, 18, 18, 18, 18, 18, 18, 19, 19, 19, 19, 19, 19, 19, 19, 19, 19, 20, 20, 20, 20, 20, 23, 23, 23, 23, 23, 23, 24, 24, 24, 24, 24, 24, 24], "influence_y": [13, 18, 1, 16, 0, 23, 9, 19, 20], "weights": [[0.012987012987012988], [0.012987012987012988], [0.012987012987012988], [0.012987012987012988], [0.012987012987012988], [0.012987012987012988], [0.012987012987012988], [0.012987012987012988], [0.012987012987012988], [0.012987012987012988], [0.012987012987012988], [0.012987012987012988], [0.012987012987012988], [0.012987012987012988], [0.012987012987012988], [0.012987012987012988], [0.012987012987012988], [0.012987012987012988], [0.012987012987012988], [0.012987012987012988], [0.012987012987012988], [0.012987012987012988], [0.012987012987012988], [0.012987012987012988], [0.012987012987012988], [0.012987012987012988], [0.012987012987012988], [0.012987012987012988], [0.012987012987012988], [0.012987012987012988], [0.012987012987012988], [0.012987012987012988], [0.012987012987012988], [0.012987012987012988], [0.012987012987012988], [0.012987012987012988], [0.012987012987012988], [0.012987012987012988], [0.012987012987012988], [0.012987012987012988], [0.012987012987012988], [0.012987012987012988], [0.012987012987012988], [0.012987012987012988], [0.012987012987012988], [0.012987012987012988], [0.012987012987012988], [0.012987012987012988], [0.012987012987012988], [0.012987012987012988], [0.012987012987012988], [0.012987012987012988], [0.012987012987012988], [0.012987012987012988], [0.012987012987012988], [0.012987012987012988], [0.012987012987012988], [0.012987012987012988], [0.012987012987012988], [0.012987012987012988], [0.012987012987012988], [0.012987012987012988], [0.012987012987012988], [0.012987012987012988], [0.012987012987012988], [0.012987012987012988], [0.012987012987012988], [0.012987012987012988], [0.012987012987012988], [0.012987012987012988], [0.012987012987012988], [0.012987012987012988], [0.012987012987012988], [0.012987012987012988], [0.012987012987012988], [0.012987012987012988], [0.012987012987012988]]}