{"from": [0, 20, 6, 7, 18, 2, 0, 23, 22, 4, 13, 15, 5, 3, 23, 8, 4, 13, 16, 23, 15, 11, 20, 10, 3, 5, 8, 11, 23, 5, 4, 8, 3, 8, 15, 23, 11, 20, 16, 7, 12, 22, 15, 5, 8, 3, 5, 9, 19, 3, 9, 23, 20, 13, 22, 21, 23, 5, 20, 9, 12, 22, 3, 18, 21, 23, 8, 5, 13, 9, 12, 22, 3, 23, 5, 8, 23, 20, 8, 13, 8, 20, 19, 22, 18, 21, 15, 23], "to": [1, 1, 1, 1, 1, 1, 2, 2, 2, 2, 3, 3, 4, 5, 5, 5, 6, 7, 7, 8, 8, 9, 9, 9, 9, 9, 9, 10, 11, 11, 11, 11, 12, 12, 12, 13, 14, 14, 14, 14, 14, 14, 14, 14, 15, 16, 16, 16, 16, 17, 17, 17, 18, 18, 18, 18, 18, 18, 19, 19, 19, 19, 19, 19, 19, 19, 19, 20, 20, 21, 21, 21, 21, 21, 21, 21, 22, 22, 22, 23, 23, 24, 24, 24, 24, 24, 24, 24], "influence_y": [0, 11, 19, 1, 10, 6, 14, 12, 4, 23], "weights": [[0.011363636363636364], [0.011363636363636364], [0.011363636363636364], [0.011363636363636364], [0.011363636363636364], [0.011363636363636364], [0.011363636363636364], [0.011363636363636364], [0.011363636363636364], [0.011363636363636364], [0.011363636363636364], [0.011363636363636364], [0.011363636363636364], [0.011363636363636364], [0.011363636363636364], [0.011363636363636364], [0.011363636363636364], [0.011363636363636364], [0.011363636363636364], [0.011363636363636364], [0.011363636363636364], [0.011363636363636364], [0.011363636363636364], [0.011363636363636364], [0.011363636363636364], [0.011363636363636364], [0.011363636363636364], [0.011363636363636364], [0.011363636363636364], [0.011363636363636364], [0.011363636363636364], [0.011363636363636364], [0.011363636363636364], [0.011363636363636364], [0.011363636363636364], [0.011363636363636364], [0.011363636363636364], [0.011363636363636364], [0.011363636363636364], [0.011363636363636364], [0.011363636363636364], [0.011363636363636364], [0.011363636363636364], [0.011363636363636364], [0.011363636363636364], [0.011363636363636364], [0.011363636363636364], [0.011363636363636364], [0.011363636363636364], [0.011363636363636364], [0.011363636363636364], [0.011363636363636364], [0.011363636363636364], [0.011363636363636364], [0.011363636363636364], [0.011363636363636364], [0.011363636363636364], [0.011363636363636364], [0.011363636363636364], [0.011363636363636364], [0.011363636363636364], [0.011363636363636364], [0.011363636363636364], [0.011363636363636364], [0.011363636363636364], [0.011363636363636364], [0.011363636363636364], [0.011363636363636364], [0.011363636363636364], [0.011363636363636364], [0.011363636363636364], [0.011363636363636364], [0.011363636363636364], [0.011363636363636364], [0.011363636363636364], [0.011363636363636364], [0.011363636363636364], [0.011363636363636364], [0.011363636363636364], [0.011363636363636364], [0.011363636363636364], [0.011363636363636364], [0.011363636363636364], [0.011363636363636364], [0.011363636363636364], [0.011363636363636364], [0.011363636363636364], [0.011363636363636364]]}