{"from": [0, 20, 6, 7, 18, 2, 0, 23, 22, 4, 13, 6, 0, 11, 14, 13, 12, 3, 4, 13, 16, 19, 10, 9, 12, 22, 5, 11, 10, 12, 3, 5, 11, 10, 3, 14, 3, 12, 8, 24, 14, 3, 5, 9, 3, 9, 23, 22, 19, 22, 16, 19, 22, 18, 21, 24, 23, 19, 9, 12, 22, 3, 18, 8, 14, 19, 9, 13, 22, 18, 21, 5, 20, 19, 22, 18, 21, 23], "to": [1, 1, 1, 1, 1, 1, 2, 2, 2, 2, 3, 4, 5, 5, 5, 5, 5, 5, 6, 7, 7, 8, 8, 8, 8, 8, 8, 9, 9, 9, 9, 9, 10, 11, 12, 12, 13, 15, 15, 15, 15, 16, 16, 16, 17, 17, 17, 18, 18, 19, 19, 20, 20, 20, 20, 20, 20, 21, 21, 21, 21, 21, 21, 21, 22, 23, 23, 23, 23, 23, 23, 23, 24, 24, 24, 24, 24, 24], "influence_y": [11, 22, 12, 13, 4, 23, 5, 8], "weights": [[0.01282051282051282], [0.01282051282051282], [0.01282051282051282], [0.01282051282051282], [0.01282051282051282], [0.01282051282051282], [0.01282051282051282], [0.01282051282051282], [0.01282051282051282], [0.01282051282051282], [0.01282051282051282], [0.01282051282051282], [0.01282051282051282], [0.01282051282051282], [0.01282051282051282], [0.01282051282051282], [0.01282051282051282], [0.01282051282051282], [0.01282051282051282], [0.01282051282051282], [0.01282051282051282], [0.01282051282051282], [0.01282051282051282], [0.01282051282051282], [0.01282051282051282], [0.01282051282051282], [0.01282051282051282], [0.01282051282051282], [0.01282051282051282], [0.01282051282051282], [0.01282051282051282], [0.01282051282051282], [0.01282051282051282], [0.01282051282051282], [0.01282051282051282], [0.01282051282051282], [0.01282051282051282], [0.01282051282051282], [0.01282051282051282], [0.01282051282051282], [0.01282051282051282], [0.01282051282051282], [0.01282051282051282], [0.01282051282051282], [0.01282051282051282], [0.01282051282051282], [0.01282051282051282], [0.01282051282051282], [0.01282051282051282], [0.01282051282051282], [0.01282051282051282], [0.01282051282051282], [0.01282051282051282], [0.01282051282051282], [0.01282051282051282], [0.01282051282051282], [0.01282051282051282], [0.01282051282051282], [0.01282051282051282], [0.01282051282051282], [0.01282051282051282], [0.01282051282051282], [0.01282051282051282], [0.01282051282051282], [0.01282051282051282], [0.01282051282051282], [0.01282051282051282], [0.01282051282051282], [0.01282051282051282], [0.01282051282051282], [0.01282051282051282], [0.01282051282051282], [0.01282051282051282], [0.01282051282051282], [0.01282051282051282], [0.01282051282051282], [0.01282051282051282], [0.01282051282051282]]}