{"from": [7, 0, 2, 6, 20, 0, 4, 21, 12, 5, 11, 8, 14, 3, 4, 13, 16, 22, 21, 12, 11, 5, 12, 10, 8, 3, 10, 8, 15, 15, 3, 22, 15, 12, 12, 5, 9, 3, 9, 23, 24, 21, 22, 13, 18, 8, 16, 23, 22, 24, 9, 14, 21, 18, 23, 22, 24, 19, 21, 5, 13, 18, 22, 24, 9, 21, 8, 16, 15], "to": [1, 1, 1, 1, 1, 2, 2, 3, 3, 4, 5, 5, 5, 5, 6, 7, 7, 8, 8, 8, 9, 9, 9, 9, 9, 9, 11, 11, 12, 13, 13, 14, 14, 14, 15, 16, 16, 16, 17, 17, 18, 18, 18, 19, 19, 19, 19, 19, 19, 19, 19, 19, 19, 20, 20, 20, 20, 20, 20, 23, 23, 23, 23, 23, 23, 23, 24, 24, 24], "influence_y": [13, 8, 6, 12], "weights": [[0.014492753623188406], [0.014492753623188406], [0.014492753623188406], [0.014492753623188406], [0.014492753623188406], [0.014492753623188406], [0.014492753623188406], [0.014492753623188406], [0.014492753623188406], [0.014492753623188406], [0.014492753623188406], [0.014492753623188406], [0.014492753623188406], [0.014492753623188406], [0.014492753623188406], [0.014492753623188406], [0.014492753623188406], [0.014492753623188406], [0.014492753623188406], [0.014492753623188406], [0.014492753623188406], [0.014492753623188406], [0.014492753623188406], [0.014492753623188406], [0.014492753623188406], [0.014492753623188406], [0.014492753623188406], [0.014492753623188406], [0.014492753623188406], [0.014492753623188406], [0.014492753623188406], [0.014492753623188406], [0.014492753623188406], [0.014492753623188406], [0.014492753623188406], [0.014492753623188406], [0.014492753623188406], [0.014492753623188406], [0.014492753623188406], [0.014492753623188406], [0.014492753623188406], [0.014492753623188406], [0.014492753623188406], [0.014492753623188406], [0.014492753623188406], [0.014492753623188406], [0.014492753623188406], [0.014492753623188406], [0.014492753623188406], [0.014492753623188406], [0.014492753623188406], [0.014492753623188406], [0.014492753623188406], [0.014492753623188406], [0.014492753623188406], [0.014492753623188406], [0.014492753623188406], [0.014492753623188406], [0.014492753623188406], [0.014492753623188406], [0.014492753623188406], [0.014492753623188406], [0.014492753623188406], [0.014492753623188406], [0.014492753623188406], [0.014492753623188406], [0.014492753623188406], [0.014492753623188406], [0.014492753623188406]]}