{"from": [7, 18, 0, 2, 6, 20, 0, 19, 4, 21, 12, 5, 11, 8, 14, 3, 4, 13, 22, 21, 12, 11, 5, 12, 10, 8, 3, 10, 8, 15, 15, 3, 22, 15, 12, 12, 5, 9, 3, 9, 3, 23, 5, 13, 23, 22, 24, 19, 21, 8, 16, 23, 22, 24, 14, 21, 18, 23, 22, 24, 19, 21, 5, 13, 22, 9, 21, 8, 15, 23, 22, 21], "to": [1, 1, 1, 1, 1, 1, 2, 2, 2, 3, 3, 4, 5, 5, 5, 5, 6, 7, 8, 8, 8, 9, 9, 9, 9, 9, 9, 11, 11, 12, 13, 13, 14, 14, 14, 15, 16, 16, 16, 17, 17, 17, 18, 18, 18, 18, 18, 18, 18, 19, 19, 19, 19, 19, 19, 19, 20, 20, 20, 20, 20, 20, 23, 23, 23, 23, 23, 24, 24, 24, 24, 24], "influence_y": [5, 13, 7, 8, 16, 3, 23, 24, 9, 17], "weights": [[0.013888888888888888], [0.013888888888888888], [0.013888888888888888], [0.013888888888888888], [0.013888888888888888], [0.013888888888888888], [0.013888888888888888], [0.013888888888888888], [0.013888888888888888], [0.013888888888888888], [0.013888888888888888], [0.013888888888888888], [0.013888888888888888], [0.013888888888888888], [0.013888888888888888], [0.013888888888888888], [0.013888888888888888], [0.013888888888888888], [0.013888888888888888], [0.013888888888888888], [0.013888888888888888], [0.013888888888888888], [0.013888888888888888], [0.013888888888888888], [0.013888888888888888], [0.013888888888888888], [0.013888888888888888], [0.013888888888888888], [0.013888888888888888], [0.013888888888888888], [0.013888888888888888], [0.013888888888888888], [0.013888888888888888], [0.013888888888888888], [0.013888888888888888], [0.013888888888888888], [0.013888888888888888], [0.013888888888888888], [0.013888888888888888], [0.013888888888888888], [0.013888888888888888], [0.013888888888888888], [0.013888888888888888], [0.013888888888888888], [0.013888888888888888], [0.013888888888888888], [0.013888888888888888], [0.013888888888888888], [0.013888888888888888], [0.013888888888888888], [0.013888888888888888], [0.013888888888888888], [0.013888888888888888], [0.013888888888888888], [0.013888888888888888], [0.013888888888888888], [0.013888888888888888], [0.013888888888888888], [0.013888888888888888], [0.013888888888888888], [0.013888888888888888], [0.013888888888888888], [0.013888888888888888], [0.013888888888888888], [0.013888888888888888], [0.013888888888888888], [0.013888888888888888], [0.013888888888888888], [0.013888888888888888], [0.013888888888888888], [0.013888888888888888], [0.013888888888888888]]}