{"from": [0, 20, 6, 7, 22, 18, 2, 0, 23, 22, 4, 13, 21, 12, 6, 3, 21, 4, 23, 8, 4, 21, 12, 11, 10, 7, 12, 3, 5, 8, 11, 5, 15, 7, 22, 5, 12, 15, 12, 19, 9, 7, 3, 5, 3, 9, 23, 14, 22, 13, 21, 24, 23, 5, 14, 9, 22, 3, 18, 21, 24, 23, 8, 19, 22, 18, 21, 24, 23, 21, 24, 6, 22, 13, 21, 24, 8, 8, 15], "to": [1, 1, 1, 1, 1, 1, 1, 2, 2, 2, 2, 3, 3, 3, 4, 5, 5, 5, 5, 5, 6, 8, 8, 9, 9, 9, 9, 9, 9, 9, 10, 11, 12, 13, 14, 14, 14, 14, 15, 16, 16, 16, 16, 16, 17, 17, 17, 17, 18, 18, 18, 18, 18, 18, 19, 19, 19, 19, 19, 19, 19, 19, 19, 20, 20, 20, 20, 20, 20, 22, 22, 23, 23, 23, 23, 23, 23, 24, 24], "influence_y": [11, 16, 22, 13, 4, 23, 8], "weights": [[0.012658227848101266], [0.012658227848101266], [0.012658227848101266], [0.012658227848101266], [0.012658227848101266], [0.012658227848101266], [0.012658227848101266], [0.012658227848101266], [0.012658227848101266], [0.012658227848101266], [0.012658227848101266], [0.012658227848101266], [0.012658227848101266], [0.012658227848101266], [0.012658227848101266], [0.012658227848101266], [0.012658227848101266], [0.012658227848101266], [0.012658227848101266], [0.012658227848101266], [0.012658227848101266], [0.012658227848101266], [0.012658227848101266], [0.012658227848101266], [0.012658227848101266], [0.012658227848101266], [0.012658227848101266], [0.012658227848101266], [0.012658227848101266], [0.012658227848101266], [0.012658227848101266], [0.012658227848101266], [0.012658227848101266], [0.012658227848101266], [0.012658227848101266], [0.012658227848101266], [0.012658227848101266], [0.012658227848101266], [0.012658227848101266], [0.012658227848101266], [0.012658227848101266], [0.012658227848101266], [0.012658227848101266], [0.012658227848101266], [0.012658227848101266], [0.012658227848101266], [0.012658227848101266], [0.012658227848101266], [0.012658227848101266], [0.012658227848101266], [0.012658227848101266], [0.012658227848101266], [0.012658227848101266], [0.012658227848101266], [0.012658227848101266], [0.012658227848101266], [0.012658227848101266], [0.012658227848101266], [0.012658227848101266], [0.012658227848101266], [0.012658227848101266], [0.012658227848101266], [0.012658227848101266], [0.012658227848101266], [0.012658227848101266], [0.012658227848101266], [0.012658227848101266], [0.012658227848101266], [0.012658227848101266], [0.012658227848101266], [0.012658227848101266], [0.012658227848101266], [0.012658227848101266], [0.012658227848101266], [0.012658227848101266], [0.012658227848101266], [0.012658227848101266], [0.012658227848101266], [0.012658227848101266]]}