{"from": [7, 18, 0, 2, 6, 20, 0, 4, 13, 5, 11, 18, 8, 3, 23, 22, 4, 13, 11, 5, 10, 8, 3, 10, 8, 8, 0, 15, 3, 21, 23, 11, 5, 16, 12, 24, 8, 5, 13, 9, 9, 3, 23, 23, 18, 12, 23, 22, 24, 9, 21, 20, 18, 8, 16, 23, 22, 24, 14, 21, 5, 18, 8, 3, 23, 22, 8, 18, 23, 11, 18, 23, 21, 22], "to": [1, 1, 1, 1, 1, 1, 2, 2, 3, 4, 5, 5, 5, 5, 5, 5, 6, 7, 9, 9, 9, 9, 9, 11, 11, 12, 12, 12, 12, 12, 13, 14, 14, 14, 14, 15, 15, 16, 16, 16, 17, 17, 17, 18, 19, 19, 19, 19, 19, 19, 19, 19, 20, 20, 20, 20, 20, 20, 20, 20, 21, 21, 21, 21, 21, 21, 22, 22, 22, 23, 24, 24, 24, 24], "influence_y": [7, 10, 8, 0, 16, 24, 4, 17, 19], "weights": [[0.013513513513513514], [0.013513513513513514], [0.013513513513513514], [0.013513513513513514], [0.013513513513513514], [0.013513513513513514], [0.013513513513513514], [0.013513513513513514], [0.013513513513513514], [0.013513513513513514], [0.013513513513513514], [0.013513513513513514], [0.013513513513513514], [0.013513513513513514], [0.013513513513513514], [0.013513513513513514], [0.013513513513513514], [0.013513513513513514], [0.013513513513513514], [0.013513513513513514], [0.013513513513513514], [0.013513513513513514], [0.013513513513513514], [0.013513513513513514], [0.013513513513513514], [0.013513513513513514], [0.013513513513513514], [0.013513513513513514], [0.013513513513513514], [0.013513513513513514], [0.013513513513513514], [0.013513513513513514], [0.013513513513513514], [0.013513513513513514], [0.013513513513513514], [0.013513513513513514], [0.013513513513513514], [0.013513513513513514], [0.013513513513513514], [0.013513513513513514], [0.013513513513513514], [0.013513513513513514], [0.013513513513513514], [0.013513513513513514], [0.013513513513513514], [0.013513513513513514], [0.013513513513513514], [0.013513513513513514], [0.013513513513513514], [0.013513513513513514], [0.013513513513513514], [0.013513513513513514], [0.013513513513513514], [0.013513513513513514], [0.013513513513513514], [0.013513513513513514], [0.013513513513513514], [0.013513513513513514], [0.013513513513513514], [0.013513513513513514], [0.013513513513513514], [0.013513513513513514], [0.013513513513513514], [0.013513513513513514], [0.013513513513513514], [0.013513513513513514], [0.013513513513513514], [0.013513513513513514], [0.013513513513513514], [0.013513513513513514], [0.013513513513513514], [0.013513513513513514], [0.013513513513513514], [0.013513513513513514]]}