{"from": [7, 18, 0, 2, 6, 20, 0, 4, 13, 5, 8, 14, 3, 4, 13, 16, 14, 12, 11, 5, 10, 8, 3, 11, 8, 14, 3, 3, 24, 12, 9, 3, 9, 3, 23, 5, 18, 8, 16, 22, 14, 21, 5, 13, 18, 22, 9, 19, 21, 8, 18, 3, 22, 14, 2, 5, 13, 18, 22, 24, 9, 19, 6, 21, 20, 18, 1, 22, 19, 21, 20], "to": [1, 1, 1, 1, 1, 1, 2, 2, 3, 4, 5, 5, 5, 6, 7, 7, 7, 8, 9, 9, 9, 9, 9, 10, 11, 12, 12, 13, 15, 15, 16, 16, 17, 17, 17, 19, 19, 19, 19, 19, 19, 19, 20, 20, 20, 20, 20, 20, 20, 21, 21, 21, 21, 22, 22, 23, 23, 23, 23, 23, 23, 23, 23, 23, 23, 24, 24, 24, 24, 24, 24], "influence_y": [11, 5, 13, 18, 12, 16, 0, 3, 23, 22, 24, 4, 17, 6, 21, 20], "weights": [[0.014084507042253521], [0.014084507042253521], [0.014084507042253521], [0.014084507042253521], [0.014084507042253521], [0.014084507042253521], [0.014084507042253521], [0.014084507042253521], [0.014084507042253521], [0.014084507042253521], [0.014084507042253521], [0.014084507042253521], [0.014084507042253521], [0.014084507042253521], [0.014084507042253521], [0.014084507042253521], [0.014084507042253521], [0.014084507042253521], [0.014084507042253521], [0.014084507042253521], [0.014084507042253521], [0.014084507042253521], [0.014084507042253521], [0.014084507042253521], [0.014084507042253521], [0.014084507042253521], [0.014084507042253521], [0.014084507042253521], [0.014084507042253521], [0.014084507042253521], [0.014084507042253521], [0.014084507042253521], [0.014084507042253521], [0.014084507042253521], [0.014084507042253521], [0.014084507042253521], [0.014084507042253521], [0.014084507042253521], [0.014084507042253521], [0.014084507042253521], [0.014084507042253521], [0.014084507042253521], [0.014084507042253521], [0.014084507042253521], [0.014084507042253521], [0.014084507042253521], [0.014084507042253521], [0.014084507042253521], [0.014084507042253521], [0.014084507042253521], [0.014084507042253521], [0.014084507042253521], [0.014084507042253521], [0.014084507042253521], [0.014084507042253521], [0.014084507042253521], [0.014084507042253521], [0.014084507042253521], [0.014084507042253521], [0.014084507042253521], [0.014084507042253521], [0.014084507042253521], [0.014084507042253521], [0.014084507042253521], [0.014084507042253521], [0.014084507042253521], [0.014084507042253521], [0.014084507042253521], [0.014084507042253521], [0.014084507042253521], [0.014084507042253521]]}