{"from": [7, 18, 0, 2, 6, 20, 0, 23, 4, 22, 13, 5, 11, 8, 14, 3, 4, 13, 22, 12, 11, 5, 12, 10, 8, 3, 13, 10, 8, 14, 3, 10, 7, 3, 14, 12, 9, 9, 5, 13, 23, 22, 24, 19, 21, 5, 8, 23, 22, 9, 14, 18, 23, 22, 24, 19, 21, 5, 12, 8, 0, 3, 23, 22, 9, 19, 5, 13, 8, 22, 17, 15, 23, 22, 19, 21], "to": [1, 1, 1, 1, 1, 1, 2, 2, 2, 2, 3, 4, 5, 5, 5, 5, 6, 7, 8, 8, 9, 9, 9, 9, 9, 9, 10, 11, 11, 12, 12, 13, 13, 13, 15, 15, 16, 17, 18, 18, 18, 18, 18, 18, 18, 19, 19, 19, 19, 19, 19, 20, 20, 20, 20, 20, 20, 21, 21, 21, 21, 21, 21, 21, 21, 21, 23, 23, 23, 23, 23, 24, 24, 24, 24, 24], "influence_y": [5, 13, 7, 18, 19, 1, 16, 22, 24, 9, 4, 14, 6], "weights": [[0.013157894736842105], [0.013157894736842105], [0.013157894736842105], [0.013157894736842105], [0.013157894736842105], [0.013157894736842105], [0.013157894736842105], [0.013157894736842105], [0.013157894736842105], [0.013157894736842105], [0.013157894736842105], [0.013157894736842105], [0.013157894736842105], [0.013157894736842105], [0.013157894736842105], [0.013157894736842105], [0.013157894736842105], [0.013157894736842105], [0.013157894736842105], [0.013157894736842105], [0.013157894736842105], [0.013157894736842105], [0.013157894736842105], [0.013157894736842105], [0.013157894736842105], [0.013157894736842105], [0.013157894736842105], [0.013157894736842105], [0.013157894736842105], [0.013157894736842105], [0.013157894736842105], [0.013157894736842105], [0.013157894736842105], [0.013157894736842105], [0.013157894736842105], [0.013157894736842105], [0.013157894736842105], [0.013157894736842105], [0.013157894736842105], [0.013157894736842105], [0.013157894736842105], [0.013157894736842105], [0.013157894736842105], [0.013157894736842105], [0.013157894736842105], [0.013157894736842105], [0.013157894736842105], [0.013157894736842105], [0.013157894736842105], [0.013157894736842105], [0.013157894736842105], [0.013157894736842105], [0.013157894736842105], [0.013157894736842105], [0.013157894736842105], [0.013157894736842105], [0.013157894736842105], [0.013157894736842105], [0.013157894736842105], [0.013157894736842105], [0.013157894736842105], [0.013157894736842105], [0.013157894736842105], [0.013157894736842105], [0.013157894736842105], [0.013157894736842105], [0.013157894736842105], [0.013157894736842105], [0.013157894736842105], [0.013157894736842105], [0.013157894736842105], [0.013157894736842105], [0.013157894736842105], [0.013157894736842105], [0.013157894736842105], [0.013157894736842105]]}