{"from": [7, 18, 0, 2, 6, 20, 0, 23, 4, 13, 15, 5, 11, 19, 8, 3, 14, 4, 13, 16, 15, 22, 24, 19, 21, 11, 5, 12, 10, 8, 3, 19, 11, 8, 8, 14, 3, 21, 15, 22, 5, 13, 9, 19, 9, 23, 5, 13, 22, 24, 19, 21, 22, 18, 23, 22, 24, 19, 21, 19, 3, 22, 19, 5, 13, 18, 10, 22, 24, 9, 19, 21, 8, 15, 22, 19, 21], "to": [1, 1, 1, 1, 1, 1, 2, 2, 2, 3, 3, 4, 5, 5, 5, 5, 5, 6, 7, 7, 8, 8, 8, 8, 8, 9, 9, 9, 9, 9, 9, 9, 10, 11, 12, 12, 12, 12, 14, 14, 16, 16, 16, 16, 17, 17, 18, 18, 18, 18, 18, 18, 19, 20, 20, 20, 20, 20, 20, 21, 21, 21, 22, 23, 23, 23, 23, 23, 23, 23, 23, 23, 24, 24, 24, 24, 24], "influence_y": [7, 0, 22, 24, 4, 14, 6], "weights": [[0.012987012987012988], [0.012987012987012988], [0.012987012987012988], [0.012987012987012988], [0.012987012987012988], [0.012987012987012988], [0.012987012987012988], [0.012987012987012988], [0.012987012987012988], [0.012987012987012988], [0.012987012987012988], [0.012987012987012988], [0.012987012987012988], [0.012987012987012988], [0.012987012987012988], [0.012987012987012988], [0.012987012987012988], [0.012987012987012988], [0.012987012987012988], [0.012987012987012988], [0.012987012987012988], [0.012987012987012988], [0.012987012987012988], [0.012987012987012988], [0.012987012987012988], [0.012987012987012988], [0.012987012987012988], [0.012987012987012988], [0.012987012987012988], [0.012987012987012988], [0.012987012987012988], [0.012987012987012988], [0.012987012987012988], [0.012987012987012988], [0.012987012987012988], [0.012987012987012988], [0.012987012987012988], [0.012987012987012988], [0.012987012987012988], [0.012987012987012988], [0.012987012987012988], [0.012987012987012988], [0.012987012987012988], [0.012987012987012988], [0.012987012987012988], [0.012987012987012988], [0.012987012987012988], [0.012987012987012988], [0.012987012987012988], [0.012987012987012988], [0.012987012987012988], [0.012987012987012988], [0.012987012987012988], [0.012987012987012988], [0.012987012987012988], [0.012987012987012988], [0.012987012987012988], [0.012987012987012988], [0.012987012987012988], [0.012987012987012988], [0.012987012987012988], [0.012987012987012988], [0.012987012987012988], [0.012987012987012988], [0.012987012987012988], [0.012987012987012988], [0.012987012987012988], [0.012987012987012988], [0.012987012987012988], [0.012987012987012988], [0.012987012987012988], [0.012987012987012988], [0.012987012987012988], [0.012987012987012988], [0.012987012987012988], [0.012987012987012988], [0.012987012987012988]]}