{"from": [7, 18, 0, 2, 6, 20, 0, 4, 12, 13, 6, 23, 3, 4, 22, 4, 13, 16, 11, 5, 10, 22, 9, 10, 5, 11, 3, 11, 5, 3, 8, 22, 5, 15, 12, 12, 5, 3, 2, 9, 19, 9, 23, 5, 13, 23, 22, 24, 21, 18, 8, 3, 23, 22, 24, 9, 14, 21, 18, 23, 22, 24, 19, 21, 5, 8, 0, 3, 23, 22, 13, 22, 8, 15, 23, 22, 21], "to": [1, 1, 1, 1, 1, 1, 2, 2, 2, 3, 4, 5, 5, 5, 5, 6, 7, 7, 8, 8, 8, 8, 8, 9, 9, 9, 9, 10, 11, 11, 12, 14, 14, 14, 14, 15, 16, 16, 16, 16, 16, 17, 17, 18, 18, 18, 18, 18, 18, 19, 19, 19, 19, 19, 19, 19, 19, 19, 20, 20, 20, 20, 20, 20, 21, 21, 21, 21, 21, 21, 23, 23, 24, 24, 24, 24, 24], "influence_y": [12, 16, 0, 3, 23, 2, 4, 21], "weights": [[0.012987012987012988], [0.012987012987012988], [0.012987012987012988], [0.012987012987012988], [0.012987012987012988], [0.012987012987012988], [0.012987012987012988], [0.012987012987012988], [0.012987012987012988], [0.012987012987012988], [0.012987012987012988], [0.012987012987012988], [0.012987012987012988], [0.012987012987012988], [0.012987012987012988], [0.012987012987012988], [0.012987012987012988], [0.012987012987012988], [0.012987012987012988], [0.012987012987012988], [0.012987012987012988], [0.012987012987012988], [0.012987012987012988], [0.012987012987012988], [0.012987012987012988], [0.012987012987012988], [0.012987012987012988], [0.012987012987012988], [0.012987012987012988], [0.012987012987012988], [0.012987012987012988], [0.012987012987012988], [0.012987012987012988], [0.012987012987012988], [0.012987012987012988], [0.012987012987012988], [0.012987012987012988], [0.012987012987012988], [0.012987012987012988], [0.012987012987012988], [0.012987012987012988], [0.012987012987012988], [0.012987012987012988], [0.012987012987012988], [0.012987012987012988], [0.012987012987012988], [0.012987012987012988], [0.012987012987012988], [0.012987012987012988], [0.012987012987012988], [0.012987012987012988], [0.012987012987012988], [0.012987012987012988], [0.012987012987012988], [0.012987012987012988], [0.012987012987012988], [0.012987012987012988], [0.012987012987012988], [0.012987012987012988], [0.012987012987012988], [0.012987012987012988], [0.012987012987012988], [0.012987012987012988], [0.012987012987012988], [0.012987012987012988], [0.012987012987012988], [0.012987012987012988], [0.012987012987012988], [0.012987012987012988], [0.012987012987012988], [0.012987012987012988], [0.012987012987012988], [0.012987012987012988], [0.012987012987012988], [0.012987012987012988], [0.012987012987012988], [0.012987012987012988]]}