{"from": [0, 20, 6, 7, 18, 2, 0, 4, 12, 5, 3, 22, 8, 18, 4, 13, 16, 22, 12, 24, 11, 10, 12, 3, 5, 8, 3, 11, 5, 4, 8, 3, 15, 3, 15, 11, 20, 16, 7, 12, 22, 15, 5, 12, 24, 3, 5, 9, 24, 3, 9, 23, 22, 24, 16, 22, 18, 24, 23, 8, 19, 22, 18, 21, 24, 23, 19, 9, 22, 3, 18, 24, 23, 5, 8, 18, 24, 13, 22, 18, 24, 5, 18, 22, 15], "to": [1, 1, 1, 1, 1, 1, 2, 2, 3, 4, 5, 5, 5, 5, 6, 7, 7, 8, 8, 8, 9, 9, 9, 9, 9, 9, 10, 10, 11, 11, 11, 12, 12, 13, 13, 14, 14, 14, 14, 14, 14, 14, 14, 15, 15, 16, 16, 16, 16, 17, 17, 17, 18, 18, 19, 19, 19, 19, 19, 19, 20, 20, 20, 20, 20, 20, 21, 21, 21, 21, 21, 21, 21, 21, 21, 22, 22, 23, 23, 23, 23, 23, 24, 24, 24], "influence_y": [0, 11, 19, 12, 22, 3, 21, 8], "weights": [[0.011764705882352941], [0.011764705882352941], [0.011764705882352941], [0.011764705882352941], [0.011764705882352941], [0.011764705882352941], [0.011764705882352941], [0.011764705882352941], [0.011764705882352941], [0.011764705882352941], [0.011764705882352941], [0.011764705882352941], [0.011764705882352941], [0.011764705882352941], [0.011764705882352941], [0.011764705882352941], [0.011764705882352941], [0.011764705882352941], [0.011764705882352941], [0.011764705882352941], [0.011764705882352941], [0.011764705882352941], [0.011764705882352941], [0.011764705882352941], [0.011764705882352941], [0.011764705882352941], [0.011764705882352941], [0.011764705882352941], [0.011764705882352941], [0.011764705882352941], [0.011764705882352941], [0.011764705882352941], [0.011764705882352941], [0.011764705882352941], [0.011764705882352941], [0.011764705882352941], [0.011764705882352941], [0.011764705882352941], [0.011764705882352941], [0.011764705882352941], [0.011764705882352941], [0.011764705882352941], [0.011764705882352941], [0.011764705882352941], [0.011764705882352941], [0.011764705882352941], [0.011764705882352941], [0.011764705882352941], [0.011764705882352941], [0.011764705882352941], [0.011764705882352941], [0.011764705882352941], [0.011764705882352941], [0.011764705882352941], [0.011764705882352941], [0.011764705882352941], [0.011764705882352941], [0.011764705882352941], [0.011764705882352941], [0.011764705882352941], [0.011764705882352941], [0.011764705882352941], [0.011764705882352941], [0.011764705882352941], [0.011764705882352941], [0.011764705882352941], [0.011764705882352941], [0.011764705882352941], [0.011764705882352941], [0.011764705882352941], [0.011764705882352941], [0.011764705882352941], [0.011764705882352941], [0.011764705882352941], [0.011764705882352941], [0.011764705882352941], [0.011764705882352941], [0.011764705882352941], [0.011764705882352941], [0.011764705882352941], [0.011764705882352941], [0.011764705882352941], [0.011764705882352941], [0.011764705882352941], [0.011764705882352941]]}