{"from": [0, 20, 6, 7, 18, 2, 0, 23, 4, 5, 3, 11, 8, 14, 4, 13, 16, 11, 10, 3, 5, 8, 8, 10, 3, 8, 14, 3, 15, 12, 3, 5, 9, 19, 23, 9, 19, 22, 3, 21, 24, 5, 14, 9, 21, 24, 5, 8, 19, 22, 18, 21, 24, 23, 3, 9, 12, 8, 21, 19, 24, 19, 6, 9, 13, 22, 18, 21, 24, 5, 21, 8, 15], "to": [1, 1, 1, 1, 1, 1, 2, 2, 2, 4, 5, 5, 5, 5, 6, 7, 7, 9, 9, 9, 9, 9, 11, 11, 12, 12, 12, 13, 13, 15, 16, 16, 16, 16, 17, 17, 18, 18, 18, 18, 18, 18, 19, 19, 19, 19, 19, 19, 20, 20, 20, 20, 20, 20, 21, 21, 21, 21, 22, 22, 22, 23, 23, 23, 23, 23, 23, 23, 23, 23, 24, 24, 24], "influence_y": [11, 20, 16, 6, 22, 12, 3, 23, 8], "weights": [[0.0136986301369863], [0.0136986301369863], [0.0136986301369863], [0.0136986301369863], [0.0136986301369863], [0.0136986301369863], [0.0136986301369863], [0.0136986301369863], [0.0136986301369863], [0.0136986301369863], [0.0136986301369863], [0.0136986301369863], [0.0136986301369863], [0.0136986301369863], [0.0136986301369863], [0.0136986301369863], [0.0136986301369863], [0.0136986301369863], [0.0136986301369863], [0.0136986301369863], [0.0136986301369863], [0.0136986301369863], [0.0136986301369863], [0.0136986301369863], [0.0136986301369863], [0.0136986301369863], [0.0136986301369863], [0.0136986301369863], [0.0136986301369863], [0.0136986301369863], [0.0136986301369863], [0.0136986301369863], [0.0136986301369863], [0.0136986301369863], [0.0136986301369863], [0.0136986301369863], [0.0136986301369863], [0.0136986301369863], [0.0136986301369863], [0.0136986301369863], [0.0136986301369863], [0.0136986301369863], [0.0136986301369863], [0.0136986301369863], [0.0136986301369863], [0.0136986301369863], [0.0136986301369863], [0.0136986301369863], [0.0136986301369863], [0.0136986301369863], [0.0136986301369863], [0.0136986301369863], [0.0136986301369863], [0.0136986301369863], [0.0136986301369863], [0.0136986301369863], [0.0136986301369863], [0.0136986301369863], [0.0136986301369863], [0.0136986301369863], [0.0136986301369863], [0.0136986301369863], [0.0136986301369863], [0.0136986301369863], [0.0136986301369863], [0.0136986301369863], [0.0136986301369863], [0.0136986301369863], [0.0136986301369863], [0.0136986301369863], [0.0136986301369863], [0.0136986301369863], [0.0136986301369863]]}