{"from": [0, 0, 2, 2, 2, 3, 6, 7, 7, 8, 8, 9, 10, 10, 10, 11, 11, 11, 11, 11, 12, 12, 13, 13, 14, 14, 14, 15, 15, 15, 16, 16, 16, 17, 17, 18, 18, 18, 18, 19, 19, 19, 19, 19, 19, 19, 19, 20, 20, 20, 21, 21, 21, 21, 21, 21, 21, 21, 21, 21, 22, 22, 22, 22, 22, 22, 22, 23, 23, 23, 23, 23, 23, 23, 23, 24], "to": [1, 4, 0, 1, 4, 5, 1, 1, 13, 5, 9, 5, 5, 9, 13, 5, 8, 9, 10, 16, 8, 9, 3, 16, 9, 19, 23, 3, 14, 24, 5, 8, 9, 13, 23, 8, 9, 20, 24, 5, 8, 13, 16, 18, 20, 23, 24, 1, 13, 24, 3, 8, 9, 13, 16, 18, 19, 20, 23, 24, 8, 14, 18, 19, 20, 23, 24, 5, 8, 9, 11, 13, 18, 20, 24, 1], "influence_y": [[0, 1, 2, 3, 4, 5, 6, 7, 10, 11, 12, 13, 16, 17, 20, 22, 24]], "weights": [0.7644143015773796, -0.42137393789367117, -0.7619682491294811, -0.13527767802135943, -0.5785904983239585, 0.3149955510773787, -0.1772821798027059, 0.20861041480586723, -0.2406205627506607, 0.330135226297115, -0.22101354489618158, -1.3007631486296836, -1.022078771361561, -0.6806601576406003, -0.06158002759483254, -0.577328198019604, 0.08139355982419193, -0.6065225988811109, -0.30395770813887407, 0.11760882589531112, -0.13289932873596738, 0.041676626816082835, -1.627120543927649, 0.06438270053520434, -0.023108328612734895, -0.09542596025357647, -0.06421311232368772, -0.28953650381641977, -0.18958879248075036, -0.16810007383952705, 0.1413534232579587, 0.07763508733258757, -0.10288751460500299, 0.06978213692961681, -0.31650419639023397, -0.0785465412433145, 0.032231154829809254, -0.29024376729444085, -0.5034930736596925, 0.17409566481070118, -0.20470781117956852, -0.09283215240670734, -0.12599100939533883, -0.20310483395901407, -0.28722173357743086, -0.171295133139769, -0.5076981758408394, 0.2175970630556148, 0.2119282279948904, -0.5059192125557822, 0.22429897683300395, -0.3714628789890559, 0.0731764297393297, -0.1585432636649388, -0.18476967588978915, -0.1880221030872898, -0.15964152736274015, -0.2729089300491088, -0.1705246873388573, -0.5066770613576558, -0.2548373309389261, 0.14526068666742553, -0.18446549399421092, -0.14008780759115316, -0.2727727300568968, -0.16529444507530605, -0.5024184037340539, -0.16883458098384366, -0.22176032855581335, 0.17542541383351726, -0.15905598400732662, -0.12974988903339565, -0.20241195064601203, -0.28477632961118066, -0.5104275427771785, -0.063475327195683]}