{"from": [0, 2, 2, 2, 3, 4, 6, 6, 7, 7, 7, 7, 8, 8, 9, 10, 10, 10, 11, 11, 11, 11, 11, 12, 12, 13, 14, 14, 14, 15, 15, 15, 16, 16, 16, 17, 17, 17, 18, 18, 18, 19, 19, 19, 19, 19, 19, 20, 20, 21, 21, 21, 21, 21, 21, 21, 21, 21, 21, 22, 22, 22, 22, 22, 22, 22, 22, 22, 22, 23, 23, 23, 23, 23, 23, 23, 23, 23, 23], "to": [1, 0, 1, 4, 5, 0, 1, 4, 1, 13, 14, 16, 5, 9, 5, 5, 9, 16, 5, 8, 9, 10, 16, 8, 9, 3, 12, 16, 19, 12, 14, 24, 5, 8, 9, 3, 14, 23, 5, 20, 24, 5, 8, 16, 18, 20, 24, 1, 24, 0, 3, 8, 9, 16, 18, 19, 20, 23, 24, 1, 5, 8, 14, 16, 18, 19, 20, 23, 24, 0, 5, 8, 9, 11, 16, 18, 19, 20, 24], "influence_y": [[0, 1, 2, 3, 4, 5, 6, 8, 9, 10, 12, 13, 16, 18, 19]], "weights": [0.7488770065831712, -0.7778960920049082, -0.1115301503230715, -0.18932473541957284, 0.3040950664754678, -0.19523416824105116, -0.1730797213294999, 0.21468260529256533, 0.19950917508546023, -0.13052772923641806, -0.07956247260187724, 0.04532753985023711, 0.3334614047116326, -0.19236860697922598, -1.1858162373445083, -0.8826073050305232, -0.6800197856447822, 0.08949882809661777, -0.4651780605970659, 0.132766686389771, -0.6045055117131306, -0.29005403127102275, 0.22076558161328685, -0.16091211517641385, 0.08733661346758355, -1.5980983445253687, 0.21817080152630106, 0.09357442428906709, -0.0379212089405615, -0.2477468794445619, -0.1891876941735264, -0.18471784659119586, 0.2810532277197117, 0.05657492454109769, -0.12106621684688254, -0.23919666539563725, -0.2153606266105859, -0.24891091803830753, -0.13819124760838014, -0.2999679027056845, -0.5032305735451137, 0.14313769611622698, -0.28535274414831163, -0.20889091633264753, -0.20088818667085093, -0.29887989818764144, -0.5108675241606525, 0.22877195113552898, -0.5061963176977738, -0.3173874833844827, 0.09068304311681834, -0.3224781989089442, 0.11944488611806331, -0.23771525481799416, -0.18898598983843565, -0.1477406569881943, -0.28825349633467834, -0.14430302759536018, -0.507046496503709, -0.12299329467069357, -0.1719365181129815, -0.24930341583869736, 0.18606493999686713, -0.20879394194891784, -0.17645862276696736, -0.12249496658739255, -0.2807290176225865, -0.14592133063939772, -0.4993225715761609, -0.2231318181920606, -0.23722179681476058, -0.21321167571157462, 0.13912848207283532, -0.13117625446439304, -0.09004457193745719, -0.1998559269810995, -0.15868522978222585, -0.2977383123324964, -0.5138124722614401]}