{"from": [0, 0, 2, 2, 2, 3, 6, 7, 7, 7, 8, 8, 9, 10, 10, 10, 10, 11, 11, 11, 11, 11, 12, 12, 12, 12, 13, 13, 14, 14, 14, 14, 15, 15, 15, 16, 16, 16, 17, 18, 18, 18, 18, 18, 18, 18, 19, 19, 19, 19, 19, 19, 20, 20, 20, 21, 21, 21, 21, 21, 21, 21, 21, 21, 21, 21, 22, 22, 22, 22, 22, 22, 22, 22, 22, 22, 23, 23, 23, 23, 23, 23, 23, 23, 23, 24], "to": [1, 4, 0, 1, 4, 5, 1, 1, 13, 16, 5, 9, 5, 5, 9, 13, 16, 5, 8, 9, 10, 16, 3, 8, 9, 16, 3, 16, 11, 12, 16, 19, 14, 18, 24, 5, 8, 9, 23, 1, 5, 9, 19, 20, 23, 24, 5, 8, 9, 16, 20, 24, 1, 13, 24, 3, 8, 9, 11, 13, 16, 18, 19, 20, 23, 24, 1, 5, 8, 14, 16, 18, 19, 20, 23, 24, 5, 8, 9, 11, 13, 16, 19, 20, 24, 1], "influence_y": [[0, 1, 2, 3, 5, 6, 8, 19]], "weights": [0.7694543535233956, -0.2847742371661429, -0.7770698542605572, -0.11413806664788481, -0.45102787003918593, 0.29412214456475966, -0.20127534340898584, 0.226734683191791, -0.14343680351714633, 0.24338935950718063, 0.2442959310142849, -0.23166548011690738, -1.3738349297645083, -1.0453185523768276, -0.6722794269683475, -0.027314994793621625, 0.10407066136967595, -0.5573747756501286, 0.13743673653815663, -0.5740372890766471, -0.33859627324898, 0.23340351748261823, 0.11072100694904663, -0.14389818578659214, 0.057730597674824476, -0.06206990742815545, -1.6023531806644675, 0.04319553077473607, -0.1296270594831025, 0.16248399996725918, 0.1225386191908062, -0.06936181470892523, -0.20029680731119223, 0.10865309220619553, -0.27230985132207897, 0.17372894806765365, 0.05928437360738089, -0.11035485649640374, -0.29120907243290556, 0.15219906385461351, -0.0425540210955983, 0.06801636362870109, -0.22560212271554247, -0.2742112672856678, -0.17123965672959124, -0.4340889088819785, 0.09566236131595453, -0.24022884903936662, 0.024602265218844534, -0.24759488533957683, -0.274323682198268, -0.4380003752296477, 0.2347808690299734, 0.06055311774624235, -0.44173413678011353, 0.41589079037019, -0.3493280937768554, 0.0728989989426915, -0.1530187649259827, -0.11451285134393535, -0.21725018022351342, -0.14176111747721412, -0.22048163197358434, -0.25682414990103947, -0.17718363418320465, -0.43560619883130985, -0.18270655291458482, -0.1788733043668026, -0.19445781065343473, 0.10948792613544059, -0.15639241135818283, -0.1443346138098176, -0.20469575028507453, -0.264801269639958, -0.18291218617815316, -0.4362140563239108, -0.36902482028777045, -0.1354475267164869, 0.16512278339306985, -0.16769713916388854, -0.12446506657337801, -0.0959786760379327, -0.2249421732109411, -0.2729695101959725, -0.44997657042464934, -0.060304875129021614]}