{"from": [0, 0, 2, 2, 2, 3, 5, 6, 7, 7, 7, 8, 8, 8, 8, 9, 10, 10, 10, 10, 11, 11, 11, 11, 11, 12, 12, 12, 12, 13, 13, 14, 14, 14, 14, 15, 15, 15, 16, 16, 16, 16, 17, 17, 18, 18, 18, 18, 18, 18, 19, 19, 19, 20, 20, 20, 20, 20, 20, 21, 21, 21, 21, 21, 21, 21, 22, 22, 22, 22, 22, 22, 22, 22, 23, 23, 23, 23, 23, 23, 23, 23, 24, 24], "to": [1, 4, 0, 1, 4, 5, 4, 1, 1, 13, 14, 1, 5, 9, 19, 5, 5, 9, 12, 16, 5, 8, 9, 10, 16, 3, 8, 9, 13, 3, 16, 5, 12, 16, 20, 12, 14, 24, 5, 8, 9, 19, 8, 23, 1, 9, 13, 19, 20, 24, 5, 9, 24, 1, 8, 13, 16, 19, 24, 8, 9, 18, 19, 20, 23, 24, 1, 8, 14, 18, 19, 20, 23, 24, 5, 8, 9, 11, 18, 19, 20, 24, 1, 5], "influence_y": [[0, 1, 2, 3, 4, 6, 8, 10, 11, 13, 14, 16, 17, 20, 22, 24]], "weights": [0.7278444071781307, -0.3632182493808649, -0.7689632570076194, -0.13768620554080785, -0.461184043502737, 0.35518895575098003, -0.07579735207084082, -0.19019201516495698, 0.2547936806129234, -0.23671346018888847, -0.08192449810528933, 0.05171318697768877, 0.391836102253785, -0.21316404747619938, -0.12381029313065069, -1.3622424693889188, -1.0070576993780829, -0.6711215770213466, 0.07307224507715529, 0.11178785888224196, -0.5803356108197976, 0.11352006830157017, -0.5789710264795628, -0.32431671037048104, 0.23783856176668441, 0.09676918589314394, -0.17851093281027844, 0.0830514210936939, -0.06685934212398235, -1.6114718007023483, 0.02553688331807139, 0.1791199592466874, 0.17432126337068876, 0.046460731606393565, 0.08530153673039477, -0.29879207761630333, -0.23405511647909696, -0.15792600587766897, 0.13858910841937597, 0.11673746611194076, -0.11007635442743541, -0.11523941253509173, 0.1023421933212395, -0.23104734256402282, 0.11347489372938882, 0.13713859986867435, -0.058252186665223374, -0.28321585883238104, -0.20754977627340374, -0.521614174102436, 0.29748800517030977, 0.09778895139066274, -0.5281806471385216, 0.21876492234102682, 0.0677513412011854, 0.18704980518518863, 0.07814378821917715, -0.24365040699129084, -0.5261239255637058, -0.3113753135069553, 0.17709203195517845, -0.1249093645623575, -0.34572718458399637, -0.19932552212975713, -0.14996229289421356, -0.5269834159407722, -0.06928925736162846, -0.22954386215905642, 0.0975885816710555, -0.12267872155488983, -0.33481369850474263, -0.21575066925358094, -0.16689383064658153, -0.5230507642294928, -0.1168744038701698, -0.1358463299770418, 0.19787216898632867, -0.10252108518808245, -0.14165463573741488, -0.32764074157636397, -0.21173144966429647, -0.5309669678717005, -0.11302041814875975, 0.09397717003779943]}