{"from": [0, 0, 2, 2, 2, 2, 3, 5, 6, 6, 7, 7, 8, 8, 9, 10, 10, 10, 11, 11, 11, 11, 11, 12, 12, 12, 12, 12, 13, 14, 14, 14, 14, 15, 15, 15, 15, 15, 15, 16, 16, 16, 17, 17, 17, 18, 18, 18, 18, 18, 18, 19, 19, 19, 19, 19, 19, 20, 21, 21, 21, 21, 21, 21, 21, 21, 21, 21, 21, 22, 22, 22, 22, 22, 22, 22, 22, 22, 23, 23, 23, 23, 23, 23, 23, 23, 23, 24, 24, 24, 24], "to": [1, 4, 0, 1, 4, 9, 5, 4, 1, 4, 1, 13, 5, 9, 5, 5, 9, 13, 5, 8, 9, 10, 16, 3, 8, 9, 13, 20, 3, 5, 9, 12, 19, 3, 8, 12, 14, 18, 24, 5, 8, 9, 3, 9, 23, 5, 8, 9, 13, 20, 24, 8, 9, 16, 18, 20, 24, 1, 3, 5, 8, 9, 12, 13, 18, 19, 20, 23, 24, 1, 5, 8, 13, 18, 19, 20, 23, 24, 5, 8, 9, 11, 13, 18, 19, 20, 24, 1, 8, 9, 20], "influence_y": [[0, 2, 3, 4, 7, 12, 14, 16, 23]], "weights": [0.7458259398872799, -0.4014254535854714, -0.741685920566983, -0.14184815159222453, -0.47884467636926337, -0.013433364229259672, 0.3349946869586998, -0.048065069571968315, -0.19426597190039505, 0.08668246362224984, 0.26330084202062487, -0.23846187639723207, 0.22810130520841215, -0.20289998136814094, -1.2991014797025286, -0.9798241859459957, -0.6326422998060875, -0.0737320575183664, -0.6173862930420994, 0.06880001405473514, -0.5630065533074589, -0.3468397215393108, 0.08192748032660183, 0.081611401925142, -0.17781487461759327, 0.07604609229523612, -0.08489727472494275, -0.0419723057749973, -1.6129213598823706, 0.13617762728621555, -0.06388108619366609, 0.16620505654342368, -0.08519169822585047, -0.2992765779886436, 0.18516419620038482, -0.2550481438332156, -0.29129457283424204, 0.11822833831938198, -0.17642567191815972, 0.11057128268473951, 0.07115677016879281, -0.13325282453501783, -0.4061906649492888, -0.16802721272673551, -0.21519113245987495, -0.2306739207288678, -0.12061031636059266, 0.1055482827598579, -0.1461731063739772, -0.5217624189136293, -0.3118109097847857, -0.34599998508556873, 0.08910068799182683, -0.13135204663370856, -0.23325953746988554, -0.5246274020112746, -0.3183270143609568, 0.20449923646638282, 0.1665651714938895, -0.2790206526380451, -0.4223120391617915, 0.1903667324181797, -0.1198226192569276, -0.3092222098540884, -0.22660291786098635, -0.15695335199797983, -0.5250199388356181, -0.12587045114146395, -0.3122554115025141, -0.12251472782990697, -0.264727150518015, -0.38590925942234877, -0.0726251253690433, -0.22703809752866183, -0.13617809793520794, -0.5178389032636547, -0.13924288239595442, -0.30400723952132147, -0.38732195362969074, -0.24293785029819384, 0.24745017913201753, -0.16790598380581, -0.17381023706995793, -0.2327020702449128, -0.16264970272308052, -0.5223935315758433, -0.31505509932685927, -0.0864619640219285, 0.05360447412593103, 0.05372734869608371, -0.5214762083365269]}