{"from": [0, 0, 1, 2, 2, 2, 2, 3, 6, 6, 6, 6, 7, 7, 7, 7, 8, 8, 9, 10, 10, 10, 10, 11, 11, 11, 11, 11, 12, 12, 12, 13, 13, 13, 14, 14, 14, 14, 14, 14, 15, 15, 16, 16, 16, 17, 17, 17, 18, 18, 18, 18, 18, 18, 19, 19, 19, 19, 19, 19, 20, 20, 21, 21, 21, 21, 21, 21, 21, 21, 21, 21, 21, 22, 22, 22, 22, 22, 22, 22, 22, 22, 22, 23, 23, 23, 23, 23, 23, 23, 23, 23, 23, 24, 24], "to": [1, 4, 9, 0, 1, 4, 8, 5, 1, 4, 13, 16, 1, 13, 16, 18, 5, 9, 5, 5, 9, 13, 16, 5, 8, 9, 10, 16, 8, 9, 16, 3, 9, 16, 5, 9, 12, 16, 19, 24, 14, 24, 5, 8, 9, 8, 19, 23, 5, 9, 13, 19, 20, 24, 5, 8, 13, 16, 20, 24, 1, 9, 3, 5, 8, 9, 13, 16, 18, 19, 20, 23, 24, 5, 8, 13, 14, 16, 18, 19, 20, 23, 24, 5, 8, 9, 11, 13, 16, 18, 19, 20, 24, 8, 20], "influence_y": [[0, 1, 2, 6, 7, 8, 9, 10, 12, 13, 14, 16, 17, 20, 23, 24]], "weights": [0.7669095061541971, -0.3411357146770793, 0.007472949447936401, -0.7572466146910539, -0.11440093991394144, -0.47865359621082343, 0.02524778488826549, 0.31742418200637956, -0.18383673347271612, 0.18333552642601794, 0.05816525325047676, -0.04611971898542001, 0.18983072873673545, -0.3013549609964973, 0.15071901422151457, 0.051527351734354084, 0.34686030217868974, -0.22334337188613756, -1.178645830360686, -0.9238785353737108, -0.6607494410875497, -0.08501320675299574, 0.14315054082191384, -0.46834048340996604, 0.11326921252500032, -0.5726188666138471, -0.3456643154451061, 0.2105444676430799, -0.12649581139735033, 0.061487081498824904, -0.09523424488248082, -1.5881206942330135, -0.026565068101772626, 0.11278104744591501, 0.17683092672701142, -0.06941537952242781, 0.15373387324906734, 0.16788240677051466, -0.08561438373231092, -0.04604464505776016, -0.13927643647970736, -0.2963554774613474, 0.03107996539421622, 0.06329852363633062, -0.1560352759584063, 0.11432147988973437, -0.058830871025163774, -0.22344890573167597, -0.17241631314381575, 0.03947391575604662, -0.18091040236678319, -0.19081045139711106, -0.5403358308855344, -0.3073042401951479, 0.055304312686814884, -0.26290472790229785, -0.1902334248933573, -0.2678374698986179, -0.5404669698966503, -0.31335582354235514, 0.26312781573636856, -0.03196782745415162, 0.1435881544294494, -0.20738606372287144, -0.339121838011714, 0.06580723278027235, -0.27927577708374257, -0.2790787190133821, -0.12252839020828979, -0.18309394321642686, -0.5382556234513406, -0.12168984489192998, -0.3149906056806943, -0.2842789630287315, -0.27227511646680463, -0.17966969448562004, 0.15252017232697754, -0.17488710623535494, -0.10613273614654448, -0.1503868799153114, -0.5354315573694854, -0.1281690919761028, -0.29133142877831775, -0.3374322188084226, -0.18966380744503028, 0.11464788880171485, -0.11260298300693794, -0.2648291779535055, -0.18679224443231512, -0.13667926742262052, -0.19717628351503685, -0.5403869595581315, -0.31595229719398416, 0.10815449480697002, -0.5412981959453941]}