{"from": [0, 0, 2, 2, 2, 3, 4, 6, 7, 7, 7, 7, 8, 8, 8, 9, 10, 10, 10, 10, 11, 11, 11, 11, 11, 12, 12, 12, 12, 13, 13, 14, 14, 14, 14, 14, 14, 15, 15, 15, 15, 15, 15, 16, 16, 16, 17, 17, 17, 18, 18, 18, 19, 19, 19, 19, 19, 19, 19, 19, 20, 20, 20, 20, 21, 21, 21, 21, 21, 21, 21, 21, 21, 22, 22, 22, 22, 22, 22, 22, 22, 22, 22, 23, 23, 23, 23, 23, 23, 23, 23, 23, 24, 24], "to": [1, 4, 0, 1, 4, 5, 5, 1, 1, 5, 13, 16, 1, 5, 9, 5, 5, 9, 13, 16, 5, 8, 9, 10, 16, 8, 9, 13, 16, 3, 16, 5, 9, 12, 16, 19, 20, 8, 12, 14, 16, 18, 24, 5, 8, 9, 5, 9, 23, 5, 9, 24, 5, 8, 9, 16, 18, 20, 23, 24, 1, 13, 18, 24, 5, 8, 9, 16, 18, 19, 20, 23, 24, 1, 5, 8, 9, 16, 18, 19, 20, 23, 24, 5, 8, 9, 11, 13, 16, 18, 20, 24, 1, 9], "influence_y": [[0, 2, 3, 4, 5, 6, 7, 8, 9, 12, 14, 16, 17, 24]], "weights": [0.7481293818070235, -0.2919561252734975, -0.7525493841871537, -0.13382928022461693, -0.4799543278861422, 0.3540812842414201, -0.10249811897354213, -0.0970001605718275, 0.1154210608757944, -0.12979126904649238, -0.2682929320500654, 0.16064094540558127, 0.03630413334053134, 0.33713457541180175, -0.19241643778701467, -1.2122135362729132, -0.9279385755085702, -0.670961785246296, -0.08625679943483704, 0.1338269632193446, -0.6035499891585637, 0.1109079082367145, -0.5951776673645252, -0.3070935417053978, 0.19119823628358934, -0.16986756842131304, 0.06394551111137932, -0.06399028241003453, -0.08026881032552519, -1.6037811579857069, 0.10456150965604533, 0.1722259492739735, -0.08596278063962653, 0.19038269821698078, 0.14158233011517043, -0.07513429525549996, 0.05026754893750427, 0.08111443950798647, -0.15103383732308864, -0.30486195258852106, 0.11466792725534056, 0.08369699660341856, -0.10734351670535879, 0.26764662307789056, 0.108747095482206, -0.1138658957883076, 0.16380599615161717, -0.14044176425276086, -0.34007558567199503, -0.21228639441429073, 0.15632483076799072, -0.5393446370039676, 0.1423948448229496, -0.25359342810163443, 0.11140096135316219, -0.23636665936935505, -0.30353893131830323, -0.21886241077166532, -0.15925340064955956, -0.5419516121773714, 0.13851595302236092, 0.11314373119563553, -0.30216910191700114, -0.543498604648269, -0.16806653134665467, -0.3318629169995751, 0.20945165435623458, -0.27006306509037864, -0.2914454088307871, -0.14592131533711136, -0.21151068963419692, -0.14757750714447787, -0.5425467177318882, -0.1233703137826682, -0.2412679929104436, -0.2528078419428688, 0.056380241750819, -0.2121968549552763, -0.29506199434981767, -0.13177128615115705, -0.22066576908519062, -0.1725816402223457, -0.5375042035548219, -0.39544933689925615, -0.14621695980217791, 0.25439320058352777, -0.13767204157215962, -0.052519552531966565, -0.11284118273313738, -0.3017223279069645, -0.2209506272348548, -0.5436403602483215, -0.06545318862154638, 0.07218544714558564]}