{"from": [0, 0, 2, 2, 2, 3, 4, 6, 6, 7, 7, 7, 8, 8, 8, 8, 9, 10, 10, 10, 11, 11, 11, 11, 11, 12, 12, 12, 13, 13, 14, 14, 14, 14, 14, 15, 15, 15, 16, 16, 16, 16, 17, 18, 18, 18, 18, 18, 18, 19, 19, 20, 20, 20, 20, 20, 20, 21, 21, 21, 21, 21, 21, 21, 21, 22, 22, 22, 22, 22, 22, 22, 23, 23, 23, 23, 23, 23, 24], "to": [1, 4, 0, 1, 4, 5, 5, 1, 4, 1, 13, 16, 5, 9, 19, 24, 5, 5, 9, 16, 5, 8, 9, 10, 16, 8, 9, 16, 3, 16, 5, 9, 12, 16, 20, 12, 14, 24, 5, 8, 9, 19, 23, 5, 16, 19, 20, 23, 24, 5, 24, 1, 9, 13, 16, 19, 24, 5, 8, 9, 16, 19, 20, 23, 24, 1, 5, 8, 19, 20, 23, 24, 5, 9, 11, 19, 20, 24, 1], "influence_y": [[0, 1, 2, 3, 5, 6, 7, 8, 10, 12, 14, 24]], "weights": [0.7566215895363445, -0.2712698939356655, -0.7707265783660905, -0.11239086764398888, -0.3994127840701263, 0.3037074028990378, -0.06458672799305863, -0.14408339972888295, 0.08772454983534458, 0.22249883571015341, -0.22750704718713233, 0.17813108208394993, 0.276261645759338, -0.2053319529034094, -0.0930906725652495, 0.03828063943326712, -1.1840128748808028, -0.8604698672006384, -0.6904646571340449, 0.15140660411777532, -0.5494973448806635, 0.037560158254693374, -0.6353637814378156, -0.3116739499289609, 0.21262880405090367, -0.14147891874758214, 0.03100372554214898, -0.052490699034553875, -1.598994082688841, 0.12117632717130743, 0.21174823023882278, -0.04308408198559674, 0.18542859086250688, 0.1421884289244446, 0.08011887414166864, -0.22130924363148954, -0.1832181641742967, -0.26244887909131853, 0.1363521363594617, 0.1361491988037421, -0.0965837607763749, -0.05506927633544729, -0.3472517690258676, -0.18920353336456566, 0.0819856486519418, -0.2752259866838654, -0.20477571094714905, -0.16575984790336593, -0.49383492031233145, 0.04466328447459109, -0.4937742431378488, 0.20411457906054764, -0.05285937175151423, 0.13593648012571252, 0.10430217187919541, -0.25422548160498926, -0.508600863681006, -0.30209150718376726, -0.1406227551206994, 0.10517431591961114, -0.1700701192960408, -0.31752983166233045, -0.2001216902572776, -0.17253024622817162, -0.4875725056078924, -0.1219904495856294, -0.3241117247759811, -0.16398299015430368, -0.2987079339814053, -0.2056496410499496, -0.18516968440246853, -0.4854900649275094, -0.40929812608677607, 0.13220921311493963, -0.10983862238101676, -0.3030926345529658, -0.20812075437048563, -0.5041389190055822, -0.06995895455448298]}