{"from": [0, 0, 1, 2, 2, 2, 3, 3, 5, 6, 6, 7, 7, 7, 7, 7, 8, 9, 9, 9, 9, 10, 10, 10, 10, 11, 11, 11, 11, 12, 12, 12, 13, 13, 14, 14, 14, 14, 14, 15, 15, 15, 15, 15, 15, 16, 17, 17, 17, 17, 18, 18, 18, 18, 18, 18, 19, 19, 19, 19, 19, 19, 20, 20, 21, 21, 21, 21, 21, 21, 21, 21, 21, 22, 22, 22, 22, 22, 22, 22, 22, 22, 23, 23, 23, 23, 23, 23, 23, 23, 23, 24, 24, 24, 24], "to": [1, 4, 5, 0, 1, 4, 5, 13, 4, 1, 4, 1, 3, 9, 13, 16, 5, 3, 5, 8, 16, 3, 5, 8, 9, 5, 8, 9, 10, 3, 8, 9, 8, 16, 5, 9, 12, 19, 24, 8, 12, 13, 14, 18, 24, 5, 3, 9, 14, 23, 3, 5, 9, 12, 20, 24, 8, 9, 16, 18, 20, 24, 1, 8, 3, 5, 8, 9, 18, 19, 20, 23, 24, 1, 5, 8, 9, 18, 19, 20, 23, 24, 0, 3, 5, 9, 11, 18, 19, 20, 24, 1, 8, 9, 20], "influence_y": [[0, 1, 2, 3, 5, 6, 7, 8, 12, 13, 14, 16, 18, 22]], "weights": [0.7640788547915798, -0.45426543813430226, -0.034612788299256195, -0.7660501409597553, -0.12364824117003606, -0.5980002883888964, 0.3329636191022495, -0.4018596193391513, -0.06473272328792277, -0.20116994755955456, 0.1250832725149381, 0.22995374257700518, 0.2721398001213982, -0.09046031129414511, -0.08425116736537908, 0.14671191680338538, 0.33911251287993377, 0.1194148212792267, -1.1214709814562185, -0.4474229977080365, -0.3191463243795217, 0.05786475894397384, -0.8787557065049676, -0.2997887581647243, -0.730406082953227, -0.4539449429646041, -0.11070372036076627, -0.6844031740469122, -0.33190259960362284, 0.2555164594252566, -0.08797877007240562, 0.10827540579616188, -0.04817387644018256, 0.08229831841221062, 0.0679758554225429, -0.09853262718538287, 0.16391902191763275, -0.05141401390611811, -0.04360041380027952, 0.20737742085890815, -0.22368656587537125, -0.06329436771673981, -0.14746785105721502, 0.1295201660270385, -0.2797827102187409, 0.17170899567853548, -0.39933478658282545, -0.13115171740995102, -0.13087128269351186, -0.23900749363342946, 0.09546796407030446, -0.15351718228912112, 0.1765520352505898, 0.07421107521812982, -0.49959936916731323, -0.29107827268188685, -0.1921037226059976, 0.20195190932848311, -0.09138837170118186, -0.2342113896968785, -0.49939911130916365, -0.30588441806906996, 0.10309506741410393, 0.05373299105341782, 0.46069833994667747, -0.2034155556933983, -0.23270882176586805, 0.2872964583336552, -0.2292617930485445, -0.16149268824440113, -0.492982824282481, -0.13888404084793757, -0.30031261729254405, -0.1257999365231917, -0.3072731153284688, -0.13783804970364671, 0.1857445339615742, -0.23110448092487104, -0.147668167618107, -0.4917596713486535, -0.14526595059499198, -0.28431836884874956, -0.17050728704916315, 0.1922192627026205, -0.41337767812211235, 0.28938571076145087, -0.1418934569120185, -0.23575029045098503, -0.17124749290889382, -0.498696324712179, -0.3019041881244604, -0.058066678285167164, 0.20441917396532405, 0.08016230442698422, -0.4999748311200981]}