{"from": [0, 0, 0, 1, 2, 2, 3, 4, 6, 7, 7, 8, 8, 9, 10, 10, 10, 11, 11, 11, 11, 11, 12, 12, 12, 12, 13, 13, 13, 14, 14, 14, 14, 14, 14, 15, 15, 15, 15, 16, 16, 16, 17, 17, 17, 17, 18, 18, 18, 18, 18, 18, 18, 19, 19, 19, 19, 21, 21, 21, 21, 21, 21, 21, 21, 21, 22, 22, 22, 22, 22, 22, 22, 22, 22, 23, 23, 23, 23, 23, 23, 23, 23, 23, 23, 24, 24, 24], "to": [1, 2, 4, 9, 1, 4, 5, 5, 1, 1, 16, 5, 9, 5, 5, 9, 16, 5, 8, 9, 10, 16, 3, 8, 9, 16, 3, 16, 24, 5, 9, 12, 16, 19, 24, 3, 12, 16, 24, 5, 8, 9, 3, 9, 10, 23, 5, 9, 12, 16, 19, 20, 24, 8, 16, 20, 24, 3, 8, 9, 16, 18, 19, 20, 23, 24, 1, 5, 8, 16, 18, 19, 20, 23, 24, 1, 5, 8, 9, 11, 16, 18, 19, 20, 24, 1, 8, 20], "influence_y": [[0, 2, 3, 4, 5, 6, 7, 8, 9, 12, 13, 14, 16, 17, 19, 20, 22]], "weights": [0.7372910319887948, -0.7479406271327177, -0.3794779581258098, 0.01651907681270772, -0.14168314074470628, -0.5110912549131029, 0.33035889344228114, -0.05402264162001069, -0.1096667086590349, 0.10607940165550767, 0.2451243602954981, 0.2002641265994591, -0.21604332026904008, -1.358102896825153, -0.9903851608686186, -0.6848830194421459, 0.1105372438361161, -0.5608943172507179, 0.051875063611422245, -0.6211638947856919, -0.32851434064419477, 0.2020703973781673, 0.10481844186552092, -0.14201194727884356, 0.07398860362615728, -0.09201367978718615, -1.5600269024724969, 0.08529150089310879, -0.05981082575156719, 0.1695245766017298, -0.03929934681413357, 0.19806101414376984, 0.15801151572241035, -0.08065835066338642, -0.06425738767162568, -0.22669449250324072, -0.2760501596016269, 0.16076018036915402, -0.27449967225260374, 0.1953705629845085, 0.1073151751989339, -0.12135532092443786, -0.1697774729457667, -0.041683048476500735, 0.18145194368637835, -0.31601013504772474, -0.14640304176133656, 0.05391492287795254, 0.08659090776455454, -0.09146774605317436, -0.2260003708919967, -0.538693024000258, -0.3386293586146303, -0.2613233190188663, -0.3496611292388884, -0.5388966398256226, -0.3498380966616848, 0.213197533956536, -0.29915378232397144, 0.09830383702401833, -0.23450302230750128, -0.10440024096307347, -0.22104038330423884, -0.5317328792428542, -0.13175055235872432, -0.3551917377201287, -0.2907419793881634, -0.25370919912834383, -0.23888402746993487, -0.29397443151020214, -0.1102439846230932, -0.20895989588775424, -0.5320341433753222, -0.1486438208275267, -0.3325953815925025, -0.11561887079376904, -0.28669739665446836, -0.09875769239226823, 0.1539732143895678, -0.15257905878593528, -0.16099171390674827, -0.13425796483328867, -0.2269068878921228, -0.5376104729669859, -0.3534974150620382, -0.11477634094834352, 0.1017934506382691, -0.5395698394592363]}