{"from": [0, 0, 2, 2, 2, 4, 5, 6, 7, 7, 7, 7, 8, 8, 9, 9, 10, 10, 10, 10, 10, 11, 11, 11, 11, 11, 12, 12, 12, 12, 13, 13, 13, 14, 14, 14, 15, 15, 15, 15, 15, 15, 16, 16, 16, 16, 17, 17, 18, 18, 18, 18, 18, 19, 19, 19, 19, 19, 20, 21, 21, 21, 21, 21, 21, 21, 21, 21, 21, 22, 22, 22, 22, 22, 22, 22, 22, 22, 23, 23, 23, 23, 23, 23, 23, 23, 23, 23, 23, 24, 24], "to": [1, 4, 0, 1, 4, 5, 3, 1, 1, 13, 14, 16, 5, 9, 3, 5, 3, 5, 9, 11, 16, 3, 5, 8, 9, 16, 3, 8, 9, 16, 3, 5, 16, 12, 16, 19, 3, 8, 14, 16, 18, 24, 3, 5, 8, 9, 19, 23, 5, 13, 19, 20, 24, 8, 13, 16, 20, 24, 1, 3, 8, 9, 13, 16, 18, 19, 20, 23, 24, 1, 5, 8, 16, 18, 19, 20, 23, 24, 1, 5, 8, 9, 11, 13, 16, 18, 19, 20, 24, 1, 20], "influence_y": [[0, 2, 4, 5, 6, 8, 11, 12, 19]], "weights": [0.7495918912948253, -0.3821071479170914, -0.7335905940903038, -0.1364695608931163, -0.4922800344488062, -0.029695006777459027, 0.16110651934743506, -0.11838401052965676, 0.19501939817648287, -0.19020120289950254, -0.06981087338032142, 0.22618864658511686, 0.27923007099295344, -0.20534015966246638, 0.2948794084041923, -1.2717986047700411, 0.36402140316993536, -0.942566313983282, -0.669534660464187, -0.2887253545506341, 0.10753161159358622, 0.16594265810620298, -0.5375184308142508, 0.10212074099752694, -0.5980052788759659, 0.23612960859109927, 0.0865918768048956, -0.2102542339325643, 0.015357788657071221, -0.06286522269219133, -1.5371204966842158, -0.5511121028719448, 0.0973363769943301, 0.1593900067997457, 0.18948723555168148, -0.11815786064752286, -0.12864923368918108, 0.1624290465610448, -0.27403483634930914, 0.13649397034543423, 0.12562419894675542, -0.20030532024970132, -0.08150076129813603, 0.15473602210551657, 0.0689215264469798, -0.11341674270748282, -0.1077745303394139, -0.17449246419788683, -0.11462919995527841, -0.1229909178787156, -0.23421453559194455, -0.5518429783711426, -0.31889537987131694, -0.27270434218015466, -0.07016800019621294, -0.25342436861294115, -0.5524916655271658, -0.32819284072407656, 0.1627037303485778, 0.3725798644481884, -0.3583957161720202, 0.08157787508796459, -0.1437104764133268, -0.23627808619866705, -0.16837715191049238, -0.2361966465524063, -0.5495561782202756, -0.14124791325853275, -0.32419117291048416, -0.21209110171125808, -0.17109440460487604, -0.3019411421215739, -0.15086963649771634, -0.17088993315178025, -0.22479023010503257, -0.5490908608452706, -0.15032963155462312, -0.31822116971300474, -0.11076224448814874, -0.351666008342106, -0.11134290326946017, 0.1271384859054039, -0.06844240205815012, -0.2156731329213095, -0.13368327652659545, -0.1687450998055862, -0.24055919369893744, -0.5515566302301387, -0.32861187996157704, -0.09381270844354161, -0.5529550570110774]}