{"from": [0, 0, 2, 2, 2, 3, 6, 7, 7, 8, 9, 9, 9, 9, 10, 10, 10, 10, 11, 11, 11, 11, 12, 12, 12, 12, 13, 13, 13, 14, 14, 14, 14, 15, 15, 15, 17, 17, 18, 18, 18, 18, 19, 19, 19, 19, 19, 20, 21, 21, 21, 21, 21, 21, 21, 22, 22, 22, 22, 22, 22, 23, 23, 24, 24, 24], "to": [1, 4, 0, 1, 4, 5, 1, 1, 13, 5, 5, 8, 16, 23, 5, 8, 9, 23, 5, 8, 9, 10, 3, 8, 9, 20, 3, 8, 23, 5, 9, 12, 19, 3, 12, 24, 3, 9, 19, 20, 23, 24, 8, 9, 20, 23, 24, 1, 3, 8, 9, 19, 20, 23, 24, 1, 8, 19, 20, 23, 24, 5, 20, 8, 20, 23], "influence_y": [[0, 1, 2, 4, 5, 6, 8, 9, 10, 12, 13, 14, 20, 24]], "weights": [0.80958696598711, -0.42952669965526225, -0.7426884966854872, -0.06502620273509459, -0.5486518378905149, 0.28105565122365095, -0.05641291939746515, 0.20082359158556196, -0.20088302697413124, 0.3023414110040091, -1.3400078407259493, -0.4714441435037382, -0.34045046406874785, 0.20705934196366976, -1.0108576605423463, -0.32336116781519875, -0.723581504678412, 0.08922638334449957, -0.48068911112407, -0.08763184830021385, -0.7096642826499597, -0.31902668840838655, 0.09284073624669371, -0.11085401901136525, 0.11438555967581941, -0.04275380294266543, -1.5859191322532709, -0.029471086484898015, -0.09318109934604453, 0.14155392613908926, -0.09488710154173587, 0.12146156847529688, -0.08616731504031687, -0.22262432206773008, -0.24618136225830803, -0.3154023472714493, -0.2620075611984389, -0.11873376557915995, -0.17668845960347834, -0.522299282899719, -0.323229513947383, -0.2082900861339624, -0.19253068520545674, 0.02876021914893784, -0.529262636563722, -0.32405876319415633, -0.22637339846578916, 0.0968166127018065, 0.20885097360891042, -0.16312686762893325, 0.16208555886849932, -0.1730097585865699, -0.5281747312435344, -0.35650590543490424, -0.21814157881172763, -0.0940547769848774, -0.18767612887739, -0.1457688011954677, -0.5169334540805247, -0.29783378450045617, -0.2021977987456747, -0.21399946485124577, -0.5255686275607513, 0.13167083224397724, -0.5244540782882718, -0.28333542829192493]}