{"from": [0, 0, 2, 2, 2, 3, 6, 6, 7, 7, 7, 7, 7, 8, 8, 9, 10, 10, 10, 11, 11, 11, 11, 11, 12, 12, 12, 12, 13, 13, 14, 14, 14, 14, 15, 15, 15, 16, 16, 16, 17, 17, 17, 17, 18, 18, 18, 18, 18, 18, 19, 19, 19, 19, 19, 19, 19, 20, 20, 20, 20, 21, 21, 21, 21, 21, 21, 21, 21, 21, 21, 22, 22, 22, 22, 22, 22, 22, 22, 22, 23, 23, 23, 23, 23, 23, 23, 23, 23, 23, 24, 24], "to": [1, 4, 0, 1, 4, 5, 1, 4, 0, 1, 5, 13, 16, 5, 9, 5, 5, 9, 16, 5, 8, 9, 10, 16, 0, 8, 9, 16, 3, 16, 5, 12, 16, 19, 12, 14, 24, 5, 8, 9, 5, 9, 10, 23, 1, 5, 9, 19, 20, 24, 5, 8, 9, 10, 16, 20, 24, 0, 1, 13, 16, 0, 3, 8, 9, 16, 18, 19, 20, 23, 24, 0, 5, 8, 16, 18, 19, 20, 23, 24, 0, 5, 8, 9, 11, 13, 18, 19, 20, 24, 8, 20], "influence_y": [[1, 2, 3, 4, 5, 6, 8, 9, 11, 12, 13, 14, 16, 18, 21, 23, 24]], "weights": [0.756172364325565, -0.396256075447847, -0.7677876421303015, -0.11578556111809252, -0.49092876793303664, 0.3570145275604394, -0.18594160146463656, 0.18676914683030435, -0.16032368045806894, 0.21596860195102136, -0.05299707261415192, -0.17372044932711422, 0.2316233897047044, 0.3195180413444134, -0.20279165258063842, -1.3457953919552892, -1.0830876435124601, -0.6556718815208326, 0.13357212733449605, -0.5263896874304275, 0.1258851088152484, -0.5840552204588979, -0.3429310350662095, 0.2533488401722506, -0.16711884052817103, -0.167447364822458, 0.04858546138660219, -0.11004656823189601, -1.642164227031755, 0.1324567410630604, 0.17214083571228647, 0.1570124857851515, 0.07659531122766003, -0.08119543050839244, -0.3016328983325305, -0.11911791011231208, -0.12765189004249228, 0.13945693394086361, 0.11835056255477067, -0.11726647083022174, 0.15314112694092388, -0.07688457668053462, 0.2164201084161302, -0.39409465843711894, 0.09084820133593756, -0.13406898573613263, 0.055363517515454985, -0.21368839389834882, -0.5249911383290231, -0.2919462832106899, 0.15904189547754685, -0.24485129593276264, 0.078891161052415, -0.07256205641457335, -0.1726088984636199, -0.5249173854586733, -0.2978204352801966, -0.08794834578761374, 0.23145919960492606, 0.045341924287770806, 0.023031697681664638, -0.30849887987957253, 0.1845579269209679, -0.4633841812129439, 0.11023755693333594, -0.1732255748522576, -0.13608009476731422, -0.20373103312722077, -0.518154369755177, -0.14489267824255994, -0.2893125596056659, -0.3415241955144771, -0.0844266925223878, -0.2762249998284727, -0.08627484265637919, -0.13219844346966492, -0.19268199290873664, -0.5168833527374685, -0.1463664941130908, -0.2825155876781275, -0.23237601484289563, -0.2200476986007451, -0.17105338535849823, 0.1751310566902796, -0.12342098781659104, -0.05402778506648255, -0.15261492113184197, -0.21193883554726675, -0.5238582578759208, -0.29705159616966914, 0.08435918962870527, -0.525356762524263]}