{"from": [0, 0, 0, 2, 2, 5, 6, 7, 7, 7, 8, 9, 9, 9, 9, 10, 10, 10, 10, 10, 10, 10, 11, 11, 11, 11, 11, 12, 12, 12, 12, 12, 13, 13, 13, 13, 14, 14, 14, 14, 14, 14, 15, 15, 16, 16, 16, 17, 17, 17, 17, 18, 18, 18, 18, 19, 19, 19, 19, 19, 19, 19, 21, 21, 21, 21, 21, 21, 21, 21, 21, 21, 22, 22, 22, 22, 22, 22, 22, 22, 23, 23, 23, 24, 24, 24, 24, 24], "to": [1, 2, 4, 1, 4, 3, 1, 1, 13, 16, 5, 3, 5, 8, 23, 3, 5, 8, 9, 13, 16, 23, 5, 8, 9, 10, 16, 5, 8, 9, 13, 16, 3, 5, 16, 23, 1, 5, 9, 16, 19, 23, 3, 16, 3, 5, 9, 3, 9, 16, 23, 5, 20, 23, 24, 5, 8, 16, 18, 20, 23, 24, 3, 8, 9, 13, 16, 18, 19, 20, 23, 24, 1, 5, 8, 18, 19, 20, 23, 24, 1, 5, 20, 1, 8, 16, 20, 23], "influence_y": [[0, 1, 2, 4, 5, 6, 7, 8, 9, 11, 12, 14, 16, 18, 19, 20, 24]], "weights": [0.7689450924503253, -0.7093062041742388, -0.3363401592878049, -0.07650011267105938, -0.4376948695324867, 0.10824761007794842, -0.11968176229028069, 0.2709556184242339, -0.2274569514370427, 0.1447242790078986, 0.37319354315434466, 0.1627811096995381, -1.2295021097167653, -0.4573262608686414, 0.2084140663706339, 0.10559800925260199, -0.8774244705312604, -0.2586016010779605, -0.6938292357468924, -0.06339302708795475, 0.06678434330906538, 0.09077775395830102, -0.5306902760873716, -0.07883330791860753, -0.6645451907183023, -0.3241292775970973, 0.22198527829298195, 0.0647437322654713, -0.13589843052754266, 0.08852006465408455, -0.05077474649136712, -0.06198458898206095, -1.5761849220858284, -0.49092041431187045, 0.09756225485097328, -0.0839236569948104, 0.055621471103958084, 0.16893030467771386, -0.06779287602036112, 0.15189053150640475, -0.09168296837164774, -0.023972286935870432, -0.18026286259964996, 0.11103584044183165, -0.046342252390083695, 0.10808120284508482, -0.15012227284628074, -0.26212492172977225, -0.17895200047121626, -0.07914319514044907, -0.16856213626644417, -0.1423872757836068, -0.4613725489800089, -0.31617687150030144, -0.19188761154692785, 0.2016103178300231, -0.20810272559544482, -0.13735451704417564, -0.1645713871585199, -0.46040058859664557, -0.330972168667466, -0.19160856465884732, 0.09896142593695632, -0.21950276533722074, 0.14120372271573842, -0.1669416379121476, -0.1453820595778962, -0.1538088443310834, -0.1518612705306463, -0.45292200605840865, -0.37611166027832305, -0.17671390813002488, -0.14103352713672293, -0.18780764983065423, -0.21476973634409077, -0.15423890196493353, -0.13643800273443837, -0.4531677290873613, -0.31532680015911324, -0.1728309414971182, -0.10701685186207949, -0.342766721150054, -0.4611134064775293, -0.10709161542780649, 0.03963440360550869, 0.1376109543204611, -0.4622479590316065, -0.26374462094873014]}