{"from": [0, 0, 2, 2, 2, 4, 5, 6, 6, 7, 7, 7, 8, 8, 9, 9, 10, 10, 10, 10, 11, 11, 11, 11, 11, 12, 12, 12, 12, 12, 13, 13, 13, 13, 14, 14, 14, 15, 15, 15, 15, 16, 16, 16, 17, 17, 18, 18, 18, 18, 18, 18, 19, 19, 19, 19, 19, 19, 19, 19, 20, 21, 21, 21, 21, 21, 21, 21, 21, 21, 22, 22, 22, 22, 22, 22, 22, 22, 23, 23, 23, 23, 23, 23, 23, 23, 23, 24], "to": [1, 4, 0, 1, 4, 5, 3, 1, 4, 1, 13, 16, 5, 9, 3, 5, 5, 9, 13, 16, 5, 8, 9, 10, 16, 3, 8, 9, 13, 16, 3, 5, 16, 24, 12, 16, 19, 8, 14, 18, 24, 5, 8, 9, 13, 23, 1, 8, 9, 13, 20, 24, 5, 8, 13, 16, 18, 20, 23, 24, 1, 8, 9, 13, 16, 18, 19, 20, 23, 24, 8, 14, 16, 18, 19, 20, 23, 24, 5, 8, 9, 11, 13, 16, 18, 20, 24, 20], "influence_y": [[0, 1, 2, 3, 4, 5, 6, 8, 10, 11, 12, 13, 14, 16, 17, 18, 20, 22, 24]], "weights": [0.749616253891238, -0.30498219221697637, -0.7805277517409841, -0.1420092988547715, -0.46026448543451254, -0.03496354543040012, 0.08605044066487057, -0.18200456414881405, 0.17830393601557856, 0.21844023426584847, -0.2269618591183704, 0.17495330562256028, 0.38595976358301914, -0.18770335303750843, 0.11613157497820074, -1.118524327305814, -0.8935464126303275, -0.6791113674919974, -0.12410836586934043, 0.11833116953234366, -0.41567921063464003, 0.06026180385173322, -0.6056133090499402, -0.2988643416747594, 0.23379063573079858, 0.05561475013967452, -0.14265790893139246, 0.07181539312363966, -0.07771654003721862, -0.07400329616051422, -1.5698886192520916, -0.5267279750901924, 0.10606111839740635, -0.036640327550336284, 0.1865580583488479, 0.11718846458632205, -0.09803053108796167, 0.06350329893159518, -0.14258952990065552, 0.10792833677345048, -0.2817585619955199, 0.1519213129129172, 0.10569250319711, -0.14198031752265292, 0.20320453389772516, -0.35393571901973264, 0.10954549887630476, -0.12043416691184229, 0.037984657217461124, -0.17279353093407668, -0.54254520911934, -0.3257139668683782, 0.22739121894803588, -0.3081451283462685, -0.16022471309016698, -0.31884435546026496, -0.23450632007828903, -0.541220251591551, -0.1777155850733054, -0.33125968180809895, 0.20949911053223083, -0.43928654169054104, 0.10736246145600764, -0.17280388270359684, -0.28096335826545116, -0.22684534948147242, -0.1220846041270516, -0.535755138233792, -0.16748241725444415, -0.3312718415337115, -0.3548860294469095, 0.12605428393521728, -0.18406030775897744, -0.2279350938622457, -0.09778334978370562, -0.5348754850636741, -0.1766816174090742, -0.3193876335294583, -0.27345581873502806, -0.24357822601727716, 0.15138642011933887, -0.08049115951509592, -0.17573329175141342, -0.1723794132871124, -0.2349621425994919, -0.5414912874030975, -0.3333273335311659, -0.543171760021802]}