{"from": [0, 0, 0, 0, 2, 2, 3, 4, 6, 6, 7, 7, 7, 8, 8, 8, 8, 9, 10, 10, 10, 11, 11, 11, 11, 11, 12, 12, 12, 13, 13, 14, 14, 14, 14, 15, 15, 15, 16, 16, 16, 17, 17, 17, 18, 18, 19, 19, 19, 19, 19, 19, 20, 20, 20, 20, 21, 21, 21, 21, 21, 21, 21, 21, 21, 21, 22, 22, 22, 22, 22, 22, 22, 22, 23, 23, 23, 23, 23, 23, 23, 23, 23, 24], "to": [1, 2, 4, 5, 1, 4, 5, 5, 1, 4, 1, 13, 16, 4, 5, 9, 24, 5, 5, 9, 16, 5, 8, 9, 10, 16, 8, 9, 16, 3, 16, 5, 12, 16, 19, 3, 12, 24, 5, 8, 9, 5, 10, 23, 5, 9, 5, 8, 16, 18, 20, 24, 1, 13, 18, 24, 3, 5, 8, 9, 16, 18, 19, 20, 23, 24, 5, 8, 16, 18, 19, 20, 23, 24, 5, 8, 9, 11, 16, 18, 19, 20, 24, 18], "influence_y": [[0, 1, 2, 3, 4, 5, 6, 7, 8, 10, 12, 13, 15, 16, 17, 20, 23, 24]], "weights": [0.7906889451245404, -0.7267210763807911, -0.3086210175323938, -0.022697958069555206, -0.03718391254621003, -0.4427682030368748, 0.34622070311050795, -0.07082626273631806, -0.1685774932081444, 0.19180696837967573, 0.10960886885780377, -0.23737265508788158, 0.17663953055101647, -0.12325070573286931, 0.23286224125906943, -0.23090477285711627, 0.06870303391370114, -1.2997810576940432, -1.0342559352659322, -0.668022125929029, 0.19169027635758137, -0.5596737597556037, 0.1100404354089348, -0.5920642470206102, -0.3158547723757483, 0.2546451796573349, -0.14332936616338868, 0.0681248537987245, -0.11609291876586787, -1.6443118688093856, 0.06980164677638519, 0.16534513591816954, 0.17889007889843406, 0.17608352520710996, -0.09844737176821239, -0.23905226303432003, -0.2775179671753597, -0.34596604030364414, 0.18658809115478106, 0.13357598647458885, -0.1395529037963548, 0.15022996489462995, 0.16071020583873488, -0.34925225724302195, -0.26489512139827354, 0.03754477615274669, 0.14766923649644623, -0.29556679505263916, -0.22628207221541646, -0.5114649604218989, -0.217540684660291, -0.2905099783275493, 0.14602565790101873, 0.16723909054371733, -0.5119090612075033, -0.32137319654777896, 0.16272462794664988, -0.31651784794746807, -0.35669175877405307, 0.03545507127475734, -0.3060836514745538, -0.5045225203329531, -0.1708986102983337, -0.20165680932641075, -0.1286889991465275, -0.2832375055387907, -0.30582431639456437, -0.2224095564554849, -0.11353106258031267, -0.5002978060485337, -0.14371739300294464, -0.19526628777668265, -0.14958620670722747, -0.28421149478962154, -0.4081449403879662, -0.22272327180739657, 0.152471148694988, -0.08318934878430909, -0.05982962628796586, -0.5100681574119771, -0.17668319687545742, -0.21222595452759538, -0.2996818930386598, -0.5119151892706711]}