{"from": [0, 0, 0, 2, 2, 2, 3, 3, 4, 6, 6, 7, 7, 7, 8, 9, 9, 9, 10, 10, 10, 10, 11, 11, 11, 11, 11, 12, 12, 12, 13, 14, 14, 14, 14, 15, 15, 15, 15, 16, 17, 17, 17, 18, 18, 18, 18, 18, 19, 19, 19, 19, 19, 19, 19, 20, 20, 20, 20, 21, 21, 21, 21, 21, 21, 21, 21, 21, 21, 22, 22, 22, 22, 22, 22, 22, 22, 22, 23, 23, 23, 23, 23, 23, 23], "to": [1, 4, 5, 0, 1, 4, 5, 13, 5, 1, 4, 1, 3, 9, 5, 5, 8, 16, 3, 5, 8, 9, 5, 8, 9, 10, 19, 3, 8, 9, 24, 5, 9, 12, 19, 12, 14, 18, 24, 5, 5, 19, 23, 5, 9, 19, 20, 24, 5, 8, 9, 10, 16, 20, 24, 1, 3, 9, 24, 3, 5, 8, 9, 16, 18, 19, 20, 23, 24, 5, 8, 9, 14, 18, 19, 20, 23, 24, 5, 9, 11, 18, 19, 20, 24], "influence_y": [[0, 1, 2, 3, 4, 5, 6, 7, 8, 9, 11, 12, 13, 16, 18, 19, 20, 21, 24]], "weights": [0.7577318418617488, -0.333450601501518, -0.035396149126452954, -0.7664623931981454, -0.09602508853079365, -0.4759706005678846, 0.3534536403920647, -0.40392869412511273, -0.05576660153608627, -0.0872174844463448, 0.1280615302727525, 0.12609198173805938, 0.11073501890227008, -0.07988505613911562, 0.3620940647435427, -1.1213069583413022, -0.5309557026795171, -0.3535231432634691, 0.1695180358818005, -0.9702251205238525, -0.24842661878389824, -0.7162258636547387, -0.4521403681938481, -0.11853187726567155, -0.6862439217560219, -0.30844259208432767, -0.0360573933274669, 0.06809108858523967, -0.05528129728422899, 0.13933526003603716, -0.039658329551797475, 0.3062906703953909, -0.07782238176641403, 0.19055791381221582, -0.09913655535960747, -0.20227661614258538, -0.19842905724524973, 0.11280854793696457, -0.1862907373699189, 0.16011466574865715, 0.3364764717098302, -0.1095824267171719, -0.34274819429236925, -0.12389439485694279, 0.09731979922824234, -0.2100890867057721, -0.3020136891025145, -0.5172244601893113, 0.1513214757070185, -0.09885246162457302, 0.1408577446333064, -0.0847697328159882, -0.14429175198744695, -0.3009061456332284, -0.521886674341303, 0.12606497352500462, -0.24354513919313311, -0.031927414904386595, -0.512472907161221, 0.26222710446246444, -0.24575726397051412, -0.16263618873238972, 0.2595607461106031, -0.11533106084291428, -0.17163576777280537, -0.21267672757763725, -0.291497840918348, -0.14228060942326937, -0.5270549204648338, -0.28274062821595775, -0.15100045918081, 0.07369006146110234, 0.17610993318792897, -0.1730189070363335, -0.17828256196918404, -0.2914632755281809, -0.14259376330904106, -0.5166684323215819, -0.35110737255385116, 0.2763228047617768, -0.12453086181530248, -0.17758259818080357, -0.2276136447689045, -0.3008488926994308, -0.5278593242554628]}