{"from": [0, 0, 0, 2, 2, 2, 3, 6, 7, 7, 7, 8, 8, 8, 9, 10, 10, 10, 10, 11, 11, 11, 11, 12, 12, 12, 12, 13, 13, 13, 14, 14, 14, 14, 15, 15, 15, 15, 15, 15, 16, 16, 16, 17, 17, 17, 17, 18, 18, 19, 19, 19, 19, 19, 19, 19, 19, 19, 20, 20, 21, 21, 21, 21, 21, 21, 21, 21, 21, 21, 21, 21, 22, 22, 22, 22, 22, 22, 22, 22, 23, 23, 23, 23, 23, 23, 23, 23, 24, 24, 24, 24, 24], "to": [1, 3, 4, 0, 1, 4, 5, 1, 1, 13, 16, 1, 5, 9, 5, 5, 9, 11, 16, 5, 8, 9, 16, 3, 8, 9, 16, 3, 16, 20, 5, 9, 12, 16, 3, 8, 12, 14, 16, 24, 5, 8, 9, 3, 9, 11, 23, 1, 9, 8, 9, 11, 14, 16, 18, 20, 23, 24, 1, 18, 3, 5, 8, 9, 11, 12, 16, 18, 19, 20, 23, 24, 1, 8, 16, 18, 19, 20, 23, 24, 5, 8, 9, 11, 16, 18, 20, 24, 2, 8, 16, 18, 20], "influence_y": [[0, 1, 2, 3, 4, 5, 7, 9, 13, 14, 16, 19, 20, 22, 23, 24]], "weights": [0.7686658627506301, -0.0242582965646799, -0.34125441424185554, -0.7601952453045409, -0.09800553830883878, -0.49925869554953817, 0.25596178583770374, -0.0751074593601637, 0.21230587902939896, -0.2361016875756415, 0.22865419485632024, 0.030433240015377856, 0.338094273309607, -0.2050502294102641, -1.3459538983370167, -1.0286275783272008, -0.6602800584527243, -0.32516578712678296, 0.14432569001801618, -0.6354181202622102, 0.15304174676038226, -0.587281325181352, 0.1967699563230751, 0.09492026486872641, -0.15571545516849325, 0.06242484422349448, -0.07703943077585346, -1.6023201310649708, 0.1591684557304519, 0.07114283021229784, 0.16315273983676817, -0.051029805363055875, 0.13468461424904118, 0.19168443331125204, -0.31833434242897346, 0.25876181013481575, -0.2720217299360967, -0.2627410024978023, 0.2727926172785582, -0.2911862716487105, 0.06765415479053523, 0.05704741353335174, -0.11272861957249067, -0.30345421018573515, -0.13081770414462585, 0.18433953783425192, -0.3124438368764392, 0.09732093469142294, 0.09234507843218567, -0.21764327007854772, 0.06550160160150233, -0.1238544365572313, -0.05164003611163559, -0.18485636487333296, -0.5249165767947911, -0.28575612972652414, -0.1778608277003238, -0.2245333320112221, 0.2584429997281983, -0.5260673203248886, 0.2976096099909623, -0.0875670525845694, -0.2595760546283764, 0.16707045801640716, -0.11288245897812679, -0.12216219716471148, -0.1955252372467089, -0.5208783686582451, -0.13961454323633485, -0.26184340940060213, -0.16862015393614796, -0.22399159257607007, -0.11372147011912251, -0.29012320023668114, -0.13401116330593826, -0.5180988924351734, -0.13822346116868348, -0.26788686005792506, -0.18754840648512536, -0.20447724891747368, -0.2699310510773164, -0.21881896840739246, 0.18749399572938033, -0.19000142361910394, -0.06501337829409352, -0.5252637571174817, -0.28131914490291926, -0.22431584316231987, -0.24495453319052904, 0.145644311820453, 0.08475703771634083, -0.5257703827627405, -0.2963999588652527]}