{"from": [0, 2, 2, 2, 4, 5, 5, 6, 6, 6, 7, 7, 8, 8, 8, 9, 9, 10, 10, 10, 10, 11, 11, 11, 11, 11, 12, 12, 12, 12, 13, 13, 13, 13, 14, 14, 14, 14, 15, 15, 15, 16, 16, 16, 17, 17, 17, 18, 18, 19, 19, 19, 19, 19, 19, 19, 20, 21, 21, 21, 21, 21, 21, 21, 21, 21, 21, 21, 22, 22, 22, 22, 22, 22, 22, 22, 23, 23, 23, 23, 23, 23, 23, 23, 23, 24, 24], "to": [1, 0, 1, 4, 0, 3, 4, 1, 4, 13, 1, 13, 5, 9, 20, 3, 5, 5, 9, 13, 16, 5, 8, 9, 10, 16, 3, 8, 9, 16, 3, 5, 16, 18, 12, 16, 18, 19, 8, 12, 24, 5, 8, 9, 13, 19, 23, 9, 20, 0, 8, 9, 16, 18, 20, 24, 1, 3, 5, 8, 9, 13, 16, 18, 19, 20, 23, 24, 1, 5, 8, 18, 19, 20, 23, 24, 5, 8, 9, 11, 13, 18, 19, 20, 24, 18, 20], "influence_y": [[0, 1, 2, 3, 4, 5, 6, 7, 8, 9, 10, 12, 13, 14, 15, 16, 17, 18, 19, 20, 21, 23, 24]], "weights": [0.7352748310618978, -0.7898037134159448, -0.11026979036352128, -0.20014056372621822, -0.2103424446169235, 0.0650678970238426, -0.05684370097095127, -0.16953083940373148, 0.13897209372686603, 0.06641625518206992, 0.19936932751235037, -0.307125092212664, 0.31110226599441393, -0.20342621269398684, 0.03214386339571298, 0.03885086527062709, -1.179365387882147, -0.9096891051068146, -0.6825067667648019, -0.10617405566079995, 0.05531283211464605, -0.4587952139811666, 0.16181505487432182, -0.5972499342498309, -0.3459867514311327, 0.1974882021128805, 0.06445862800402206, -0.13130121219226915, 0.05069668251402693, -0.06378861812080144, -1.5792061964413269, -0.5667691896762242, 0.08113762477307247, -0.1139141378464559, 0.09721565184032359, 0.11828228426275564, -0.09346909665058642, -0.07488218306780488, 0.13051365046847743, -0.2928075593466089, -0.33581811846638904, 0.10528614716131779, 0.08591153668680085, -0.12589585657372057, 0.2000325644319293, -0.17939969195105973, -0.21976157449231545, 0.07065006910432131, -0.5012872398224528, 0.08858122241611159, -0.2981966363196237, 0.0550722582556472, -0.15775103470568583, -0.33846791268896, -0.4914904524509751, -0.22524926653078195, 0.11766188524824749, 0.15401864602710255, -0.1542443658796746, -0.33315340271620225, 0.10180894730101153, -0.1063016077576707, -0.15511780043624088, -0.3482738375569906, -0.19175119044991698, -0.4853191593765136, -0.14025451733446595, -0.23147915838482874, -0.13003349638071365, -0.08251443054740666, -0.24941699115713495, -0.31561187819909564, -0.17690708103839212, -0.48797079970215074, -0.13958404489424794, -0.2153722840466755, -0.3443427163865132, -0.1634451784847877, 0.16685002490349604, -0.13715894538832046, -0.11200191624930354, -0.34433028108148234, -0.19909005984410738, -0.49418527510941684, -0.22606035481356684, -0.3283342084182175, -0.5053427486411793]}