{"from": [0, 0, 0, 2, 2, 3, 3, 5, 6, 7, 7, 7, 7, 8, 8, 9, 9, 10, 10, 10, 10, 11, 11, 11, 11, 11, 12, 12, 12, 13, 14, 14, 14, 14, 14, 15, 15, 15, 16, 16, 17, 17, 18, 18, 18, 18, 18, 19, 19, 19, 19, 19, 20, 21, 21, 21, 21, 21, 21, 21, 21, 21, 21, 21, 22, 22, 22, 22, 22, 22, 22, 22, 22, 23, 23, 23, 23, 23, 23, 23, 23, 23, 24, 24], "to": [1, 2, 4, 1, 4, 5, 8, 4, 1, 1, 9, 13, 16, 1, 5, 5, 8, 5, 8, 9, 16, 5, 8, 9, 10, 16, 8, 9, 16, 3, 5, 11, 12, 16, 19, 8, 12, 24, 5, 9, 9, 23, 9, 19, 20, 23, 24, 8, 9, 16, 20, 24, 1, 3, 5, 8, 9, 11, 13, 16, 19, 20, 23, 24, 1, 5, 8, 9, 16, 19, 20, 23, 24, 2, 5, 9, 11, 13, 16, 19, 20, 24, 8, 20], "influence_y": [[1, 2, 3, 4, 5, 6, 7, 8, 10, 12, 13, 14, 16, 17, 18, 20, 24]], "weights": [0.7576166189037971, -0.7335500975303387, -0.41688939702552114, -0.08748752628863993, -0.48803208808779225, 0.3237189162334339, 0.021136218934526774, -0.05174294899980712, -0.11854223630691267, 0.12517402907512704, -0.05067338329821, -0.21977057118308146, 0.1630514289405286, 0.02580933533482798, 0.2635863558030281, -1.2651548814161506, -0.5290941885017316, -0.854290132432022, -0.41811068255213013, -0.6960332576093768, 0.12419196422513012, -0.4310699074438377, -0.19125610600620505, -0.6466539543230172, -0.34272790470162606, 0.2185969808321179, -0.04486030008829304, 0.10788376359374471, -0.09603021514962974, -1.5909514489930958, 0.17534770854511927, -0.15424405488128057, 0.19625393789901246, 0.1441013491404038, -0.07676324875668235, 0.1297048540477653, -0.2364171538766586, -0.21370981654549312, 0.10339923306576478, -0.135385587489863, -0.05831474861837135, -0.1828659377772136, 0.13505758817916003, -0.20999489490117926, -0.5251036418684207, -0.16825273847151812, -0.28908909513031017, -0.15174771049784322, 0.11844500363007249, -0.21783906452104684, -0.5262358228721186, -0.2966251301175624, 0.22559607170422535, 0.1958993728738525, -0.18639921255175587, -0.1851666951180223, 0.19843824873962446, -0.11471182357890289, -0.16269838947933918, -0.30652293658527585, -0.20322560949053095, -0.5204367396573595, -0.1684317037227649, -0.29759114259646513, -0.12943330827604643, -0.10823425358543258, -0.2169507078091885, 0.086608680745684, -0.19537492561676606, -0.18650380017984908, -0.5193185361417446, -0.17809796968757546, -0.27698543003199233, -0.14119529355369792, -0.26249033346629863, 0.2406282704937478, -0.19785102455795747, -0.05512183046852302, -0.16255401295723992, -0.21049708128256156, -0.5255743171667365, -0.303030437322874, 0.16727327869172987, -0.5272185812681482]}