{"from": [0, 2, 2, 3, 4, 4, 4, 6, 6, 7, 7, 7, 8, 8, 8, 9, 10, 10, 10, 10, 11, 11, 11, 11, 11, 11, 12, 12, 12, 13, 14, 14, 14, 14, 14, 15, 15, 15, 16, 16, 16, 16, 17, 17, 18, 18, 18, 18, 18, 18, 19, 19, 19, 19, 19, 19, 20, 20, 20, 20, 21, 21, 21, 21, 21, 21, 21, 21, 21, 21, 21, 22, 22, 22, 22, 22, 22, 22, 22, 22, 22, 23, 23, 23, 23, 23, 23, 24, 24, 24], "to": [1, 0, 1, 5, 0, 2, 5, 1, 13, 1, 13, 16, 1, 5, 9, 5, 5, 9, 13, 16, 5, 8, 9, 10, 16, 23, 8, 9, 16, 3, 5, 12, 16, 19, 23, 12, 14, 24, 5, 8, 9, 13, 13, 23, 5, 13, 19, 20, 23, 24, 5, 8, 16, 20, 23, 24, 1, 8, 16, 24, 5, 8, 9, 12, 13, 16, 18, 19, 20, 23, 24, 1, 5, 8, 14, 16, 18, 19, 20, 23, 24, 5, 9, 13, 16, 20, 24, 1, 8, 16], "influence_y": [[0, 2, 3, 4, 5, 6, 8, 10, 12, 13, 16, 17, 19, 24]], "weights": [0.7726908557510159, -0.7963463922556233, -0.129642986293235, 0.3546263994468007, -0.15157722694138887, -0.13694393064014934, -0.03177918358939652, -0.14866460663410885, 0.0433865358150214, 0.14483026986859696, -0.2565112915553762, 0.14067947293806915, 0.03388720890023904, 0.2158171404929217, -0.2114977184594621, -1.3647062212340213, -1.0595438268921364, -0.6775747810008645, -0.0655722709828784, 0.0806978445665743, -0.6083433906940078, 0.11973544911556, -0.6069677772125613, -0.3380382373364159, 0.2191415019158163, -0.08119459721951051, -0.15478060005205915, 0.050830843403791647, -0.06961776880879812, -1.5965534281881781, 0.12431151546419397, 0.09905650577702386, 0.17346659277669296, -0.066389685462883, -0.05261805757404944, -0.3157192139869245, -0.14566836026454877, -0.13313311719119775, 0.19448613501641213, 0.12425119466743326, -0.10204548770000152, 0.10864623305344641, 0.1928911748704635, -0.2873238590832739, -0.17296204445214797, -0.09303898223684555, -0.18153378356034974, -0.31448852500278324, -0.21353946545937647, -0.5535017218116837, 0.14779022105979894, -0.14128489332674213, -0.22440879668217484, -0.3161773491938553, -0.21712321585723288, -0.5573826692195927, 0.14260823333595293, 0.12040447515995387, 0.09660101546793794, -0.5555013251144039, -0.28741786174254247, -0.2860771566832575, 0.08776660318195821, -0.07548172265253089, -0.08969225753193563, -0.2277718347578266, -0.09508525693339036, -0.18264764670018463, -0.30881219351697187, -0.21918112832880451, -0.5615522514708992, -0.11089170019326375, -0.1198680051484303, -0.13818633958601134, 0.08595351469088583, -0.13637359314671635, -0.09185402709601656, -0.16514853228067855, -0.306837441314675, -0.2005407284620417, -0.555833862319363, -0.3368785546647542, 0.16598459389523704, -0.12375719583553184, -0.10535708383744195, -0.31562797686668936, -0.5610214351326869, -0.08853219524889527, 0.17236960636992285, 0.04414664499017229]}