{"from": [0, 0, 2, 2, 2, 3, 5, 6, 6, 7, 7, 8, 9, 9, 9, 10, 10, 10, 10, 11, 11, 11, 12, 12, 12, 13, 13, 13, 14, 14, 14, 15, 15, 15, 16, 17, 18, 18, 18, 18, 18, 19, 19, 19, 19, 19, 19, 20, 20, 20, 21, 21, 21, 21, 21, 21, 21, 22, 22, 22, 22, 22, 22, 22, 22, 23, 23, 23, 23, 23, 23, 23, 24, 24], "to": [1, 4, 0, 1, 4, 5, 4, 1, 4, 1, 13, 5, 5, 8, 16, 5, 8, 9, 11, 4, 5, 9, 8, 9, 13, 3, 4, 16, 12, 16, 19, 8, 12, 24, 5, 23, 9, 19, 20, 23, 24, 5, 8, 9, 16, 20, 24, 1, 13, 24, 8, 9, 11, 19, 20, 23, 24, 1, 8, 9, 16, 19, 20, 23, 24, 5, 9, 11, 13, 19, 20, 24, 1, 8], "influence_y": [[0, 1, 2, 3, 4, 5, 6, 7, 11, 12, 13, 14, 16, 17, 18, 21]], "weights": [0.7970880641585272, -0.4067802381833767, -0.730198321368618, -0.08792787377136155, -0.5877451680153933, 0.3202514356806232, -0.08299691348403923, -0.14003863148438697, 0.13987992205888297, 0.20525345572257406, -0.20799116511536694, 0.3434693838201729, -1.247018814818724, -0.3670740956278533, -0.2847071123063202, -0.9339163493140249, -0.21251859313710805, -0.7313237316524428, -0.3164166735316746, 0.1595495018283783, -0.49827199984823334, -0.7023857570167832, -0.07438762664383, 0.08660621519498828, -0.03680087854200044, -1.5932097576718849, 0.15684986018968575, 0.059114945572675756, 0.24411986333053712, 0.09210854300347748, -0.09106746103851149, 0.07519503569374596, -0.1467079097046542, -0.15177654481748168, 0.13384985367630164, -0.268084548189113, 0.030059006934756185, -0.20124332826241462, -0.2927319683728186, -0.17529567164744678, -0.48297151648361064, 0.14971666740308312, -0.1787795715599641, 0.17984091084679618, -0.19018921998841534, -0.29538824920305917, -0.4867654671277445, 0.10371800003411638, 0.16259844266008971, -0.4916165622809847, -0.22130143508246294, 0.23766493592676854, -0.13463180809546987, -0.19809153968237297, -0.2802110355656541, -0.1773240594978609, -0.48429754170497596, -0.16899851839378724, -0.20370003045072396, 0.11679494142064484, -0.08879195308500365, -0.182851645280564, -0.2790558839639559, -0.1917424798752854, -0.4792044663300861, -0.19530507762542254, 0.23183113160204205, -0.16774149573592465, -0.11696707801658883, -0.20782427324703828, -0.2946905296617083, -0.4935193898341211, -0.06054101834528423, 0.15818370990903804]}