{"from": [0, 0, 2, 2, 2, 2, 3, 6, 7, 7, 7, 8, 8, 9, 10, 10, 10, 11, 11, 11, 11, 11, 12, 12, 13, 14, 14, 14, 14, 15, 15, 15, 15, 15, 16, 16, 16, 17, 18, 18, 18, 18, 18, 19, 19, 19, 19, 19, 19, 20, 20, 21, 21, 21, 21, 21, 21, 21, 21, 21, 21, 22, 22, 22, 22, 22, 22, 22, 23, 23, 23, 23, 23, 23, 23, 24, 24], "to": [1, 4, 0, 1, 4, 8, 5, 1, 1, 13, 16, 5, 9, 5, 5, 9, 16, 5, 8, 9, 10, 16, 8, 20, 3, 11, 12, 16, 20, 8, 12, 14, 18, 24, 5, 8, 9, 23, 1, 8, 9, 20, 24, 8, 16, 18, 20, 23, 24, 1, 24, 3, 8, 9, 11, 16, 18, 19, 20, 23, 24, 1, 8, 18, 19, 20, 23, 24, 5, 8, 9, 11, 18, 20, 24, 1, 8], "influence_y": [[0, 1, 2, 3, 4, 5, 6, 7, 8, 9, 11, 12, 13, 14, 16, 18, 20, 24]], "weights": [0.7848787700200444, -0.34338567218048627, -0.7325604054882325, -0.12088702575757239, -0.44720319750017207, 0.031108287697023583, 0.3116913075331499, -0.09631294696077178, 0.1818678869081254, -0.18533385904645824, 0.08320227170004911, 0.3353417737919436, -0.2363676540572826, -1.1460288860024954, -0.8338101435687022, -0.6432506742680498, 0.10864424748455766, -0.34539952458562667, 0.15208050700547138, -0.5502844379769057, -0.31304588717538917, 0.19650417821670813, -0.16582915514674343, -0.03302131067225151, -1.5950706277810425, -0.12603532097263725, 0.13170236997005372, 0.12039537088448632, 0.06442634604221917, 0.09801992605881434, -0.1834792226102628, -0.26727935886392645, 0.10984595599168376, -0.18630273828672045, 0.1377852660843948, 0.16304224557097174, -0.12357290968160836, -0.33943233671632755, 0.04324110000421031, -0.11036951775386782, 0.0314536056436144, -0.30035857285978457, -0.5013788191193367, -0.24184318227610954, -0.132404206719744, -0.21988717892421197, -0.29666839711099596, -0.18005342570755792, -0.5037855053897742, 0.0801822065703294, -0.5090847320363371, 0.24629260022050287, -0.3259462308216174, 0.11637841338644599, -0.14451054685622108, -0.07124159951959853, -0.21213231935179047, -0.12303219858546577, -0.29575449849729296, -0.1719898844883591, -0.5067973833815976, -0.19334247887514414, -0.2890913574371011, -0.21173012345172243, -0.1207028037709369, -0.304668829416825, -0.18116588444853174, -0.502092291375562, -0.16623054195306755, -0.16235840140755195, 0.1858892834225966, -0.20956487277279673, -0.21662088074512992, -0.29690906747920043, -0.5095684988231223, -0.09637884165759246, 0.06146090622032835]}