{"from": [0, 2, 2, 2, 2, 3, 4, 6, 6, 7, 7, 8, 9, 9, 10, 10, 10, 10, 10, 11, 11, 11, 11, 11, 12, 12, 12, 13, 13, 13, 14, 14, 14, 14, 15, 15, 15, 15, 16, 16, 17, 17, 18, 18, 18, 18, 18, 18, 19, 19, 19, 19, 19, 20, 20, 21, 21, 21, 21, 21, 21, 21, 21, 21, 21, 22, 22, 22, 22, 22, 22, 22, 22, 22, 22, 23, 23, 23, 23, 23, 23, 23, 24, 24, 24], "to": [1, 0, 1, 4, 5, 5, 0, 1, 4, 1, 16, 5, 5, 8, 5, 8, 9, 16, 24, 5, 8, 9, 10, 16, 8, 9, 16, 3, 16, 24, 5, 12, 16, 19, 8, 14, 16, 24, 5, 9, 8, 23, 5, 9, 19, 20, 23, 24, 8, 9, 16, 20, 24, 1, 8, 3, 5, 8, 9, 16, 18, 19, 20, 23, 24, 1, 5, 8, 9, 16, 18, 19, 20, 23, 24, 5, 9, 11, 16, 19, 20, 24, 1, 8, 20], "influence_y": [[1, 3, 4, 5, 6, 8, 10, 11, 12, 20, 22]], "weights": [0.7507767304080989, -0.8029869583629913, -0.10110942003205826, -0.19100337382497964, 0.041802503196666556, 0.3685485097691744, -0.16932222166589203, -0.16157554271359503, 0.18807708325294908, 0.23761178216487025, 0.1739535069044226, 0.2229326380796705, -1.168417560706206, -0.5508667683500786, -0.9358033736076681, -0.30869858432236325, -0.667639785389051, 0.12989927475903895, 0.01793383576231278, -0.5451734196479484, -0.19552493301374088, -0.6149501931494884, -0.324305914035699, 0.2688718897376523, -0.04535800989333187, 0.11294029637437485, -0.11275699444245799, -1.5925737148960613, 0.07344396815497053, -0.0384922962494401, 0.12308509889099535, 0.20557478436344676, 0.17526154290069018, -0.07125080818968844, 0.28015386945929427, -0.20866964505161334, 0.2509391418872664, -0.22430133691204585, 0.2549426938008449, -0.16464904251612936, 0.12198941198702683, -0.28377398177891766, -0.43628394183733415, 0.05531165689989816, -0.22753379762755396, -0.5824914615430631, -0.181134723929834, -0.3084112795031243, -0.07091757422652745, 0.12271259576850696, -0.22748765227855897, -0.5834173475168788, -0.3112946122789234, 0.1590298707340862, 0.1407400611598757, 0.16834790171401445, -0.360410939857544, -0.13677141756092653, 0.22132521876872924, -0.31478851826081117, -0.09321343798437765, -0.22539028182092513, -0.5791538854155431, -0.18275032324534568, -0.31134673033438776, -0.07471046127812912, -0.37745272093726795, -0.16762773412339, 0.10086981348009053, -0.22529796042417713, -0.09442245625772744, -0.2151794834272591, -0.5793904598468174, -0.19571880138417902, -0.3051179727315093, -0.5153004048064342, 0.24069248318162959, -0.11993673758595591, -0.08994835117781537, -0.22812196572259186, -0.5829523872581186, -0.32012667362743835, -0.06492805025101966, 0.1939205526252155, -0.583992166003182]}