{"from": [0, 0, 0, 2, 2, 3, 6, 6, 7, 7, 7, 7, 8, 8, 8, 8, 9, 10, 10, 10, 10, 11, 11, 11, 11, 11, 12, 12, 12, 12, 13, 14, 14, 14, 15, 15, 15, 15, 16, 16, 16, 16, 16, 17, 17, 18, 18, 18, 18, 18, 19, 19, 20, 21, 21, 21, 21, 21, 21, 21, 21, 21, 21, 22, 22, 22, 22, 22, 22, 22, 22, 22, 22, 23, 23, 23, 23, 23, 23, 23, 23, 23, 24, 24, 24, 24, 24, 24], "to": [1, 2, 4, 1, 4, 5, 1, 4, 1, 13, 14, 16, 1, 5, 9, 19, 5, 5, 9, 13, 16, 5, 8, 9, 10, 16, 3, 8, 9, 16, 3, 12, 16, 19, 8, 12, 14, 24, 5, 8, 9, 13, 19, 8, 23, 1, 9, 13, 19, 20, 13, 20, 1, 3, 8, 9, 13, 16, 18, 19, 20, 23, 24, 1, 5, 8, 14, 16, 18, 19, 20, 23, 24, 1, 5, 9, 11, 13, 18, 19, 20, 24, 1, 8, 16, 18, 19, 20], "influence_y": [[0, 1, 3, 4, 5, 7, 8, 10, 12, 24]], "weights": [0.7428676951310567, -0.7426787220324461, -0.34255175536279814, -0.144189991422178, -0.5155121936793142, 0.33388335017831766, -0.15581621570653473, 0.08925460835531271, 0.2048678177286465, -0.25451326263377544, -0.10979301787950099, 0.12090780380473147, 0.08928583983827756, 0.1692339755211952, -0.2387961639652138, -0.14482959201375012, -1.3320422807578562, -0.8986712288086037, -0.6481462308234041, -0.07495418710844959, 0.13078133590686103, -0.43850367582429745, 0.06968437855783596, -0.5863519264590165, -0.30729514380824735, 0.24750520459344205, 0.05807612056929132, -0.12702435961505995, 0.02296995789001283, -0.08374288155273506, -1.5884456857468705, 0.14581542223034039, 0.16105820648364777, -0.07763764564269086, 0.11853561025046784, -0.30054610188941105, -0.29844391027101724, -0.3115064775683244, 0.06097782445489617, 0.11809774934601969, -0.12245234285840816, 0.09685511938836956, -0.05290828930302364, 0.2015896940112124, -0.3385400370837047, 0.07627950205537988, 0.08812632334788692, -0.1619526108998467, -0.3269583478048854, -0.5219252475599447, -0.038663667523004534, -0.5225441930109941, 0.182551396655308, 0.25904773215781096, -0.26055227881680426, 0.1305374841692639, -0.19467508354731608, -0.18454865786353786, -0.18901370085852234, -0.38041162424833236, -0.5157168194098338, -0.14047373351468662, -0.18317372768495038, -0.16267878259292204, -0.14689846505995785, -0.19938594667798534, 0.16413454348300843, -0.07330660970898094, -0.19107539387846773, -0.34749401478935005, -0.5177436593823961, -0.1703951675414051, -0.18259897080192972, -0.05683858512153035, -0.29676237727897764, 0.19547234926819193, -0.11999397554184925, -0.17387372626728706, -0.20151561357369407, -0.3463461887138347, -0.5215531962589368, -0.19105200547299978, -0.14235825119700637, 0.16772831725791568, 0.08113685128234258, -0.20159594630958177, -0.2827214773920416, -0.5223727790544364]}