{"from": [0, 0, 2, 2, 2, 3, 5, 6, 6, 6, 7, 7, 7, 8, 8, 9, 10, 10, 10, 11, 11, 11, 11, 11, 12, 12, 12, 13, 13, 14, 14, 14, 14, 14, 15, 15, 15, 15, 15, 16, 16, 16, 16, 17, 17, 18, 18, 18, 18, 18, 18, 18, 19, 19, 19, 19, 19, 20, 21, 21, 21, 21, 21, 21, 21, 21, 21, 21, 22, 22, 22, 22, 22, 22, 22, 22, 22, 23, 23, 23, 23, 23, 23, 23, 23, 23, 24, 24], "to": [1, 4, 0, 1, 4, 5, 4, 1, 4, 13, 1, 13, 16, 5, 9, 5, 5, 9, 16, 5, 8, 9, 10, 16, 8, 9, 16, 3, 16, 5, 9, 12, 16, 19, 8, 12, 14, 18, 24, 5, 8, 9, 24, 9, 23, 1, 5, 9, 13, 19, 20, 24, 5, 8, 16, 20, 24, 1, 5, 8, 9, 13, 16, 18, 19, 20, 23, 24, 1, 5, 8, 16, 18, 19, 20, 23, 24, 5, 8, 9, 11, 13, 18, 19, 20, 24, 1, 20], "influence_y": [[0, 1, 2, 3, 4, 5, 6, 7, 9, 11, 12, 13, 14, 16, 21, 24]], "weights": [0.7591560011180415, -0.3465936417658435, -0.7243620467464263, -0.12938409779204527, -0.48583650162616215, 0.3438999624192612, -0.05500594176186037, -0.16664902677751983, 0.14894144310213808, 0.04287419261090846, 0.20107072374417645, -0.2319325121821974, 0.14573253380930548, 0.4286043601375642, -0.23429040763653716, -1.1023558792062722, -0.8096382965239595, -0.6789521571930388, 0.07975487643850143, -0.4717625051231113, 0.13249850613350744, -0.5822800423458251, -0.32828414943081213, 0.19017239689260013, -0.16801989182915045, 0.05848966849975982, -0.1095241202513895, -1.620739957084254, 0.10070864432829191, 0.20746275712499268, -0.03462408084911946, 0.15734533878341994, 0.14646309427200518, -0.08954867066020614, 0.08790420755448233, -0.22176617937528698, -0.2170260880635806, 0.10128078223138204, -0.2247820257735206, 0.18480195958494916, 0.1489197283647564, -0.09174905768231292, 0.03226465642168505, -0.06748376851892245, -0.2577419581382334, 0.10540781195489893, -0.15561719477194527, 0.05152991186624571, -0.13382796491804108, -0.21055643084912307, -0.49264306357575577, -0.2889004533385575, 0.13729773153752514, -0.2169570115005916, -0.18926852548867565, -0.49245282325840467, -0.2904028199349714, 0.22643788904158205, -0.13696290529094204, -0.3524889129642889, 0.10523585932073515, -0.1599197349011828, -0.14234051044730825, -0.16164537766962736, -0.21093896446776164, -0.4862552759647045, -0.13470732918857747, -0.2916169934396965, -0.0718084117915221, -0.08009303999100936, -0.32194707161226865, -0.16965134421307024, -0.1653692672207103, -0.19527631525130695, -0.48481204371934816, -0.15476927974138574, -0.27983739646026423, -0.15879419981598056, -0.14822552106783063, 0.15851786352690422, -0.09814454561276811, -0.15233012799245443, -0.16582184764625024, -0.21052111972285045, -0.4913933250730229, -0.29918442068191464, -0.06145765425509745, -0.4947910211900141]}