{"from": [0, 0, 2, 2, 2, 3, 3, 5, 6, 6, 7, 7, 7, 8, 8, 8, 9, 10, 10, 10, 10, 11, 11, 11, 11, 11, 12, 12, 12, 14, 14, 14, 15, 15, 15, 15, 16, 16, 16, 16, 17, 17, 18, 18, 18, 18, 18, 19, 19, 19, 19, 19, 19, 20, 20, 21, 21, 21, 21, 21, 21, 21, 21, 21, 21, 22, 22, 22, 22, 22, 22, 22, 22, 23, 23, 23, 23, 23, 23, 23, 23, 23, 23, 24], "to": [1, 4, 0, 1, 4, 5, 13, 4, 1, 3, 1, 3, 16, 1, 5, 9, 5, 3, 5, 9, 16, 5, 8, 9, 10, 16, 0, 3, 8, 5, 12, 16, 12, 14, 18, 24, 3, 5, 8, 9, 3, 23, 1, 3, 5, 20, 24, 8, 16, 18, 20, 23, 24, 1, 24, 0, 3, 8, 9, 16, 18, 19, 20, 23, 24, 5, 8, 16, 18, 19, 20, 23, 24, 0, 3, 5, 8, 9, 11, 16, 18, 20, 24, 1], "influence_y": [[0, 1, 2, 3, 5, 6, 7, 9, 11, 12, 13, 14, 16, 18, 22, 23, 24]], "weights": [0.7277277700288317, -0.33309936363112763, -0.7647743759276254, -0.14024320498297688, -0.4891751694342904, 0.3184189450955968, -0.41185274633001245, -0.07144244355109984, -0.1828869036543838, -0.08293362071941907, 0.15240808018712318, 0.6210866468350655, 0.15755325758469466, 0.06412957086525291, 0.27837864682885843, -0.2464299187862744, -1.2496116048704708, 0.40403441834843823, -0.9698108465177534, -0.6512016777491543, 0.051679959523834085, -0.6101028675497806, 0.05382463858371498, -0.5833059057740331, -0.3283063160552616, 0.1638962320625075, -0.1403370957307678, 0.20220454048125389, -0.19041844081466583, 0.25957409880280696, 0.1689943628582374, 0.08019147339100789, -0.2669512102195491, -0.179046140541156, 0.10967743630216542, -0.15764673631240533, -0.17588697824958685, 0.17760536477946295, 0.1259126416033467, -0.09615544752599392, -0.2824681948938342, -0.2215021320120803, 0.09903816728615357, 0.21097713608765248, -0.16214364269773082, -0.2962536496456449, -0.5147445186277628, -0.21783270205177563, -0.1631451239464418, -0.21749695041005898, -0.29521901867287564, -0.14647843566260513, -0.5214871224757188, 0.23689727686910073, -0.5197305100195544, -0.1401203824205066, 0.5860958129113837, -0.29191324511333533, 0.09542681580003094, -0.22939158102085896, -0.213916074806967, -0.1410189679237687, -0.28502305421847995, -0.13605823585245938, -0.5177170656291599, -0.22063991238183842, -0.27503952777688234, -0.1317035257817115, -0.2140275474671994, -0.1391511403332338, -0.28132930805503054, -0.1372771808520189, -0.5129329218156582, -0.16554820113729835, 0.1555138952402885, -0.31842067792642176, -0.23451706715251885, 0.1144863262336022, -0.1500420642769068, -0.17303499646943268, -0.21524112370012308, -0.29362160054233816, -0.5241052477439492, -0.08023660110050905]}