{"from": [0, 0, 2, 2, 2, 3, 3, 3, 5, 6, 6, 7, 7, 7, 7, 8, 8, 8, 9, 10, 10, 10, 10, 10, 11, 11, 11, 11, 12, 12, 12, 12, 14, 14, 14, 14, 14, 15, 15, 15, 15, 15, 16, 16, 16, 16, 16, 17, 17, 18, 18, 18, 18, 18, 18, 19, 19, 20, 21, 21, 21, 21, 21, 21, 21, 21, 21, 22, 22, 22, 22, 22, 22, 22, 22, 23, 23, 23, 23, 23, 23, 23, 23, 24, 24, 24, 24], "to": [1, 4, 0, 1, 4, 5, 13, 19, 4, 1, 4, 1, 3, 13, 16, 5, 9, 19, 5, 3, 5, 9, 11, 16, 5, 8, 9, 16, 0, 3, 8, 9, 5, 9, 12, 16, 19, 12, 14, 16, 18, 24, 3, 5, 8, 9, 19, 3, 23, 3, 5, 19, 20, 23, 24, 5, 20, 1, 3, 8, 9, 16, 18, 19, 20, 23, 24, 1, 8, 16, 18, 19, 20, 23, 24, 3, 5, 8, 9, 11, 19, 20, 24, 8, 16, 19, 20], "influence_y": [[0, 1, 2, 3, 4, 5, 6, 7, 8, 9, 11, 12, 13, 14, 15, 16, 18, 20, 23, 24]], "weights": [0.7490084928507167, -0.3689458909470322, -0.7426448345519576, -0.10018921424447041, -0.45498900832856487, 0.3181325244447486, -0.3905344325519816, 0.01140256194749066, -0.06657021740547554, -0.08604749899899039, 0.118307224805679, 0.2065755174625352, 0.5048362271171734, -0.10484741700060528, 0.19083442707938944, 0.3172727271180053, -0.23702955305645565, -0.10309708556397623, -1.4083889933921767, 0.2881596457363747, -1.0169324931911787, -0.6530814058936468, -0.27321048315717755, 0.1419095536367399, -0.6216943477431648, 0.047214334908926285, -0.5999622624299887, 0.24200711406637893, -0.1060720963711401, 0.254429335709748, -0.19912892816810315, 0.058647813294748226, 0.1890930729262846, -0.04238090796601766, 0.20541934363197556, 0.1491188197552156, -0.06497984720911852, -0.2963295408515034, -0.16492779295138213, 0.21087354423035737, 0.12391923217841057, -0.28125355075039027, -0.22915860934774554, 0.13190466930877884, 0.15875125536704424, -0.11800525744689873, -0.06994456545115463, -0.44509787320438804, -0.2077928249408618, 0.20770858178307988, -0.1464868617819702, -0.30005616180528805, -0.5047659168182576, -0.17327802408921875, -0.20449928238938667, 0.09655162287095187, -0.5051063133294532, 0.09556664442770312, 0.5575075269632467, -0.22008043682801265, 0.09919035874080506, -0.19801988020464803, -0.14669518758324715, -0.3587569969646969, -0.5003964393888929, -0.1713147878049684, -0.2180669905870412, -0.07250628176159353, -0.27098260485804704, -0.13163283547135274, -0.1492257858593371, -0.33376615636291024, -0.4975439318018891, -0.18221021570654752, -0.2031383049665372, 0.1989153662137683, -0.253458016162288, -0.10976147151363642, 0.15681511143365914, -0.09549653865056999, -0.3341735473372625, -0.50471650594913, -0.21705928299103966, 0.07592917052179765, 0.13025410219132322, -0.272710827867506, -0.5053656967529199]}