{"from": [0, 0, 0, 2, 2, 3, 4, 6, 7, 7, 8, 8, 9, 10, 10, 10, 11, 11, 11, 11, 11, 12, 12, 12, 13, 13, 14, 14, 14, 14, 14, 15, 15, 15, 15, 15, 16, 16, 16, 17, 17, 18, 18, 18, 18, 19, 19, 19, 19, 19, 19, 20, 21, 21, 21, 21, 21, 21, 21, 21, 22, 22, 22, 22, 22, 22, 22, 23, 23, 23, 23, 23, 23, 23, 23, 23, 23, 24], "to": [1, 2, 4, 1, 4, 5, 5, 1, 1, 13, 5, 9, 5, 5, 9, 16, 5, 8, 9, 10, 16, 3, 8, 16, 3, 16, 5, 12, 16, 18, 19, 3, 12, 14, 18, 24, 5, 8, 9, 3, 23, 1, 5, 20, 24, 5, 8, 16, 18, 20, 24, 1, 3, 8, 16, 18, 19, 20, 23, 24, 8, 16, 18, 19, 20, 23, 24, 5, 8, 9, 11, 13, 16, 18, 19, 20, 24, 20], "influence_y": [[0, 1, 2, 5, 6, 8, 9, 12, 14, 18, 24]], "weights": [0.7560043187967856, -0.7657608234696281, -0.414992183173146, -0.1303224011509074, -0.5462557174367823, 0.3180370372148958, -0.05034902114385448, -0.14437431037953766, 0.15050488173967452, -0.1391510679327916, 0.4245680186287233, -0.19832687013634856, -1.219858522299655, -0.9109384346649171, -0.6564631739960884, 0.1242428946667898, -0.5222212211561414, 0.07568301202698488, -0.5880334071608658, -0.3298097915632121, 0.22468905795754957, 0.09949806259300724, -0.12011027606464784, -0.04034468180983559, -1.5855029317255906, 0.09645052042314851, 0.24703851628152548, 0.18450198070998733, 0.15287797977179177, -0.08303210397074723, -0.08314139813180942, -0.286740360357317, -0.19075898410238254, -0.19119761484131548, 0.10884980865733053, -0.2656444677967728, 0.11313343965855867, 0.14384111637176436, -0.13980631547255662, -0.1995321787614008, -0.3628593441137895, 0.1360898806115887, -0.06029862049521275, -0.5518319388130049, -0.31317662823445885, 0.2746575534980594, -0.14837881943431053, -0.21794893396662987, -0.23809361024178322, -0.5517734368893303, -0.3168970533849864, 0.2871838425991026, 0.22076285625488037, -0.34555411787720763, -0.13471373646233997, -0.22938828092036617, -0.18115138487201424, -0.5469684288076349, -0.10112000071668455, -0.3170943258858403, -0.2290834538164591, -0.2216733712758187, -0.21179801297231154, -0.16063098891824054, -0.5444770602503028, -0.1062783376458717, -0.30411195531877144, -0.1776627269819833, -0.18015252066585577, 0.10494074837499798, -0.098651809857949, -0.10836274343800648, -0.10161342598111195, -0.23194135379916236, -0.1845922004569113, -0.5510622785834304, -0.3251135383303736, -0.5529901209749303]}