{"from": [0, 0, 0, 2, 2, 2, 3, 3, 6, 6, 7, 7, 7, 8, 8, 8, 8, 9, 10, 10, 10, 11, 11, 11, 11, 11, 11, 12, 12, 13, 13, 13, 14, 14, 14, 14, 14, 14, 15, 15, 15, 15, 15, 16, 16, 16, 17, 17, 18, 18, 18, 18, 19, 19, 19, 19, 19, 19, 19, 21, 21, 21, 21, 21, 21, 21, 21, 21, 22, 22, 22, 22, 22, 22, 22, 22, 22, 23, 23, 23, 23, 24, 24, 24, 24, 24], "to": [1, 2, 4, 1, 4, 23, 5, 9, 1, 4, 1, 13, 16, 1, 5, 9, 23, 5, 5, 9, 16, 5, 8, 9, 10, 16, 23, 8, 9, 3, 16, 23, 1, 5, 9, 12, 16, 23, 12, 14, 16, 18, 24, 5, 8, 9, 9, 23, 5, 20, 23, 24, 5, 8, 16, 18, 20, 23, 24, 5, 8, 9, 16, 18, 19, 20, 23, 24, 1, 5, 8, 16, 18, 19, 20, 23, 24, 1, 5, 9, 20, 1, 8, 16, 20, 23], "influence_y": [[0, 1, 2, 3, 4, 5, 6, 8, 9, 10, 12, 13, 14, 16, 17, 18, 19, 20, 24]], "weights": [0.7611986612467466, -0.7629621610704339, -0.4203706385112405, -0.14539262470641753, -0.5313518915363654, -0.010753460516434764, 0.34703643379345556, 0.023351813222670825, -0.14737179763209693, 0.19613214452577213, 0.14944087791800245, -0.1378591392961363, 0.0994572233148151, 0.10740221381746931, 0.3420127949934767, -0.19512129400064562, -0.06606339813394006, -1.2158633684765887, -0.9419356143019971, -0.6735128664451022, 0.14747294626548194, -0.5093412879379973, 0.13647263476297886, -0.5899847634176755, -0.33875023170277513, 0.2596741133391136, -0.07295832152259928, -0.09674286859216777, 0.05799980711526772, -1.5926220324791343, 0.1140779519389998, -0.12421065478372587, 0.0635847715517872, 0.17708773069409284, -0.03894304922517349, 0.18711507204366296, 0.1382333647386723, -0.0651225845622009, -0.20871505836654197, -0.17149275694197275, 0.15763842244317633, 0.13245313799750238, -0.19278722346001317, 0.17499527875770596, 0.15597963444624927, -0.15636144239647212, -0.06487026888462218, -0.11253310154069564, -0.2099595192635016, -0.4921022543843173, -0.3087933794489392, -0.21330826369814285, 0.19179882459558203, -0.16591942068101354, -0.22270292427820773, -0.1772505425800176, -0.49168779982132116, -0.3176425871069768, -0.2228371009218218, -0.15177421757442675, -0.21333533339607497, 0.06468774053338998, -0.15289976870624808, -0.17804625371501864, -0.1411696229233436, -0.48514245651145155, -0.3288523330289089, -0.2058346922162324, -0.24497068681053336, -0.23411944673550594, -0.1622218703461622, -0.14268644773608447, -0.17837516655643315, -0.14175734732096143, -0.4861098447615523, -0.3008798694589933, -0.20491551814593237, -0.19404770299821125, -0.32175480117500044, 0.12984468349124026, -0.4919020374670986, -0.22415398450618682, 0.19053929370267828, 0.0962669662282866, -0.4935722002527982, -0.261556627199227]}