{"from": [0, 0, 2, 2, 2, 3, 3, 6, 6, 7, 7, 7, 7, 8, 8, 8, 9, 10, 10, 10, 11, 11, 11, 11, 11, 12, 12, 12, 13, 13, 13, 13, 14, 14, 14, 14, 14, 14, 15, 15, 15, 15, 16, 16, 16, 17, 18, 18, 18, 18, 18, 19, 19, 19, 19, 19, 21, 21, 21, 21, 21, 21, 21, 21, 21, 22, 22, 22, 22, 22, 22, 22, 22, 22, 22, 22, 23, 23, 23, 23, 23, 23, 23, 23, 23, 23, 23, 24, 24, 24], "to": [1, 4, 0, 1, 4, 5, 9, 1, 5, 1, 13, 14, 16, 1, 5, 9, 5, 5, 9, 16, 5, 8, 9, 10, 16, 8, 9, 16, 3, 5, 16, 24, 1, 5, 12, 16, 19, 24, 8, 14, 16, 24, 5, 8, 9, 23, 9, 13, 19, 20, 24, 5, 8, 16, 20, 24, 8, 9, 13, 16, 18, 19, 20, 23, 24, 1, 5, 8, 12, 14, 16, 18, 19, 20, 23, 24, 1, 5, 8, 9, 11, 13, 16, 18, 19, 20, 24, 1, 8, 20], "influence_y": [[0, 1, 2, 3, 4, 5, 6, 7, 8, 9, 12, 13, 18, 21, 24]], "weights": [0.7297600781846274, -0.3082027721562703, -0.7498814781225193, -0.13339959686299582, -0.4208307787472105, 0.3160942783993944, 0.017941739349007328, -0.17416853280078876, -0.05884936782399813, 0.22128834435340639, -0.2104637785976551, -0.09285173071068699, 0.26528183715797593, 0.044641168165116304, 0.27331825894126727, -0.2261882429945221, -1.1451431737874254, -0.9586481485247297, -0.6815466646916792, 0.13329812006991437, -0.46463877027390743, 0.16711431761562193, -0.5858377303292457, -0.33037453498482555, 0.21184487211661288, -0.14413895894120787, 0.032144108141860035, -0.07940759243157418, -1.637551890393043, -0.0654869809473409, 0.09335725205328013, -0.04870176665794803, 0.08287547057708262, 0.1331772464854418, 0.21406862379736458, 0.16764975749046795, -0.0953347062789761, -0.049747748408976354, 0.22043378888569867, -0.2511796570136111, 0.2532623477843443, -0.26342190028736395, 0.15905102190740886, 0.10305622387209738, -0.14525115181365109, -0.199017709361269, 0.02530246696736003, -0.06753600105521577, -0.24529292600046537, -0.5136450874438371, -0.32740906198684894, 0.13848223641307672, -0.18971635162572348, -0.25462388539700515, -0.5152936354480532, -0.33213783947853603, -0.30495004861640873, 0.075007014830754, -0.1323953181600077, -0.2777742363242058, -0.1407791290928614, -0.24290332131360343, -0.5084710245075805, -0.14719187238486156, -0.3386450164691567, -0.18123696939884057, -0.11851230246546965, -0.22976868758633429, -0.0909527158341117, 0.1104637004419796, -0.21176405970362983, -0.13640764572756683, -0.22547649046951274, -0.5062818776312876, -0.1434967039641173, -0.31685057125380717, -0.15821122748347768, -0.2167140035056094, -0.14849271417987256, 0.1339683242800509, -0.12423883418513557, -0.12207602728910374, -0.11837440581119528, -0.14643661849363832, -0.24220298504989166, -0.5129136282171955, -0.33637540222456724, -0.21342189176822243, 0.08556563793479567, -0.5157064489201435]}