{"from": [0, 0, 1, 2, 2, 2, 2, 3, 5, 6, 7, 7, 7, 9, 9, 10, 10, 10, 10, 10, 11, 11, 11, 12, 12, 12, 13, 13, 13, 14, 14, 14, 14, 15, 15, 15, 16, 16, 17, 17, 18, 18, 18, 18, 18, 18, 19, 19, 19, 19, 19, 20, 21, 21, 21, 21, 21, 21, 21, 21, 21, 21, 21, 22, 22, 22, 22, 22, 22, 22, 22, 22, 23, 23, 23, 23, 23, 23, 23, 24, 24], "to": [1, 4, 8, 0, 1, 4, 9, 5, 8, 1, 1, 13, 16, 5, 8, 5, 8, 9, 11, 16, 5, 9, 16, 8, 9, 16, 3, 4, 16, 9, 12, 16, 19, 12, 14, 24, 5, 9, 9, 23, 9, 12, 19, 20, 23, 24, 8, 9, 16, 20, 24, 1, 0, 5, 8, 9, 11, 16, 18, 19, 20, 23, 24, 5, 8, 9, 16, 18, 19, 20, 23, 24, 5, 9, 11, 16, 19, 20, 24, 8, 20], "influence_y": [[0, 1, 3, 4, 5, 6, 9, 11]], "weights": [0.788803437047916, -0.2957264425515819, 0.019621736495325257, -0.7739375300346932, -0.07414993262879421, -0.4197280633704719, -0.010494012238551167, 0.31199454496213447, 0.12600484682179974, -0.13847972388637972, 0.1291601143145805, -0.2017874593498105, 0.18276018963397325, -1.5121594504415783, -0.2741391777600594, -1.1789002459114541, -0.1690553545788829, -0.680580987851468, -0.30657360539325934, 0.10618514939012237, -0.6413845945047796, -0.6270774043111397, 0.17643171295096377, -0.11483682509907493, 0.12389488108474085, -0.07044406488358565, -1.6118452595735406, 0.12680667538738724, 0.09364503913326593, -0.0594745042332443, 0.21084461049032593, 0.12369999584002114, -0.08167728456802718, -0.24093727214555274, -0.11806456180195403, -0.32090876093948106, 0.13049536444973417, -0.14351827763680794, -0.08433776823670304, -0.28073852588987885, 0.10235874853962593, 0.09903314078911798, -0.20923890627626426, -0.5847587973186573, -0.16083731778358235, -0.26351386889995765, -0.2195407933422832, 0.11944664464334856, -0.2149702721379586, -0.585142492723465, -0.2694992560269465, 0.24099869897634693, -0.1609552037073553, -0.06198639662932956, -0.06894428612401467, 0.2425928620395007, -0.11792358784406519, -0.24916518875279492, -0.09962978386707132, -0.20383010446475447, -0.5817475867046672, -0.1712510090866244, -0.2611747014920561, -0.23118969970162875, -0.092052205310454, 0.09801341619811156, -0.18639148944697262, -0.10066476895961246, -0.1906641321620702, -0.5821387497660261, -0.18398776554815838, -0.26032806861975394, -0.22038895223115573, 0.23936384091924293, -0.16023135149096232, -0.08720345706080451, -0.20883406136573696, -0.5847571842199875, -0.27417268163593495, 0.1246768092787385, -0.5853622204757295]}