{"from": [0, 0, 0, 2, 2, 3, 5, 6, 6, 7, 7, 7, 8, 8, 8, 9, 10, 10, 10, 11, 11, 11, 11, 11, 11, 12, 12, 12, 13, 13, 13, 14, 14, 14, 14, 15, 15, 15, 15, 16, 16, 16, 16, 17, 17, 18, 18, 18, 18, 19, 19, 19, 19, 19, 19, 19, 19, 20, 21, 21, 21, 21, 21, 21, 21, 21, 22, 22, 22, 22, 22, 22, 22, 22, 22, 23, 23, 23, 23, 23, 24, 24, 24, 24, 24, 24], "to": [1, 2, 4, 1, 4, 5, 4, 1, 23, 1, 13, 16, 5, 9, 23, 5, 5, 9, 16, 5, 8, 9, 10, 16, 23, 8, 9, 16, 3, 16, 23, 5, 12, 16, 23, 12, 14, 16, 24, 5, 8, 9, 23, 8, 23, 5, 20, 23, 24, 5, 8, 13, 16, 18, 20, 23, 24, 1, 5, 8, 9, 16, 18, 20, 23, 24, 1, 2, 5, 8, 16, 18, 20, 23, 24, 1, 2, 5, 9, 20, 1, 2, 8, 16, 20, 23], "influence_y": [[0, 1, 2, 3, 4, 5, 6, 7, 8, 9, 10, 12, 16, 20, 23, 24]], "weights": [0.729328365582845, -0.7601219795083191, -0.39539891731323557, -0.12809654079292365, -0.536709631731213, 0.34055441966102157, -0.06293902025944499, -0.1886644732807029, 0.024759653050531554, 0.23153699972852473, -0.17768815817861244, 0.28144475307709643, 0.3575251855016543, -0.20730887119403538, -0.11698573109162326, -1.3638123035979208, -1.0747821372545696, -0.6567652138002061, 0.21685243375223143, -0.6293335451478312, 0.15665105523480982, -0.5895032759649937, -0.33125101866621254, 0.23000320237309632, -0.07891397220396121, -0.1548686134314926, 0.016361340350076015, -0.1075157996219241, -1.6263207919997964, 0.1166595305036868, -0.08702377854559448, 0.1923034615126112, 0.18673351264979732, 0.15109986713978993, -0.09034992362509087, -0.31404511279904573, -0.2110589013495995, 0.14973902379587545, -0.2636410936515351, 0.1551977383024637, 0.04645040029711002, -0.14561019241793413, -0.05419299938651611, 0.11209691757514663, -0.1731895509982959, -0.1559610409570647, -0.5373471004053864, -0.3441374974856186, -0.21371836042348144, 0.18598719806514308, -0.23202832370121637, -0.09806387768793158, -0.19362185631080336, -0.13461270664926897, -0.5368825176853306, -0.3969843626176401, -0.22566559653532073, 0.15150805460092348, -0.10867131967160983, -0.3567208585665687, 0.05838113101024661, -0.23214040464296135, -0.11616468917309371, -0.530996201206671, -0.40881452427741366, -0.2112322580237667, -0.2874352216806693, -0.26088004284082433, -0.1412991083826206, -0.2726370296794667, -0.17741209137036212, -0.1007557924341067, -0.5279900221021704, -0.3805267771087214, -0.2064312705113056, -0.10033646869763767, -0.23731815081653918, -0.28908794234247803, 0.13324813104148478, -0.53789769112797, -0.18469380251064293, -0.0866856770094573, 0.16659858326633278, 0.1951859970792392, -0.5386577601776404, -0.2834390947963537]}