{"from": [0, 0, 0, 2, 2, 2, 3, 6, 7, 7, 7, 8, 8, 9, 10, 10, 10, 10, 11, 11, 11, 11, 11, 12, 12, 12, 12, 13, 14, 14, 14, 14, 15, 15, 15, 16, 16, 16, 16, 17, 17, 18, 18, 18, 18, 19, 19, 19, 19, 19, 19, 19, 19, 20, 20, 20, 21, 21, 21, 21, 21, 21, 21, 21, 21, 21, 22, 22, 22, 22, 22, 22, 22, 23, 23, 23, 23, 23, 23, 23, 23, 23, 24, 24, 24, 24], "to": [1, 3, 4, 0, 1, 4, 5, 1, 1, 13, 16, 5, 9, 5, 5, 9, 13, 16, 5, 8, 9, 10, 16, 3, 8, 9, 16, 3, 5, 11, 12, 16, 12, 14, 24, 5, 8, 9, 13, 9, 23, 9, 13, 20, 24, 8, 9, 13, 16, 18, 20, 23, 24, 1, 8, 16, 3, 8, 9, 13, 16, 18, 19, 20, 23, 24, 1, 8, 18, 19, 20, 23, 24, 5, 8, 9, 11, 13, 16, 18, 20, 24, 1, 8, 16, 20], "influence_y": [[0, 1, 2, 3, 4, 5, 6, 7, 8, 9, 11, 12, 13, 16, 17, 18, 19, 20, 23]], "weights": [0.7180870110817092, -0.026057756041964107, -0.3413961747797829, -0.7716708475764423, -0.15216884287343885, -0.4829720996773713, 0.31409531201079083, -0.15964109954452912, 0.12296887140802164, -0.18495494233618778, 0.22636406785839933, 0.21566630076448398, -0.22999170251472992, -1.3198587788951197, -1.0574703799035596, -0.6517655461358103, -0.08004522022013115, 0.08182979395307546, -0.49208432444227207, 0.15367414519697326, -0.5732561673943506, -0.31856517198975254, 0.1605089646312753, 0.13378200215537245, -0.1823278846725878, 0.029802879888864073, -0.1301870020130149, -1.6212539620917228, 0.2118881478760706, -0.06104162033133393, 0.19368163407158012, 0.14583303600556854, -0.22750295031196402, -0.13966852584091516, -0.10326595484803418, 0.11567106007813154, 0.07494785275871266, -0.10497539200088155, 0.07772092186213994, -0.04905452061421003, -0.23049459608356493, 0.08232613662436089, -0.12523455195780922, -0.5339168662864083, -0.29145759970875357, -0.17773948694080655, 0.08462682598571122, -0.05675124452505554, -0.18911637632626466, -0.173732368018762, -0.5336951274600907, -0.175901027061188, -0.2961865480595372, 0.15025603102327953, 0.10753137778455296, 0.07757008125687098, 0.15336390788293458, -0.2985538426766702, 0.15285394098786492, -0.039321918612579505, -0.20977337497330356, -0.16211599213847416, -0.14521890310724608, -0.5298433209695004, -0.17364469311557892, -0.29082017020216094, -0.060617184604246276, -0.2446569643726911, -0.1561781718176829, -0.14459042985130965, -0.5286716389005912, -0.174072975512846, -0.2826452454733848, -0.17542207146353156, -0.19193751017689764, 0.19779274489003168, -0.12197655837804179, -0.15633455396343768, -0.05688579037622666, -0.17506077126958708, -0.5339746597319872, -0.2981346177520972, -0.08051209648084084, 0.14278467341887144, 0.13686419716375983, -0.5349454293998142]}