{"from": [0, 0, 0, 2, 2, 3, 6, 7, 7, 7, 8, 8, 9, 10, 10, 10, 11, 11, 11, 11, 11, 11, 12, 12, 12, 12, 13, 13, 13, 14, 14, 14, 14, 14, 14, 15, 15, 15, 15, 15, 15, 16, 16, 16, 17, 17, 18, 18, 18, 18, 18, 18, 19, 19, 19, 19, 19, 19, 19, 20, 21, 21, 21, 21, 21, 21, 21, 21, 21, 22, 22, 22, 22, 22, 22, 22, 22, 23, 23, 23, 23, 23, 23, 23, 24, 24], "to": [1, 2, 4, 1, 4, 5, 1, 1, 13, 14, 5, 9, 5, 5, 9, 16, 5, 8, 9, 10, 16, 23, 8, 9, 13, 16, 3, 8, 16, 5, 9, 12, 16, 19, 23, 3, 8, 12, 14, 16, 24, 5, 8, 9, 8, 23, 8, 9, 19, 20, 23, 24, 8, 9, 13, 16, 20, 23, 24, 1, 3, 5, 8, 9, 16, 19, 20, 23, 24, 1, 8, 14, 16, 19, 20, 23, 24, 5, 8, 9, 13, 16, 20, 24, 1, 20], "influence_y": [[0, 1, 2, 4, 5, 6, 8, 11, 12, 13, 14, 16, 20, 23, 24]], "weights": [0.7435851233720471, -0.7830272381129282, -0.4059665009680689, -0.12790110956347514, -0.5255234697053416, 0.3116683107495987, -0.11865862767457275, 0.2131279834329582, -0.17584756353527395, -0.06664485939513758, 0.3026482056584213, -0.2172687986519861, -1.253160670507878, -0.9352748657019985, -0.6431763567835721, 0.13952569313043936, -0.5188358269350765, 0.10879758686996559, -0.5870670611432791, -0.3278971674228293, 0.23465149162944413, -0.07342301752480355, -0.17056365790975908, 0.0382189878359646, -0.075738356881189, -0.04360630046231942, -1.6294500421163145, -0.08712321012026288, 0.06614890111169354, 0.07573901660788093, -0.02627885164713803, 0.14327115975554866, 0.12359966870945208, -0.05544658848717361, -0.052498939841668125, -0.1664559880729387, 0.1687021447139737, -0.2705951303763276, -0.15954806865230517, 0.11808643342197499, -0.3164424502047779, 0.12738270016112926, 0.06317916620668439, -0.12801535473779424, 0.1352378160671967, -0.27472547832238825, -0.12377992744752417, 0.07852323296366195, -0.15822891845611056, -0.518839082770915, -0.20355069039002044, -0.29514709284092, -0.30699097964668265, 0.05794428550216119, -0.04418762033845489, -0.19234807274031004, -0.518902846264296, -0.2036191166132801, -0.30045697887698836, 0.18665268706953184, 0.1619452110031037, -0.08934629499837196, -0.4094394416583126, 0.1062459466820703, -0.17936192385261152, -0.15007339051105095, -0.512443894225795, -0.21193331371530616, -0.30302215843877617, -0.07066003553692841, -0.2806486923939431, 0.1639681778712847, -0.09892907601083323, -0.12798872352123575, -0.5097379606790039, -0.20243565477120345, -0.2907213224365294, -0.2805256574966426, -0.28969232794651617, 0.1713198643974937, -0.18134768676531032, -0.10497349582125821, -0.518768920175665, -0.3107566135801775, -0.05578920710075934, -0.5214348334788348]}