{"from": [0, 0, 0, 2, 2, 6, 6, 6, 7, 7, 8, 8, 8, 9, 10, 10, 10, 10, 10, 10, 11, 11, 11, 11, 12, 12, 13, 13, 13, 14, 14, 14, 15, 15, 15, 15, 16, 16, 16, 17, 18, 18, 18, 18, 18, 19, 19, 19, 19, 19, 21, 21, 21, 21, 21, 21, 21, 21, 21, 21, 22, 22, 22, 22, 22, 22, 22, 22, 23, 23, 23, 23, 23, 23, 23, 23, 23, 23, 24], "to": [1, 2, 4, 1, 4, 1, 4, 13, 1, 13, 2, 5, 9, 5, 5, 9, 11, 13, 16, 19, 5, 8, 9, 16, 8, 13, 3, 5, 16, 1, 12, 19, 8, 12, 14, 24, 5, 8, 9, 23, 5, 13, 19, 20, 24, 8, 13, 16, 20, 24, 8, 9, 11, 13, 16, 18, 19, 20, 23, 24, 1, 8, 14, 18, 19, 20, 23, 24, 1, 5, 8, 9, 11, 13, 18, 19, 20, 24, 20], "influence_y": [[0, 1, 2, 3, 4, 5, 8, 12, 13, 14, 16]], "weights": [0.7852097324873273, -0.7621943133831262, -0.42993430568849067, -0.07957738631073528, -0.5499402205059585, -0.1736548248392808, 0.16321814253287795, 0.06940159786877723, 0.29521737744438353, -0.2687319560729582, 0.07658135937615673, 0.2816645021870504, -0.24581038525647156, -1.1322668584675994, -0.8309297428272283, -0.6465348810758327, -0.3107799558484423, -0.08352849113010301, 0.05208452427833866, -0.04454029656453374, -0.3843756149555017, 0.11904032805871091, -0.5786249330422717, 0.20350703734945866, -0.1718322828377423, -0.05006418055433403, -1.566872361641731, -0.5509198691943549, 0.09149323747861376, 0.0699704299065876, 0.1900115402306454, -0.09321387401817442, 0.25057003395785066, -0.1561247889077663, -0.17380849488004232, -0.35060687821448006, 0.14370148602367577, 0.11850125023971061, -0.12267502355637626, -0.346459354663724, -0.19808368898282447, -0.18887358972370993, -0.21553321222314412, -0.4889205204951091, -0.28083391824241943, -0.20186772263249134, -0.1519143996460661, -0.14069970519842462, -0.48883368537131205, -0.2956354225194497, -0.3640590900012051, 0.09039918083086818, -0.12805269404364553, -0.221474421253548, -0.09484867220289855, -0.1320696378709574, -0.21542123989406575, -0.4804163280469816, -0.10745344631246913, -0.2888038246302528, -0.19661673525122753, -0.25646879277266926, 0.09111771637532409, -0.11987805927270803, -0.1884123150417601, -0.47508463198753903, -0.12518533640358342, -0.27683354211471217, -0.03972104374160469, -0.4662911922409317, -0.2522935270970807, 0.1373547449547948, -0.181293578522277, -0.27639588879874427, -0.1441288581293095, -0.22046017994779862, -0.4867702519739751, -0.2965501203917843, -0.4899735725699446]}