{"from": [0, 2, 2, 2, 3, 4, 5, 6, 6, 7, 7, 7, 8, 8, 8, 9, 10, 10, 10, 10, 11, 11, 11, 11, 11, 12, 12, 12, 12, 13, 13, 13, 14, 14, 14, 15, 15, 16, 16, 16, 17, 17, 18, 18, 19, 19, 19, 19, 19, 19, 19, 20, 21, 21, 21, 21, 21, 21, 21, 21, 21, 22, 22, 22, 22, 22, 22, 22, 22, 22, 23, 23, 23, 23, 23, 23, 23, 23, 23, 23, 24, 24, 24, 24], "to": [1, 0, 1, 4, 5, 0, 4, 1, 20, 1, 13, 16, 5, 9, 18, 5, 5, 9, 13, 16, 5, 8, 9, 10, 16, 3, 8, 9, 20, 3, 16, 18, 5, 12, 16, 12, 24, 5, 8, 9, 8, 23, 5, 20, 5, 8, 16, 18, 20, 23, 24, 1, 8, 9, 13, 16, 18, 19, 20, 23, 24, 1, 5, 8, 16, 18, 19, 20, 23, 24, 0, 5, 8, 9, 11, 13, 16, 18, 20, 24, 1, 8, 18, 20], "influence_y": [[0, 1, 2, 3, 4, 5, 6, 8, 9, 10, 12, 14, 16, 17, 18, 19, 20, 21, 23, 24]], "weights": [0.7941612932557931, -0.8128305152260542, -0.10226444261527727, -0.16801368170073827, 0.3326659039034352, -0.164737318024536, -0.0690209257347396, -0.11367919430395816, 0.02221524475714627, 0.20920383834944714, -0.27913165900429093, 0.12631404639100957, 0.3737544177134335, -0.24518394638457772, -0.06122528696202847, -1.20686188244822, -1.0248934534515675, -0.65820798406359, -0.08581922885938784, 0.18725511541712414, -0.5297059261447831, 0.17154727245600399, -0.5637285636332572, -0.30218319182984427, 0.27596810058909543, 0.11697190218826017, -0.18121198297088406, 0.05462269563026573, -0.051218068205832946, -1.6192758261951417, 0.08705506254772487, -0.07764486528874609, 0.18960884541427572, 0.23418319666168627, 0.18052427359430132, -0.2560915349855144, -0.3268104488494413, 0.18599321669167723, 0.1091146001417302, -0.11897095373453002, 0.16416005546142418, -0.15697126171709014, -0.09694652763947151, -0.4918751209084929, 0.14028414430714, -0.288025826737274, -0.2494840314274927, -0.3428357024389538, -0.49800985039167867, -0.14129755682327297, -0.2197822303114861, 0.10310425017352524, -0.3752425217817404, 0.05865530487310976, -0.16370023414615092, -0.15737763595660256, -0.35571532600852385, -0.1498667501342895, -0.4928269891843787, -0.11377832037108511, -0.20486102493199268, -0.16394173182963023, -0.13499276547662928, -0.23347342701388876, -0.09043823583520917, -0.3319983331142888, -0.15110429223364286, -0.4954045619621078, -0.12886616810221904, -0.19784994547154666, -0.11461799561123542, -0.13329036035803593, -0.16772437826978348, 0.11910090022309007, -0.10145346628100163, -0.10647945953883661, -0.16580732302081597, -0.3443382099264132, -0.4994089400047884, -0.22509249523313798, -0.043214117007558485, 0.07789734468430881, -0.3052834696064248, -0.49235084043116023]}