{"from": [0, 0, 2, 2, 2, 2, 3, 3, 6, 7, 7, 7, 8, 8, 9, 10, 10, 10, 11, 11, 11, 11, 11, 11, 12, 12, 12, 12, 13, 13, 14, 14, 14, 14, 14, 14, 15, 15, 15, 15, 15, 15, 15, 16, 16, 16, 17, 17, 17, 18, 18, 18, 18, 18, 18, 19, 19, 19, 19, 19, 19, 19, 19, 19, 20, 20, 21, 21, 21, 21, 21, 21, 21, 21, 21, 21, 21, 22, 22, 22, 22, 22, 22, 22, 22, 22, 23, 23, 23, 23, 23, 23, 24, 24], "to": [1, 4, 0, 1, 4, 8, 5, 8, 1, 1, 13, 16, 5, 9, 5, 5, 9, 16, 5, 8, 9, 10, 16, 23, 8, 9, 16, 20, 3, 16, 5, 9, 12, 16, 20, 23, 3, 8, 12, 14, 16, 23, 24, 5, 8, 9, 5, 10, 23, 5, 8, 13, 20, 23, 24, 8, 10, 13, 14, 16, 18, 20, 23, 24, 1, 16, 3, 5, 8, 9, 13, 16, 18, 19, 20, 23, 24, 1, 5, 8, 16, 18, 19, 20, 23, 24, 5, 8, 9, 13, 20, 24, 16, 20], "influence_y": [[0, 1, 2, 3, 4, 5, 6, 8, 12, 13, 15, 16, 18, 19, 21, 24]], "weights": [0.7266127118079517, -0.3395009967505235, -0.7612395220308797, -0.16222774301409676, -0.4286876861622306, 0.03783202510015184, 0.3566244879598426, 0.04579419202521654, -0.11808143336396859, 0.13761354454351835, -0.21683000765528224, 0.1498883010791347, 0.2931282334519705, -0.20345432956368076, -1.31158327188514, -1.1216650405954243, -0.6843310350903038, 0.07955369777422644, -0.6534205548612261, 0.1577213899327879, -0.605341877128374, -0.3543902486436002, 0.19937158704528926, -0.11450413814127282, -0.1593952209585753, 0.07622265809675946, -0.0698659971253432, -0.05589704082322374, -1.6110492600902635, 0.09919672210305415, 0.1404778735543533, -0.02969405145373335, 0.12695206305859252, 0.15274708010911842, 0.05314096462747104, -0.11032754875103366, -0.3007894912305797, 0.1269528951736693, -0.2756237642067005, -0.1826413806990522, 0.07400188968848545, 0.10080444642515214, -0.32414908813992327, 0.2545150610757073, 0.10511399436701645, -0.13714766779677254, 0.1899924822703339, 0.2412278721552028, -0.2301731476136677, -0.2622124918886164, -0.15613922049120788, -0.14186099387946005, -0.5387971188246662, -0.22660017787465095, -0.2961251937162597, -0.3568168700784828, -0.11210215696623618, -0.0713147107493061, -0.08442842115211122, -0.16682845488888084, -0.13664316414314168, -0.5374572039921487, -0.23651810523922562, -0.306430240036546, 0.19084399918649947, 0.09656313141702827, 0.2416079556285805, -0.30437410234988127, -0.4562315972779746, 0.05987245404954212, -0.16490255244961866, -0.1557781364198678, -0.11911490432108217, -0.15103836210754265, -0.5426178073182439, -0.23809104630007147, -0.3051937932125053, -0.12422259922416487, -0.2752967246483415, -0.4061208134744996, -0.0814529293115345, -0.11496252305348267, -0.15068590468811358, -0.5492224235261656, -0.22207423372962148, -0.2870371904667789, -0.4438523616804192, -0.2886707012335093, 0.10795990074991782, -0.2344330220175337, -0.5428142472945817, -0.30157497199913236, 0.061852306716375066, -0.5449431594108242]}