{"from": [0, 0, 2, 2, 2, 3, 3, 3, 6, 7, 8, 8, 9, 10, 10, 10, 10, 11, 11, 11, 11, 12, 12, 12, 13, 14, 14, 14, 14, 15, 15, 15, 15, 15, 15, 16, 16, 16, 17, 17, 18, 18, 18, 18, 19, 19, 19, 19, 20, 20, 20, 21, 21, 21, 21, 21, 21, 21, 21, 21, 21, 21, 22, 22, 22, 22, 22, 22, 22, 22, 22, 23, 23, 23, 23, 23, 23, 23, 23, 23, 24, 24], "to": [1, 4, 0, 1, 4, 5, 13, 16, 1, 16, 5, 9, 5, 5, 9, 11, 16, 5, 8, 9, 16, 8, 9, 16, 8, 11, 12, 16, 19, 8, 12, 14, 16, 18, 24, 5, 8, 9, 14, 23, 8, 19, 20, 24, 8, 16, 20, 24, 1, 16, 24, 3, 5, 8, 9, 11, 16, 18, 19, 20, 23, 24, 1, 8, 14, 16, 18, 19, 20, 23, 24, 5, 8, 9, 11, 16, 18, 19, 20, 24, 1, 16], "influence_y": [[0, 1, 2, 3, 4, 5, 6, 7, 8, 9, 10, 11, 13, 14, 16, 18, 19, 20, 21, 23, 24]], "weights": [0.7499435892165026, -0.3735514232667682, -0.7327589835766465, -0.12261626487018054, -0.4654490793621564, 0.2899634252440392, -0.4000080380932595, -0.03843748320909068, -0.12691198019241093, 0.1457184895228673, 0.2580821490202185, -0.21780484915763176, -1.3578537299133637, -1.0597373449785892, -0.661358105060052, -0.29144237520757926, 0.14219143540430032, -0.6411296912746794, 0.1305640555020149, -0.5842564842942205, 0.212181888196355, -0.15449127248893366, 0.05548454555302575, -0.10601646312355059, -0.06714019579364867, -0.10530266288776882, 0.13185758808282455, 0.14775427084475012, -0.11069217842593941, 0.12385144973305677, -0.23380624551515433, -0.1466464320288629, 0.2280682280418428, 0.14389477307722964, -0.24092994390642572, 0.09473276162551406, 0.14421504196670848, -0.11748248727313082, -0.11970473503309702, -0.30410100288915515, -0.17919682463120384, -0.22606160471038025, -0.3189622894917535, -0.5186058206932039, -0.32541187907098107, -0.24614168593955518, -0.3191108517688605, -0.5285068459714591, 0.15453561010524636, 0.05979893389857993, -0.5248652654032326, 0.23353999339045084, -0.06949320692373047, -0.41110810845131734, 0.09566081026022218, -0.08435802200647274, -0.24745480720365243, -0.18607802183174119, -0.22253099176237465, -0.31094129523804176, -0.13782433979057598, -0.5284896033953773, -0.08753869391445439, -0.3492644103739237, 0.12331100232322142, -0.18742828232787379, -0.18913847962245914, -0.1980485366266537, -0.31134929986675836, -0.14588267860045137, -0.5230807470188433, -0.17496675495006378, -0.20883429046102536, 0.1503081467991893, -0.13962169379502332, -0.12388013868391129, -0.1888623970637424, -0.22910636865989673, -0.316980438404686, -0.5260712862496907, -0.09492647266329735, 0.16330992187559373]}