{"from": [0, 0, 2, 2, 2, 3, 3, 3, 5, 6, 7, 7, 7, 7, 8, 8, 9, 10, 10, 10, 11, 11, 11, 11, 11, 11, 12, 12, 12, 12, 14, 14, 14, 15, 15, 15, 15, 16, 16, 17, 18, 18, 18, 18, 18, 19, 19, 19, 19, 19, 19, 19, 20, 21, 21, 21, 21, 21, 21, 21, 22, 22, 22, 22, 22, 22, 22, 23, 23, 23, 23, 23, 23, 24, 24, 24], "to": [1, 4, 0, 1, 4, 5, 13, 16, 4, 1, 1, 3, 14, 16, 5, 9, 5, 5, 9, 16, 5, 8, 9, 10, 16, 23, 3, 8, 9, 16, 9, 16, 23, 8, 14, 18, 24, 8, 9, 23, 8, 9, 20, 23, 24, 8, 14, 16, 18, 20, 23, 24, 9, 3, 8, 9, 18, 20, 23, 24, 1, 8, 14, 18, 20, 23, 24, 1, 5, 8, 9, 20, 24, 1, 8, 20], "influence_y": [[0, 1, 2, 4, 5, 6, 7, 8, 10, 11, 12, 13, 14, 16, 17, 20, 22, 24]], "weights": [0.7878144632799334, -0.4370330288519625, -0.7537230314963458, -0.10931436900254021, -0.5688414410292056, 0.2782622856220737, -0.39798749765082714, -0.049530748768670814, -0.08624106885524548, -0.12656605263176887, 0.22125344139356304, 0.13573869377989306, -0.07501362247381271, 0.183917135547812, 0.3139366773361781, -0.1879321808407793, -1.3419414433563788, -1.0213276741033146, -0.6722411796447249, 0.07590700491528025, -0.5655143543531642, 0.05732634366080644, -0.5832515190501749, -0.3227324179253159, 0.1932677852671194, -0.12230016570526006, 0.15677232790934456, -0.19277519033129156, 0.05713781232657625, -0.07133279898460106, -0.03629467436366298, 0.10658653403199463, -0.06494189010495598, 0.1349756553263371, -0.2504702338261715, 0.07107874259612082, -0.2881235880147504, 0.05904947639190942, -0.14174562865459706, -0.26657606005891915, -0.041647341820698895, 0.03602886272760503, -0.550607741287569, -0.21901759428364465, -0.29099229421513245, -0.28775381509482906, -0.08189571063895502, -0.15324680949451652, -0.15499748809914887, -0.5496450241731924, -0.23135657014699357, -0.29738989964271517, -0.09566425540079314, 0.3591899011703077, -0.43714389956613703, 0.1127435564153127, -0.13714900755355666, -0.5454224509574755, -0.2262760268595347, -0.2907553525502212, -0.126346870570564, -0.3049989797944576, 0.1398093756809393, -0.13547969712800229, -0.5453486439886637, -0.23516269596627715, -0.27899353585298753, -0.08855834910763728, -0.21502478532611713, -0.2116109978049648, 0.16745497970748152, -0.5505374710725693, -0.30390388109603955, -0.1721084577567033, 0.062037958999408706, -0.5515269976825234]}