{"from": [0, 0, 2, 2, 2, 3, 4, 6, 7, 7, 7, 8, 8, 8, 9, 10, 10, 10, 10, 11, 11, 11, 11, 12, 12, 12, 13, 13, 14, 14, 14, 14, 15, 15, 16, 16, 16, 17, 18, 18, 19, 19, 19, 19, 19, 21, 21, 21, 21, 21, 21, 21, 21, 21, 22, 22, 22, 22, 22, 22, 23, 23, 23, 23, 23, 23, 23, 23, 23, 24, 24, 24, 24, 24], "to": [1, 4, 0, 1, 4, 5, 5, 1, 1, 13, 16, 1, 5, 9, 5, 5, 9, 11, 19, 5, 8, 9, 16, 3, 8, 9, 3, 18, 1, 5, 12, 19, 12, 24, 5, 8, 9, 3, 9, 20, 5, 8, 16, 18, 20, 3, 8, 9, 11, 16, 18, 19, 20, 24, 1, 8, 18, 19, 20, 24, 1, 8, 9, 11, 13, 18, 19, 20, 24, 1, 8, 18, 19, 20], "influence_y": [[0, 2, 3, 4, 5, 6, 7, 8, 9, 10, 12, 13, 14, 15, 16, 17, 18, 24]], "weights": [0.7240587272856115, -0.3684839296996183, -0.7552560479051631, -0.13968352102113338, -0.49388431415366363, 0.32201408424810546, -0.08832985549818394, -0.18039995922502458, 0.1660160484312583, -0.24167526710618892, 0.04068249952961943, 0.13049945637713134, 0.2737516869789601, -0.23367466911677237, -1.3679993906743388, -1.0564798066070298, -0.6654823424880324, -0.2631840647661784, -0.07025697619451772, -0.5912167469979565, 0.06693713950582042, -0.5788431054852077, 0.13360887734385551, 0.08920571802796066, -0.17511813729393644, 0.05949486538626187, -1.6105124581303831, -0.060296600522845856, 0.052406663229810135, 0.18334516302168594, 0.147605512124059, -0.04601349615326105, -0.18003285467297564, -0.28945240741559763, 0.11615439771423504, 0.10901151111271032, -0.1327552716720608, -0.27788280368739515, 0.04400222321963898, -0.4992312106425097, 0.17413955585976398, -0.24478205989144747, -0.15499213590884284, -0.3165834505805668, -0.4981014056083551, 0.16407836352299335, -0.3055401251689424, 0.15158416623366178, -0.16758678849620257, -0.08943430293867498, -0.310106893244102, -0.2072797118709541, -0.4897607905230806, -0.13401513546233046, -0.2509469387985188, -0.20749764753835934, -0.3064125884944168, -0.19164165474243805, -0.4896275878102871, -0.1354473206618405, -0.12422051463456243, -0.07067316456848075, 0.22117735156344923, -0.15678889223593648, -0.07469121883228003, -0.32006965692194006, -0.21857554558128123, -0.49690495678787544, -0.1562028772632084, -0.292977591232313, 0.10578872840342667, -0.3081768074308966, -0.21143213834850863, -0.4983144494421012]}