{"from": [0, 0, 2, 2, 2, 3, 5, 6, 6, 6, 7, 7, 7, 8, 8, 8, 8, 9, 10, 10, 10, 10, 11, 11, 11, 11, 11, 12, 12, 12, 12, 12, 13, 13, 13, 13, 14, 14, 14, 14, 15, 15, 15, 16, 16, 16, 17, 17, 18, 19, 19, 19, 19, 19, 19, 19, 19, 20, 20, 20, 20, 21, 21, 21, 21, 21, 21, 21, 21, 22, 22, 22, 22, 22, 22, 22, 22, 23, 23, 23, 23, 23, 23, 23, 23, 23, 23, 24], "to": [1, 4, 0, 1, 4, 5, 4, 1, 4, 18, 1, 13, 16, 1, 5, 9, 18, 5, 5, 9, 13, 16, 5, 8, 9, 10, 16, 3, 8, 9, 13, 16, 3, 4, 16, 18, 5, 12, 16, 20, 14, 18, 24, 5, 8, 9, 13, 23, 24, 5, 8, 9, 16, 18, 20, 23, 24, 1, 13, 18, 24, 8, 9, 13, 16, 18, 20, 23, 24, 1, 4, 8, 16, 18, 20, 23, 24, 1, 5, 8, 9, 11, 13, 16, 18, 20, 24, 1], "influence_y": [[0, 1, 2, 3, 4, 5, 6, 7, 8, 9, 10, 11, 12, 13, 14, 16, 17, 18, 19, 20, 21, 23, 24]], "weights": [0.730355391075134, -0.3911242925561984, -0.7444397999326228, -0.15211757132611706, -0.49572702999125606, 0.28063743121642376, -0.07354896905623308, -0.15310358231603285, 0.1364587686302077, 0.0343651399300679, 0.2655452254615689, -0.2997043725616491, 0.10236610204484155, 0.046872254093925036, 0.39482527199411255, -0.20615859257843283, -0.06862985192009174, -1.2993428379789107, -1.001164668282972, -0.6774620907521998, -0.09204113659696546, 0.15533453182396847, -0.6093636979715219, 0.1384618948907269, -0.610533950297721, -0.33676008363230386, 0.23717795247409976, 0.10649331854671801, -0.1675722769690966, 0.05978546954162946, -0.08307710214301023, -0.07684435835876159, -1.6154515352662044, 0.07688757843986047, 0.06862175214874254, -0.06494366883945163, 0.1444939593106587, 0.09823228497032144, 0.13471822430734215, 0.06285796108802649, -0.13451329041585702, 0.20528265517746638, -0.19034292267775713, 0.18570672743263325, 0.05193672062387533, -0.099643299745677, 0.16704042614111556, -0.18847156423100864, -0.5167647766546227, 0.17026207172794336, -0.3060710538280397, 0.03291079082216964, -0.21869230720864907, -0.3544534559723993, -0.2252741966667809, -0.1581582312693646, -0.521404550353563, 0.17870330511476115, 0.16891348874433487, -0.310615959247066, -0.5217016026843961, -0.3229095774183317, 0.08070300391939005, -0.10629326993419604, -0.16317160294058503, -0.3651594709743667, -0.21658866862563522, -0.13967899750329443, -0.5102925821881289, -0.23939548533619895, -0.17940459604411424, -0.29677871201446965, -0.14042299749400386, -0.34971622808069125, -0.227706573244312, -0.14333091822012536, -0.5147549847220562, -0.05370612808152959, -0.16675278495035561, -0.1287381825044696, 0.1362615612940624, -0.11311529180315194, -0.1465243220426293, -0.1195880500583183, -0.3522146487625924, -0.2298381911919098, -0.5245138981417258, -0.11727311688584512]}