{"from": [0, 0, 2, 2, 2, 2, 3, 6, 6, 7, 7, 8, 8, 9, 10, 10, 10, 10, 11, 11, 11, 11, 11, 11, 12, 12, 13, 14, 14, 14, 14, 15, 15, 15, 15, 16, 16, 16, 16, 17, 17, 17, 17, 18, 18, 18, 18, 18, 18, 18, 19, 19, 19, 19, 19, 19, 19, 19, 20, 20, 20, 20, 21, 21, 21, 21, 21, 21, 21, 21, 22, 22, 22, 22, 22, 22, 22, 23, 23, 23, 23, 23, 23, 24], "to": [1, 4, 0, 1, 4, 9, 5, 1, 4, 1, 13, 5, 9, 5, 5, 9, 13, 16, 5, 8, 9, 10, 16, 23, 8, 9, 3, 9, 12, 16, 23, 12, 14, 18, 24, 5, 8, 9, 13, 9, 13, 22, 23, 1, 5, 9, 13, 20, 23, 24, 8, 9, 13, 16, 18, 20, 23, 24, 1, 9, 13, 24, 5, 8, 9, 13, 18, 20, 23, 24, 4, 5, 8, 18, 20, 23, 24, 5, 8, 9, 13, 20, 24, 8], "influence_y": [[0, 1, 2, 4, 5, 6, 7, 9, 12, 13, 24]], "weights": [0.7462322135505861, -0.40443162731267746, -0.7298239725890043, -0.1145105492531346, -0.5496603276921919, -0.0194253452148744, 0.29146252658191496, -0.21522459354017254, 0.11366010262080016, 0.24551717913679608, -0.22529714535285833, 0.27351073431772505, -0.2158111616420783, -1.3401139617713826, -1.0017518504290848, -0.6494974233394609, -0.09997728284330784, 0.06672847473175549, -0.622307862865168, 0.1056038270184765, -0.581151846816554, -0.31163380215119496, 0.2037177265527261, -0.10413139962396957, -0.1821287657202876, 0.08992242915745317, -1.5654978251910856, -0.08684649557218077, 0.11539006350677311, 0.10431744981530403, -0.11260827931895795, -0.13974882418096732, -0.26057361335392915, 0.1435233760994778, -0.15486719413022512, 0.1260743508584617, 0.09704451024699241, -0.13088114458901653, 0.07408263898669386, -0.13282005543228342, 0.07932120362587453, -0.1437379621422817, -0.3221047693668323, 0.10282042924758335, -0.18950951968625326, 0.05076709446443041, -0.0944817402639693, -0.3245764405725608, -0.21628087687771208, -0.4911306719266399, -0.3254673528189086, 0.04807052111821867, -0.0664872404076633, -0.20254744178777578, -0.18105350345787496, -0.32226900367302835, -0.22959212349232472, -0.496912982488439, 0.24983159438101626, -0.039213298959081426, 0.06305095225828197, -0.4978777991011594, -0.11006138639443522, -0.33262948145583077, 0.1414398191163573, -0.11120344780890734, -0.18563985667420121, -0.31762616499718876, -0.23027350797765594, -0.4840151038054623, -0.21804685518267236, -0.2399614423345115, -0.2679308121216485, -0.17992025285316898, -0.3153783546681877, -0.24550633961235793, -0.48630768107796246, -0.3358479811558562, -0.09190068066880012, 0.15980905903478745, -0.13021869019050059, -0.32377810369951604, -0.49981672617739753, 0.030711140308835067]}