{"from": [0, 0, 1, 2, 2, 2, 3, 4, 6, 6, 7, 7, 7, 8, 8, 9, 10, 10, 10, 11, 11, 11, 11, 11, 12, 12, 12, 13, 13, 14, 14, 14, 14, 14, 14, 14, 15, 15, 15, 15, 15, 15, 16, 16, 16, 17, 17, 17, 17, 18, 18, 18, 18, 19, 19, 19, 19, 19, 19, 19, 20, 20, 20, 20, 20, 21, 21, 21, 21, 21, 21, 21, 21, 21, 21, 21, 22, 22, 22, 22, 22, 22, 22, 22, 23, 23, 23, 23, 23, 23, 23, 24, 24], "to": [1, 4, 5, 0, 1, 4, 5, 5, 1, 4, 1, 13, 16, 5, 9, 5, 5, 9, 16, 5, 8, 9, 10, 16, 8, 9, 20, 3, 16, 5, 9, 11, 12, 16, 19, 20, 3, 8, 12, 14, 20, 24, 5, 8, 9, 5, 8, 10, 23, 1, 5, 20, 24, 5, 8, 16, 18, 20, 23, 24, 1, 5, 8, 16, 24, 3, 8, 9, 11, 12, 16, 18, 19, 20, 23, 24, 5, 8, 14, 18, 19, 20, 23, 24, 5, 9, 11, 13, 18, 20, 24, 8, 9], "influence_y": [[0, 1, 2, 3, 4, 5, 6, 7, 8, 9, 11, 12, 13, 14, 16, 20, 22, 23, 24]], "weights": [0.7494193122755964, -0.35354669258450167, -0.029385768158139286, -0.747680520739573, -0.12118280401296559, -0.45666571447847787, 0.3220242250639962, -0.06758050296876458, -0.17108782660377153, 0.10911296252456185, 0.2565476740402656, -0.17756742295909334, 0.16278347444087712, 0.3480234131972531, -0.22280142537689887, -1.2887377488964005, -0.9696716594261295, -0.6773773333471724, 0.10180430699645268, -0.5190767633360827, 0.15329486847364085, -0.5948933924457697, -0.3527539859578469, 0.22203936264083896, -0.08034169703681174, 0.07830693758475232, -0.054644485993200376, -1.6320049836434678, 0.11081670315164013, 0.3170810400087939, -0.043292390568701815, -0.1140744806624936, 0.1735070153918589, 0.09367302088751042, -0.06604751600664123, 0.052216943681537356, -0.2919650346473334, 0.1946205722750725, -0.2894478421826171, -0.18572405464790348, 0.13472429890427354, -0.20968938884037527, 0.10522297398787016, 0.11096019764953093, -0.10193351901559347, 0.30164054449976957, 0.21621198636710248, 0.1687709360141407, -0.2803541471138489, 0.1290084726956892, -0.144777349476455, -0.32908093771766433, -0.49600831226528014, 0.2902393813042562, -0.06881814989099276, -0.10575346515670486, -0.19261130893318143, -0.32542375150660413, -0.1526343878759953, -0.5047195624425901, 0.2870465373921206, 0.13631851839214196, 0.053254567388598906, 0.03847481678639219, -0.4991234573592513, 0.09207012211925829, -0.2898291894152101, 0.1225888951095102, -0.06477913245608449, -0.11854190773668409, -0.07532096325221319, -0.1739534279995618, -0.1518657066952038, -0.33367308580683436, -0.13268891586948248, -0.49627035233706895, -0.25319526654353025, -0.16847751436999053, 0.09021706954599291, -0.1682086924115415, -0.1393769626171641, -0.3375823086246006, -0.1356517846853646, -0.4897304556279507, -0.19658198186918194, 0.12242149685020065, -0.1475211389901471, -0.06423277731834617, -0.1912128858226132, -0.32399850059622226, -0.5018611666000861, 0.15421760733539935, 0.018556102660196406]}