{"from": [0, 0, 0, 2, 2, 2, 3, 3, 5, 6, 6, 7, 7, 7, 8, 8, 9, 9, 10, 10, 10, 10, 11, 11, 11, 11, 12, 12, 12, 14, 14, 14, 14, 14, 15, 15, 15, 16, 16, 17, 17, 18, 18, 18, 18, 18, 18, 19, 19, 19, 19, 19, 20, 20, 20, 20, 21, 21, 21, 21, 21, 21, 21, 21, 21, 22, 22, 22, 22, 22, 22, 22, 23, 23, 23, 23, 23, 23, 24, 24], "to": [1, 4, 5, 0, 1, 4, 5, 13, 4, 1, 3, 1, 3, 5, 1, 5, 5, 8, 3, 5, 8, 9, 5, 9, 10, 16, 3, 8, 9, 1, 5, 11, 12, 19, 12, 14, 24, 5, 9, 3, 23, 5, 9, 19, 20, 23, 24, 8, 9, 16, 20, 24, 1, 3, 8, 24, 3, 5, 8, 9, 16, 19, 20, 23, 24, 1, 5, 8, 19, 20, 23, 24, 5, 9, 11, 19, 20, 24, 1, 8], "influence_y": [[0, 1, 2, 3, 4, 5, 6, 8, 9, 11, 12, 13, 14, 16, 17, 19, 20, 22, 24]], "weights": [0.7581087194478437, -0.360830925846047, -0.060377374334710646, -0.750812608821067, -0.12711264227960925, -0.4564565393067395, 0.33046548796622743, -0.4047386597271074, -0.055536579045883355, -0.1804456187083571, -0.05877575569629246, 0.2888978564525843, 0.33600381354039766, -0.20474776094342692, 0.030301638194662285, 0.3354396987019307, -1.2975007171545074, -0.4289274698727872, 0.12588715561980993, -1.049554578282224, -0.2206933412400573, -0.6758656841788759, -0.6247364032728717, -0.6369705767062712, -0.33412890236691817, 0.16131926601276272, 0.2444691522817444, -0.09246263500238279, 0.08751903912648198, 0.0767522822849416, 0.11589339891849976, -0.08647618865136741, 0.20023023640879573, -0.07535036222273835, -0.22304642068888622, -0.14932067651027753, -0.08247739058202301, 0.14480157288497628, -0.1540552202186358, -0.3240451771817799, -0.2583529869979602, -0.15219596770729926, 0.034955936869749564, -0.24689417847117778, -0.29671858870620776, -0.15115581172579964, -0.5869911259163696, -0.08902510493441565, 0.09667935213700934, -0.05759609951955934, -0.2980803523883619, -0.5896976702755213, 0.1311705311587141, -0.20531744407306185, 0.08235726172021807, -0.5896882955856764, 0.35460214199797374, -0.2168251061740796, -0.15213800824298238, 0.17195131520911094, -0.10948067577157146, -0.24351826510871563, -0.2865259667843806, -0.15087030378600025, -0.5890473419824632, -0.22564161243926179, -0.1784310402914503, -0.23291510499975215, -0.22939589263912136, -0.2809984108010816, -0.15368198702251365, -0.583334271233144, -0.4421140849846252, 0.20486968407011266, -0.11389350867075282, -0.24436686711964772, -0.29575087749327444, -0.5918789877476407, -0.1348416689705959, 0.11282728323810773]}