{"from": [0, 0, 2, 2, 2, 3, 3, 4, 6, 6, 7, 7, 8, 8, 9, 10, 10, 11, 11, 11, 11, 11, 11, 12, 12, 12, 14, 14, 14, 14, 15, 15, 16, 16, 17, 18, 18, 18, 18, 18, 19, 19, 19, 19, 19, 19, 19, 20, 20, 21, 21, 21, 21, 21, 21, 21, 21, 21, 22, 22, 22, 22, 22, 23, 23, 23, 23, 23, 24, 24], "to": [1, 4, 0, 1, 4, 5, 13, 5, 1, 23, 1, 3, 5, 9, 5, 5, 9, 5, 8, 9, 10, 16, 23, 3, 8, 9, 5, 9, 12, 19, 14, 24, 8, 9, 23, 9, 19, 20, 23, 24, 8, 9, 10, 16, 20, 23, 24, 1, 8, 3, 8, 9, 10, 16, 19, 20, 23, 24, 8, 19, 20, 23, 24, 5, 8, 9, 20, 24, 8, 20], "influence_y": [[0, 1, 2, 3, 4, 5, 6, 7, 8, 9, 12, 13, 14, 16, 18, 22, 23]], "weights": [0.7596872336764005, -0.3754291221177731, -0.740916285715133, -0.11086878110566013, -0.4981526279694134, 0.2830540205974186, -0.3879643783908752, -0.04601842391993264, -0.1488497202385026, 0.029336300811696983, 0.1482942932999106, 0.31233261480281027, 0.17358369573672577, -0.1833004264055434, -1.391342698725788, -1.0116989945168309, -0.6667814407379417, -0.5316787593037121, 0.07223033267715469, -0.590152927977698, -0.3268007356927812, 0.18847918867931268, -0.11677138498420558, 0.1121732963415909, -0.1505092373255095, 0.09433640198880801, 0.07654570621145931, -0.03747436471402386, 0.1790363630004109, -0.09524551055462145, -0.16098447339193653, -0.2777901946714975, 0.07681672301503281, -0.12158625684024289, -0.22962910677284698, 0.1061930979744012, -0.17755535230878908, -0.5159939541505688, -0.21036713199897553, -0.29037700375194003, -0.20870790417396948, 0.05500084464987633, -0.12966710091867956, -0.25621675149710893, -0.5159873252141971, -0.21108937688855892, -0.2990612985314475, 0.19007932078092657, 0.13501349018709977, 0.5475181301514929, -0.3323150789862046, 0.18681674595344333, -0.1200213993202371, -0.11943973409780663, -0.17847370645188088, -0.5080620103906456, -0.21321476029734712, -0.2923910101039686, -0.1846045012687245, -0.1597332206936546, -0.5068096309899142, -0.21024038039146167, -0.28070858841768453, -0.26965536837478454, -0.12826607052863206, 0.204267351783285, -0.51656236030232, -0.30389618702475885, 0.0722017277597185, -0.5177455678832256]}