{"from": [0, 0, 1, 2, 2, 2, 3, 3, 4, 6, 6, 7, 7, 7, 7, 8, 9, 9, 10, 10, 10, 10, 10, 11, 11, 11, 11, 11, 12, 12, 12, 12, 13, 13, 14, 14, 14, 14, 14, 15, 15, 16, 16, 16, 17, 17, 17, 17, 18, 18, 18, 18, 19, 19, 19, 19, 19, 19, 19, 19, 20, 21, 21, 21, 21, 21, 21, 21, 21, 21, 21, 21, 22, 22, 22, 22, 22, 22, 22, 22, 22, 23, 23, 23, 23, 23, 23, 23, 23, 23, 23, 24, 24, 24], "to": [1, 4, 9, 0, 1, 4, 5, 8, 9, 1, 13, 1, 9, 13, 16, 5, 5, 8, 5, 8, 9, 13, 16, 5, 8, 9, 10, 16, 3, 8, 9, 16, 3, 16, 9, 12, 16, 19, 24, 18, 24, 5, 8, 9, 3, 9, 13, 23, 9, 13, 20, 24, 8, 9, 13, 16, 18, 20, 23, 24, 1, 3, 8, 9, 11, 13, 16, 18, 19, 20, 23, 24, 1, 8, 9, 16, 18, 19, 20, 23, 24, 1, 5, 8, 9, 11, 13, 16, 18, 20, 24, 1, 8, 20], "influence_y": [[0, 1, 3, 4, 5, 6, 7, 8, 9, 11, 12, 13, 14, 17, 20, 24]], "weights": [0.7665081061905619, -0.3484974448802521, 0.014391902920101155, -0.7503446110086124, -0.14151085049954756, -0.48174114384817784, 0.2958293093343904, 0.0296802459068403, 0.020973606231375123, -0.10540672408585733, 0.06480381633963626, 0.138642973105095, -0.030117482458411695, -0.2227996385866157, 0.07143080850438503, 0.2903914164752643, -1.2625085239175502, -0.48464414059036415, -0.8916740919352223, -0.3489994233501325, -0.680721774644272, -0.07996690069857638, 0.1452093071253516, -0.4334353275488749, -0.10464719296614199, -0.6276474244735941, -0.327203754918918, 0.2678418619071462, 0.1399389138490716, -0.05953709041474264, 0.1143304500159413, -0.09034775439082039, -1.6251138447109692, 0.0857452309063107, -0.04444678042911154, 0.10651033030646198, 0.1371501335641521, -0.11963901885700352, -0.037571800924386195, 0.09509039235534794, -0.30604113379506737, 0.0934762130893829, 0.024434359216842703, -0.15615942962816304, -0.09967871042962002, -0.12586107048877834, 0.12963072471761874, -0.2799410384349947, 0.11488415264243935, -0.1417313234433131, -0.4992925531895157, -0.30063429013629084, -0.18661711372756717, 0.110261048789487, -0.15135024207799014, -0.2355176220849479, -0.21358399754778645, -0.49882350008434706, -0.16373391110097366, -0.3123232963562555, 0.09741999123802579, 0.21056790003749978, -0.2223259148139789, 0.23784534844777777, -0.13164126388123065, -0.28132444287675135, -0.2482082721032926, -0.2080489872418573, -0.1590520690643732, -0.4943371203642932, -0.14947311698701388, -0.30291015642630814, -0.24495511747528168, -0.24530543586900316, 0.13491315883418273, -0.23178570470384943, -0.205385719817185, -0.14530726845015968, -0.49108212701260906, -0.17331435726515, -0.2824868338816255, -0.049881256257983106, -0.21126944137320788, -0.04387966077125572, 0.2208571315162244, -0.13236802525001035, -0.17938697030518433, -0.09781658197960066, -0.21213131931192544, -0.49881185696644625, -0.3139727836502022, -0.09492879638930672, 0.12325197544256038, -0.5001342454965719]}