{"from": [0, 0, 2, 2, 2, 3, 5, 6, 6, 7, 7, 7, 8, 8, 9, 10, 10, 10, 10, 11, 11, 11, 11, 12, 12, 12, 12, 12, 13, 13, 14, 14, 14, 14, 15, 15, 15, 16, 16, 16, 17, 17, 18, 18, 18, 18, 18, 18, 18, 19, 19, 19, 19, 19, 20, 21, 21, 21, 21, 21, 21, 21, 21, 21, 21, 22, 22, 22, 22, 22, 22, 22, 22, 22, 22, 23, 23, 23, 23, 23, 23, 23, 23, 23, 23, 24], "to": [1, 4, 0, 1, 4, 5, 4, 1, 4, 1, 13, 16, 5, 9, 5, 5, 9, 11, 16, 5, 8, 9, 16, 3, 5, 8, 9, 16, 3, 16, 5, 12, 16, 19, 3, 12, 24, 5, 8, 9, 3, 23, 1, 5, 8, 9, 19, 20, 24, 5, 8, 16, 20, 24, 1, 3, 5, 8, 9, 16, 18, 19, 20, 23, 24, 1, 4, 5, 8, 16, 18, 19, 20, 23, 24, 5, 8, 9, 11, 13, 16, 18, 19, 20, 24, 20], "influence_y": [[0, 4, 5, 6, 7, 8, 11, 12, 13, 15, 16, 17, 20]], "weights": [0.7501548092877316, -0.3992849366432961, -0.7420757143802544, -0.10502107501341754, -0.503965177009662, 0.34930183218792643, -0.09086864059124215, -0.1166172888396892, 0.1349139309967627, 0.2061455140889513, -0.19954496487951828, 0.2500848369538178, 0.2107040201259816, -0.22027826952837104, -1.3496915178842237, -1.0823561614486064, -0.6528126031217749, -0.27952404319309443, 0.12117750951097188, -0.6169892225271416, 0.04006036660855898, -0.5837233749123738, 0.21655091678798383, 0.1300399552563221, -0.06602939666552152, -0.16562635398156858, 0.06764869785936559, -0.07788912512848767, -1.6021415992833241, 0.11803620340308088, 0.18102328589725616, 0.06392381026053293, 0.2119474130624457, -0.07067276826633252, -0.364277978124733, -0.17368818313787523, -0.2732620937665613, 0.16245653051243658, 0.06779455888305226, -0.16195094343053182, -0.3072182777839395, -0.25861204728689047, 0.05341006359751265, -0.1293277878618893, -0.04624976480437846, 0.024474722083768583, -0.20735389249771263, -0.519949504818342, -0.28280549795732673, 0.117963595103498, -0.29723636782478163, -0.2316212550798932, -0.5205323567767846, -0.29108835253833276, 0.18577155659812827, 0.4327550018452343, -0.2256884400518204, -0.4572230870503262, 0.08761573428082847, -0.239712381904512, -0.11041503078151428, -0.19799958115845334, -0.5114612603573517, -0.14333218952563306, -0.28962574748792635, -0.07786089347206178, -0.21389421298150244, -0.32513006541168626, -0.3251265432808748, -0.1430936304042287, -0.11414381025139977, -0.18202987404686738, -0.5118252173695649, -0.1366953125936332, -0.2737293869991406, -0.39065033522847253, -0.2597158464951073, 0.13820470227352166, -0.07746798814826361, -0.06126070559325084, -0.09200434845565707, -0.13291168029277367, -0.20694532183321582, -0.518774421988118, -0.29528004415267134, -0.5214839680925594]}