{"from": [0, 0, 2, 2, 2, 3, 3, 5, 6, 6, 7, 7, 7, 8, 8, 8, 8, 9, 10, 10, 10, 10, 11, 11, 11, 11, 11, 12, 12, 12, 13, 13, 14, 14, 14, 14, 14, 15, 15, 15, 15, 15, 16, 16, 16, 17, 17, 18, 19, 19, 19, 19, 19, 19, 20, 20, 20, 20, 21, 21, 21, 21, 21, 21, 21, 21, 21, 21, 22, 22, 22, 22, 22, 22, 22, 22, 23, 23, 23, 23, 23, 23, 23, 23, 24], "to": [1, 4, 0, 1, 4, 5, 18, 4, 1, 4, 1, 13, 16, 5, 9, 18, 24, 5, 5, 9, 13, 16, 5, 9, 10, 16, 19, 8, 13, 16, 3, 16, 5, 12, 16, 19, 20, 12, 14, 16, 18, 24, 5, 8, 9, 3, 23, 24, 5, 8, 16, 18, 20, 24, 1, 13, 18, 24, 3, 8, 9, 13, 16, 18, 19, 20, 23, 24, 1, 8, 16, 18, 19, 20, 23, 24, 9, 11, 13, 16, 18, 19, 20, 24, 1], "influence_y": [[0, 1, 2, 3, 4, 6, 7, 9, 12, 16, 17, 19, 20, 22, 24]], "weights": [0.7317373582902956, -0.38853794900179084, -0.7323007527308828, -0.12117525402271728, -0.528776724320294, 0.26752922041459803, 0.0206292515189051, -0.09431813113801074, -0.17551109670388884, 0.10416852420529206, 0.2534803262078414, -0.22948815601301376, 0.16647695724310346, 0.21588789086997365, -0.21775964393336134, -0.039308238843646745, 0.04380388444366653, -1.3715496543800962, -0.9687593194491754, -0.6653434553810785, -0.062281978225803114, 0.15528982293714133, -0.5459410710712569, -0.611682918964523, -0.29812617402685104, 0.26103352678595676, -0.06095705861737537, -0.1297735298576772, -0.04722732525112347, -0.09081426821473257, -1.6106465512862507, 0.14224129541452316, 0.09581209303533238, 0.1639119493797992, 0.13811817611529337, -0.0902596939368466, 0.07101475278889517, -0.10807744010250389, -0.1256197000816515, 0.1483593127231257, 0.12371180058388608, -0.2245057631514643, 0.07340320031420888, 0.10044252701687624, -0.10089623435165924, -0.17620490997139227, -0.23945257976904227, -0.5031356729731312, 0.35426539318586386, -0.20254549627658075, -0.23085698560293066, -0.3360318272421867, -0.20459930610061325, -0.49910103845269266, 0.17373700922158022, 0.12100747737195204, -0.3075272735043133, -0.520310149753435, 0.2154846482602212, -0.2286902891753133, 0.09502892130987753, -0.18753267657916664, -0.18517390749847262, -0.3384945718142609, -0.18688124593976355, -0.1950004544698766, -0.13965853784187104, -0.5045422894923693, -0.16243960042346306, -0.18330724456523104, -0.1738379803111849, -0.32870847499741024, -0.1670814193388062, -0.21110748850048774, -0.1507923630457344, -0.4956493191350221, 0.12994432852124668, -0.1457851454368794, -0.0965835709462796, -0.15524764163994614, -0.32956025213183127, -0.19557860113898728, -0.2051785120347885, -0.5095830455854972, -0.06989328367300814]}