{"from": [0, 0, 0, 2, 2, 3, 3, 6, 7, 7, 7, 8, 9, 9, 10, 10, 10, 10, 10, 10, 10, 11, 11, 11, 11, 12, 12, 12, 14, 14, 14, 14, 14, 15, 15, 15, 15, 16, 16, 16, 17, 17, 18, 18, 18, 18, 18, 18, 19, 19, 19, 19, 19, 19, 19, 20, 21, 21, 21, 21, 21, 21, 21, 21, 21, 22, 22, 22, 22, 22, 22, 22, 22, 22, 22, 23, 23, 23, 23, 23, 23, 23, 23, 23, 23, 23, 24, 24, 24], "to": [1, 2, 4, 1, 4, 5, 13, 1, 1, 3, 13, 5, 5, 8, 3, 5, 8, 9, 11, 12, 19, 5, 8, 9, 16, 3, 8, 9, 5, 9, 12, 16, 19, 12, 14, 18, 24, 3, 5, 9, 22, 23, 3, 9, 12, 19, 20, 24, 3, 5, 8, 9, 16, 20, 24, 3, 3, 8, 9, 16, 18, 19, 20, 23, 24, 1, 5, 8, 9, 16, 18, 19, 20, 23, 24, 1, 5, 8, 9, 11, 13, 16, 18, 19, 20, 24, 1, 8, 20], "influence_y": [[0, 1, 2, 3, 4, 5, 7, 8, 10, 11, 12, 15, 16, 18, 19, 24]], "weights": [0.7416792847543491, -0.7433833461377387, -0.328351892195285, -0.1299937409162054, -0.42409630474990384, 0.3135754841918767, -0.40625792613640543, -0.18631004952182176, 0.21341728708483657, 0.34192893276689984, -0.08218668687845157, 0.27164839746921515, -1.3469605570568972, -0.46644653194644625, 0.11277323730051422, -1.0221399373852051, -0.2410683959316397, -0.683099359819386, -0.29076452268338404, 0.05581722154049605, -0.054376038218911585, -0.5134156010687111, -0.06133776355580909, -0.635394735562184, 0.12656308530599267, 0.28086803463199844, -0.09863404729742593, 0.12291963082967096, 0.15318776789604868, -0.024347719124843955, 0.11791310564776035, 0.050661262011560265, -0.13227185510212452, -0.3083252277733269, -0.1519826098744801, 0.08283250574688197, -0.22191438631039917, -0.29007600520810656, 0.16331404706063846, -0.13799882052188042, -0.16557830470086368, -0.1891908772212136, 0.15847285033458464, 0.10617831173377071, 0.12035297168433182, -0.22850538046939994, -0.5388552557488657, -0.27354415948762434, 0.10153000971425805, 0.13210931572896276, -0.19264879321303832, 0.1321878433534138, -0.20800305473081565, -0.5390422343132495, -0.28406623600529496, -0.1449729791802199, 0.420967511519769, -0.22513979076691146, 0.21434374629564634, -0.23407879631961867, -0.14971687923278354, -0.2389647047765004, -0.5345966757448839, -0.09409704375736551, -0.27069495494620244, -0.22841108642534486, -0.09810101171822032, -0.2211446860173415, 0.1450510434786124, -0.1473965014574121, -0.1460282199419088, -0.2092517332527233, -0.530392128206773, -0.11267630347900666, -0.2556335857441719, -0.22965261826910935, -0.062460726925664, -0.08981499819335886, 0.21298255730425839, -0.08224329363532705, -0.061393959929982575, -0.17153867153864957, -0.15450474461533908, -0.22862774192838434, -0.5372770978292981, -0.2834186839528241, -0.1790628992132048, 0.10019800560380299, -0.5394821056559981]}