{"from": [0, 0, 0, 1, 2, 2, 2, 3, 4, 4, 6, 6, 6, 7, 7, 7, 8, 8, 9, 10, 10, 10, 10, 10, 11, 11, 11, 11, 11, 12, 12, 12, 12, 13, 14, 14, 14, 14, 15, 15, 15, 15, 16, 16, 16, 16, 17, 17, 17, 18, 18, 18, 18, 18, 19, 19, 19, 19, 19, 19, 19, 20, 20, 20, 20, 21, 21, 21, 21, 21, 21, 21, 21, 21, 21, 22, 22, 22, 22, 22, 22, 22, 22, 23, 23, 23, 23, 23, 23, 23, 23, 23, 24, 24, 24], "to": [1, 4, 5, 8, 0, 1, 4, 5, 5, 8, 1, 4, 13, 1, 13, 16, 5, 9, 5, 5, 9, 13, 16, 24, 5, 8, 9, 10, 16, 8, 9, 13, 16, 3, 5, 12, 16, 19, 3, 8, 12, 24, 5, 8, 9, 13, 9, 10, 23, 9, 13, 19, 20, 24, 5, 8, 9, 13, 16, 20, 24, 1, 8, 9, 24, 5, 8, 9, 13, 16, 18, 19, 20, 23, 24, 1, 5, 8, 18, 19, 20, 23, 24, 1, 5, 8, 9, 13, 18, 19, 20, 24, 1, 8, 9], "influence_y": [[0, 1, 2, 3, 4, 5, 6, 7, 8, 9, 10, 11, 12, 13, 14, 15, 16, 17, 18, 19, 20, 21, 22, 23, 24]], "weights": [0.7567234652104748, -0.36513553074809374, -0.02722778890914129, 0.01810597651628578, -0.7518714549504016, -0.11628157618004682, -0.5226932253408216, 0.34672119585948724, -0.0716068717115041, -0.02377266008068742, -0.13991571786856205, 0.12331097101551443, 0.022766385324789785, 0.27756406608178663, -0.292895847609495, 0.10413400545125638, 0.28157888767286854, -0.21876252000835056, -1.1605741206261606, -0.886536792371753, -0.6610142817439618, -0.09655039050802508, 0.05168030522242114, 0.046907307092361385, -0.4779369246807264, 0.11732200953669016, -0.5917843126113562, -0.3255762878135899, 0.1947976602683236, -0.16312383844582892, 0.07914236916194389, -0.08381471485589183, -0.10464805719824181, -1.6458907236979907, 0.10346056988613564, 0.24721149638487766, 0.11477295775668778, -0.1339971857093004, -0.28380628118160967, 0.19308199512322746, -0.2580603878205283, -0.19440056179701343, 0.2367024936569217, 0.10711078678456039, -0.12902771491573992, 0.03456499484823998, -0.1041419106532189, 0.23320722761143436, -0.3126324115565171, 0.09241484445293568, -0.16469983210744663, -0.22952780325044622, -0.3266330024901884, -0.5501233495972564, 0.19549928254577853, -0.18225790826201035, 0.08065135858399824, -0.10351263612716759, -0.2314263901926227, -0.3262780952272543, -0.5493703754460338, 0.14612101438466119, 0.05572802634710893, -0.06238098589651457, -0.5541374113282629, -0.15909914901324, -0.27245638519241056, 0.1301810037622493, -0.14813332795562442, -0.1428955401572814, -0.13184247740884106, -0.22769359356234525, -0.32192224487279064, -0.15156765342219772, -0.5593551635160985, -0.2310417332904566, -0.14105443119444466, -0.18224887932600478, -0.12739434958198487, -0.20948843692164704, -0.32039638294535283, -0.1613137177389409, -0.5487108812099303, -0.16385904415808503, -0.4649560659570889, -0.1380248352342365, 0.17466156241714545, -0.23037122530274506, -0.14940278848575564, -0.23007300906625586, -0.32612519562065556, -0.559141641094015, -0.17620071503093124, 0.1707055372321116, 0.028692069439998014]}