{"from": [0, 0, 2, 2, 2, 3, 3, 5, 6, 7, 7, 7, 8, 8, 9, 10, 10, 10, 10, 11, 11, 11, 11, 11, 12, 12, 12, 12, 13, 13, 14, 14, 14, 14, 14, 14, 15, 15, 15, 15, 15, 16, 16, 16, 17, 17, 17, 17, 18, 18, 18, 18, 18, 19, 19, 19, 19, 19, 19, 19, 19, 20, 20, 20, 21, 21, 21, 21, 21, 21, 21, 21, 21, 21, 22, 22, 22, 22, 22, 22, 22, 22, 22, 23, 23, 23, 23, 23, 23, 23, 23, 23, 24, 24], "to": [1, 4, 0, 1, 4, 5, 9, 4, 1, 1, 13, 16, 5, 9, 5, 5, 9, 13, 16, 5, 8, 9, 10, 16, 3, 8, 9, 16, 3, 16, 5, 8, 9, 12, 16, 20, 8, 12, 16, 20, 24, 5, 8, 9, 3, 9, 13, 23, 9, 12, 13, 20, 24, 5, 8, 13, 16, 18, 20, 23, 24, 1, 8, 24, 3, 8, 9, 13, 16, 18, 19, 20, 23, 24, 5, 8, 13, 16, 18, 19, 20, 23, 24, 5, 8, 9, 11, 13, 16, 18, 20, 24, 8, 16], "influence_y": [[0, 1, 2, 3, 4, 5, 6, 7, 8, 9, 10, 12, 14, 16, 18, 19, 20, 22, 24]], "weights": [0.7461632436394422, -0.4225100206556279, -0.7612553002140144, -0.09004464313531618, -0.5223171101622779, 0.3199812070895868, 0.014521245075045415, -0.12228693108333809, -0.17688005538012783, 0.2150837284647559, -0.19074560925869513, 0.25053624461294577, 0.2671335372518536, -0.20821643357890132, -1.3761135376917901, -0.9931090189193912, -0.6859108779452594, -0.06802821597824997, 0.09715485091553966, -0.424496009579088, 0.2083617656292938, -0.5892934311607336, -0.3460170751746234, 0.22942674445420635, 0.10916351271587121, -0.15150945522255743, 0.0661180078345131, -0.07539216212650512, -1.6315597163058624, 0.11046249536305276, 0.17515960655665272, 0.07863751675316065, -0.03329108800567314, 0.15534429308955466, 0.24229574833546988, 0.06552387548212399, 0.18196270972603315, -0.3485829846037815, 0.21594939349455367, 0.08127102810920807, -0.15368910977791636, 0.06788768707823413, 0.07456993489840558, -0.10712099351058751, -0.3394229696286209, -0.10094251462863506, 0.2056887283523732, -0.24026415288087363, 0.03847443231143969, 0.1193617393461051, -0.130565992949953, -0.32849989684084707, -0.5098465399292966, 0.20967869417737267, -0.22428148928679933, -0.1440927512337854, -0.1430122020104946, -0.18415776062439307, -0.31746580564643356, -0.1479030160083246, -0.5157476543361237, 0.11086201269743572, 0.07655259033189118, -0.5139977233678387, 0.19094983831345097, -0.2807933315375926, 0.11541924238241176, -0.18595109649519997, -0.1907442737054617, -0.16876076818381067, -0.13404840025270326, -0.31678069373600587, -0.14145110343938755, -0.507712347024008, -0.12860314910103834, -0.1879750237890613, -0.08814961776404708, -0.12615169191648642, -0.15500582785442021, -0.1321654288021169, -0.32463601706638445, -0.12613567452423963, -0.5053147610805244, -0.26997154392275047, -0.1015422165664586, 0.16468867209955246, -0.09618070942038999, -0.204588997484372, -0.05471558860605341, -0.18801721073887287, -0.3219553985566499, -0.5159833765825375, 0.17009649222634493, 0.16634593720982938]}