{"from": [0, 0, 2, 2, 2, 2, 3, 4, 5, 6, 6, 7, 7, 7, 9, 9, 10, 10, 10, 10, 10, 11, 11, 11, 11, 12, 12, 12, 12, 13, 13, 14, 14, 14, 14, 15, 15, 15, 15, 16, 16, 17, 17, 17, 18, 18, 18, 18, 19, 19, 19, 19, 19, 20, 21, 21, 21, 21, 21, 21, 21, 21, 21, 21, 22, 22, 22, 22, 22, 22, 22, 22, 23, 23, 23, 23, 23, 23, 23, 23, 23, 24, 24], "to": [1, 4, 0, 1, 4, 24, 5, 5, 8, 1, 4, 1, 13, 16, 5, 8, 5, 8, 9, 13, 16, 5, 9, 10, 16, 3, 8, 9, 16, 3, 16, 9, 11, 16, 19, 3, 12, 18, 24, 5, 9, 9, 19, 23, 9, 19, 20, 24, 8, 9, 16, 20, 24, 1, 3, 8, 9, 13, 16, 18, 19, 20, 23, 24, 8, 9, 16, 18, 19, 20, 23, 24, 5, 9, 11, 13, 16, 18, 19, 20, 24, 9, 20], "influence_y": [[0, 1, 2, 3, 4, 5, 6, 8, 12, 13, 14, 16, 18, 20, 21, 22, 24]], "weights": [0.8131542639929262, -0.36104502778918596, -0.7519270281210059, -0.0667299027620508, -0.4987229483987739, -0.0203876098432538, 0.32482634004067734, -0.029887601859991317, 0.13550974789545334, -0.15469628108768702, 0.12236456052427168, 0.28663167533474, -0.22176598333755163, 0.20682352493621045, -1.4408530775425594, -0.24655327518929832, -1.0887072756935532, -0.1035892526850957, -0.7101280761333363, -0.043717376700938546, 0.11226058508559371, -0.5256312257047704, -0.6548900291918706, -0.32127084549872476, 0.24930221716886247, 0.11925361764005393, -0.08670286945164254, 0.1082158221892196, -0.04616357213814235, -1.6378064074307013, 0.1326538171123935, -0.07650118965841927, -0.06976796224788623, 0.1915801435263127, -0.10538173904220678, -0.12774065706096469, -0.21693629251090957, 0.13554325289858207, -0.29412346681537516, 0.07456719266582644, -0.1346895941962365, -0.08470637188111127, -0.10751609790067435, -0.25960459316127443, 0.16718250304971016, -0.24994918314296052, -0.5030961223784972, -0.31556852260735585, -0.22400566521934323, 0.16650482205462797, -0.22597840540601274, -0.5029069481051511, -0.32021332851884693, 0.1643850276419105, 0.12116870593426321, -0.1499011969615204, 0.28113484195540006, -0.13060027511599498, -0.16848757067313624, -0.2042882953215565, -0.2491069436966177, -0.49523832388701466, -0.11354163839171999, -0.32593610426135344, -0.13033863320647293, 0.1497129404334344, -0.0805656631006264, -0.20981744336901362, -0.2348494513695035, -0.49381501484284446, -0.11616773247982969, -0.318206330606462, -0.2976355145289987, 0.2777147262666449, -0.1483558271147586, -0.08656892460799795, -0.08095042083798501, -0.20560873486785392, -0.26405978973534455, -0.5013968742765567, -0.3347104710870129, 0.10006965828644183, -0.5030680246113015]}