{"from": [0, 0, 2, 2, 2, 3, 5, 6, 6, 7, 7, 7, 8, 8, 9, 10, 10, 10, 11, 11, 11, 11, 11, 11, 12, 12, 13, 13, 14, 14, 14, 14, 14, 15, 15, 15, 15, 16, 16, 16, 17, 17, 18, 18, 18, 18, 18, 19, 19, 19, 19, 21, 21, 21, 21, 21, 21, 21, 21, 21, 22, 22, 22, 22, 22, 22, 22, 22, 22, 23, 23, 23, 23, 23, 23, 23, 23, 23, 24, 24, 24], "to": [1, 4, 0, 1, 4, 5, 4, 1, 4, 1, 13, 16, 5, 9, 5, 5, 9, 16, 4, 5, 8, 9, 10, 16, 8, 9, 3, 16, 5, 9, 12, 16, 19, 8, 12, 14, 24, 5, 8, 9, 8, 23, 5, 9, 19, 20, 24, 8, 16, 20, 24, 3, 8, 9, 16, 18, 19, 20, 23, 24, 1, 8, 14, 16, 18, 19, 20, 23, 24, 5, 8, 9, 11, 13, 18, 19, 20, 24, 1, 8, 20], "influence_y": [[1, 2, 3, 4, 5, 6, 7, 8, 9, 10, 11, 12, 13, 14, 16, 17, 21, 23]], "weights": [0.7690585295385619, -0.374693358748863, -0.7851710914482343, -0.11096318047610916, -0.4697344015987973, 0.3072757210859399, -0.09544994059822498, -0.16823298896219452, 0.1526127156865892, 0.21983893140944838, -0.19319119746947477, 0.07658177230272102, 0.336022784477621, -0.22688351409395607, -1.0375787108248433, -0.8050784577795032, -0.6813346451531876, 0.13071723503132773, 0.10175467747537992, -0.42718983372048824, 0.09319447689691064, -0.6145363848973641, -0.3101982873259131, 0.24516275349417413, -0.14556991238327754, 0.05427255281527465, -1.5651554883335559, 0.0828627998701592, 0.13163172660572106, -0.03936276830689831, 0.15500657754281305, 0.10200179572660326, -0.13149730010075053, 0.08420610484744499, -0.12815430428653346, -0.19999231883903, -0.1839375965380766, 0.19265164976200697, 0.13473346922393992, -0.12166338854107352, 0.1530634199944828, -0.3021213925819317, -0.20226568530507896, 0.09178063741162959, -0.22118064457574801, -0.49215020871401477, -0.30244391558030004, -0.2402712534614899, -0.17477342651792752, -0.4934834121951004, -0.31223051482494507, 0.1491973552974206, -0.3186673010813723, 0.11699435931317344, -0.15713257575443065, -0.11320463396504632, -0.22359449050646923, -0.4848352293434708, -0.1185285934647589, -0.30352268394908616, -0.0730481819161835, -0.24830292742978827, 0.0966785309063493, -0.054795389632721306, -0.10107726508859116, -0.194766155266233, -0.47833906580417945, -0.12313726042953356, -0.29259566966426, -0.31927954098258093, -0.11264885752910445, 0.1684811846129372, -0.11676566783064614, -0.08930799790933633, -0.12405694697490509, -0.22775560170294049, -0.4912306930012666, -0.31494288764413164, -0.14009868888717025, 0.06160009883036608, -0.4952311414605853]}