{"from": [0, 0, 0, 1, 1, 2, 2, 2, 5, 6, 7, 7, 7, 8, 8, 9, 9, 10, 10, 10, 10, 11, 11, 11, 11, 12, 12, 12, 12, 13, 13, 13, 14, 14, 14, 14, 15, 15, 15, 15, 15, 16, 16, 16, 17, 18, 18, 18, 19, 19, 19, 19, 19, 19, 19, 21, 21, 21, 21, 21, 21, 21, 21, 21, 22, 22, 22, 22, 22, 22, 22, 22, 23, 23, 23, 23, 23, 23, 23, 23, 24], "to": [1, 2, 4, 20, 24, 1, 4, 24, 3, 1, 1, 13, 16, 5, 9, 3, 5, 3, 5, 9, 16, 5, 9, 10, 16, 3, 8, 9, 16, 3, 5, 16, 5, 9, 12, 16, 3, 12, 16, 18, 24, 5, 8, 9, 23, 9, 20, 24, 5, 8, 16, 18, 20, 23, 24, 3, 8, 9, 16, 18, 19, 20, 23, 24, 5, 8, 16, 18, 19, 20, 23, 24, 5, 8, 9, 11, 16, 18, 20, 24, 20], "influence_y": [[0, 2, 3, 4, 5, 6, 7, 8, 9, 11, 12, 13, 14, 16, 17, 18, 19, 20, 23]], "weights": [0.7449626255622844, -0.7396350230870378, -0.3497119596249251, 0.01107339336308269, -0.022413365608892354, -0.12347593857559831, -0.5045193434092661, -0.03529486754308113, 0.10504271886570875, -0.1369998128051752, 0.0654647121868443, -0.1417828523761525, 0.1478191030630235, 0.2667530237973489, -0.23384706800401345, 0.20563195399601603, -1.296365528753519, 0.12826972721542382, -0.9980386863419359, -0.6588982048685769, 0.1262377297305735, -0.562777879060119, -0.5898270640286207, -0.3213396597794219, 0.21583536731626485, 0.0417130606944185, -0.23067696497212184, 0.05352016942245467, -0.09737114974526978, -1.5643763980179322, -0.5497135186351149, 0.04461172109884252, 0.18554174640129112, -0.03082819037993528, 0.09693643092493844, 0.1775144106820375, -0.23595183152133614, -0.18950281751029935, 0.17184882576104524, 0.10738476393779468, -0.25570136051763986, 0.21525545556830855, 0.09443222665686232, -0.12010304127237675, -0.24978177999073298, 0.05358371405922928, -0.5268133683456745, -0.2812149222738781, 0.1683021533786487, -0.16776520895766656, -0.26393414666398995, -0.21444922340394412, -0.5257698912036367, -0.1655777635900009, -0.288457248802943, 0.13874778247520025, -0.30576814101477495, 0.11557119021106622, -0.22256345112950135, -0.20451027467964625, -0.1396568818984241, -0.5181362376583414, -0.15838006459040277, -0.2831815654875493, -0.09887970761201004, -0.19340302961559566, -0.10078476865721109, -0.20567799226661013, -0.13936142690751732, -0.5189175435221364, -0.17145489833163652, -0.2885300688556202, -0.14550862923484645, -0.1354740246975381, 0.153000875093471, -0.1325944340544757, -0.1428843909909414, -0.2131079599527358, -0.521132423111452, -0.29910429160404295, -0.5256383515535342]}