{"from": [0, 0, 2, 2, 2, 3, 5, 6, 7, 7, 7, 8, 8, 9, 10, 10, 10, 10, 11, 11, 11, 11, 11, 11, 12, 12, 12, 13, 13, 14, 14, 14, 15, 15, 15, 16, 16, 17, 17, 18, 18, 18, 19, 19, 19, 19, 19, 19, 20, 21, 21, 21, 21, 21, 21, 21, 21, 22, 22, 22, 22, 22, 22, 23, 23, 23, 23, 23, 23, 24], "to": [1, 4, 0, 1, 4, 5, 4, 1, 1, 13, 16, 5, 9, 5, 5, 9, 13, 16, 5, 8, 9, 10, 16, 23, 8, 9, 16, 3, 16, 5, 12, 16, 12, 18, 24, 8, 9, 3, 23, 20, 23, 24, 8, 16, 18, 20, 23, 24, 1, 8, 9, 13, 16, 18, 20, 23, 24, 8, 16, 18, 20, 23, 24, 5, 8, 9, 13, 20, 24, 20], "influence_y": [[1, 3, 5, 6, 8, 12, 13, 16, 17, 21, 23, 24]], "weights": [0.7024837201934059, -0.40997807200922837, -0.759948598326002, -0.15273621735951085, -0.5447885078831665, 0.33637055359472706, -0.0641568504987265, -0.180448802048224, 0.15923173936748486, -0.16347485823117947, 0.0830977521685312, 0.18181781479936457, -0.21782350822503888, -1.411174795225229, -1.01369038080519, -0.6605096677700855, -0.07997898275856566, 0.13853366503064937, -0.4762512996461007, 0.08986941647523207, -0.5793239228421776, -0.3081617686163873, 0.2417721953162544, -0.08235960559327654, -0.15010725409127265, 0.017404577764247253, -0.043095929550983625, -1.6340534030105731, 0.08399830296844729, 0.143747027793544, 0.13826763493683483, 0.12090440344710683, -0.2856556844998468, 0.07330025677997656, -0.32947142168130966, 0.11722238569186824, -0.1547925516554656, -0.2873941054581746, -0.2223737534851252, -0.5182468961304966, -0.19271081108918822, -0.3011840292709618, -0.2817247865236162, -0.24869375322642134, -0.15596759767839588, -0.5172607350466322, -0.19328538585661026, -0.310506376086497, 0.21718333068365647, -0.4409293717815153, 0.0650794536949841, -0.04614372546188682, -0.2196273345055514, -0.14271300233168652, -0.5103496092897785, -0.20283748996256482, -0.3009304739486972, -0.30910979320321597, -0.15263583807067363, -0.14318066858490597, -0.5123429553751352, -0.20489017395524553, -0.30146803836518554, -0.09749197031708325, -0.14464485218682427, 0.1606317774866417, -0.08235225311944215, -0.5178507427933047, -0.3210079229795076, -0.5200261708064423]}