{"from": [0, 0, 0, 0, 2, 2, 3, 4, 6, 6, 7, 7, 7, 8, 8, 8, 8, 9, 10, 10, 10, 11, 11, 11, 11, 11, 12, 12, 12, 12, 13, 13, 14, 14, 14, 15, 15, 15, 16, 16, 16, 16, 16, 17, 17, 18, 18, 18, 18, 18, 18, 19, 19, 19, 20, 20, 21, 21, 21, 21, 21, 21, 21, 21, 21, 22, 22, 22, 22, 22, 22, 22, 23, 23, 23, 23, 23, 23, 23, 24, 24, 24, 24, 24], "to": [1, 2, 4, 5, 1, 4, 5, 5, 1, 4, 1, 13, 16, 5, 9, 19, 20, 5, 5, 9, 16, 5, 8, 9, 10, 16, 3, 8, 9, 16, 3, 16, 5, 12, 16, 12, 14, 24, 5, 8, 9, 19, 20, 9, 23, 5, 9, 19, 20, 23, 24, 2, 5, 9, 1, 19, 3, 8, 9, 16, 18, 19, 20, 23, 24, 1, 8, 18, 19, 20, 23, 24, 5, 8, 9, 11, 19, 20, 24, 8, 9, 16, 19, 20], "influence_y": [[0, 2, 3, 4, 5, 6, 7, 8, 10, 11, 12, 13, 14, 15, 16, 18, 24]], "weights": [0.7694808445267189, -0.7593332330712478, -0.363957828690856, -0.02239228847039533, -0.1010820775655097, -0.518190967242818, 0.31543994614875187, -0.03890537514266985, -0.11370981136657796, 0.2095451186453283, 0.16019141831240108, -0.12822980452276286, 0.10650166830340933, 0.33738784323784043, -0.18034180725505994, -0.07583713976970471, 0.0943708518512508, -1.2812469727623155, -0.9425863484205572, -0.7038882587559813, 0.1324502003532743, -0.49276092109727615, 0.14697981249179784, -0.625866899344702, -0.3065805239847722, 0.2329144506957925, 0.10012422494567483, -0.12307205395198759, 0.06215361864061475, -0.08339026090507372, -1.64079642372188, 0.12774291886376968, 0.18418782912847168, 0.16414478019210194, 0.1757860746087823, -0.2089078496233744, -0.10727895444350276, -0.16158233510497555, 0.1260191283963751, 0.08646866742709028, -0.12103194355699984, -0.05440239252451218, 0.08335802536980878, -0.059112448381900065, -0.29246689593347713, -0.0394928892269913, 0.09130781401616096, -0.4949982157697059, -0.310079831909092, -0.17159913342978253, -0.22331223169749803, 0.11133202687928076, 0.2614745610828572, 0.10539235669048146, 0.13892715680755013, -0.464958882304183, 0.1561242402471999, -0.1703300968261538, 0.16073627039956007, -0.06325637578091767, -0.10512840001501496, -0.5188509041859085, -0.26842157969536234, -0.17137763224080343, -0.2316012335772442, -0.12333093492803239, -0.16051183921306353, -0.09681114406606925, -0.506625682896972, -0.2802068983003365, -0.17848766631634952, -0.22350242218817334, -0.14566230391885032, -0.0894757294109213, 0.19133527807774342, -0.14626779892728337, -0.5109877731509657, -0.28862306328485, -0.23283463644815222, 0.18251774256817876, 0.06286819917193402, 0.10779374404118562, -0.46713770035792723, -0.347365386055723]}