{"from": [0, 2, 2, 2, 3, 4, 6, 6, 6, 7, 7, 7, 8, 8, 9, 10, 10, 10, 10, 11, 11, 11, 11, 11, 12, 12, 12, 13, 13, 13, 14, 14, 14, 14, 14, 15, 15, 15, 15, 16, 16, 16, 17, 18, 18, 18, 18, 19, 19, 19, 19, 20, 21, 21, 21, 21, 21, 21, 21, 21, 21, 21, 22, 22, 22, 22, 22, 22, 22, 22, 23, 23, 23, 23, 23, 23, 23, 23, 23, 24, 24], "to": [1, 0, 1, 4, 5, 0, 1, 4, 13, 1, 13, 16, 5, 9, 5, 5, 9, 13, 16, 5, 8, 9, 10, 16, 0, 8, 9, 3, 16, 24, 5, 12, 16, 19, 24, 12, 14, 18, 24, 5, 8, 9, 23, 5, 19, 20, 24, 8, 16, 20, 24, 1, 0, 5, 8, 9, 16, 18, 19, 20, 23, 24, 5, 8, 14, 18, 19, 20, 23, 24, 0, 5, 8, 9, 13, 18, 19, 20, 24, 8, 20], "influence_y": [[0, 2, 4, 5, 6, 8, 10, 12, 18]], "weights": [0.7677450189194156, -0.7940722799959936, -0.10906655763970238, -0.13488752720855257, 0.34939199611225097, -0.18706557531324006, -0.154099762656253, 0.22366722055997157, 0.04756860279798983, 0.21623189972586304, -0.11688483718736042, 0.10745262144821838, 0.31075379019131644, -0.22824158856792676, -1.1428380260079867, -0.9364326691341307, -0.6596677105152132, -0.04478608966279882, 0.15169155018772468, -0.41953498950085555, 0.11190415416754229, -0.5876822525415769, -0.32711869617958406, 0.19848307049063885, -0.11612307127615844, -0.15423051270399635, 0.05793482585526826, -1.6087203533902974, 0.0876322984451901, -0.035559007253898336, 0.265730519877992, 0.06730079804018303, 0.18502045742233078, -0.05959540639671034, -0.06754322443083444, -0.27019333213816393, -0.13459986802629417, 0.09905512083964448, -0.33830212495637496, 0.09806511372718976, 0.10982138074772223, -0.1497581103062684, -0.28709487651501836, -0.22410206832758875, -0.22741737402131604, -0.5186810786345543, -0.3029768789660275, -0.1890519866803672, -0.11298300254930702, -0.5190298961731212, -0.31888059436700006, 0.16112227411224878, -0.3113712026870155, -0.11024639058582865, -0.3541353984975928, 0.05712804213573591, -0.0665433018985748, -0.1633825689313379, -0.222430097322412, -0.5154291945567498, -0.12571362716777248, -0.30722166661958883, -0.3032429754508601, -0.2589975393359354, 0.11126636551133566, -0.16102081296893853, -0.20883318949053542, -0.5146698842208722, -0.12306191500606437, -0.2919392269784327, -0.10039608194426887, -0.3728200781377336, -0.18013849239527693, 0.12823435590999213, -0.12319422708393706, -0.1673526720043162, -0.22848708436020404, -0.5183811030338017, -0.32257563145185997, 0.04982169283712773, -0.5192890833791284]}