{"from": [0, 0, 0, 0, 0, 2, 2, 4, 5, 6, 7, 7, 7, 8, 8, 9, 9, 10, 10, 10, 10, 10, 10, 11, 11, 11, 11, 11, 12, 12, 12, 13, 13, 13, 14, 14, 14, 14, 14, 15, 15, 15, 15, 15, 16, 16, 16, 17, 17, 17, 18, 18, 18, 18, 18, 19, 19, 19, 19, 19, 19, 20, 20, 21, 21, 21, 21, 21, 21, 21, 21, 21, 22, 22, 22, 22, 22, 22, 23, 23, 23, 23, 23, 23, 23, 23, 23, 23, 24, 24, 24], "to": [1, 2, 3, 4, 5, 1, 4, 5, 3, 1, 1, 13, 16, 5, 9, 3, 5, 3, 5, 9, 11, 12, 16, 3, 5, 8, 9, 16, 3, 8, 9, 3, 5, 16, 9, 11, 12, 16, 19, 3, 5, 8, 12, 24, 5, 8, 9, 3, 9, 23, 9, 19, 20, 23, 24, 5, 8, 9, 16, 20, 24, 1, 8, 3, 5, 8, 9, 16, 19, 20, 23, 24, 5, 8, 19, 20, 23, 24, 1, 5, 8, 9, 11, 13, 16, 19, 20, 24, 8, 9, 20], "influence_y": [[0, 2, 3, 4, 5, 6, 12, 14, 16, 19, 23]], "weights": [0.7796321787969772, -0.7319466806231559, -0.025729502102940595, -0.4439460516031888, -0.03565633906532961, -0.07605001344060043, -0.5792879988756138, -0.0649354423914502, 0.15601328537812412, -0.10081711252670612, 0.1938159862756389, -0.20674531682768862, 0.10230038812673022, 0.3368737906506807, -0.22299941304271942, 0.288025818592691, -1.172862897593884, 0.2170623894210759, -0.981613528443218, -0.6672869196627821, -0.2973882630773221, 0.08029554052253626, 0.07502299678074018, 0.0765820746209954, -0.5313715060050602, 0.15843612093463916, -0.5842392723883719, 0.13003033975013464, 0.08263173192250026, -0.15717624451319032, 0.07810917002934689, -1.5190359203537729, -0.6070393888726058, 0.03281040583259945, -0.05370427443350742, -0.061662031530632384, 0.22495795381514846, 0.10399869516229426, -0.07812144374785163, -0.2799340899252239, -0.23026746876184628, 0.18118481964111272, -0.11731012195526025, -0.2926465803913958, 0.21103323825195516, 0.06915297469479338, -0.1264647216818443, -0.3606301061118136, -0.07043553200710641, -0.27885536035837377, 0.07385133413599973, -0.2041061210806265, -0.5320066188227642, -0.14982482323305565, -0.2943099136331555, 0.16393031766468258, -0.20766749178768748, 0.06138057420898839, -0.20270420133568282, -0.5321974056316038, -0.30449177098735475, 0.15234813666037997, 0.06981159420899788, 0.19134543917099017, -0.15453583558306672, -0.2391064730958623, 0.10908047801118291, -0.18813179386551068, -0.2000338225790447, -0.5303116722965525, -0.1392287464230214, -0.3082425535617348, -0.18266152900880545, -0.18850222783892484, -0.18506703690644466, -0.5303719084014258, -0.14666209486362822, -0.2828379479917728, -0.05489358670489209, -0.3046512768688776, -0.10200240958454057, 0.19398246793435173, -0.1453542131956377, -0.09515008328585434, -0.09088278264249718, -0.20672373830163296, -0.531979553433929, -0.30435923679492244, 0.09838759100645005, 0.02438066257899343, -0.5326087297927242]}