{"from": [0, 0, 2, 2, 2, 3, 6, 6, 7, 7, 7, 7, 8, 8, 9, 10, 10, 10, 11, 11, 11, 11, 11, 12, 12, 12, 12, 13, 13, 13, 14, 14, 14, 15, 15, 15, 15, 16, 16, 16, 17, 17, 18, 18, 18, 18, 18, 18, 19, 19, 19, 19, 19, 19, 20, 21, 21, 21, 21, 21, 21, 21, 21, 21, 22, 22, 22, 22, 22, 22, 22, 22, 23, 23, 23, 23, 23, 23, 23, 23, 23, 24, 24], "to": [1, 4, 0, 1, 4, 5, 1, 4, 1, 13, 14, 16, 5, 9, 5, 5, 9, 16, 5, 8, 9, 10, 16, 3, 8, 9, 16, 3, 16, 24, 5, 12, 16, 12, 14, 16, 24, 5, 8, 9, 13, 23, 9, 13, 19, 20, 23, 24, 5, 8, 13, 16, 20, 24, 1, 3, 8, 9, 13, 16, 19, 20, 23, 24, 1, 8, 14, 16, 19, 20, 23, 24, 5, 8, 9, 11, 13, 16, 19, 20, 24, 8, 20], "influence_y": [[0, 1, 2, 3, 5, 6, 7, 8, 11, 12, 13, 16, 20, 23, 24]], "weights": [0.7645073687840166, -0.36095041387047544, -0.7501522527392506, -0.0937805197403578, -0.504208101605878, 0.3053377723590793, -0.1034527923621424, 0.11274125867053263, 0.14403237267193977, -0.19811198782959247, -0.06510491845859098, 0.17261534885352356, 0.30337691929048144, -0.21975217012805948, -1.2530768587914818, -1.0021611212074457, -0.6837588002106202, 0.1256828785861102, -0.5047485464056714, 0.12837673144264844, -0.5907746459599079, -0.31821297160372203, 0.17149860706006656, 0.1130000852464122, -0.150426762681374, 0.08633618094695993, -0.09639375536769898, -1.6315956677406844, 0.09929663922609301, -0.02543969231537096, 0.07092135091022121, 0.13219539257709473, 0.22239663290729542, -0.3172035019488704, -0.1940505940133485, 0.20352835793046636, -0.2873411762629251, 0.18173288852497968, 0.06080204312425997, -0.07752642200765453, 0.17135824346494544, -0.31380858647173615, 0.041246913011942936, -0.11135462195345652, -0.16911669736832316, -0.5248957018144701, -0.12199912163131767, -0.2903428849830489, 0.21115803824602986, -0.24065758921606822, -0.12849799693467287, -0.2241874168611446, -0.525108002771714, -0.29527921132731455, 0.15402242328736251, 0.13941937353704104, -0.35843522024761443, 0.09066419785735828, -0.23183401836717796, -0.21575607721443746, -0.1583698442195396, -0.5212612418808042, -0.10884959552518868, -0.3003769664879852, -0.1240089783104931, -0.21787912505166615, 0.15751963250711082, -0.12255689289480987, -0.1451399559267594, -0.5185247974754552, -0.12103225536733399, -0.28403728905743986, -0.20918497526433957, -0.16067835182908224, 0.1737558223287844, -0.14082059399517025, -0.18721683050853835, -0.13471211954315682, -0.16827168236529147, -0.5243403501495174, -0.30689428685744324, 0.08026371567896408, -0.5267462511232925]}