{"from": [0, 0, 0, 2, 2, 2, 3, 3, 4, 6, 7, 7, 7, 8, 8, 9, 10, 10, 10, 11, 11, 11, 11, 12, 12, 12, 12, 13, 14, 14, 14, 14, 14, 15, 15, 15, 15, 16, 16, 16, 17, 18, 18, 18, 18, 18, 18, 19, 19, 19, 19, 19, 20, 20, 20, 21, 21, 21, 21, 21, 21, 21, 21, 21, 22, 22, 22, 22, 22, 22, 22, 22, 22, 23, 23, 23, 23, 23, 23, 23, 23, 23, 24, 24], "to": [1, 4, 5, 0, 1, 4, 5, 16, 5, 1, 1, 5, 13, 5, 9, 5, 5, 9, 16, 5, 9, 10, 16, 3, 8, 9, 20, 3, 5, 12, 16, 19, 20, 3, 12, 14, 24, 5, 8, 9, 23, 5, 9, 19, 20, 23, 24, 8, 9, 16, 20, 24, 1, 13, 24, 3, 5, 8, 9, 16, 19, 20, 23, 24, 1, 5, 8, 14, 16, 19, 20, 23, 24, 5, 8, 9, 11, 13, 16, 19, 20, 24, 1, 8], "influence_y": [[0, 1, 2, 3, 4, 5, 6, 8, 9, 10, 11, 12, 13, 14, 16, 17, 18, 19, 20, 21, 23, 24]], "weights": [0.7523423876666914, -0.4175895706975451, -0.021430685461608413, -0.7410306356112607, -0.12920924598096373, -0.4848703989564323, 0.3504891094601661, -0.025734468524611153, -0.05508341324656773, -0.13296244172905158, 0.1545178034610039, -0.1675300082397822, -0.18792919651914403, 0.4428896250995641, -0.20605091798337802, -1.1926570080663692, -0.9729658333409398, -0.6726506433793367, 0.08466583702746856, -0.5097880236611343, -0.6146843146357643, -0.3284028917261868, 0.19150350818720369, 0.07022304371017045, -0.15894165372663752, 0.04059704976722007, -0.0344163410341027, -1.64088050095165, 0.22876456619373453, 0.14517343792115298, 0.06815523519687289, -0.055329016621188255, 0.0823056668663813, -0.2573058888968325, -0.22346195371627844, -0.28926092379824087, -0.16387891163350762, 0.18971203679384593, 0.09593699893563203, -0.1341108072032265, -0.2721454605532528, -0.2163235063125244, 0.08806367600743056, -0.2062947576177637, -0.2922331459190659, -0.12446614746099066, -0.5222635492060926, -0.14877250402273673, 0.028490523894120195, -0.12843002758226332, -0.29106213651362506, -0.5298416831704812, 0.1622659676503292, 0.20976274758286337, -0.5297437709874147, 0.20834778082430183, -0.15588612406679123, -0.264028529080585, 0.12591788933409043, -0.08142707478791492, -0.19681321811953184, -0.2913417156916299, -0.11146555845305096, -0.5213836873736774, -0.14857164850107923, -0.1780482303870433, -0.2520401642442863, 0.14084833829772636, -0.15383528550848224, -0.18259583391455222, -0.3041770078528696, -0.12668469540623042, -0.5207020590831944, -0.3145426243419289, -0.11646368985940832, 0.15914497305386233, -0.10662278443508387, -0.07130017837312562, -0.09978558166759059, -0.20808162825375237, -0.2935733570983611, -0.5246680302015864, -0.1162681632882197, 0.07842631718972728]}