{"from": [0, 2, 2, 2, 3, 3, 4, 4, 4, 6, 6, 6, 6, 7, 7, 7, 7, 8, 8, 9, 10, 10, 10, 11, 11, 11, 11, 11, 11, 11, 12, 12, 12, 12, 14, 14, 14, 14, 14, 15, 15, 15, 15, 15, 16, 16, 16, 16, 17, 17, 17, 17, 18, 18, 18, 18, 18, 18, 18, 18, 19, 19, 19, 19, 19, 19, 19, 19, 19, 20, 20, 21, 21, 21, 21, 21, 21, 21, 21, 21, 21, 21, 21, 22, 22, 22, 22, 22, 22, 22, 22, 22, 22, 23, 23, 23, 23, 23, 23, 23, 23, 23, 23, 24], "to": [1, 0, 1, 4, 5, 13, 0, 5, 8, 0, 1, 3, 4, 1, 3, 5, 9, 5, 9, 5, 3, 5, 9, 3, 5, 8, 9, 10, 12, 16, 3, 8, 9, 20, 5, 9, 12, 16, 19, 8, 12, 14, 18, 24, 3, 5, 8, 9, 3, 5, 9, 23, 1, 3, 5, 8, 9, 12, 20, 24, 0, 3, 5, 8, 9, 16, 18, 20, 24, 1, 24, 0, 3, 5, 8, 9, 11, 16, 18, 19, 20, 23, 24, 0, 1, 5, 8, 9, 18, 19, 20, 23, 24, 1, 3, 5, 8, 9, 11, 18, 19, 20, 24, 9], "influence_y": [[1, 3, 4, 5, 6, 7, 10, 11, 12, 16, 18, 19, 23]], "weights": [0.7691488685656899, -0.8034283793084886, -0.09376256960225478, -0.26101358613091985, 0.3720713870196891, -0.3985747173340143, -0.14167335752849505, -0.09730578178110709, -0.048418985820700366, -0.08710865782910632, -0.10757980083595532, -0.08738190082399966, 0.1726099441904411, 0.26426547410108614, 0.5679522436931033, -0.13055626695154, -0.030638193006670072, 0.28953019985955364, -0.19254763623482613, -1.362449330547348, 0.22413535690174136, -1.1721034051542125, -0.6803342607811167, 0.16647455428543304, -0.6501253110216683, 0.19622591582216495, -0.5681922798638726, -0.3058974642101949, -0.0921722268319514, 0.14279782459972254, 0.27705240388932045, -0.1783727090984199, 0.09464717084347946, -0.044227009939159234, 0.29573081799071727, -0.04109996331951577, 0.2000380266135125, 0.06259487402078551, -0.07694260873041044, 0.15944467444655813, -0.16167047935365372, -0.1732607696952005, 0.0958578726229106, -0.22020690947219415, -0.2023131177436618, 0.23414842565165628, 0.09883389979220274, -0.09914733850088349, -0.47976812730643803, 0.22472144600839392, -0.14163208673096514, -0.2745535042367554, 0.11107177009318368, 0.22617511104649066, -0.1788846310446421, -0.11207008719512683, 0.13882786201156208, 0.0932659402180842, -0.2945984778456737, -0.5415842284716108, 0.09444806122670636, 0.349396879644601, 0.22371843237035227, -0.22618220995559407, 0.1450039239791697, -0.2090237642562909, -0.20424591152503968, -0.301862140451554, -0.5447052830153876, 0.18152448390485904, -0.5501934815019568, -0.2408791659509295, 0.6045767298291534, -0.3245118666495759, -0.34240780571878043, 0.24456443741274778, -0.1018378636369059, -0.21149403358806804, -0.18945820007404268, -0.14781740524267356, -0.29634690092195937, -0.13147233095599836, -0.5507189297004791, -0.1094122594898699, -0.12019289148389992, -0.27224393399134034, -0.32854766888186443, 0.12057953250591587, -0.18943852946631118, -0.13073227828221284, -0.29172516996972, -0.1385503226726045, -0.5452411683725872, -0.05231511287677283, 0.4001188652080495, -0.4691594570885924, -0.23922447693816834, 0.24826157363213452, -0.15380018432532155, -0.2016839964976072, -0.15641739117044767, -0.29959759231601674, -0.5482215958541031, 0.07199961396800382]}