{"from": [0, 0, 0, 2, 2, 2, 3, 4, 6, 7, 7, 7, 7, 8, 8, 9, 10, 10, 10, 11, 11, 11, 11, 11, 11, 12, 12, 12, 13, 13, 14, 14, 14, 14, 14, 14, 15, 15, 15, 15, 15, 15, 16, 16, 16, 17, 17, 17, 18, 18, 18, 18, 19, 19, 19, 19, 19, 19, 19, 19, 20, 20, 20, 20, 21, 21, 21, 21, 21, 21, 21, 21, 21, 21, 22, 22, 22, 22, 22, 22, 22, 22, 22, 23, 23, 23, 23, 23, 23, 23, 24, 24], "to": [1, 2, 4, 1, 4, 9, 5, 5, 1, 1, 13, 16, 18, 5, 9, 5, 5, 9, 16, 5, 8, 9, 10, 16, 23, 3, 8, 9, 3, 16, 5, 9, 11, 12, 16, 23, 3, 12, 14, 16, 18, 24, 5, 8, 9, 3, 9, 23, 5, 20, 23, 24, 5, 8, 14, 16, 18, 20, 23, 24, 1, 9, 13, 24, 3, 5, 8, 9, 16, 18, 19, 20, 23, 24, 1, 5, 8, 16, 18, 19, 20, 23, 24, 1, 5, 8, 9, 13, 20, 24, 1, 16], "influence_y": [[1, 3, 5, 6, 8, 14, 16, 18, 24]], "weights": [0.743279553581605, -0.7325149308838366, -0.42405413866165514, -0.11812340709145493, -0.49578607637540617, -0.0090517242138144, 0.3011232348193145, -0.023870415879307095, -0.16616230760103826, 0.27318461492499435, -0.1002039538505022, 0.04228711537210406, 0.09941082276833292, 0.34569415151200755, -0.20349999268362146, -1.2930536214054236, -1.0040705360833273, -0.68225269777952, 0.12800457783243396, -0.5771545192595723, 0.049179850308687136, -0.6256034875216352, -0.3241013120913032, 0.21300416403023212, -0.11548061008917161, 0.13768469889970186, -0.13653283585010317, 0.09891871894970748, -1.598299434763747, 0.1253893106181137, 0.20079971442292824, -0.10551779622221315, -0.10122270956747517, 0.1294589131664081, 0.12230812317895945, -0.11216561603487388, -0.14665108594173076, -0.1982092081477429, -0.1722692893812363, 0.09654359634266556, 0.12411636127943704, -0.17948500094921588, 0.15959162632765625, 0.10569923716790147, -0.12552647748095797, -0.29943153914872567, -0.06290093537800369, -0.28860143756623824, -0.16353892791588445, -0.300053297380196, -0.22866794015630432, -0.4935883789770194, 0.1740912039716317, -0.2556593956609015, -0.07040668004720314, -0.2105595453711742, -0.18523281786779322, -0.297760657999993, -0.24370620544446478, -0.5008912165732945, 0.1629371847508454, -0.04696427476131275, 0.1385015201413845, -0.5005206311787774, 0.21562151570823584, -0.1579269125076872, -0.3407420062455395, 0.08782838858392832, -0.08448267657788502, -0.17667984457012934, -0.13068350824353805, -0.2892377862189786, -0.225789243488512, -0.4972833870653587, -0.0716937014337054, -0.1850291672105429, -0.31836159998475827, -0.10816770239230096, -0.1794455762787507, -0.12840183161265592, -0.2839490044035476, -0.24081654363712934, -0.4911221171951778, -0.11792461784600229, -0.3795311088693429, -0.14923043062776506, 0.1287161094788842, -0.07239863466632881, -0.2980420342655894, -0.5036316892852841, -0.11772107272974223, 0.11529700162251433]}