{"from": [0, 0, 2, 2, 2, 3, 6, 6, 6, 6, 7, 7, 7, 8, 8, 8, 9, 10, 10, 10, 10, 11, 11, 11, 11, 11, 11, 11, 12, 12, 12, 12, 12, 13, 13, 13, 14, 14, 14, 14, 14, 15, 15, 15, 16, 16, 16, 16, 16, 17, 17, 17, 17, 18, 18, 18, 18, 19, 19, 19, 19, 19, 19, 20, 20, 20, 20, 21, 21, 21, 21, 21, 21, 21, 21, 22, 22, 22, 22, 22, 22, 22, 23, 23, 23, 23, 24], "to": [1, 4, 0, 1, 4, 5, 1, 4, 20, 23, 1, 13, 16, 5, 9, 23, 5, 5, 9, 13, 16, 5, 8, 9, 10, 16, 20, 23, 3, 8, 9, 16, 20, 3, 16, 23, 5, 12, 16, 19, 20, 12, 14, 24, 5, 8, 9, 23, 24, 8, 13, 20, 23, 19, 20, 23, 24, 8, 9, 16, 20, 23, 24, 1, 13, 23, 24, 3, 8, 9, 16, 19, 20, 23, 24, 1, 8, 16, 19, 20, 23, 24, 1, 5, 9, 24, 1], "influence_y": [[0, 1, 2, 3, 4, 5, 6, 7, 8, 9, 11, 12, 13, 14, 15, 16, 20, 21, 23, 24]], "weights": [0.7581999246598697, -0.3476360068596291, -0.744652616233215, -0.13678692550113888, -0.452128118404712, 0.29809087895809955, -0.11070244469068262, 0.08821716742379224, 0.0395553169486459, 0.05121022149162632, 0.16250965453728733, -0.24858986949891446, 0.1707646438562883, 0.36958136321747276, -0.20546924400924493, -0.0879939985825966, -1.2260592252253204, -0.9528552560561295, -0.6592300648280999, -0.06354151294387395, 0.15551285387741046, -0.47479976171285176, 0.11493879678205673, -0.5760438167242197, -0.32193116249663883, 0.24054487135261768, 0.10992554549064074, -0.05929767581672237, 0.07666304650706268, -0.18561648523266505, 0.041063461431158, -0.07862853772525395, -0.03954777365395662, -1.6442824896919688, 0.16009815981538622, -0.04518741254620631, 0.12473234700668155, 0.15954713854503388, 0.14020797404475777, -0.0866348987889706, 0.12291837272907057, -0.30646757987807366, -0.14505750550976898, -0.12953308523606866, 0.12867141031734608, 0.14147072981783693, -0.13493940613294214, -0.048671078185510024, 0.03571545295606925, 0.11347330014841987, 0.10258330895788446, 0.13158708502349764, -0.20832554187449612, -0.183805009462181, -0.24781047705272266, -0.30861743325517405, -0.5629652759267441, -0.2146071006450407, 0.028311325862983315, -0.2168085502900089, -0.2325640655027111, -0.34861602697066874, -0.5575730827065044, 0.08761513759381939, 0.18299728631423626, -0.2671767914576935, -0.571034369227427, 0.13157193986270518, -0.3542229165574838, 0.14534999389004907, -0.13873297882092803, -0.18466995873751346, -0.22633365753078105, -0.35823883097084575, -0.5569006396593551, -0.1900647934747717, -0.26299953733189885, -0.13130170027368543, -0.16787102636428117, -0.2502624330768346, -0.3489358213456492, -0.5556210647942523, -0.0967715030541012, -0.1531677220740403, 0.186959535973761, -0.5604341863266771, -0.1548488584702783]}