{"from": [0, 0, 1, 2, 2, 2, 4, 6, 6, 7, 7, 7, 8, 8, 9, 9, 9, 9, 9, 10, 10, 10, 10, 10, 11, 11, 11, 11, 12, 12, 13, 13, 13, 13, 14, 14, 14, 15, 15, 15, 15, 16, 17, 17, 17, 18, 18, 18, 18, 19, 19, 19, 19, 19, 19, 19, 21, 21, 21, 21, 21, 21, 22, 22, 22, 22, 22, 22, 22, 22, 23, 23, 23, 24, 24, 24, 24], "to": [1, 4, 20, 0, 1, 4, 5, 1, 4, 1, 5, 13, 1, 5, 5, 8, 13, 16, 23, 5, 8, 9, 13, 23, 5, 8, 9, 10, 8, 9, 3, 5, 8, 23, 5, 9, 12, 8, 12, 14, 24, 5, 9, 13, 23, 13, 20, 23, 24, 5, 8, 9, 18, 20, 23, 24, 8, 9, 18, 20, 23, 24, 1, 5, 8, 14, 18, 20, 23, 24, 1, 5, 20, 1, 8, 20, 23], "influence_y": [[0, 1, 2, 4, 5, 6, 8, 11, 12, 14, 16, 21, 22, 23, 24]], "weights": [0.7340768836719711, -0.4071055607629824, 0.012689118799282192, -0.77505717359721, -0.13218020670234149, -0.5274676876596501, -0.06382822542215114, -0.12499373118597656, 0.22142115966259573, 0.22543220372923817, -0.06135375983772605, -0.2096110638927877, 0.08559605182854883, 0.26910169833750003, -1.3210610370815832, -0.5285940000604349, -0.05769528322143789, -0.30171055170263755, 0.20455279420957606, -1.0169987551374275, -0.33327971788308464, -0.7014394495280344, -0.1029457132845852, 0.08402583747044705, -0.6176969065324414, -0.16073971649569402, -0.7014668882584889, -0.2899400169898228, -0.08103486890097131, 0.11473489294417348, -1.6308902422088043, -0.4995503437568069, -0.07946997524962851, -0.058827756039738804, 0.13672486338596312, -0.10541229030690688, 0.16704067795716393, 0.24752345612821564, -0.31913313693324463, -0.1507212506083063, -0.1864993687005874, 0.16652517120338856, -0.13667280956469188, 0.23472354430022002, -0.1612236163742212, -0.06356252756806356, -0.5385153993877974, -0.3119139515836563, -0.23089516786963551, 0.2201509624464853, -0.1907484150933171, 0.06878520240027466, -0.1549368148137056, -0.5372255625932516, -0.33545374509980747, -0.23541825394970414, -0.18935500615068762, 0.17028675766504786, -0.1339020653308011, -0.5314924076512797, -0.36320099192152017, -0.23627373388294448, -0.2605551017075289, -0.20625546909848883, -0.11447002141718492, 0.0987729236117974, -0.12668031685252445, -0.5263425540185005, -0.3099316511200264, -0.22241950874558294, -0.11520966799134974, -0.28006119711922633, -0.5340447716968373, -0.2285202428510837, 0.23928804813625607, -0.5353917932348015, -0.28879277566519423]}