{"from": [6, 20, 0, 7, 2, 18, 0, 4, 13, 14, 21, 11, 3, 8, 5, 14, 13, 16, 12, 22, 21, 12, 5, 10, 11, 3, 8, 13, 10, 8, 3, 14, 10, 3, 12, 10, 19, 9, 22, 3, 9, 21, 22, 24, 14, 13, 21, 18, 9, 23, 24, 22, 8, 19, 21, 18, 23, 24, 22, 2, 17, 5, 13, 21, 18, 24, 22, 8, 21, 22, 15, 8], "to": [1, 1, 1, 1, 1, 1, 2, 2, 3, 5, 5, 5, 5, 5, 6, 7, 7, 7, 8, 8, 8, 9, 9, 9, 9, 9, 9, 10, 11, 11, 12, 12, 13, 13, 15, 16, 16, 16, 17, 17, 17, 18, 18, 18, 19, 19, 19, 19, 19, 19, 19, 19, 19, 20, 20, 20, 20, 20, 20, 22, 23, 23, 23, 23, 23, 23, 23, 23, 24, 24, 24, 24], "influence_y": [12, 6, 20, 0, 16, 1, 18, 4, 3, 8], "weights": [[0.013888888888888888], [0.013888888888888888], [0.013888888888888888], [0.013888888888888888], [0.013888888888888888], [0.013888888888888888], [0.013888888888888888], [0.013888888888888888], [0.013888888888888888], [0.013888888888888888], [0.013888888888888888], [0.013888888888888888], [0.013888888888888888], [0.013888888888888888], [0.013888888888888888], [0.013888888888888888], [0.013888888888888888], [0.013888888888888888], [0.013888888888888888], [0.013888888888888888], [0.013888888888888888], [0.013888888888888888], [0.013888888888888888], [0.013888888888888888], [0.013888888888888888], [0.013888888888888888], [0.013888888888888888], [0.013888888888888888], [0.013888888888888888], [0.013888888888888888], [0.013888888888888888], [0.013888888888888888], [0.013888888888888888], [0.013888888888888888], [0.013888888888888888], [0.013888888888888888], [0.013888888888888888], [0.013888888888888888], [0.013888888888888888], [0.013888888888888888], [0.013888888888888888], [0.013888888888888888], [0.013888888888888888], [0.013888888888888888], [0.013888888888888888], [0.013888888888888888], [0.013888888888888888], [0.013888888888888888], [0.013888888888888888], [0.013888888888888888], [0.013888888888888888], [0.013888888888888888], [0.013888888888888888], [0.013888888888888888], [0.013888888888888888], [0.013888888888888888], [0.013888888888888888], [0.013888888888888888], [0.013888888888888888], [0.013888888888888888], [0.013888888888888888], [0.013888888888888888], [0.013888888888888888], [0.013888888888888888], [0.013888888888888888], [0.013888888888888888], [0.013888888888888888], [0.013888888888888888], [0.013888888888888888], [0.013888888888888888], [0.013888888888888888], [0.013888888888888888]]}