{"from": [6, 0, 7, 2, 24, 22, 0, 4, 6, 1, 2, 4, 24, 6, 22, 11, 14, 4, 12, 19, 5, 10, 9, 24, 12, 19, 5, 10, 11, 3, 11, 10, 14, 7, 3, 15, 12, 24, 9, 3, 1, 9, 9, 23, 14, 18, 19, 21, 18, 23, 24, 22, 19, 18, 9, 24, 22, 24, 19, 18, 19, 5, 13, 21, 18, 9, 24, 22, 22, 19, 18], "to": [1, 1, 1, 1, 1, 1, 2, 2, 3, 3, 3, 3, 3, 4, 5, 5, 5, 6, 8, 8, 8, 8, 8, 8, 9, 9, 9, 9, 9, 9, 10, 11, 12, 13, 13, 13, 14, 15, 15, 16, 16, 16, 17, 17, 19, 19, 20, 20, 20, 20, 20, 20, 21, 21, 21, 21, 21, 22, 22, 22, 23, 23, 23, 23, 23, 23, 23, 23, 24, 24, 24], "influence_y": [12, 6, 16, 0, 5, 1, 7, 2, 18, 4, 24, 3], "weights": [[0.014084507042253521], [0.014084507042253521], [0.014084507042253521], [0.014084507042253521], [0.014084507042253521], [0.014084507042253521], [0.014084507042253521], [0.014084507042253521], [0.014084507042253521], [0.014084507042253521], [0.014084507042253521], [0.014084507042253521], [0.014084507042253521], [0.014084507042253521], [0.014084507042253521], [0.014084507042253521], [0.014084507042253521], [0.014084507042253521], [0.014084507042253521], [0.014084507042253521], [0.014084507042253521], [0.014084507042253521], [0.014084507042253521], [0.014084507042253521], [0.014084507042253521], [0.014084507042253521], [0.014084507042253521], [0.014084507042253521], [0.014084507042253521], [0.014084507042253521], [0.014084507042253521], [0.014084507042253521], [0.014084507042253521], [0.014084507042253521], [0.014084507042253521], [0.014084507042253521], [0.014084507042253521], [0.014084507042253521], [0.014084507042253521], [0.014084507042253521], [0.014084507042253521], [0.014084507042253521], [0.014084507042253521], [0.014084507042253521], [0.014084507042253521], [0.014084507042253521], [0.014084507042253521], [0.014084507042253521], [0.014084507042253521], [0.014084507042253521], [0.014084507042253521], [0.014084507042253521], [0.014084507042253521], [0.014084507042253521], [0.014084507042253521], [0.014084507042253521], [0.014084507042253521], [0.014084507042253521], [0.014084507042253521], [0.014084507042253521], [0.014084507042253521], [0.014084507042253521], [0.014084507042253521], [0.014084507042253521], [0.014084507042253521], [0.014084507042253521], [0.014084507042253521], [0.014084507042253521], [0.014084507042253521], [0.014084507042253521], [0.014084507042253521]]}