{"from": [20, 6, 0, 7, 4, 4, 0, 13, 15, 6, 18, 22, 23, 3, 8, 5, 22, 12, 10, 20, 5, 11, 23, 0, 3, 8, 13, 11, 15, 20, 7, 22, 7, 12, 9, 12, 3, 17, 3, 20, 22, 23, 20, 18, 24, 22, 23, 8, 22, 8, 20, 18, 24, 9, 22, 23, 19, 3, 20, 22, 17, 20, 18, 15, 16, 22, 23, 8], "to": [1, 1, 1, 1, 1, 2, 2, 3, 3, 4, 5, 5, 5, 5, 5, 6, 8, 8, 9, 9, 9, 9, 9, 9, 9, 9, 10, 10, 12, 13, 13, 14, 14, 15, 16, 16, 16, 16, 17, 18, 18, 18, 19, 19, 19, 19, 19, 19, 20, 20, 21, 21, 21, 21, 21, 21, 21, 21, 23, 23, 23, 24, 24, 24, 24, 24, 24, 24], "influence_y": [13, 18, 6, 5, 12, 2, 11, 9, 16, 19, 0, 21, 7, 14, 4, 8], "weights": [[0.014705882352941176], [0.014705882352941176], [0.014705882352941176], [0.014705882352941176], [0.014705882352941176], [0.014705882352941176], [0.014705882352941176], [0.014705882352941176], [0.014705882352941176], [0.014705882352941176], [0.014705882352941176], [0.014705882352941176], [0.014705882352941176], [0.014705882352941176], [0.014705882352941176], [0.014705882352941176], [0.014705882352941176], [0.014705882352941176], [0.014705882352941176], [0.014705882352941176], [0.014705882352941176], [0.014705882352941176], [0.014705882352941176], [0.014705882352941176], [0.014705882352941176], [0.014705882352941176], [0.014705882352941176], [0.014705882352941176], [0.014705882352941176], [0.014705882352941176], [0.014705882352941176], [0.014705882352941176], [0.014705882352941176], [0.014705882352941176], [0.014705882352941176], [0.014705882352941176], [0.014705882352941176], [0.014705882352941176], [0.014705882352941176], [0.014705882352941176], [0.014705882352941176], [0.014705882352941176], [0.014705882352941176], [0.014705882352941176], [0.014705882352941176], [0.014705882352941176], [0.014705882352941176], [0.014705882352941176], [0.014705882352941176], [0.014705882352941176], [0.014705882352941176], [0.014705882352941176], [0.014705882352941176], [0.014705882352941176], [0.014705882352941176], [0.014705882352941176], [0.014705882352941176], [0.014705882352941176], [0.014705882352941176], [0.014705882352941176], [0.014705882352941176], [0.014705882352941176], [0.014705882352941176], [0.014705882352941176], [0.014705882352941176], [0.014705882352941176], [0.014705882352941176], [0.014705882352941176]]}