{"from": [22, 6, 0, 4, 12, 19, 0, 16, 5, 1, 4, 24, 3, 14, 6, 1, 15, 6, 22, 11, 14, 4, 4, 13, 16, 12, 19, 5, 10, 9, 22, 12, 5, 10, 11, 3, 11, 10, 14, 15, 3, 15, 12, 15, 12, 14, 5, 3, 9, 9, 22, 22, 14, 18, 16, 19, 21, 18, 23, 24, 22, 19, 5, 18, 22, 3, 8, 18, 19, 5, 13, 21, 18, 9, 24, 22, 19, 21, 15, 18, 22], "to": [1, 1, 1, 1, 2, 2, 2, 2, 2, 2, 2, 2, 2, 3, 3, 3, 3, 4, 5, 5, 5, 5, 6, 7, 7, 8, 8, 8, 8, 8, 8, 9, 9, 9, 9, 9, 10, 11, 12, 12, 13, 13, 14, 14, 15, 15, 16, 16, 16, 17, 18, 19, 19, 19, 19, 20, 20, 20, 20, 20, 20, 21, 21, 21, 21, 21, 21, 22, 23, 23, 23, 23, 23, 23, 23, 23, 24, 24, 24, 24, 24], "influence_y": [12, 16, 0, 5, 1, 11, 2, 18, 4, 24, 3], "weights": [[0.012345679012345678], [0.012345679012345678], [0.012345679012345678], [0.012345679012345678], [0.012345679012345678], [0.012345679012345678], [0.012345679012345678], [0.012345679012345678], [0.012345679012345678], [0.012345679012345678], [0.012345679012345678], [0.012345679012345678], [0.012345679012345678], [0.012345679012345678], [0.012345679012345678], [0.012345679012345678], [0.012345679012345678], [0.012345679012345678], [0.012345679012345678], [0.012345679012345678], [0.012345679012345678], [0.012345679012345678], [0.012345679012345678], [0.012345679012345678], [0.012345679012345678], [0.012345679012345678], [0.012345679012345678], [0.012345679012345678], [0.012345679012345678], [0.012345679012345678], [0.012345679012345678], [0.012345679012345678], [0.012345679012345678], [0.012345679012345678], [0.012345679012345678], [0.012345679012345678], [0.012345679012345678], [0.012345679012345678], [0.012345679012345678], [0.012345679012345678], [0.012345679012345678], [0.012345679012345678], [0.012345679012345678], [0.012345679012345678], [0.012345679012345678], [0.012345679012345678], [0.012345679012345678], [0.012345679012345678], [0.012345679012345678], [0.012345679012345678], [0.012345679012345678], [0.012345679012345678], [0.012345679012345678], [0.012345679012345678], [0.012345679012345678], [0.012345679012345678], [0.012345679012345678], [0.012345679012345678], [0.012345679012345678], [0.012345679012345678], [0.012345679012345678], [0.012345679012345678], [0.012345679012345678], [0.012345679012345678], [0.012345679012345678], [0.012345679012345678], [0.012345679012345678], [0.012345679012345678], [0.012345679012345678], [0.012345679012345678], [0.012345679012345678], [0.012345679012345678], [0.012345679012345678], [0.012345679012345678], [0.012345679012345678], [0.012345679012345678], [0.012345679012345678], [0.012345679012345678], [0.012345679012345678], [0.012345679012345678], [0.012345679012345678]]}