{"from": [6, 20, 0, 7, 2, 18, 0, 4, 13, 6, 22, 3, 23, 4, 13, 16, 19, 5, 10, 11, 9, 22, 19, 5, 10, 11, 3, 11, 5, 3, 8, 23, 12, 20, 5, 7, 15, 22, 12, 5, 3, 9, 19, 5, 13, 21, 9, 23, 24, 22, 22, 19, 21, 18, 23, 24, 22, 19, 3, 9, 23, 24, 22, 19, 22, 19, 17, 19, 15, 23, 22, 8], "to": [1, 1, 1, 1, 1, 1, 2, 2, 3, 4, 5, 5, 5, 6, 7, 7, 8, 8, 8, 8, 8, 8, 9, 9, 9, 9, 9, 10, 11, 12, 12, 13, 14, 14, 14, 14, 14, 14, 15, 16, 16, 16, 18, 18, 18, 18, 18, 18, 18, 18, 19, 20, 20, 20, 20, 20, 20, 21, 21, 21, 21, 21, 21, 22, 23, 23, 23, 24, 24, 24, 24, 24], "influence_y": [12, 0, 5, 1, 21, 7, 10, 2, 4, 24, 3, 8], "weights": [[0.013888888888888888], [0.013888888888888888], [0.013888888888888888], [0.013888888888888888], [0.013888888888888888], [0.013888888888888888], [0.013888888888888888], [0.013888888888888888], [0.013888888888888888], [0.013888888888888888], [0.013888888888888888], [0.013888888888888888], [0.013888888888888888], [0.013888888888888888], [0.013888888888888888], [0.013888888888888888], [0.013888888888888888], [0.013888888888888888], [0.013888888888888888], [0.013888888888888888], [0.013888888888888888], [0.013888888888888888], [0.013888888888888888], [0.013888888888888888], [0.013888888888888888], [0.013888888888888888], [0.013888888888888888], [0.013888888888888888], [0.013888888888888888], [0.013888888888888888], [0.013888888888888888], [0.013888888888888888], [0.013888888888888888], [0.013888888888888888], [0.013888888888888888], [0.013888888888888888], [0.013888888888888888], [0.013888888888888888], [0.013888888888888888], [0.013888888888888888], [0.013888888888888888], [0.013888888888888888], [0.013888888888888888], [0.013888888888888888], [0.013888888888888888], [0.013888888888888888], [0.013888888888888888], [0.013888888888888888], [0.013888888888888888], [0.013888888888888888], [0.013888888888888888], [0.013888888888888888], [0.013888888888888888], [0.013888888888888888], [0.013888888888888888], [0.013888888888888888], [0.013888888888888888], [0.013888888888888888], [0.013888888888888888], [0.013888888888888888], [0.013888888888888888], [0.013888888888888888], [0.013888888888888888], [0.013888888888888888], [0.013888888888888888], [0.013888888888888888], [0.013888888888888888], [0.013888888888888888], [0.013888888888888888], [0.013888888888888888], [0.013888888888888888], [0.013888888888888888]]}