{"from": [12, 6, 20, 0, 7, 2, 12, 0, 4, 10, 5, 5, 6, 4, 4, 13, 19, 5, 10, 11, 9, 22, 20, 5, 10, 11, 3, 10, 5, 14, 3, 8, 14, 3, 15, 5, 19, 12, 14, 3, 6, 1, 9, 3, 9, 21, 22, 19, 20, 5, 3, 19, 19, 20, 3, 9, 22, 19, 20, 19, 20, 5, 13, 21, 18, 9, 22, 19, 20, 21, 15, 18, 23, 22, 8], "to": [0, 1, 1, 1, 1, 1, 2, 2, 2, 3, 3, 4, 4, 5, 6, 7, 8, 8, 8, 8, 8, 8, 9, 9, 9, 9, 9, 11, 11, 11, 12, 12, 12, 13, 13, 14, 14, 15, 15, 16, 16, 16, 16, 17, 17, 18, 18, 18, 18, 20, 20, 20, 21, 21, 21, 21, 21, 22, 22, 23, 23, 23, 23, 23, 23, 23, 23, 24, 24, 24, 24, 24, 24, 24, 24], "influence_y": [12, 19, 6, 16, 5, 1, 21, 7, 11, 2, 15, 4, 22, 8], "weights": [[0.013333333333333334], [0.013333333333333334], [0.013333333333333334], [0.013333333333333334], [0.013333333333333334], [0.013333333333333334], [0.013333333333333334], [0.013333333333333334], [0.013333333333333334], [0.013333333333333334], [0.013333333333333334], [0.013333333333333334], [0.013333333333333334], [0.013333333333333334], [0.013333333333333334], [0.013333333333333334], [0.013333333333333334], [0.013333333333333334], [0.013333333333333334], [0.013333333333333334], [0.013333333333333334], [0.013333333333333334], [0.013333333333333334], [0.013333333333333334], [0.013333333333333334], [0.013333333333333334], [0.013333333333333334], [0.013333333333333334], [0.013333333333333334], [0.013333333333333334], [0.013333333333333334], [0.013333333333333334], [0.013333333333333334], [0.013333333333333334], [0.013333333333333334], [0.013333333333333334], [0.013333333333333334], [0.013333333333333334], [0.013333333333333334], [0.013333333333333334], [0.013333333333333334], [0.013333333333333334], [0.013333333333333334], [0.013333333333333334], [0.013333333333333334], [0.013333333333333334], [0.013333333333333334], [0.013333333333333334], [0.013333333333333334], [0.013333333333333334], [0.013333333333333334], [0.013333333333333334], [0.013333333333333334], [0.013333333333333334], [0.013333333333333334], [0.013333333333333334], [0.013333333333333334], [0.013333333333333334], [0.013333333333333334], [0.013333333333333334], [0.013333333333333334], [0.013333333333333334], [0.013333333333333334], [0.013333333333333334], [0.013333333333333334], [0.013333333333333334], [0.013333333333333334], [0.013333333333333334], [0.013333333333333334], [0.013333333333333334], [0.013333333333333334], [0.013333333333333334], [0.013333333333333334], [0.013333333333333334], [0.013333333333333334]]}