{"from": [20, 18, 6, 2, 0, 7, 4, 0, 13, 15, 11, 19, 3, 14, 8, 13, 21, 22, 12, 10, 5, 11, 19, 3, 8, 10, 8, 14, 3, 7, 15, 14, 13, 9, 19, 5, 9, 3, 23, 22, 21, 24, 18, 24, 22, 21, 14, 8, 18, 24, 22, 23, 19, 21, 0, 3, 13, 10, 18, 5, 24, 9, 22, 19, 21, 8, 15], "to": [1, 1, 1, 1, 1, 1, 2, 2, 3, 3, 5, 5, 5, 5, 5, 7, 8, 8, 8, 9, 9, 9, 9, 9, 9, 11, 11, 12, 12, 13, 14, 15, 16, 16, 16, 16, 17, 17, 17, 18, 18, 18, 19, 19, 19, 19, 19, 19, 20, 20, 20, 20, 20, 20, 21, 21, 23, 23, 23, 23, 23, 23, 23, 23, 23, 24, 24], "influence_y": [20, 18, 6, 5, 12, 1, 2, 24, 9, 0, 14, 8], "weights": [[0.014925373134328358], [0.014925373134328358], [0.014925373134328358], [0.014925373134328358], [0.014925373134328358], [0.014925373134328358], [0.014925373134328358], [0.014925373134328358], [0.014925373134328358], [0.014925373134328358], [0.014925373134328358], [0.014925373134328358], [0.014925373134328358], [0.014925373134328358], [0.014925373134328358], [0.014925373134328358], [0.014925373134328358], [0.014925373134328358], [0.014925373134328358], [0.014925373134328358], [0.014925373134328358], [0.014925373134328358], [0.014925373134328358], [0.014925373134328358], [0.014925373134328358], [0.014925373134328358], [0.014925373134328358], [0.014925373134328358], [0.014925373134328358], [0.014925373134328358], [0.014925373134328358], [0.014925373134328358], [0.014925373134328358], [0.014925373134328358], [0.014925373134328358], [0.014925373134328358], [0.014925373134328358], [0.014925373134328358], [0.014925373134328358], [0.014925373134328358], [0.014925373134328358], [0.014925373134328358], [0.014925373134328358], [0.014925373134328358], [0.014925373134328358], [0.014925373134328358], [0.014925373134328358], [0.014925373134328358], [0.014925373134328358], [0.014925373134328358], [0.014925373134328358], [0.014925373134328358], [0.014925373134328358], [0.014925373134328358], [0.014925373134328358], [0.014925373134328358], [0.014925373134328358], [0.014925373134328358], [0.014925373134328358], [0.014925373134328358], [0.014925373134328358], [0.014925373134328358], [0.014925373134328358], [0.014925373134328358], [0.014925373134328358], [0.014925373134328358], [0.014925373134328358]]}