{"from": [6, 2, 22, 0, 7, 4, 0, 14, 13, 15, 6, 11, 4, 1, 3, 13, 5, 3, 10, 12, 5, 11, 3, 7, 8, 11, 10, 14, 8, 3, 7, 22, 15, 5, 9, 3, 9, 13, 5, 24, 22, 23, 19, 21, 24, 16, 22, 23, 21, 8, 18, 24, 22, 23, 19, 21, 12, 24, 22, 3, 8, 10, 24, 17, 9, 22, 21, 8, 15], "to": [1, 1, 1, 1, 1, 2, 2, 2, 3, 3, 4, 5, 5, 5, 6, 7, 8, 8, 9, 9, 9, 9, 9, 9, 9, 10, 11, 12, 12, 12, 13, 14, 14, 16, 16, 16, 17, 18, 18, 18, 18, 18, 18, 18, 19, 19, 19, 19, 19, 19, 20, 20, 20, 20, 20, 20, 21, 21, 21, 21, 21, 23, 23, 23, 23, 23, 23, 24, 24], "influence_y": [13, 6, 5, 15, 1, 2, 9, 3, 14], "weights": [[0.014492753623188406], [0.014492753623188406], [0.014492753623188406], [0.014492753623188406], [0.014492753623188406], [0.014492753623188406], [0.014492753623188406], [0.014492753623188406], [0.014492753623188406], [0.014492753623188406], [0.014492753623188406], [0.014492753623188406], [0.014492753623188406], [0.014492753623188406], [0.014492753623188406], [0.014492753623188406], [0.014492753623188406], [0.014492753623188406], [0.014492753623188406], [0.014492753623188406], [0.014492753623188406], [0.014492753623188406], [0.014492753623188406], [0.014492753623188406], [0.014492753623188406], [0.014492753623188406], [0.014492753623188406], [0.014492753623188406], [0.014492753623188406], [0.014492753623188406], [0.014492753623188406], [0.014492753623188406], [0.014492753623188406], [0.014492753623188406], [0.014492753623188406], [0.014492753623188406], [0.014492753623188406], [0.014492753623188406], [0.014492753623188406], [0.014492753623188406], [0.014492753623188406], [0.014492753623188406], [0.014492753623188406], [0.014492753623188406], [0.014492753623188406], [0.014492753623188406], [0.014492753623188406], [0.014492753623188406], [0.014492753623188406], [0.014492753623188406], [0.014492753623188406], [0.014492753623188406], [0.014492753623188406], [0.014492753623188406], [0.014492753623188406], [0.014492753623188406], [0.014492753623188406], [0.014492753623188406], [0.014492753623188406], [0.014492753623188406], [0.014492753623188406], [0.014492753623188406], [0.014492753623188406], [0.014492753623188406], [0.014492753623188406], [0.014492753623188406], [0.014492753623188406], [0.014492753623188406], [0.014492753623188406]]}