{"from": [6, 20, 0, 7, 2, 18, 23, 0, 4, 13, 5, 3, 8, 14, 19, 4, 12, 22, 19, 21, 12, 19, 5, 10, 11, 3, 8, 11, 5, 14, 3, 14, 7, 0, 7, 22, 12, 19, 5, 21, 7, 9, 3, 9, 23, 19, 5, 13, 21, 24, 22, 14, 19, 21, 18, 23, 24, 22, 3, 19, 19, 6, 5, 13, 21, 18, 9, 24, 22, 21, 22, 19, 15], "to": [1, 1, 1, 1, 1, 1, 2, 2, 2, 3, 4, 5, 5, 5, 5, 6, 8, 8, 8, 8, 9, 9, 9, 9, 9, 9, 9, 10, 11, 11, 12, 12, 13, 13, 14, 14, 15, 16, 16, 16, 16, 16, 16, 17, 17, 18, 18, 18, 18, 18, 18, 19, 20, 20, 20, 20, 20, 20, 21, 21, 23, 23, 23, 23, 23, 23, 23, 23, 23, 24, 24, 24, 24], "influence_y": [12, 6, 0, 16, 5, 13, 10, 15, 4, 3], "weights": [[0.0136986301369863], [0.0136986301369863], [0.0136986301369863], [0.0136986301369863], [0.0136986301369863], [0.0136986301369863], [0.0136986301369863], [0.0136986301369863], [0.0136986301369863], [0.0136986301369863], [0.0136986301369863], [0.0136986301369863], [0.0136986301369863], [0.0136986301369863], [0.0136986301369863], [0.0136986301369863], [0.0136986301369863], [0.0136986301369863], [0.0136986301369863], [0.0136986301369863], [0.0136986301369863], [0.0136986301369863], [0.0136986301369863], [0.0136986301369863], [0.0136986301369863], [0.0136986301369863], [0.0136986301369863], [0.0136986301369863], [0.0136986301369863], [0.0136986301369863], [0.0136986301369863], [0.0136986301369863], [0.0136986301369863], [0.0136986301369863], [0.0136986301369863], [0.0136986301369863], [0.0136986301369863], [0.0136986301369863], [0.0136986301369863], [0.0136986301369863], [0.0136986301369863], [0.0136986301369863], [0.0136986301369863], [0.0136986301369863], [0.0136986301369863], [0.0136986301369863], [0.0136986301369863], [0.0136986301369863], [0.0136986301369863], [0.0136986301369863], [0.0136986301369863], [0.0136986301369863], [0.0136986301369863], [0.0136986301369863], [0.0136986301369863], [0.0136986301369863], [0.0136986301369863], [0.0136986301369863], [0.0136986301369863], [0.0136986301369863], [0.0136986301369863], [0.0136986301369863], [0.0136986301369863], [0.0136986301369863], [0.0136986301369863], [0.0136986301369863], [0.0136986301369863], [0.0136986301369863], [0.0136986301369863], [0.0136986301369863], [0.0136986301369863], [0.0136986301369863], [0.0136986301369863]]}