{"from": [20, 18, 6, 2, 0, 7, 22, 23, 0, 21, 4, 13, 6, 14, 11, 3, 4, 13, 19, 10, 9, 5, 10, 5, 11, 19, 3, 11, 10, 14, 8, 3, 7, 19, 12, 13, 5, 9, 19, 7, 9, 23, 13, 5, 22, 23, 19, 14, 18, 24, 22, 23, 19, 21, 18, 12, 9, 22, 23, 19, 3, 8, 19, 8, 13, 5, 9, 22, 19, 18, 15, 22, 23, 19, 21], "to": [1, 1, 1, 1, 1, 1, 2, 2, 2, 2, 2, 3, 4, 5, 5, 5, 6, 7, 8, 8, 8, 8, 9, 9, 9, 9, 9, 10, 11, 12, 12, 13, 13, 14, 15, 16, 16, 16, 16, 16, 17, 17, 18, 18, 18, 18, 18, 19, 20, 20, 20, 20, 20, 20, 21, 21, 21, 21, 21, 21, 21, 21, 22, 22, 23, 23, 23, 23, 23, 24, 24, 24, 24, 24, 24], "influence_y": [13, 18, 6, 5, 12, 1, 2, 24, 11, 16, 23, 21, 3, 14, 4, 8], "weights": [[0.013333333333333334], [0.013333333333333334], [0.013333333333333334], [0.013333333333333334], [0.013333333333333334], [0.013333333333333334], [0.013333333333333334], [0.013333333333333334], [0.013333333333333334], [0.013333333333333334], [0.013333333333333334], [0.013333333333333334], [0.013333333333333334], [0.013333333333333334], [0.013333333333333334], [0.013333333333333334], [0.013333333333333334], [0.013333333333333334], [0.013333333333333334], [0.013333333333333334], [0.013333333333333334], [0.013333333333333334], [0.013333333333333334], [0.013333333333333334], [0.013333333333333334], [0.013333333333333334], [0.013333333333333334], [0.013333333333333334], [0.013333333333333334], [0.013333333333333334], [0.013333333333333334], [0.013333333333333334], [0.013333333333333334], [0.013333333333333334], [0.013333333333333334], [0.013333333333333334], [0.013333333333333334], [0.013333333333333334], [0.013333333333333334], [0.013333333333333334], [0.013333333333333334], [0.013333333333333334], [0.013333333333333334], [0.013333333333333334], [0.013333333333333334], [0.013333333333333334], [0.013333333333333334], [0.013333333333333334], [0.013333333333333334], [0.013333333333333334], [0.013333333333333334], [0.013333333333333334], [0.013333333333333334], [0.013333333333333334], [0.013333333333333334], [0.013333333333333334], [0.013333333333333334], [0.013333333333333334], [0.013333333333333334], [0.013333333333333334], [0.013333333333333334], [0.013333333333333334], [0.013333333333333334], [0.013333333333333334], [0.013333333333333334], [0.013333333333333334], [0.013333333333333334], [0.013333333333333334], [0.013333333333333334], [0.013333333333333334], [0.013333333333333334], [0.013333333333333334], [0.013333333333333334], [0.013333333333333334], [0.013333333333333334]]}