{"from": [6, 20, 0, 7, 2, 22, 19, 0, 4, 21, 13, 5, 3, 21, 18, 23, 22, 8, 20, 21, 15, 24, 22, 20, 5, 10, 11, 3, 8, 3, 11, 5, 8, 4, 21, 3, 8, 14, 7, 20, 16, 5, 7, 11, 15, 24, 19, 5, 7, 9, 3, 9, 21, 22, 20, 20, 13, 21, 18, 9, 23, 24, 22, 8, 21, 22, 18, 20, 13, 21, 18, 22, 20, 21, 18, 23, 22], "to": [1, 1, 1, 1, 1, 1, 2, 2, 2, 3, 3, 4, 5, 5, 5, 5, 5, 5, 8, 8, 8, 8, 8, 9, 9, 9, 9, 9, 9, 10, 10, 11, 11, 11, 12, 12, 12, 12, 13, 13, 14, 14, 14, 14, 14, 15, 16, 16, 16, 16, 16, 17, 18, 18, 18, 19, 19, 19, 19, 19, 19, 19, 19, 19, 20, 20, 20, 23, 23, 23, 23, 23, 24, 24, 24, 24, 24], "influence_y": [12, 19, 6, 20, 0, 5, 11, 2, 4, 8], "weights": [[0.012987012987012988], [0.012987012987012988], [0.012987012987012988], [0.012987012987012988], [0.012987012987012988], [0.012987012987012988], [0.012987012987012988], [0.012987012987012988], [0.012987012987012988], [0.012987012987012988], [0.012987012987012988], [0.012987012987012988], [0.012987012987012988], [0.012987012987012988], [0.012987012987012988], [0.012987012987012988], [0.012987012987012988], [0.012987012987012988], [0.012987012987012988], [0.012987012987012988], [0.012987012987012988], [0.012987012987012988], [0.012987012987012988], [0.012987012987012988], [0.012987012987012988], [0.012987012987012988], [0.012987012987012988], [0.012987012987012988], [0.012987012987012988], [0.012987012987012988], [0.012987012987012988], [0.012987012987012988], [0.012987012987012988], [0.012987012987012988], [0.012987012987012988], [0.012987012987012988], [0.012987012987012988], [0.012987012987012988], [0.012987012987012988], [0.012987012987012988], [0.012987012987012988], [0.012987012987012988], [0.012987012987012988], [0.012987012987012988], [0.012987012987012988], [0.012987012987012988], [0.012987012987012988], [0.012987012987012988], [0.012987012987012988], [0.012987012987012988], [0.012987012987012988], [0.012987012987012988], [0.012987012987012988], [0.012987012987012988], [0.012987012987012988], [0.012987012987012988], [0.012987012987012988], [0.012987012987012988], [0.012987012987012988], [0.012987012987012988], [0.012987012987012988], [0.012987012987012988], [0.012987012987012988], [0.012987012987012988], [0.012987012987012988], [0.012987012987012988], [0.012987012987012988], [0.012987012987012988], [0.012987012987012988], [0.012987012987012988], [0.012987012987012988], [0.012987012987012988], [0.012987012987012988], [0.012987012987012988], [0.012987012987012988], [0.012987012987012988], [0.012987012987012988]]}