{"from": [20, 6, 24, 2, 0, 7, 4, 0, 16, 2, 4, 0, 13, 5, 3, 10, 5, 11, 16, 3, 8, 10, 16, 8, 8, 15, 15, 3, 20, 22, 12, 15, 8, 24, 3, 3, 23, 19, 22, 24, 16, 22, 24, 18, 6, 24, 22, 23, 19, 21, 18, 24, 22, 19, 3, 8, 8, 13, 18, 5, 24, 9, 22, 19, 21, 8, 15], "to": [1, 1, 1, 1, 1, 1, 2, 2, 3, 5, 5, 5, 7, 8, 8, 9, 9, 9, 9, 9, 9, 11, 11, 11, 12, 12, 13, 13, 14, 14, 14, 14, 15, 15, 16, 17, 17, 18, 18, 18, 19, 19, 19, 20, 20, 20, 20, 20, 20, 20, 21, 21, 21, 21, 21, 21, 22, 23, 23, 23, 23, 23, 23, 23, 23, 24, 24], "influence_y": [12, 5, 6, 2, 11, 16, 0, 3, 7, 14, 8], "weights": [[0.014925373134328358], [0.014925373134328358], [0.014925373134328358], [0.014925373134328358], [0.014925373134328358], [0.014925373134328358], [0.014925373134328358], [0.014925373134328358], [0.014925373134328358], [0.014925373134328358], [0.014925373134328358], [0.014925373134328358], [0.014925373134328358], [0.014925373134328358], [0.014925373134328358], [0.014925373134328358], [0.014925373134328358], [0.014925373134328358], [0.014925373134328358], [0.014925373134328358], [0.014925373134328358], [0.014925373134328358], [0.014925373134328358], [0.014925373134328358], [0.014925373134328358], [0.014925373134328358], [0.014925373134328358], [0.014925373134328358], [0.014925373134328358], [0.014925373134328358], [0.014925373134328358], [0.014925373134328358], [0.014925373134328358], [0.014925373134328358], [0.014925373134328358], [0.014925373134328358], [0.014925373134328358], [0.014925373134328358], [0.014925373134328358], [0.014925373134328358], [0.014925373134328358], [0.014925373134328358], [0.014925373134328358], [0.014925373134328358], [0.014925373134328358], [0.014925373134328358], [0.014925373134328358], [0.014925373134328358], [0.014925373134328358], [0.014925373134328358], [0.014925373134328358], [0.014925373134328358], [0.014925373134328358], [0.014925373134328358], [0.014925373134328358], [0.014925373134328358], [0.014925373134328358], [0.014925373134328358], [0.014925373134328358], [0.014925373134328358], [0.014925373134328358], [0.014925373134328358], [0.014925373134328358], [0.014925373134328358], [0.014925373134328358], [0.014925373134328358], [0.014925373134328358]]}