{"from": [6, 20, 0, 7, 2, 18, 22, 22, 0, 4, 6, 3, 8, 14, 4, 12, 22, 12, 5, 10, 7, 11, 3, 8, 11, 3, 13, 14, 7, 3, 24, 19, 17, 5, 9, 3, 22, 3, 9, 23, 19, 20, 5, 23, 22, 3, 22, 20, 8, 23, 3, 2, 14, 12, 19, 20, 5, 18, 23, 22, 3, 8, 5, 22, 13, 20, 19, 20, 21, 18, 23, 22], "to": [1, 1, 1, 1, 1, 1, 1, 2, 2, 2, 4, 5, 5, 5, 6, 8, 8, 9, 9, 9, 9, 9, 9, 9, 10, 12, 12, 12, 13, 13, 15, 16, 16, 16, 16, 16, 17, 17, 17, 17, 18, 18, 18, 18, 18, 18, 19, 19, 19, 19, 20, 20, 20, 21, 21, 21, 21, 21, 21, 21, 21, 21, 23, 23, 23, 23, 24, 24, 24, 24, 24, 24], "influence_y": [12, 20, 6, 16, 0, 5, 13, 21, 7, 11, 4, 8], "weights": [[0.013888888888888888], [0.013888888888888888], [0.013888888888888888], [0.013888888888888888], [0.013888888888888888], [0.013888888888888888], [0.013888888888888888], [0.013888888888888888], [0.013888888888888888], [0.013888888888888888], [0.013888888888888888], [0.013888888888888888], [0.013888888888888888], [0.013888888888888888], [0.013888888888888888], [0.013888888888888888], [0.013888888888888888], [0.013888888888888888], [0.013888888888888888], [0.013888888888888888], [0.013888888888888888], [0.013888888888888888], [0.013888888888888888], [0.013888888888888888], [0.013888888888888888], [0.013888888888888888], [0.013888888888888888], [0.013888888888888888], [0.013888888888888888], [0.013888888888888888], [0.013888888888888888], [0.013888888888888888], [0.013888888888888888], [0.013888888888888888], [0.013888888888888888], [0.013888888888888888], [0.013888888888888888], [0.013888888888888888], [0.013888888888888888], [0.013888888888888888], [0.013888888888888888], [0.013888888888888888], [0.013888888888888888], [0.013888888888888888], [0.013888888888888888], [0.013888888888888888], [0.013888888888888888], [0.013888888888888888], [0.013888888888888888], [0.013888888888888888], [0.013888888888888888], [0.013888888888888888], [0.013888888888888888], [0.013888888888888888], [0.013888888888888888], [0.013888888888888888], [0.013888888888888888], [0.013888888888888888], [0.013888888888888888], [0.013888888888888888], [0.013888888888888888], [0.013888888888888888], [0.013888888888888888], [0.013888888888888888], [0.013888888888888888], [0.013888888888888888], [0.013888888888888888], [0.013888888888888888], [0.013888888888888888], [0.013888888888888888], [0.013888888888888888], [0.013888888888888888]]}