{"from": [20, 6, 2, 0, 7, 4, 16, 0, 3, 13, 11, 8, 5, 11, 8, 3, 4, 13, 16, 11, 12, 10, 12, 5, 11, 3, 8, 11, 10, 14, 15, 3, 12, 12, 5, 9, 3, 14, 9, 3, 13, 5, 24, 22, 23, 19, 21, 12, 24, 16, 22, 23, 21, 8, 18, 24, 22, 23, 19, 21, 24, 9, 22, 23, 0, 3, 14, 5, 13, 22, 5, 17, 22, 8, 15, 23], "to": [1, 1, 1, 1, 1, 2, 2, 2, 2, 3, 4, 4, 4, 5, 5, 5, 6, 7, 7, 8, 8, 9, 9, 9, 9, 9, 9, 10, 11, 12, 12, 13, 14, 15, 16, 16, 16, 17, 17, 17, 18, 18, 18, 18, 18, 18, 18, 19, 19, 19, 19, 19, 19, 19, 20, 20, 20, 20, 20, 20, 21, 21, 21, 21, 21, 21, 22, 22, 23, 23, 23, 23, 24, 24, 24, 24], "influence_y": [13, 18, 12, 1, 2, 11, 16, 19, 3, 4, 8], "weights": [[0.013157894736842105], [0.013157894736842105], [0.013157894736842105], [0.013157894736842105], [0.013157894736842105], [0.013157894736842105], [0.013157894736842105], [0.013157894736842105], [0.013157894736842105], [0.013157894736842105], [0.013157894736842105], [0.013157894736842105], [0.013157894736842105], [0.013157894736842105], [0.013157894736842105], [0.013157894736842105], [0.013157894736842105], [0.013157894736842105], [0.013157894736842105], [0.013157894736842105], [0.013157894736842105], [0.013157894736842105], [0.013157894736842105], [0.013157894736842105], [0.013157894736842105], [0.013157894736842105], [0.013157894736842105], [0.013157894736842105], [0.013157894736842105], [0.013157894736842105], [0.013157894736842105], [0.013157894736842105], [0.013157894736842105], [0.013157894736842105], [0.013157894736842105], [0.013157894736842105], [0.013157894736842105], [0.013157894736842105], [0.013157894736842105], [0.013157894736842105], [0.013157894736842105], [0.013157894736842105], [0.013157894736842105], [0.013157894736842105], [0.013157894736842105], [0.013157894736842105], [0.013157894736842105], [0.013157894736842105], [0.013157894736842105], [0.013157894736842105], [0.013157894736842105], [0.013157894736842105], [0.013157894736842105], [0.013157894736842105], [0.013157894736842105], [0.013157894736842105], [0.013157894736842105], [0.013157894736842105], [0.013157894736842105], [0.013157894736842105], [0.013157894736842105], [0.013157894736842105], [0.013157894736842105], [0.013157894736842105], [0.013157894736842105], [0.013157894736842105], [0.013157894736842105], [0.013157894736842105], [0.013157894736842105], [0.013157894736842105], [0.013157894736842105], [0.013157894736842105], [0.013157894736842105], [0.013157894736842105], [0.013157894736842105], [0.013157894736842105]]}