{"from": [6, 20, 0, 7, 2, 22, 19, 0, 4, 10, 13, 3, 11, 14, 4, 13, 10, 5, 19, 9, 10, 5, 3, 11, 3, 11, 10, 3, 8, 14, 7, 3, 12, 14, 5, 3, 9, 9, 19, 20, 21, 15, 22, 22, 16, 5, 3, 22, 19, 12, 19, 3, 22, 8, 12, 19, 20, 5, 13, 21, 18, 9, 22, 19, 20, 21, 15, 18, 23, 22], "to": [1, 1, 1, 1, 1, 1, 2, 2, 2, 3, 3, 5, 5, 5, 5, 7, 8, 8, 8, 8, 9, 9, 9, 9, 10, 10, 11, 12, 12, 12, 13, 13, 15, 16, 16, 16, 16, 17, 18, 18, 18, 18, 18, 19, 19, 20, 20, 20, 20, 21, 21, 21, 21, 21, 23, 23, 23, 23, 23, 23, 23, 23, 23, 24, 24, 24, 24, 24, 24, 24], "influence_y": [12, 14, 6, 17, 0, 16, 19, 5, 1, 10, 21, 2, 9, 4, 3, 8], "weights": [[0.014285714285714285], [0.014285714285714285], [0.014285714285714285], [0.014285714285714285], [0.014285714285714285], [0.014285714285714285], [0.014285714285714285], [0.014285714285714285], [0.014285714285714285], [0.014285714285714285], [0.014285714285714285], [0.014285714285714285], [0.014285714285714285], [0.014285714285714285], [0.014285714285714285], [0.014285714285714285], [0.014285714285714285], [0.014285714285714285], [0.014285714285714285], [0.014285714285714285], [0.014285714285714285], [0.014285714285714285], [0.014285714285714285], [0.014285714285714285], [0.014285714285714285], [0.014285714285714285], [0.014285714285714285], [0.014285714285714285], [0.014285714285714285], [0.014285714285714285], [0.014285714285714285], [0.014285714285714285], [0.014285714285714285], [0.014285714285714285], [0.014285714285714285], [0.014285714285714285], [0.014285714285714285], [0.014285714285714285], [0.014285714285714285], [0.014285714285714285], [0.014285714285714285], [0.014285714285714285], [0.014285714285714285], [0.014285714285714285], [0.014285714285714285], [0.014285714285714285], [0.014285714285714285], [0.014285714285714285], [0.014285714285714285], [0.014285714285714285], [0.014285714285714285], [0.014285714285714285], [0.014285714285714285], [0.014285714285714285], [0.014285714285714285], [0.014285714285714285], [0.014285714285714285], [0.014285714285714285], [0.014285714285714285], [0.014285714285714285], [0.014285714285714285], [0.014285714285714285], [0.014285714285714285], [0.014285714285714285], [0.014285714285714285], [0.014285714285714285], [0.014285714285714285], [0.014285714285714285], [0.014285714285714285], [0.014285714285714285]]}