{"from": [12, 14, 6, 19, 5, 7, 2, 4, 6, 20, 0, 7, 2, 4, 21, 17, 6, 21, 22, 23, 13, 16, 10, 9, 12, 12, 5, 10, 11, 3, 10, 5, 14, 15, 3, 15, 17, 22, 15, 3, 9, 21, 22, 20, 23, 20, 16, 21, 18, 15, 23, 22, 8, 5, 13, 9, 21, 22, 17, 19, 20, 21, 15, 18, 23, 22], "to": [0, 0, 0, 0, 0, 0, 0, 0, 1, 1, 1, 1, 1, 2, 3, 3, 4, 5, 5, 5, 7, 7, 8, 8, 8, 9, 9, 9, 9, 9, 11, 11, 12, 12, 13, 13, 14, 14, 14, 16, 16, 18, 18, 18, 18, 19, 19, 19, 19, 19, 19, 19, 19, 20, 20, 20, 23, 23, 23, 24, 24, 24, 24, 24, 24, 24], "influence_y": [14, 6, 0, 16, 5, 10, 4, 22, 3, 8], "weights": [[0.015151515151515152], [0.015151515151515152], [0.015151515151515152], [0.015151515151515152], [0.015151515151515152], [0.015151515151515152], [0.015151515151515152], [0.015151515151515152], [0.015151515151515152], [0.015151515151515152], [0.015151515151515152], [0.015151515151515152], [0.015151515151515152], [0.015151515151515152], [0.015151515151515152], [0.015151515151515152], [0.015151515151515152], [0.015151515151515152], [0.015151515151515152], [0.015151515151515152], [0.015151515151515152], [0.015151515151515152], [0.015151515151515152], [0.015151515151515152], [0.015151515151515152], [0.015151515151515152], [0.015151515151515152], [0.015151515151515152], [0.015151515151515152], [0.015151515151515152], [0.015151515151515152], [0.015151515151515152], [0.015151515151515152], [0.015151515151515152], [0.015151515151515152], [0.015151515151515152], [0.015151515151515152], [0.015151515151515152], [0.015151515151515152], [0.015151515151515152], [0.015151515151515152], [0.015151515151515152], [0.015151515151515152], [0.015151515151515152], [0.015151515151515152], [0.015151515151515152], [0.015151515151515152], [0.015151515151515152], [0.015151515151515152], [0.015151515151515152], [0.015151515151515152], [0.015151515151515152], [0.015151515151515152], [0.015151515151515152], [0.015151515151515152], [0.015151515151515152], [0.015151515151515152], [0.015151515151515152], [0.015151515151515152], [0.015151515151515152], [0.015151515151515152], [0.015151515151515152], [0.015151515151515152], [0.015151515151515152], [0.015151515151515152], [0.015151515151515152]]}