{"from": [6, 20, 0, 2, 18, 0, 4, 21, 6, 3, 11, 8, 14, 4, 13, 16, 12, 22, 19, 21, 19, 5, 10, 11, 3, 8, 11, 8, 14, 21, 3, 15, 0, 22, 15, 5, 3, 9, 19, 3, 9, 19, 3, 21, 24, 22, 21, 22, 19, 21, 18, 23, 24, 22, 3, 19, 5, 21, 18, 9, 24, 22, 3, 19, 21, 15, 22, 8], "to": [1, 1, 1, 1, 1, 2, 2, 3, 4, 5, 5, 5, 5, 6, 7, 7, 8, 8, 8, 8, 9, 9, 9, 9, 9, 9, 10, 11, 12, 13, 13, 13, 13, 14, 14, 16, 16, 16, 16, 17, 17, 18, 18, 18, 18, 18, 19, 19, 20, 20, 20, 20, 20, 20, 21, 23, 23, 23, 23, 23, 23, 23, 23, 24, 24, 24, 24, 24], "influence_y": [12, 6, 0, 16, 5, 13, 1, 11, 2, 4], "weights": [[0.014705882352941176], [0.014705882352941176], [0.014705882352941176], [0.014705882352941176], [0.014705882352941176], [0.014705882352941176], [0.014705882352941176], [0.014705882352941176], [0.014705882352941176], [0.014705882352941176], [0.014705882352941176], [0.014705882352941176], [0.014705882352941176], [0.014705882352941176], [0.014705882352941176], [0.014705882352941176], [0.014705882352941176], [0.014705882352941176], [0.014705882352941176], [0.014705882352941176], [0.014705882352941176], [0.014705882352941176], [0.014705882352941176], [0.014705882352941176], [0.014705882352941176], [0.014705882352941176], [0.014705882352941176], [0.014705882352941176], [0.014705882352941176], [0.014705882352941176], [0.014705882352941176], [0.014705882352941176], [0.014705882352941176], [0.014705882352941176], [0.014705882352941176], [0.014705882352941176], [0.014705882352941176], [0.014705882352941176], [0.014705882352941176], [0.014705882352941176], [0.014705882352941176], [0.014705882352941176], [0.014705882352941176], [0.014705882352941176], [0.014705882352941176], [0.014705882352941176], [0.014705882352941176], [0.014705882352941176], [0.014705882352941176], [0.014705882352941176], [0.014705882352941176], [0.014705882352941176], [0.014705882352941176], [0.014705882352941176], [0.014705882352941176], [0.014705882352941176], [0.014705882352941176], [0.014705882352941176], [0.014705882352941176], [0.014705882352941176], [0.014705882352941176], [0.014705882352941176], [0.014705882352941176], [0.014705882352941176], [0.014705882352941176], [0.014705882352941176], [0.014705882352941176], [0.014705882352941176]]}