{"from": [20, 6, 22, 0, 7, 6, 5, 12, 1, 24, 16, 0, 21, 7, 14, 4, 10, 20, 5, 17, 21, 6, 11, 4, 4, 13, 10, 20, 18, 5, 24, 9, 10, 20, 5, 11, 3, 7, 11, 10, 21, 16, 8, 15, 3, 20, 22, 12, 8, 24, 19, 9, 3, 17, 23, 22, 20, 18, 24, 22, 23, 21, 8, 18, 24, 22, 23, 21, 23, 18, 5, 22, 18, 18, 21, 5, 22, 23, 18, 21, 22], "to": [1, 1, 1, 1, 1, 2, 2, 2, 2, 2, 2, 2, 2, 2, 2, 2, 3, 3, 3, 3, 3, 4, 5, 5, 6, 7, 8, 8, 8, 8, 8, 8, 9, 9, 9, 9, 9, 9, 10, 11, 12, 12, 12, 12, 13, 14, 14, 14, 15, 15, 16, 16, 16, 16, 17, 18, 19, 19, 19, 19, 19, 19, 19, 20, 20, 20, 20, 20, 21, 21, 21, 21, 22, 23, 23, 23, 23, 24, 24, 24, 24], "influence_y": [13, 20, 12, 5, 6, 2, 16, 23, 0, 14, 4], "weights": [[0.012345679012345678], [0.012345679012345678], [0.012345679012345678], [0.012345679012345678], [0.012345679012345678], [0.012345679012345678], [0.012345679012345678], [0.012345679012345678], [0.012345679012345678], [0.012345679012345678], [0.012345679012345678], [0.012345679012345678], [0.012345679012345678], [0.012345679012345678], [0.012345679012345678], [0.012345679012345678], [0.012345679012345678], [0.012345679012345678], [0.012345679012345678], [0.012345679012345678], [0.012345679012345678], [0.012345679012345678], [0.012345679012345678], [0.012345679012345678], [0.012345679012345678], [0.012345679012345678], [0.012345679012345678], [0.012345679012345678], [0.012345679012345678], [0.012345679012345678], [0.012345679012345678], [0.012345679012345678], [0.012345679012345678], [0.012345679012345678], [0.012345679012345678], [0.012345679012345678], [0.012345679012345678], [0.012345679012345678], [0.012345679012345678], [0.012345679012345678], [0.012345679012345678], [0.012345679012345678], [0.012345679012345678], [0.012345679012345678], [0.012345679012345678], [0.012345679012345678], [0.012345679012345678], [0.012345679012345678], [0.012345679012345678], [0.012345679012345678], [0.012345679012345678], [0.012345679012345678], [0.012345679012345678], [0.012345679012345678], [0.012345679012345678], [0.012345679012345678], [0.012345679012345678], [0.012345679012345678], [0.012345679012345678], [0.012345679012345678], [0.012345679012345678], [0.012345679012345678], [0.012345679012345678], [0.012345679012345678], [0.012345679012345678], [0.012345679012345678], [0.012345679012345678], [0.012345679012345678], [0.012345679012345678], [0.012345679012345678], [0.012345679012345678], [0.012345679012345678], [0.012345679012345678], [0.012345679012345678], [0.012345679012345678], [0.012345679012345678], [0.012345679012345678], [0.012345679012345678], [0.012345679012345678], [0.012345679012345678], [0.012345679012345678]]}