{"from": [7, 20, 1, 1, 0, 4, 21, 13, 3, 11, 8, 1, 4, 13, 12, 21, 12, 5, 10, 11, 3, 8, 11, 8, 3, 12, 5, 3, 14, 5, 13, 9, 23, 21, 7, 22, 24, 14, 16, 21, 18, 23, 24, 22, 3, 8, 19, 21, 18, 23, 24, 22, 3, 21, 5, 14, 5, 13, 21, 18, 24, 22, 15, 8], "to": [0, 0, 0, 2, 2, 2, 3, 3, 5, 5, 5, 6, 6, 7, 8, 8, 9, 9, 9, 9, 9, 9, 10, 11, 13, 14, 14, 14, 15, 16, 16, 16, 17, 18, 18, 18, 18, 19, 19, 19, 19, 19, 19, 19, 19, 19, 20, 20, 20, 20, 20, 20, 21, 22, 22, 22, 23, 23, 23, 23, 23, 23, 24, 24], "influence_y": [14, 20, 17, 0, 6, 16, 1, 7, 2, 24, 22, 8], "weights": [[0.015625], [0.015625], [0.015625], [0.015625], [0.015625], [0.015625], [0.015625], [0.015625], [0.015625], [0.015625], [0.015625], [0.015625], [0.015625], [0.015625], [0.015625], [0.015625], [0.015625], [0.015625], [0.015625], [0.015625], [0.015625], [0.015625], [0.015625], [0.015625], [0.015625], [0.015625], [0.015625], [0.015625], [0.015625], [0.015625], [0.015625], [0.015625], [0.015625], [0.015625], [0.015625], [0.015625], [0.015625], [0.015625], [0.015625], [0.015625], [0.015625], [0.015625], [0.015625], [0.015625], [0.015625], [0.015625], [0.015625], [0.015625], [0.015625], [0.015625], [0.015625], [0.015625], [0.015625], [0.015625], [0.015625], [0.015625], [0.015625], [0.015625], [0.015625], [0.015625], [0.015625], [0.015625], [0.015625], [0.015625]]}