{"from": [6, 20, 1, 7, 4, 19, 0, 4, 21, 5, 6, 8, 6, 21, 22, 5, 13, 12, 5, 21, 5, 10, 11, 3, 8, 10, 23, 15, 3, 12, 22, 15, 16, 12, 12, 3, 1, 9, 9, 21, 22, 24, 14, 16, 13, 21, 18, 23, 24, 22, 8, 19, 21, 18, 23, 24, 22, 5, 21, 18, 24, 22, 21, 22, 15, 8], "to": [0, 0, 0, 0, 0, 2, 2, 2, 3, 3, 3, 3, 4, 5, 5, 6, 7, 8, 8, 8, 9, 9, 9, 9, 9, 11, 11, 12, 13, 14, 14, 14, 14, 15, 16, 16, 16, 16, 17, 18, 18, 18, 19, 19, 19, 19, 19, 19, 19, 19, 19, 20, 20, 20, 20, 20, 20, 23, 23, 23, 23, 23, 24, 24, 24, 24], "influence_y": [12, 6, 16, 23, 5, 1, 10, 11, 4, 3, 8], "weights": [[0.015151515151515152], [0.015151515151515152], [0.015151515151515152], [0.015151515151515152], [0.015151515151515152], [0.015151515151515152], [0.015151515151515152], [0.015151515151515152], [0.015151515151515152], [0.015151515151515152], [0.015151515151515152], [0.015151515151515152], [0.015151515151515152], [0.015151515151515152], [0.015151515151515152], [0.015151515151515152], [0.015151515151515152], [0.015151515151515152], [0.015151515151515152], [0.015151515151515152], [0.015151515151515152], [0.015151515151515152], [0.015151515151515152], [0.015151515151515152], [0.015151515151515152], [0.015151515151515152], [0.015151515151515152], [0.015151515151515152], [0.015151515151515152], [0.015151515151515152], [0.015151515151515152], [0.015151515151515152], [0.015151515151515152], [0.015151515151515152], [0.015151515151515152], [0.015151515151515152], [0.015151515151515152], [0.015151515151515152], [0.015151515151515152], [0.015151515151515152], [0.015151515151515152], [0.015151515151515152], [0.015151515151515152], [0.015151515151515152], [0.015151515151515152], [0.015151515151515152], [0.015151515151515152], [0.015151515151515152], [0.015151515151515152], [0.015151515151515152], [0.015151515151515152], [0.015151515151515152], [0.015151515151515152], [0.015151515151515152], [0.015151515151515152], [0.015151515151515152], [0.015151515151515152], [0.015151515151515152], [0.015151515151515152], [0.015151515151515152], [0.015151515151515152], [0.015151515151515152], [0.015151515151515152], [0.015151515151515152], [0.015151515151515152], [0.015151515151515152]]}