{"from": [6, 20, 0, 7, 2, 0, 4, 10, 21, 17, 12, 14, 10, 21, 23, 3, 8, 13, 12, 22, 21, 12, 5, 10, 11, 3, 8, 10, 8, 23, 14, 15, 3, 15, 23, 12, 12, 5, 3, 9, 19, 23, 19, 5, 13, 21, 23, 24, 22, 14, 21, 9, 23, 24, 22, 8, 19, 21, 18, 23, 24, 22, 21, 22, 8, 24, 15, 8], "to": [1, 1, 1, 1, 1, 2, 2, 3, 3, 3, 3, 5, 5, 5, 5, 5, 5, 7, 8, 8, 8, 9, 9, 9, 9, 9, 9, 11, 11, 11, 12, 12, 13, 13, 13, 14, 15, 16, 16, 16, 16, 17, 18, 18, 18, 18, 18, 18, 18, 19, 19, 19, 19, 19, 19, 19, 20, 20, 20, 20, 20, 20, 23, 23, 23, 23, 24, 24], "influence_y": [14, 6, 17, 16, 23, 5, 1, 10, 2, 15, 9, 4], "weights": [[0.014705882352941176], [0.014705882352941176], [0.014705882352941176], [0.014705882352941176], [0.014705882352941176], [0.014705882352941176], [0.014705882352941176], [0.014705882352941176], [0.014705882352941176], [0.014705882352941176], [0.014705882352941176], [0.014705882352941176], [0.014705882352941176], [0.014705882352941176], [0.014705882352941176], [0.014705882352941176], [0.014705882352941176], [0.014705882352941176], [0.014705882352941176], [0.014705882352941176], [0.014705882352941176], [0.014705882352941176], [0.014705882352941176], [0.014705882352941176], [0.014705882352941176], [0.014705882352941176], [0.014705882352941176], [0.014705882352941176], [0.014705882352941176], [0.014705882352941176], [0.014705882352941176], [0.014705882352941176], [0.014705882352941176], [0.014705882352941176], [0.014705882352941176], [0.014705882352941176], [0.014705882352941176], [0.014705882352941176], [0.014705882352941176], [0.014705882352941176], [0.014705882352941176], [0.014705882352941176], [0.014705882352941176], [0.014705882352941176], [0.014705882352941176], [0.014705882352941176], [0.014705882352941176], [0.014705882352941176], [0.014705882352941176], [0.014705882352941176], [0.014705882352941176], [0.014705882352941176], [0.014705882352941176], [0.014705882352941176], [0.014705882352941176], [0.014705882352941176], [0.014705882352941176], [0.014705882352941176], [0.014705882352941176], [0.014705882352941176], [0.014705882352941176], [0.014705882352941176], [0.014705882352941176], [0.014705882352941176], [0.014705882352941176], [0.014705882352941176], [0.014705882352941176], [0.014705882352941176]]}