{"from": [21, 6, 20, 0, 7, 2, 24, 22, 23, 0, 4, 12, 13, 3, 21, 18, 23, 22, 8, 13, 12, 19, 21, 4, 22, 20, 5, 10, 11, 3, 8, 11, 13, 5, 14, 3, 7, 3, 12, 5, 24, 14, 8, 3, 9, 19, 8, 23, 21, 22, 18, 19, 21, 18, 23, 24, 22, 3, 18, 19, 21, 18, 22, 3, 8, 19, 20, 21, 18, 23, 22], "to": [0, 1, 1, 1, 1, 1, 1, 1, 2, 2, 2, 3, 3, 5, 5, 5, 5, 5, 5, 7, 8, 8, 8, 8, 8, 9, 9, 9, 9, 9, 9, 10, 10, 11, 11, 12, 13, 13, 14, 14, 15, 15, 15, 16, 16, 16, 17, 17, 19, 19, 19, 20, 20, 20, 20, 20, 20, 21, 21, 23, 23, 23, 23, 23, 23, 24, 24, 24, 24, 24, 24], "influence_y": [12, 14, 6, 19, 16, 0, 5, 7, 2, 9, 4, 24, 8], "weights": [[0.014084507042253521], [0.014084507042253521], [0.014084507042253521], [0.014084507042253521], [0.014084507042253521], [0.014084507042253521], [0.014084507042253521], [0.014084507042253521], [0.014084507042253521], [0.014084507042253521], [0.014084507042253521], [0.014084507042253521], [0.014084507042253521], [0.014084507042253521], [0.014084507042253521], [0.014084507042253521], [0.014084507042253521], [0.014084507042253521], [0.014084507042253521], [0.014084507042253521], [0.014084507042253521], [0.014084507042253521], [0.014084507042253521], [0.014084507042253521], [0.014084507042253521], [0.014084507042253521], [0.014084507042253521], [0.014084507042253521], [0.014084507042253521], [0.014084507042253521], [0.014084507042253521], [0.014084507042253521], [0.014084507042253521], [0.014084507042253521], [0.014084507042253521], [0.014084507042253521], [0.014084507042253521], [0.014084507042253521], [0.014084507042253521], [0.014084507042253521], [0.014084507042253521], [0.014084507042253521], [0.014084507042253521], [0.014084507042253521], [0.014084507042253521], [0.014084507042253521], [0.014084507042253521], [0.014084507042253521], [0.014084507042253521], [0.014084507042253521], [0.014084507042253521], [0.014084507042253521], [0.014084507042253521], [0.014084507042253521], [0.014084507042253521], [0.014084507042253521], [0.014084507042253521], [0.014084507042253521], [0.014084507042253521], [0.014084507042253521], [0.014084507042253521], [0.014084507042253521], [0.014084507042253521], [0.014084507042253521], [0.014084507042253521], [0.014084507042253521], [0.014084507042253521], [0.014084507042253521], [0.014084507042253521], [0.014084507042253521], [0.014084507042253521]]}