{"from": [6, 20, 0, 7, 2, 22, 8, 19, 0, 4, 6, 0, 13, 21, 4, 8, 5, 21, 22, 13, 18, 23, 12, 19, 5, 21, 23, 22, 12, 19, 5, 10, 21, 11, 23, 3, 8, 11, 5, 8, 4, 15, 21, 7, 19, 15, 24, 5, 3, 9, 19, 3, 9, 23, 21, 22, 19, 13, 19, 21, 18, 23, 24, 22, 19, 5, 13, 21, 18, 22, 19, 20, 21, 18, 23, 22], "to": [1, 1, 1, 1, 1, 1, 2, 2, 2, 2, 3, 3, 3, 3, 3, 3, 4, 5, 5, 5, 5, 6, 8, 8, 8, 8, 8, 8, 9, 9, 9, 9, 9, 9, 9, 9, 9, 10, 11, 11, 11, 12, 13, 13, 14, 14, 15, 16, 16, 16, 16, 17, 17, 17, 18, 18, 18, 18, 20, 20, 20, 20, 20, 20, 23, 23, 23, 23, 23, 23, 24, 24, 24, 24, 24, 24], "influence_y": [12, 14, 6, 16, 0, 5, 10, 7, 2, 4, 3], "weights": [[0.013157894736842105], [0.013157894736842105], [0.013157894736842105], [0.013157894736842105], [0.013157894736842105], [0.013157894736842105], [0.013157894736842105], [0.013157894736842105], [0.013157894736842105], [0.013157894736842105], [0.013157894736842105], [0.013157894736842105], [0.013157894736842105], [0.013157894736842105], [0.013157894736842105], [0.013157894736842105], [0.013157894736842105], [0.013157894736842105], [0.013157894736842105], [0.013157894736842105], [0.013157894736842105], [0.013157894736842105], [0.013157894736842105], [0.013157894736842105], [0.013157894736842105], [0.013157894736842105], [0.013157894736842105], [0.013157894736842105], [0.013157894736842105], [0.013157894736842105], [0.013157894736842105], [0.013157894736842105], [0.013157894736842105], [0.013157894736842105], [0.013157894736842105], [0.013157894736842105], [0.013157894736842105], [0.013157894736842105], [0.013157894736842105], [0.013157894736842105], [0.013157894736842105], [0.013157894736842105], [0.013157894736842105], [0.013157894736842105], [0.013157894736842105], [0.013157894736842105], [0.013157894736842105], [0.013157894736842105], [0.013157894736842105], [0.013157894736842105], [0.013157894736842105], [0.013157894736842105], [0.013157894736842105], [0.013157894736842105], [0.013157894736842105], [0.013157894736842105], [0.013157894736842105], [0.013157894736842105], [0.013157894736842105], [0.013157894736842105], [0.013157894736842105], [0.013157894736842105], [0.013157894736842105], [0.013157894736842105], [0.013157894736842105], [0.013157894736842105], [0.013157894736842105], [0.013157894736842105], [0.013157894736842105], [0.013157894736842105], [0.013157894736842105], [0.013157894736842105], [0.013157894736842105], [0.013157894736842105], [0.013157894736842105], [0.013157894736842105]]}