{"from": [7, 6, 1, 20, 14, 6, 0, 16, 1, 4, 24, 22, 3, 8, 13, 5, 3, 18, 8, 23, 1, 4, 14, 13, 12, 22, 24, 12, 5, 10, 11, 3, 8, 13, 10, 5, 14, 3, 14, 10, 7, 3, 7, 12, 14, 24, 5, 3, 9, 19, 22, 9, 22, 13, 23, 14, 13, 21, 18, 9, 23, 24, 22, 8, 19, 21, 18, 23, 24, 22, 12, 5, 18, 9, 23, 24, 22, 3, 23, 22, 22, 18, 23], "to": [0, 0, 0, 0, 2, 2, 2, 2, 2, 2, 2, 2, 2, 2, 3, 4, 5, 5, 5, 5, 6, 6, 7, 7, 8, 8, 8, 9, 9, 9, 9, 9, 9, 10, 11, 11, 11, 12, 12, 13, 13, 13, 14, 15, 15, 15, 16, 16, 16, 16, 17, 17, 18, 18, 18, 19, 19, 19, 19, 19, 19, 19, 19, 19, 20, 20, 20, 20, 20, 20, 21, 21, 21, 21, 21, 21, 21, 21, 22, 23, 24, 24, 24], "influence_y": [14, 20, 6, 16, 23, 1, 21, 10, 11, 2, 15, 4, 8], "weights": [[0.012048192771084338], [0.012048192771084338], [0.012048192771084338], [0.012048192771084338], [0.012048192771084338], [0.012048192771084338], [0.012048192771084338], [0.012048192771084338], [0.012048192771084338], [0.012048192771084338], [0.012048192771084338], [0.012048192771084338], [0.012048192771084338], [0.012048192771084338], [0.012048192771084338], [0.012048192771084338], [0.012048192771084338], [0.012048192771084338], [0.012048192771084338], [0.012048192771084338], [0.012048192771084338], [0.012048192771084338], [0.012048192771084338], [0.012048192771084338], [0.012048192771084338], [0.012048192771084338], [0.012048192771084338], [0.012048192771084338], [0.012048192771084338], [0.012048192771084338], [0.012048192771084338], [0.012048192771084338], [0.012048192771084338], [0.012048192771084338], [0.012048192771084338], [0.012048192771084338], [0.012048192771084338], [0.012048192771084338], [0.012048192771084338], [0.012048192771084338], [0.012048192771084338], [0.012048192771084338], [0.012048192771084338], [0.012048192771084338], [0.012048192771084338], [0.012048192771084338], [0.012048192771084338], [0.012048192771084338], [0.012048192771084338], [0.012048192771084338], [0.012048192771084338], [0.012048192771084338], [0.012048192771084338], [0.012048192771084338], [0.012048192771084338], [0.012048192771084338], [0.012048192771084338], [0.012048192771084338], [0.012048192771084338], [0.012048192771084338], [0.012048192771084338], [0.012048192771084338], [0.012048192771084338], [0.012048192771084338], [0.012048192771084338], [0.012048192771084338], [0.012048192771084338], [0.012048192771084338], [0.012048192771084338], [0.012048192771084338], [0.012048192771084338], [0.012048192771084338], [0.012048192771084338], [0.012048192771084338], [0.012048192771084338], [0.012048192771084338], [0.012048192771084338], [0.012048192771084338], [0.012048192771084338], [0.012048192771084338], [0.012048192771084338], [0.012048192771084338], [0.012048192771084338]]}