{"from": [6, 0, 7, 2, 22, 0, 4, 12, 5, 11, 6, 11, 4, 4, 13, 5, 3, 12, 5, 10, 11, 3, 8, 11, 10, 3, 12, 20, 12, 14, 24, 5, 13, 7, 9, 14, 3, 9, 16, 21, 18, 22, 8, 19, 10, 21, 18, 9, 23, 22, 12, 5, 18, 22, 3, 8, 5, 18, 19, 6, 5, 13, 21, 18, 9, 22, 19, 20, 21, 18, 23, 22, 8], "to": [1, 1, 1, 1, 1, 2, 2, 3, 3, 3, 4, 5, 5, 6, 7, 8, 8, 9, 9, 9, 9, 9, 9, 10, 11, 13, 14, 14, 15, 15, 15, 16, 16, 16, 16, 17, 17, 17, 19, 19, 19, 19, 19, 20, 20, 20, 20, 20, 20, 20, 21, 21, 21, 21, 21, 21, 22, 22, 23, 23, 23, 23, 23, 23, 23, 23, 24, 24, 24, 24, 24, 24, 24], "influence_y": [6, 0, 5, 1, 7, 2, 18, 9, 22, 3, 8], "weights": [[0.0136986301369863], [0.0136986301369863], [0.0136986301369863], [0.0136986301369863], [0.0136986301369863], [0.0136986301369863], [0.0136986301369863], [0.0136986301369863], [0.0136986301369863], [0.0136986301369863], [0.0136986301369863], [0.0136986301369863], [0.0136986301369863], [0.0136986301369863], [0.0136986301369863], [0.0136986301369863], [0.0136986301369863], [0.0136986301369863], [0.0136986301369863], [0.0136986301369863], [0.0136986301369863], [0.0136986301369863], [0.0136986301369863], [0.0136986301369863], [0.0136986301369863], [0.0136986301369863], [0.0136986301369863], [0.0136986301369863], [0.0136986301369863], [0.0136986301369863], [0.0136986301369863], [0.0136986301369863], [0.0136986301369863], [0.0136986301369863], [0.0136986301369863], [0.0136986301369863], [0.0136986301369863], [0.0136986301369863], [0.0136986301369863], [0.0136986301369863], [0.0136986301369863], [0.0136986301369863], [0.0136986301369863], [0.0136986301369863], [0.0136986301369863], [0.0136986301369863], [0.0136986301369863], [0.0136986301369863], [0.0136986301369863], [0.0136986301369863], [0.0136986301369863], [0.0136986301369863], [0.0136986301369863], [0.0136986301369863], [0.0136986301369863], [0.0136986301369863], [0.0136986301369863], [0.0136986301369863], [0.0136986301369863], [0.0136986301369863], [0.0136986301369863], [0.0136986301369863], [0.0136986301369863], [0.0136986301369863], [0.0136986301369863], [0.0136986301369863], [0.0136986301369863], [0.0136986301369863], [0.0136986301369863], [0.0136986301369863], [0.0136986301369863], [0.0136986301369863], [0.0136986301369863]]}