{"from": [11, 6, 20, 0, 7, 2, 23, 24, 22, 0, 4, 23, 24, 22, 12, 21, 5, 14, 19, 11, 24, 3, 8, 13, 16, 12, 22, 21, 24, 5, 10, 11, 3, 8, 10, 8, 14, 15, 3, 12, 15, 24, 24, 19, 9, 9, 23, 21, 22, 24, 3, 21, 18, 24, 22, 8, 19, 21, 18, 23, 24, 22, 19, 5, 13, 10, 21, 18, 9, 24, 22, 21, 22, 18], "to": [0, 1, 1, 1, 1, 1, 1, 1, 1, 2, 2, 2, 2, 2, 3, 3, 4, 5, 5, 5, 5, 5, 5, 7, 7, 8, 8, 8, 8, 9, 9, 9, 9, 9, 11, 11, 12, 12, 13, 14, 14, 15, 16, 16, 16, 17, 17, 18, 18, 18, 19, 19, 19, 19, 19, 19, 20, 20, 20, 20, 20, 20, 23, 23, 23, 23, 23, 23, 23, 23, 23, 24, 24, 24], "influence_y": [12, 6, 0, 16, 23, 5, 1, 10, 7, 2, 9, 4, 24, 3, 8], "weights": [[0.013513513513513514], [0.013513513513513514], [0.013513513513513514], [0.013513513513513514], [0.013513513513513514], [0.013513513513513514], [0.013513513513513514], [0.013513513513513514], [0.013513513513513514], [0.013513513513513514], [0.013513513513513514], [0.013513513513513514], [0.013513513513513514], [0.013513513513513514], [0.013513513513513514], [0.013513513513513514], [0.013513513513513514], [0.013513513513513514], [0.013513513513513514], [0.013513513513513514], [0.013513513513513514], [0.013513513513513514], [0.013513513513513514], [0.013513513513513514], [0.013513513513513514], [0.013513513513513514], [0.013513513513513514], [0.013513513513513514], [0.013513513513513514], [0.013513513513513514], [0.013513513513513514], [0.013513513513513514], [0.013513513513513514], [0.013513513513513514], [0.013513513513513514], [0.013513513513513514], [0.013513513513513514], [0.013513513513513514], [0.013513513513513514], [0.013513513513513514], [0.013513513513513514], [0.013513513513513514], [0.013513513513513514], [0.013513513513513514], [0.013513513513513514], [0.013513513513513514], [0.013513513513513514], [0.013513513513513514], [0.013513513513513514], [0.013513513513513514], [0.013513513513513514], [0.013513513513513514], [0.013513513513513514], [0.013513513513513514], [0.013513513513513514], [0.013513513513513514], [0.013513513513513514], [0.013513513513513514], [0.013513513513513514], [0.013513513513513514], [0.013513513513513514], [0.013513513513513514], [0.013513513513513514], [0.013513513513513514], [0.013513513513513514], [0.013513513513513514], [0.013513513513513514], [0.013513513513513514], [0.013513513513513514], [0.013513513513513514], [0.013513513513513514], [0.013513513513513514], [0.013513513513513514], [0.013513513513513514]]}