{"from": [12, 6, 24, 2, 22, 0, 7, 4, 0, 22, 10, 20, 6, 17, 1, 19, 21, 4, 6, 11, 4, 8, 4, 12, 24, 11, 22, 19, 10, 20, 5, 11, 19, 0, 3, 7, 8, 11, 10, 0, 0, 3, 7, 5, 11, 12, 3, 14, 12, 12, 24, 1, 9, 3, 7, 19, 0, 24, 22, 22, 24, 18, 24, 2, 22, 19, 8, 20, 18, 24, 22, 19, 8, 19, 24, 13, 20, 18, 12, 5, 24, 9, 22, 19, 21, 19, 22], "to": [0, 1, 1, 1, 1, 1, 1, 2, 2, 2, 3, 3, 3, 3, 3, 3, 3, 3, 4, 5, 5, 5, 6, 8, 8, 8, 8, 8, 9, 9, 9, 9, 9, 9, 9, 9, 9, 10, 11, 12, 13, 13, 13, 14, 14, 14, 14, 15, 15, 16, 16, 16, 16, 16, 16, 18, 18, 18, 18, 19, 19, 20, 20, 20, 20, 20, 20, 21, 21, 21, 21, 21, 21, 22, 22, 23, 23, 23, 23, 23, 23, 23, 23, 23, 23, 24, 24], "influence_y": [13, 20, 6, 5, 12, 1, 24, 16, 9, 22, 19, 3, 7, 4], "weights": [[0.011494252873563218], [0.011494252873563218], [0.011494252873563218], [0.011494252873563218], [0.011494252873563218], [0.011494252873563218], [0.011494252873563218], [0.011494252873563218], [0.011494252873563218], [0.011494252873563218], [0.011494252873563218], [0.011494252873563218], [0.011494252873563218], [0.011494252873563218], [0.011494252873563218], [0.011494252873563218], [0.011494252873563218], [0.011494252873563218], [0.011494252873563218], [0.011494252873563218], [0.011494252873563218], [0.011494252873563218], [0.011494252873563218], [0.011494252873563218], [0.011494252873563218], [0.011494252873563218], [0.011494252873563218], [0.011494252873563218], [0.011494252873563218], [0.011494252873563218], [0.011494252873563218], [0.011494252873563218], [0.011494252873563218], [0.011494252873563218], [0.011494252873563218], [0.011494252873563218], [0.011494252873563218], [0.011494252873563218], [0.011494252873563218], [0.011494252873563218], [0.011494252873563218], [0.011494252873563218], [0.011494252873563218], [0.011494252873563218], [0.011494252873563218], [0.011494252873563218], [0.011494252873563218], [0.011494252873563218], [0.011494252873563218], [0.011494252873563218], [0.011494252873563218], [0.011494252873563218], [0.011494252873563218], [0.011494252873563218], [0.011494252873563218], [0.011494252873563218], [0.011494252873563218], [0.011494252873563218], [0.011494252873563218], [0.011494252873563218], [0.011494252873563218], [0.011494252873563218], [0.011494252873563218], [0.011494252873563218], [0.011494252873563218], [0.011494252873563218], [0.011494252873563218], [0.011494252873563218], [0.011494252873563218], [0.011494252873563218], [0.011494252873563218], [0.011494252873563218], [0.011494252873563218], [0.011494252873563218], [0.011494252873563218], [0.011494252873563218], [0.011494252873563218], [0.011494252873563218], [0.011494252873563218], [0.011494252873563218], [0.011494252873563218], [0.011494252873563218], [0.011494252873563218], [0.011494252873563218], [0.011494252873563218], [0.011494252873563218], [0.011494252873563218]]}