{"from": [20, 6, 2, 0, 7, 4, 0, 23, 22, 23, 21, 3, 14, 8, 13, 16, 21, 22, 12, 10, 12, 5, 11, 3, 8, 11, 5, 14, 3, 15, 0, 3, 12, 5, 9, 3, 9, 23, 13, 5, 24, 22, 23, 21, 13, 18, 24, 16, 22, 23, 21, 14, 8, 18, 24, 22, 23, 19, 21, 21, 22, 8, 24, 8, 15], "to": [1, 1, 1, 1, 1, 2, 2, 2, 5, 5, 5, 5, 5, 5, 7, 7, 8, 8, 8, 9, 9, 9, 9, 9, 9, 10, 11, 12, 12, 13, 13, 13, 15, 16, 16, 16, 17, 17, 18, 18, 18, 18, 18, 18, 19, 19, 19, 19, 19, 19, 19, 19, 19, 20, 20, 20, 20, 20, 20, 23, 23, 23, 23, 24, 24], "influence_y": [13, 10, 18, 6, 5, 12, 17, 2, 16, 0, 14, 4, 8], "weights": [[0.015384615384615385], [0.015384615384615385], [0.015384615384615385], [0.015384615384615385], [0.015384615384615385], [0.015384615384615385], [0.015384615384615385], [0.015384615384615385], [0.015384615384615385], [0.015384615384615385], [0.015384615384615385], [0.015384615384615385], [0.015384615384615385], [0.015384615384615385], [0.015384615384615385], [0.015384615384615385], [0.015384615384615385], [0.015384615384615385], [0.015384615384615385], [0.015384615384615385], [0.015384615384615385], [0.015384615384615385], [0.015384615384615385], [0.015384615384615385], [0.015384615384615385], [0.015384615384615385], [0.015384615384615385], [0.015384615384615385], [0.015384615384615385], [0.015384615384615385], [0.015384615384615385], [0.015384615384615385], [0.015384615384615385], [0.015384615384615385], [0.015384615384615385], [0.015384615384615385], [0.015384615384615385], [0.015384615384615385], [0.015384615384615385], [0.015384615384615385], [0.015384615384615385], [0.015384615384615385], [0.015384615384615385], [0.015384615384615385], [0.015384615384615385], [0.015384615384615385], [0.015384615384615385], [0.015384615384615385], [0.015384615384615385], [0.015384615384615385], [0.015384615384615385], [0.015384615384615385], [0.015384615384615385], [0.015384615384615385], [0.015384615384615385], [0.015384615384615385], [0.015384615384615385], [0.015384615384615385], [0.015384615384615385], [0.015384615384615385], [0.015384615384615385], [0.015384615384615385], [0.015384615384615385], [0.015384615384615385], [0.015384615384615385]]}