{"from": [12, 6, 20, 0, 7, 2, 0, 4, 13, 5, 14, 3, 21, 23, 22, 13, 16, 10, 5, 22, 9, 10, 5, 3, 11, 11, 5, 3, 14, 3, 8, 14, 3, 23, 12, 24, 10, 3, 9, 3, 9, 20, 5, 21, 23, 22, 20, 16, 21, 18, 23, 22, 8, 14, 13, 9, 23, 22, 3, 23, 13, 19, 20, 21, 18, 23, 22], "to": [0, 1, 1, 1, 1, 1, 2, 2, 3, 4, 5, 5, 5, 5, 5, 7, 7, 8, 8, 8, 8, 9, 9, 9, 9, 10, 11, 11, 11, 12, 12, 12, 13, 13, 15, 15, 16, 16, 16, 17, 17, 18, 18, 18, 18, 18, 19, 19, 19, 19, 19, 19, 19, 20, 20, 20, 20, 20, 21, 21, 23, 24, 24, 24, 24, 24, 24], "influence_y": [14, 6, 17, 0, 16, 13, 1, 21, 7, 2, 18, 9, 4, 22, 3, 8], "weights": [[0.014925373134328358], [0.014925373134328358], [0.014925373134328358], [0.014925373134328358], [0.014925373134328358], [0.014925373134328358], [0.014925373134328358], [0.014925373134328358], [0.014925373134328358], [0.014925373134328358], [0.014925373134328358], [0.014925373134328358], [0.014925373134328358], [0.014925373134328358], [0.014925373134328358], [0.014925373134328358], [0.014925373134328358], [0.014925373134328358], [0.014925373134328358], [0.014925373134328358], [0.014925373134328358], [0.014925373134328358], [0.014925373134328358], [0.014925373134328358], [0.014925373134328358], [0.014925373134328358], [0.014925373134328358], [0.014925373134328358], [0.014925373134328358], [0.014925373134328358], [0.014925373134328358], [0.014925373134328358], [0.014925373134328358], [0.014925373134328358], [0.014925373134328358], [0.014925373134328358], [0.014925373134328358], [0.014925373134328358], [0.014925373134328358], [0.014925373134328358], [0.014925373134328358], [0.014925373134328358], [0.014925373134328358], [0.014925373134328358], [0.014925373134328358], [0.014925373134328358], [0.014925373134328358], [0.014925373134328358], [0.014925373134328358], [0.014925373134328358], [0.014925373134328358], [0.014925373134328358], [0.014925373134328358], [0.014925373134328358], [0.014925373134328358], [0.014925373134328358], [0.014925373134328358], [0.014925373134328358], [0.014925373134328358], [0.014925373134328358], [0.014925373134328358], [0.014925373134328358], [0.014925373134328358], [0.014925373134328358], [0.014925373134328358], [0.014925373134328358], [0.014925373134328358]]}