{"from": [12, 20, 18, 6, 2, 0, 7, 6, 5, 19, 0, 14, 4, 13, 5, 13, 10, 0, 4, 13, 16, 12, 10, 12, 5, 11, 3, 8, 13, 10, 14, 3, 10, 3, 9, 3, 3, 23, 5, 24, 22, 23, 19, 21, 3, 5, 24, 16, 9, 22, 23, 21, 14, 8, 18, 24, 22, 23, 19, 21, 24, 0, 9, 23, 14, 21, 24, 23, 13, 9, 5, 8, 15, 23], "to": [0, 1, 1, 1, 1, 1, 1, 2, 2, 2, 2, 2, 2, 3, 4, 5, 5, 5, 6, 7, 7, 8, 9, 9, 9, 9, 9, 9, 10, 11, 12, 12, 13, 13, 16, 16, 17, 17, 18, 18, 18, 18, 18, 18, 18, 19, 19, 19, 19, 19, 19, 19, 19, 19, 20, 20, 20, 20, 20, 20, 21, 21, 21, 21, 22, 22, 22, 22, 23, 23, 23, 24, 24, 24], "influence_y": [13, 20, 5, 17, 2, 11, 16, 22, 0, 21, 3, 14, 8], "weights": [[0.013513513513513514], [0.013513513513513514], [0.013513513513513514], [0.013513513513513514], [0.013513513513513514], [0.013513513513513514], [0.013513513513513514], [0.013513513513513514], [0.013513513513513514], [0.013513513513513514], [0.013513513513513514], [0.013513513513513514], [0.013513513513513514], [0.013513513513513514], [0.013513513513513514], [0.013513513513513514], [0.013513513513513514], [0.013513513513513514], [0.013513513513513514], [0.013513513513513514], [0.013513513513513514], [0.013513513513513514], [0.013513513513513514], [0.013513513513513514], [0.013513513513513514], [0.013513513513513514], [0.013513513513513514], [0.013513513513513514], [0.013513513513513514], [0.013513513513513514], [0.013513513513513514], [0.013513513513513514], [0.013513513513513514], [0.013513513513513514], [0.013513513513513514], [0.013513513513513514], [0.013513513513513514], [0.013513513513513514], [0.013513513513513514], [0.013513513513513514], [0.013513513513513514], [0.013513513513513514], [0.013513513513513514], [0.013513513513513514], [0.013513513513513514], [0.013513513513513514], [0.013513513513513514], [0.013513513513513514], [0.013513513513513514], [0.013513513513513514], [0.013513513513513514], [0.013513513513513514], [0.013513513513513514], [0.013513513513513514], [0.013513513513513514], [0.013513513513513514], [0.013513513513513514], [0.013513513513513514], [0.013513513513513514], [0.013513513513513514], [0.013513513513513514], [0.013513513513513514], [0.013513513513513514], [0.013513513513513514], [0.013513513513513514], [0.013513513513513514], [0.013513513513513514], [0.013513513513513514], [0.013513513513513514], [0.013513513513513514], [0.013513513513513514], [0.013513513513513514], [0.013513513513513514], [0.013513513513513514]]}