{"from": [20, 2, 18, 7, 0, 6, 0, 4, 13, 17, 5, 8, 23, 3, 13, 11, 24, 5, 8, 10, 3, 11, 23, 10, 8, 16, 1, 21, 7, 3, 12, 7, 22, 14, 12, 24, 19, 9, 3, 3, 18, 22, 23, 18, 19, 24, 21, 6, 22, 23, 5, 8, 18, 19, 24, 9, 3, 22, 13, 18, 17, 19, 22, 23, 19, 18, 22], "to": [1, 1, 1, 1, 1, 1, 2, 2, 3, 3, 4, 5, 5, 5, 7, 8, 8, 9, 9, 9, 9, 9, 11, 11, 12, 12, 12, 12, 13, 13, 14, 14, 14, 15, 15, 15, 16, 16, 16, 17, 19, 19, 20, 20, 20, 20, 20, 20, 20, 21, 21, 21, 21, 21, 21, 21, 21, 21, 23, 23, 23, 23, 23, 24, 24, 24, 24], "influence_y": [1, 2, 14, 5, 12, 4, 7, 16, 18, 24, 9, 3, 6], "weights": [[0.014925373134328358], [0.014925373134328358], [0.014925373134328358], [0.014925373134328358], [0.014925373134328358], [0.014925373134328358], [0.014925373134328358], [0.014925373134328358], [0.014925373134328358], [0.014925373134328358], [0.014925373134328358], [0.014925373134328358], [0.014925373134328358], [0.014925373134328358], [0.014925373134328358], [0.014925373134328358], [0.014925373134328358], [0.014925373134328358], [0.014925373134328358], [0.014925373134328358], [0.014925373134328358], [0.014925373134328358], [0.014925373134328358], [0.014925373134328358], [0.014925373134328358], [0.014925373134328358], [0.014925373134328358], [0.014925373134328358], [0.014925373134328358], [0.014925373134328358], [0.014925373134328358], [0.014925373134328358], [0.014925373134328358], [0.014925373134328358], [0.014925373134328358], [0.014925373134328358], [0.014925373134328358], [0.014925373134328358], [0.014925373134328358], [0.014925373134328358], [0.014925373134328358], [0.014925373134328358], [0.014925373134328358], [0.014925373134328358], [0.014925373134328358], [0.014925373134328358], [0.014925373134328358], [0.014925373134328358], [0.014925373134328358], [0.014925373134328358], [0.014925373134328358], [0.014925373134328358], [0.014925373134328358], [0.014925373134328358], [0.014925373134328358], [0.014925373134328358], [0.014925373134328358], [0.014925373134328358], [0.014925373134328358], [0.014925373134328358], [0.014925373134328358], [0.014925373134328358], [0.014925373134328358], [0.014925373134328358], [0.014925373134328358], [0.014925373134328358], [0.014925373134328358]]}