{"from": [6, 0, 7, 2, 24, 22, 8, 0, 4, 5, 14, 19, 11, 3, 8, 4, 12, 22, 19, 21, 12, 5, 10, 11, 3, 8, 13, 10, 14, 8, 14, 15, 7, 3, 12, 12, 3, 1, 9, 8, 23, 19, 13, 21, 24, 22, 12, 19, 21, 18, 23, 24, 22, 3, 19, 19, 13, 10, 21, 2, 18, 9, 24, 22, 19, 21, 15, 22, 8], "to": [1, 1, 1, 1, 1, 1, 1, 2, 2, 4, 5, 5, 5, 5, 5, 6, 8, 8, 8, 8, 9, 9, 9, 9, 9, 9, 10, 11, 11, 11, 12, 12, 13, 13, 14, 15, 16, 16, 16, 17, 17, 18, 18, 18, 18, 18, 20, 20, 20, 20, 20, 20, 20, 21, 21, 23, 23, 23, 23, 23, 23, 23, 23, 23, 24, 24, 24, 24, 24], "influence_y": [12, 19, 20, 6, 16, 0, 5, 1, 4, 7, 2, 9, 23, 24, 3, 8], "weights": [[0.014492753623188406], [0.014492753623188406], [0.014492753623188406], [0.014492753623188406], [0.014492753623188406], [0.014492753623188406], [0.014492753623188406], [0.014492753623188406], [0.014492753623188406], [0.014492753623188406], [0.014492753623188406], [0.014492753623188406], [0.014492753623188406], [0.014492753623188406], [0.014492753623188406], [0.014492753623188406], [0.014492753623188406], [0.014492753623188406], [0.014492753623188406], [0.014492753623188406], [0.014492753623188406], [0.014492753623188406], [0.014492753623188406], [0.014492753623188406], [0.014492753623188406], [0.014492753623188406], [0.014492753623188406], [0.014492753623188406], [0.014492753623188406], [0.014492753623188406], [0.014492753623188406], [0.014492753623188406], [0.014492753623188406], [0.014492753623188406], [0.014492753623188406], [0.014492753623188406], [0.014492753623188406], [0.014492753623188406], [0.014492753623188406], [0.014492753623188406], [0.014492753623188406], [0.014492753623188406], [0.014492753623188406], [0.014492753623188406], [0.014492753623188406], [0.014492753623188406], [0.014492753623188406], [0.014492753623188406], [0.014492753623188406], [0.014492753623188406], [0.014492753623188406], [0.014492753623188406], [0.014492753623188406], [0.014492753623188406], [0.014492753623188406], [0.014492753623188406], [0.014492753623188406], [0.014492753623188406], [0.014492753623188406], [0.014492753623188406], [0.014492753623188406], [0.014492753623188406], [0.014492753623188406], [0.014492753623188406], [0.014492753623188406], [0.014492753623188406], [0.014492753623188406], [0.014492753623188406], [0.014492753623188406]]}