{"from": [21, 7, 6, 2, 0, 22, 0, 4, 14, 1, 21, 11, 4, 8, 6, 8, 4, 12, 22, 21, 12, 5, 10, 11, 3, 8, 11, 8, 7, 3, 12, 5, 12, 24, 3, 9, 5, 3, 23, 21, 22, 14, 16, 13, 21, 18, 9, 23, 22, 8, 19, 0, 1, 21, 18, 23, 22, 0, 5, 13, 21, 18, 22, 19, 20, 21, 18, 23, 22, 8], "to": [0, 1, 1, 1, 1, 2, 2, 2, 3, 3, 3, 3, 3, 3, 4, 5, 6, 8, 8, 8, 9, 9, 9, 9, 9, 9, 10, 11, 13, 13, 14, 14, 15, 15, 16, 16, 17, 17, 17, 18, 18, 19, 19, 19, 19, 19, 19, 19, 19, 19, 20, 20, 20, 20, 20, 20, 20, 21, 23, 23, 23, 23, 23, 24, 24, 24, 24, 24, 24, 24], "influence_y": [12, 16, 5, 1, 11, 18, 4, 3], "weights": [[0.014285714285714285], [0.014285714285714285], [0.014285714285714285], [0.014285714285714285], [0.014285714285714285], [0.014285714285714285], [0.014285714285714285], [0.014285714285714285], [0.014285714285714285], [0.014285714285714285], [0.014285714285714285], [0.014285714285714285], [0.014285714285714285], [0.014285714285714285], [0.014285714285714285], [0.014285714285714285], [0.014285714285714285], [0.014285714285714285], [0.014285714285714285], [0.014285714285714285], [0.014285714285714285], [0.014285714285714285], [0.014285714285714285], [0.014285714285714285], [0.014285714285714285], [0.014285714285714285], [0.014285714285714285], [0.014285714285714285], [0.014285714285714285], [0.014285714285714285], [0.014285714285714285], [0.014285714285714285], [0.014285714285714285], [0.014285714285714285], [0.014285714285714285], [0.014285714285714285], [0.014285714285714285], [0.014285714285714285], [0.014285714285714285], [0.014285714285714285], [0.014285714285714285], [0.014285714285714285], [0.014285714285714285], [0.014285714285714285], [0.014285714285714285], [0.014285714285714285], [0.014285714285714285], [0.014285714285714285], [0.014285714285714285], [0.014285714285714285], [0.014285714285714285], [0.014285714285714285], [0.014285714285714285], [0.014285714285714285], [0.014285714285714285], [0.014285714285714285], [0.014285714285714285], [0.014285714285714285], [0.014285714285714285], [0.014285714285714285], [0.014285714285714285], [0.014285714285714285], [0.014285714285714285], [0.014285714285714285], [0.014285714285714285], [0.014285714285714285], [0.014285714285714285], [0.014285714285714285], [0.014285714285714285], [0.014285714285714285]]}