{"from": [20, 18, 6, 2, 0, 4, 0, 20, 6, 17, 0, 21, 6, 20, 4, 21, 4, 13, 16, 10, 12, 9, 22, 19, 0, 21, 10, 12, 5, 11, 23, 19, 21, 3, 11, 5, 15, 23, 9, 3, 1, 16, 12, 15, 24, 10, 1, 9, 19, 3, 22, 23, 20, 22, 21, 20, 18, 24, 22, 23, 21, 18, 21, 22, 20, 18, 5, 22, 21, 20, 18, 22, 23, 19, 21], "to": [1, 1, 1, 1, 1, 2, 2, 3, 3, 3, 3, 3, 4, 5, 5, 5, 6, 7, 7, 8, 8, 8, 8, 8, 8, 8, 9, 9, 9, 9, 9, 9, 9, 9, 10, 11, 12, 13, 13, 13, 13, 14, 14, 14, 15, 16, 16, 16, 16, 16, 17, 17, 18, 18, 18, 19, 19, 19, 19, 19, 19, 20, 20, 20, 23, 23, 23, 23, 23, 24, 24, 24, 24, 24, 24], "influence_y": [13, 10, 6, 5, 12, 1, 2, 16, 23, 0, 3, 8], "weights": [[0.013333333333333334], [0.013333333333333334], [0.013333333333333334], [0.013333333333333334], [0.013333333333333334], [0.013333333333333334], [0.013333333333333334], [0.013333333333333334], [0.013333333333333334], [0.013333333333333334], [0.013333333333333334], [0.013333333333333334], [0.013333333333333334], [0.013333333333333334], [0.013333333333333334], [0.013333333333333334], [0.013333333333333334], [0.013333333333333334], [0.013333333333333334], [0.013333333333333334], [0.013333333333333334], [0.013333333333333334], [0.013333333333333334], [0.013333333333333334], [0.013333333333333334], [0.013333333333333334], [0.013333333333333334], [0.013333333333333334], [0.013333333333333334], [0.013333333333333334], [0.013333333333333334], [0.013333333333333334], [0.013333333333333334], [0.013333333333333334], [0.013333333333333334], [0.013333333333333334], [0.013333333333333334], [0.013333333333333334], [0.013333333333333334], [0.013333333333333334], [0.013333333333333334], [0.013333333333333334], [0.013333333333333334], [0.013333333333333334], [0.013333333333333334], [0.013333333333333334], [0.013333333333333334], [0.013333333333333334], [0.013333333333333334], [0.013333333333333334], [0.013333333333333334], [0.013333333333333334], [0.013333333333333334], [0.013333333333333334], [0.013333333333333334], [0.013333333333333334], [0.013333333333333334], [0.013333333333333334], [0.013333333333333334], [0.013333333333333334], [0.013333333333333334], [0.013333333333333334], [0.013333333333333334], [0.013333333333333334], [0.013333333333333334], [0.013333333333333334], [0.013333333333333334], [0.013333333333333334], [0.013333333333333334], [0.013333333333333334], [0.013333333333333334], [0.013333333333333334], [0.013333333333333334], [0.013333333333333334], [0.013333333333333334]]}