{"from": [7, 6, 1, 20, 22, 1, 0, 4, 13, 5, 14, 21, 11, 23, 22, 3, 8, 1, 4, 12, 19, 21, 23, 22, 12, 20, 5, 10, 11, 22, 3, 8, 11, 8, 21, 3, 1, 14, 7, 23, 19, 12, 5, 3, 9, 19, 14, 3, 9, 19, 5, 13, 21, 23, 24, 22, 21, 22, 23, 19, 21, 18, 23, 24, 22, 3, 23, 19, 21, 15, 23, 22], "to": [0, 0, 0, 0, 2, 2, 2, 2, 3, 4, 5, 5, 5, 5, 5, 5, 5, 6, 6, 8, 8, 8, 8, 8, 9, 9, 9, 9, 9, 9, 9, 9, 10, 11, 12, 12, 12, 12, 13, 13, 14, 15, 16, 16, 16, 16, 17, 17, 17, 18, 18, 18, 18, 18, 18, 18, 19, 19, 19, 20, 20, 20, 20, 20, 20, 21, 21, 24, 24, 24, 24, 24], "influence_y": [12, 14, 6, 0, 16, 13, 2, 15, 9, 4, 3, 8], "weights": [[0.013888888888888888], [0.013888888888888888], [0.013888888888888888], [0.013888888888888888], [0.013888888888888888], [0.013888888888888888], [0.013888888888888888], [0.013888888888888888], [0.013888888888888888], [0.013888888888888888], [0.013888888888888888], [0.013888888888888888], [0.013888888888888888], [0.013888888888888888], [0.013888888888888888], [0.013888888888888888], [0.013888888888888888], [0.013888888888888888], [0.013888888888888888], [0.013888888888888888], [0.013888888888888888], [0.013888888888888888], [0.013888888888888888], [0.013888888888888888], [0.013888888888888888], [0.013888888888888888], [0.013888888888888888], [0.013888888888888888], [0.013888888888888888], [0.013888888888888888], [0.013888888888888888], [0.013888888888888888], [0.013888888888888888], [0.013888888888888888], [0.013888888888888888], [0.013888888888888888], [0.013888888888888888], [0.013888888888888888], [0.013888888888888888], [0.013888888888888888], [0.013888888888888888], [0.013888888888888888], [0.013888888888888888], [0.013888888888888888], [0.013888888888888888], [0.013888888888888888], [0.013888888888888888], [0.013888888888888888], [0.013888888888888888], [0.013888888888888888], [0.013888888888888888], [0.013888888888888888], [0.013888888888888888], [0.013888888888888888], [0.013888888888888888], [0.013888888888888888], [0.013888888888888888], [0.013888888888888888], [0.013888888888888888], [0.013888888888888888], [0.013888888888888888], [0.013888888888888888], [0.013888888888888888], [0.013888888888888888], [0.013888888888888888], [0.013888888888888888], [0.013888888888888888], [0.013888888888888888], [0.013888888888888888], [0.013888888888888888], [0.013888888888888888], [0.013888888888888888]]}