{"from": [7, 20, 1, 1, 0, 23, 4, 12, 21, 5, 3, 8, 23, 5, 1, 14, 13, 16, 12, 19, 21, 23, 22, 5, 10, 11, 3, 8, 11, 5, 8, 15, 3, 12, 20, 5, 15, 22, 12, 5, 3, 9, 19, 19, 5, 13, 21, 23, 24, 22, 19, 21, 18, 23, 24, 22, 19, 17, 13, 21, 22, 19, 1, 21, 15, 23, 22], "to": [0, 0, 0, 2, 2, 2, 2, 3, 3, 4, 5, 5, 5, 6, 6, 7, 7, 7, 8, 8, 8, 8, 8, 9, 9, 9, 9, 9, 10, 11, 11, 12, 13, 14, 14, 14, 14, 14, 15, 16, 16, 16, 16, 18, 18, 18, 18, 18, 18, 18, 20, 20, 20, 20, 20, 20, 23, 23, 23, 23, 23, 24, 24, 24, 24, 24, 24], "influence_y": [12, 6, 20, 0, 16, 17, 1, 7, 22, 8], "weights": [[0.014925373134328358], [0.014925373134328358], [0.014925373134328358], [0.014925373134328358], [0.014925373134328358], [0.014925373134328358], [0.014925373134328358], [0.014925373134328358], [0.014925373134328358], [0.014925373134328358], [0.014925373134328358], [0.014925373134328358], [0.014925373134328358], [0.014925373134328358], [0.014925373134328358], [0.014925373134328358], [0.014925373134328358], [0.014925373134328358], [0.014925373134328358], [0.014925373134328358], [0.014925373134328358], [0.014925373134328358], [0.014925373134328358], [0.014925373134328358], [0.014925373134328358], [0.014925373134328358], [0.014925373134328358], [0.014925373134328358], [0.014925373134328358], [0.014925373134328358], [0.014925373134328358], [0.014925373134328358], [0.014925373134328358], [0.014925373134328358], [0.014925373134328358], [0.014925373134328358], [0.014925373134328358], [0.014925373134328358], [0.014925373134328358], [0.014925373134328358], [0.014925373134328358], [0.014925373134328358], [0.014925373134328358], [0.014925373134328358], [0.014925373134328358], [0.014925373134328358], [0.014925373134328358], [0.014925373134328358], [0.014925373134328358], [0.014925373134328358], [0.014925373134328358], [0.014925373134328358], [0.014925373134328358], [0.014925373134328358], [0.014925373134328358], [0.014925373134328358], [0.014925373134328358], [0.014925373134328358], [0.014925373134328358], [0.014925373134328358], [0.014925373134328358], [0.014925373134328358], [0.014925373134328358], [0.014925373134328358], [0.014925373134328358], [0.014925373134328358], [0.014925373134328358]]}