{"from": [6, 20, 0, 7, 2, 18, 22, 23, 0, 4, 13, 6, 21, 3, 8, 23, 4, 12, 22, 21, 23, 5, 10, 11, 3, 8, 11, 8, 3, 14, 7, 23, 4, 12, 3, 1, 9, 9, 23, 21, 22, 20, 23, 12, 20, 16, 21, 18, 9, 23, 22, 8, 5, 13, 8, 12, 3, 23, 23, 22, 19, 20, 21, 15, 18, 23, 22, 8], "to": [1, 1, 1, 1, 1, 1, 1, 2, 2, 2, 3, 4, 5, 5, 5, 5, 6, 8, 8, 8, 8, 9, 9, 9, 9, 9, 10, 11, 12, 12, 13, 13, 13, 15, 16, 16, 16, 17, 17, 18, 18, 18, 18, 19, 19, 19, 19, 19, 19, 19, 19, 19, 20, 20, 20, 21, 21, 21, 22, 23, 24, 24, 24, 24, 24, 24, 24, 24], "influence_y": [12, 14, 6, 16, 0, 5, 1, 21, 7, 11, 2, 18, 4], "weights": [[0.014705882352941176], [0.014705882352941176], [0.014705882352941176], [0.014705882352941176], [0.014705882352941176], [0.014705882352941176], [0.014705882352941176], [0.014705882352941176], [0.014705882352941176], [0.014705882352941176], [0.014705882352941176], [0.014705882352941176], [0.014705882352941176], [0.014705882352941176], [0.014705882352941176], [0.014705882352941176], [0.014705882352941176], [0.014705882352941176], [0.014705882352941176], [0.014705882352941176], [0.014705882352941176], [0.014705882352941176], [0.014705882352941176], [0.014705882352941176], [0.014705882352941176], [0.014705882352941176], [0.014705882352941176], [0.014705882352941176], [0.014705882352941176], [0.014705882352941176], [0.014705882352941176], [0.014705882352941176], [0.014705882352941176], [0.014705882352941176], [0.014705882352941176], [0.014705882352941176], [0.014705882352941176], [0.014705882352941176], [0.014705882352941176], [0.014705882352941176], [0.014705882352941176], [0.014705882352941176], [0.014705882352941176], [0.014705882352941176], [0.014705882352941176], [0.014705882352941176], [0.014705882352941176], [0.014705882352941176], [0.014705882352941176], [0.014705882352941176], [0.014705882352941176], [0.014705882352941176], [0.014705882352941176], [0.014705882352941176], [0.014705882352941176], [0.014705882352941176], [0.014705882352941176], [0.014705882352941176], [0.014705882352941176], [0.014705882352941176], [0.014705882352941176], [0.014705882352941176], [0.014705882352941176], [0.014705882352941176], [0.014705882352941176], [0.014705882352941176], [0.014705882352941176], [0.014705882352941176]]}