{"from": [20, 6, 1, 7, 4, 18, 1, 19, 0, 4, 10, 20, 5, 23, 21, 6, 14, 11, 4, 6, 4, 13, 16, 14, 10, 9, 20, 5, 10, 20, 5, 11, 3, 11, 10, 22, 21, 3, 14, 8, 3, 23, 14, 8, 24, 5, 9, 3, 9, 22, 21, 20, 18, 16, 22, 23, 21, 8, 18, 22, 23, 21, 14, 18, 5, 11, 22, 21, 20, 18, 22, 23, 19, 21, 8], "to": [0, 0, 0, 0, 0, 2, 2, 2, 2, 2, 3, 3, 3, 3, 3, 4, 5, 5, 5, 5, 6, 7, 7, 7, 8, 8, 8, 8, 9, 9, 9, 9, 9, 10, 11, 12, 12, 12, 12, 12, 13, 13, 15, 15, 15, 16, 16, 16, 17, 18, 18, 19, 19, 19, 19, 19, 19, 19, 20, 20, 20, 20, 20, 23, 23, 23, 23, 23, 24, 24, 24, 24, 24, 24, 24], "influence_y": [13, 6, 5, 12, 1, 2, 24, 0, 21, 3, 7, 4], "weights": [[0.013333333333333334], [0.013333333333333334], [0.013333333333333334], [0.013333333333333334], [0.013333333333333334], [0.013333333333333334], [0.013333333333333334], [0.013333333333333334], [0.013333333333333334], [0.013333333333333334], [0.013333333333333334], [0.013333333333333334], [0.013333333333333334], [0.013333333333333334], [0.013333333333333334], [0.013333333333333334], [0.013333333333333334], [0.013333333333333334], [0.013333333333333334], [0.013333333333333334], [0.013333333333333334], [0.013333333333333334], [0.013333333333333334], [0.013333333333333334], [0.013333333333333334], [0.013333333333333334], [0.013333333333333334], [0.013333333333333334], [0.013333333333333334], [0.013333333333333334], [0.013333333333333334], [0.013333333333333334], [0.013333333333333334], [0.013333333333333334], [0.013333333333333334], [0.013333333333333334], [0.013333333333333334], [0.013333333333333334], [0.013333333333333334], [0.013333333333333334], [0.013333333333333334], [0.013333333333333334], [0.013333333333333334], [0.013333333333333334], [0.013333333333333334], [0.013333333333333334], [0.013333333333333334], [0.013333333333333334], [0.013333333333333334], [0.013333333333333334], [0.013333333333333334], [0.013333333333333334], [0.013333333333333334], [0.013333333333333334], [0.013333333333333334], [0.013333333333333334], [0.013333333333333334], [0.013333333333333334], [0.013333333333333334], [0.013333333333333334], [0.013333333333333334], [0.013333333333333334], [0.013333333333333334], [0.013333333333333334], [0.013333333333333334], [0.013333333333333334], [0.013333333333333334], [0.013333333333333334], [0.013333333333333334], [0.013333333333333334], [0.013333333333333334], [0.013333333333333334], [0.013333333333333334], [0.013333333333333334], [0.013333333333333334]]}