{"from": [12, 6, 20, 0, 7, 2, 18, 19, 0, 4, 13, 15, 5, 3, 8, 4, 13, 12, 22, 21, 12, 5, 10, 11, 3, 8, 10, 3, 0, 7, 12, 20, 5, 15, 22, 3, 9, 9, 23, 19, 3, 21, 24, 22, 16, 5, 21, 24, 22, 8, 19, 13, 21, 18, 23, 24, 22, 3, 19, 5, 13, 21, 18, 9, 24, 22, 15, 8], "to": [0, 1, 1, 1, 1, 1, 1, 2, 2, 2, 3, 3, 4, 5, 5, 6, 7, 8, 8, 8, 9, 9, 9, 9, 9, 9, 11, 11, 12, 13, 14, 14, 14, 14, 14, 16, 16, 17, 17, 18, 18, 18, 18, 18, 19, 19, 19, 19, 19, 19, 20, 20, 20, 20, 20, 20, 20, 21, 23, 23, 23, 23, 23, 23, 23, 23, 24, 24], "influence_y": [12, 20, 6, 16, 0, 5, 11, 4, 3], "weights": [[0.014705882352941176], [0.014705882352941176], [0.014705882352941176], [0.014705882352941176], [0.014705882352941176], [0.014705882352941176], [0.014705882352941176], [0.014705882352941176], [0.014705882352941176], [0.014705882352941176], [0.014705882352941176], [0.014705882352941176], [0.014705882352941176], [0.014705882352941176], [0.014705882352941176], [0.014705882352941176], [0.014705882352941176], [0.014705882352941176], [0.014705882352941176], [0.014705882352941176], [0.014705882352941176], [0.014705882352941176], [0.014705882352941176], [0.014705882352941176], [0.014705882352941176], [0.014705882352941176], [0.014705882352941176], [0.014705882352941176], [0.014705882352941176], [0.014705882352941176], [0.014705882352941176], [0.014705882352941176], [0.014705882352941176], [0.014705882352941176], [0.014705882352941176], [0.014705882352941176], [0.014705882352941176], [0.014705882352941176], [0.014705882352941176], [0.014705882352941176], [0.014705882352941176], [0.014705882352941176], [0.014705882352941176], [0.014705882352941176], [0.014705882352941176], [0.014705882352941176], [0.014705882352941176], [0.014705882352941176], [0.014705882352941176], [0.014705882352941176], [0.014705882352941176], [0.014705882352941176], [0.014705882352941176], [0.014705882352941176], [0.014705882352941176], [0.014705882352941176], [0.014705882352941176], [0.014705882352941176], [0.014705882352941176], [0.014705882352941176], [0.014705882352941176], [0.014705882352941176], [0.014705882352941176], [0.014705882352941176], [0.014705882352941176], [0.014705882352941176], [0.014705882352941176], [0.014705882352941176]]}