{"from": [20, 7, 6, 1, 18, 12, 12, 5, 1, 9, 22, 23, 19, 0, 4, 13, 6, 13, 4, 18, 23, 4, 13, 16, 5, 3, 10, 12, 5, 11, 23, 3, 8, 10, 8, 23, 8, 22, 12, 14, 12, 24, 9, 3, 8, 13, 22, 23, 20, 18, 12, 16, 22, 23, 21, 8, 18, 9, 22, 23, 21, 18, 5, 22, 23, 3, 8, 20, 18, 22, 23, 19, 21], "to": [0, 0, 0, 0, 1, 1, 2, 2, 2, 2, 2, 2, 2, 2, 2, 3, 4, 5, 5, 5, 5, 6, 7, 7, 8, 8, 9, 9, 9, 9, 9, 9, 9, 11, 11, 11, 12, 14, 14, 15, 15, 15, 16, 16, 17, 18, 18, 18, 19, 19, 19, 19, 19, 19, 19, 19, 20, 20, 20, 20, 20, 21, 21, 21, 21, 21, 21, 24, 24, 24, 24, 24, 24], "influence_y": [20, 12, 5, 2, 16, 3, 14], "weights": [[0.0136986301369863], [0.0136986301369863], [0.0136986301369863], [0.0136986301369863], [0.0136986301369863], [0.0136986301369863], [0.0136986301369863], [0.0136986301369863], [0.0136986301369863], [0.0136986301369863], [0.0136986301369863], [0.0136986301369863], [0.0136986301369863], [0.0136986301369863], [0.0136986301369863], [0.0136986301369863], [0.0136986301369863], [0.0136986301369863], [0.0136986301369863], [0.0136986301369863], [0.0136986301369863], [0.0136986301369863], [0.0136986301369863], [0.0136986301369863], [0.0136986301369863], [0.0136986301369863], [0.0136986301369863], [0.0136986301369863], [0.0136986301369863], [0.0136986301369863], [0.0136986301369863], [0.0136986301369863], [0.0136986301369863], [0.0136986301369863], [0.0136986301369863], [0.0136986301369863], [0.0136986301369863], [0.0136986301369863], [0.0136986301369863], [0.0136986301369863], [0.0136986301369863], [0.0136986301369863], [0.0136986301369863], [0.0136986301369863], [0.0136986301369863], [0.0136986301369863], [0.0136986301369863], [0.0136986301369863], [0.0136986301369863], [0.0136986301369863], [0.0136986301369863], [0.0136986301369863], [0.0136986301369863], [0.0136986301369863], [0.0136986301369863], [0.0136986301369863], [0.0136986301369863], [0.0136986301369863], [0.0136986301369863], [0.0136986301369863], [0.0136986301369863], [0.0136986301369863], [0.0136986301369863], [0.0136986301369863], [0.0136986301369863], [0.0136986301369863], [0.0136986301369863], [0.0136986301369863], [0.0136986301369863], [0.0136986301369863], [0.0136986301369863], [0.0136986301369863], [0.0136986301369863]]}