{"from": [6, 20, 1, 7, 4, 1, 0, 4, 12, 5, 10, 21, 18, 11, 4, 1, 4, 13, 16, 12, 5, 10, 21, 9, 12, 5, 10, 11, 3, 11, 10, 3, 12, 5, 20, 24, 14, 16, 8, 5, 3, 9, 19, 3, 9, 21, 22, 18, 8, 12, 19, 21, 18, 23, 24, 22, 12, 5, 18, 21, 19, 18, 8, 19, 5, 13, 21, 18, 9, 24, 22, 21, 22, 19, 18], "to": [0, 0, 0, 0, 0, 2, 2, 2, 3, 3, 3, 3, 3, 5, 5, 6, 6, 7, 7, 8, 8, 8, 8, 8, 9, 9, 9, 9, 9, 10, 11, 13, 14, 14, 14, 15, 15, 15, 15, 16, 16, 16, 16, 17, 17, 19, 19, 19, 19, 20, 20, 20, 20, 20, 20, 20, 21, 21, 21, 22, 22, 22, 22, 23, 23, 23, 23, 23, 23, 23, 23, 24, 24, 24, 24], "influence_y": [12, 14, 0, 16, 23, 7, 2, 4, 3], "weights": [[0.013333333333333334], [0.013333333333333334], [0.013333333333333334], [0.013333333333333334], [0.013333333333333334], [0.013333333333333334], [0.013333333333333334], [0.013333333333333334], [0.013333333333333334], [0.013333333333333334], [0.013333333333333334], [0.013333333333333334], [0.013333333333333334], [0.013333333333333334], [0.013333333333333334], [0.013333333333333334], [0.013333333333333334], [0.013333333333333334], [0.013333333333333334], [0.013333333333333334], [0.013333333333333334], [0.013333333333333334], [0.013333333333333334], [0.013333333333333334], [0.013333333333333334], [0.013333333333333334], [0.013333333333333334], [0.013333333333333334], [0.013333333333333334], [0.013333333333333334], [0.013333333333333334], [0.013333333333333334], [0.013333333333333334], [0.013333333333333334], [0.013333333333333334], [0.013333333333333334], [0.013333333333333334], [0.013333333333333334], [0.013333333333333334], [0.013333333333333334], [0.013333333333333334], [0.013333333333333334], [0.013333333333333334], [0.013333333333333334], [0.013333333333333334], [0.013333333333333334], [0.013333333333333334], [0.013333333333333334], [0.013333333333333334], [0.013333333333333334], [0.013333333333333334], [0.013333333333333334], [0.013333333333333334], [0.013333333333333334], [0.013333333333333334], [0.013333333333333334], [0.013333333333333334], [0.013333333333333334], [0.013333333333333334], [0.013333333333333334], [0.013333333333333334], [0.013333333333333334], [0.013333333333333334], [0.013333333333333334], [0.013333333333333334], [0.013333333333333334], [0.013333333333333334], [0.013333333333333334], [0.013333333333333334], [0.013333333333333334], [0.013333333333333334], [0.013333333333333334], [0.013333333333333334], [0.013333333333333334], [0.013333333333333334]]}