{"from": [6, 20, 1, 7, 22, 19, 1, 0, 4, 3, 8, 1, 4, 13, 16, 22, 11, 4, 5, 10, 11, 3, 8, 11, 10, 14, 8, 3, 15, 5, 22, 15, 24, 8, 5, 3, 9, 9, 23, 24, 22, 19, 24, 22, 16, 19, 10, 21, 18, 9, 23, 24, 22, 12, 19, 18, 9, 24, 22, 3, 8, 19, 5, 13, 21, 18, 9, 24, 22, 22, 9], "to": [0, 0, 0, 0, 0, 2, 2, 2, 2, 5, 5, 6, 6, 7, 7, 8, 8, 8, 9, 9, 9, 9, 9, 10, 11, 12, 12, 13, 13, 14, 14, 14, 15, 15, 16, 16, 16, 17, 17, 18, 18, 18, 19, 19, 19, 20, 20, 20, 20, 20, 20, 20, 20, 21, 21, 21, 21, 21, 21, 21, 21, 23, 23, 23, 23, 23, 23, 23, 23, 24, 24], "influence_y": [12, 6, 0, 5, 1, 7, 11, 2, 18, 9, 4, 8], "weights": [[0.014084507042253521], [0.014084507042253521], [0.014084507042253521], [0.014084507042253521], [0.014084507042253521], [0.014084507042253521], [0.014084507042253521], [0.014084507042253521], [0.014084507042253521], [0.014084507042253521], [0.014084507042253521], [0.014084507042253521], [0.014084507042253521], [0.014084507042253521], [0.014084507042253521], [0.014084507042253521], [0.014084507042253521], [0.014084507042253521], [0.014084507042253521], [0.014084507042253521], [0.014084507042253521], [0.014084507042253521], [0.014084507042253521], [0.014084507042253521], [0.014084507042253521], [0.014084507042253521], [0.014084507042253521], [0.014084507042253521], [0.014084507042253521], [0.014084507042253521], [0.014084507042253521], [0.014084507042253521], [0.014084507042253521], [0.014084507042253521], [0.014084507042253521], [0.014084507042253521], [0.014084507042253521], [0.014084507042253521], [0.014084507042253521], [0.014084507042253521], [0.014084507042253521], [0.014084507042253521], [0.014084507042253521], [0.014084507042253521], [0.014084507042253521], [0.014084507042253521], [0.014084507042253521], [0.014084507042253521], [0.014084507042253521], [0.014084507042253521], [0.014084507042253521], [0.014084507042253521], [0.014084507042253521], [0.014084507042253521], [0.014084507042253521], [0.014084507042253521], [0.014084507042253521], [0.014084507042253521], [0.014084507042253521], [0.014084507042253521], [0.014084507042253521], [0.014084507042253521], [0.014084507042253521], [0.014084507042253521], [0.014084507042253521], [0.014084507042253521], [0.014084507042253521], [0.014084507042253521], [0.014084507042253521], [0.014084507042253521], [0.014084507042253521]]}