{"from": [20, 18, 6, 2, 0, 7, 4, 0, 20, 5, 17, 6, 14, 11, 4, 4, 13, 10, 9, 5, 10, 20, 5, 11, 3, 11, 17, 14, 8, 3, 15, 3, 12, 5, 9, 3, 23, 23, 20, 18, 6, 1, 11, 9, 22, 23, 21, 3, 8, 23, 18, 22, 20, 18, 5, 22, 23, 3, 8, 18, 5, 22, 20, 18, 15, 22, 23, 19, 21], "to": [1, 1, 1, 1, 1, 1, 2, 2, 3, 3, 3, 4, 5, 5, 5, 6, 7, 8, 8, 8, 9, 9, 9, 9, 9, 10, 10, 12, 12, 12, 13, 13, 15, 16, 16, 16, 16, 17, 19, 19, 19, 19, 19, 19, 19, 19, 19, 19, 19, 20, 20, 20, 21, 21, 21, 21, 21, 21, 21, 23, 23, 23, 24, 24, 24, 24, 24, 24, 24], "influence_y": [6, 12, 24, 2, 11, 16, 23, 19, 0, 3, 14, 4, 8], "weights": [[0.014492753623188406], [0.014492753623188406], [0.014492753623188406], [0.014492753623188406], [0.014492753623188406], [0.014492753623188406], [0.014492753623188406], [0.014492753623188406], [0.014492753623188406], [0.014492753623188406], [0.014492753623188406], [0.014492753623188406], [0.014492753623188406], [0.014492753623188406], [0.014492753623188406], [0.014492753623188406], [0.014492753623188406], [0.014492753623188406], [0.014492753623188406], [0.014492753623188406], [0.014492753623188406], [0.014492753623188406], [0.014492753623188406], [0.014492753623188406], [0.014492753623188406], [0.014492753623188406], [0.014492753623188406], [0.014492753623188406], [0.014492753623188406], [0.014492753623188406], [0.014492753623188406], [0.014492753623188406], [0.014492753623188406], [0.014492753623188406], [0.014492753623188406], [0.014492753623188406], [0.014492753623188406], [0.014492753623188406], [0.014492753623188406], [0.014492753623188406], [0.014492753623188406], [0.014492753623188406], [0.014492753623188406], [0.014492753623188406], [0.014492753623188406], [0.014492753623188406], [0.014492753623188406], [0.014492753623188406], [0.014492753623188406], [0.014492753623188406], [0.014492753623188406], [0.014492753623188406], [0.014492753623188406], [0.014492753623188406], [0.014492753623188406], [0.014492753623188406], [0.014492753623188406], [0.014492753623188406], [0.014492753623188406], [0.014492753623188406], [0.014492753623188406], [0.014492753623188406], [0.014492753623188406], [0.014492753623188406], [0.014492753623188406], [0.014492753623188406], [0.014492753623188406], [0.014492753623188406], [0.014492753623188406]]}