{"from": [20, 6, 2, 0, 7, 4, 0, 13, 6, 5, 14, 11, 8, 3, 3, 13, 21, 22, 12, 10, 12, 5, 11, 3, 8, 11, 8, 14, 3, 3, 7, 12, 24, 14, 9, 9, 23, 19, 20, 22, 21, 20, 5, 16, 22, 21, 14, 8, 13, 9, 22, 14, 13, 20, 18, 12, 6, 5, 9, 22, 19, 21, 8, 20, 18, 22, 23, 19, 21, 8], "to": [1, 1, 1, 1, 1, 2, 2, 3, 3, 4, 5, 5, 5, 5, 6, 7, 8, 8, 8, 9, 9, 9, 9, 9, 9, 10, 11, 12, 12, 13, 13, 15, 15, 16, 16, 17, 17, 18, 18, 18, 18, 19, 19, 19, 19, 19, 19, 19, 20, 20, 20, 20, 23, 23, 23, 23, 23, 23, 23, 23, 23, 23, 23, 24, 24, 24, 24, 24, 24, 24], "influence_y": [6, 5, 12, 1, 2, 16, 9, 3, 4, 8], "weights": [[0.014285714285714285], [0.014285714285714285], [0.014285714285714285], [0.014285714285714285], [0.014285714285714285], [0.014285714285714285], [0.014285714285714285], [0.014285714285714285], [0.014285714285714285], [0.014285714285714285], [0.014285714285714285], [0.014285714285714285], [0.014285714285714285], [0.014285714285714285], [0.014285714285714285], [0.014285714285714285], [0.014285714285714285], [0.014285714285714285], [0.014285714285714285], [0.014285714285714285], [0.014285714285714285], [0.014285714285714285], [0.014285714285714285], [0.014285714285714285], [0.014285714285714285], [0.014285714285714285], [0.014285714285714285], [0.014285714285714285], [0.014285714285714285], [0.014285714285714285], [0.014285714285714285], [0.014285714285714285], [0.014285714285714285], [0.014285714285714285], [0.014285714285714285], [0.014285714285714285], [0.014285714285714285], [0.014285714285714285], [0.014285714285714285], [0.014285714285714285], [0.014285714285714285], [0.014285714285714285], [0.014285714285714285], [0.014285714285714285], [0.014285714285714285], [0.014285714285714285], [0.014285714285714285], [0.014285714285714285], [0.014285714285714285], [0.014285714285714285], [0.014285714285714285], [0.014285714285714285], [0.014285714285714285], [0.014285714285714285], [0.014285714285714285], [0.014285714285714285], [0.014285714285714285], [0.014285714285714285], [0.014285714285714285], [0.014285714285714285], [0.014285714285714285], [0.014285714285714285], [0.014285714285714285], [0.014285714285714285], [0.014285714285714285], [0.014285714285714285], [0.014285714285714285], [0.014285714285714285], [0.014285714285714285], [0.014285714285714285]]}