{"from": [7, 6, 2, 0, 0, 4, 21, 13, 6, 11, 4, 12, 5, 3, 19, 20, 5, 10, 11, 3, 8, 11, 10, 5, 5, 7, 20, 12, 22, 3, 8, 12, 14, 24, 3, 9, 3, 14, 23, 19, 1, 21, 19, 18, 19, 20, 18, 19, 20, 21, 18, 8, 19, 20, 5, 13, 21, 18, 9, 22, 19, 20, 21, 18, 23, 22], "to": [1, 1, 1, 1, 2, 2, 3, 3, 4, 5, 6, 8, 8, 8, 9, 9, 9, 9, 9, 9, 9, 10, 11, 11, 13, 13, 13, 14, 14, 14, 14, 15, 15, 15, 16, 16, 17, 17, 17, 18, 18, 20, 20, 20, 21, 21, 21, 22, 22, 22, 22, 22, 23, 23, 23, 23, 23, 23, 23, 23, 24, 24, 24, 24, 24, 24], "influence_y": [12, 14, 20, 17, 16, 19, 5, 1, 21, 2, 18, 9, 4, 3, 8], "weights": [[0.015151515151515152], [0.015151515151515152], [0.015151515151515152], [0.015151515151515152], [0.015151515151515152], [0.015151515151515152], [0.015151515151515152], [0.015151515151515152], [0.015151515151515152], [0.015151515151515152], [0.015151515151515152], [0.015151515151515152], [0.015151515151515152], [0.015151515151515152], [0.015151515151515152], [0.015151515151515152], [0.015151515151515152], [0.015151515151515152], [0.015151515151515152], [0.015151515151515152], [0.015151515151515152], [0.015151515151515152], [0.015151515151515152], [0.015151515151515152], [0.015151515151515152], [0.015151515151515152], [0.015151515151515152], [0.015151515151515152], [0.015151515151515152], [0.015151515151515152], [0.015151515151515152], [0.015151515151515152], [0.015151515151515152], [0.015151515151515152], [0.015151515151515152], [0.015151515151515152], [0.015151515151515152], [0.015151515151515152], [0.015151515151515152], [0.015151515151515152], [0.015151515151515152], [0.015151515151515152], [0.015151515151515152], [0.015151515151515152], [0.015151515151515152], [0.015151515151515152], [0.015151515151515152], [0.015151515151515152], [0.015151515151515152], [0.015151515151515152], [0.015151515151515152], [0.015151515151515152], [0.015151515151515152], [0.015151515151515152], [0.015151515151515152], [0.015151515151515152], [0.015151515151515152], [0.015151515151515152], [0.015151515151515152], [0.015151515151515152], [0.015151515151515152], [0.015151515151515152], [0.015151515151515152], [0.015151515151515152], [0.015151515151515152], [0.015151515151515152]]}