{"from": [0, 0, 0, 1, 2, 2, 2, 2, 2, 3, 3, 4, 5, 6, 6, 6, 7, 7, 7, 8, 8, 8, 8, 9, 9, 10, 10, 10, 10, 11, 11, 11, 11, 12, 12, 12, 12, 13, 14, 14, 14, 14, 15, 15, 15, 15, 16, 16, 16, 16, 17, 17, 18, 18, 18, 19, 19, 19, 19, 19, 19, 19, 20, 20, 20, 20, 20, 21, 21, 21, 21, 21, 21, 21, 21, 21, 22, 22, 22, 22, 22, 22, 23, 23, 23, 23, 23, 23, 23, 23, 23, 23, 23, 24, 24, 24], "to": [1, 4, 25, 25, 0, 1, 4, 8, 25, 5, 25, 25, 25, 1, 4, 25, 1, 13, 25, 1, 5, 9, 25, 5, 25, 5, 9, 11, 13, 5, 8, 9, 16, 8, 9, 20, 25, 3, 9, 11, 12, 16, 8, 12, 14, 24, 5, 8, 9, 25, 8, 23, 13, 20, 24, 8, 13, 16, 18, 20, 23, 24, 1, 8, 9, 24, 25, 8, 9, 11, 13, 16, 18, 20, 23, 24, 1, 8, 18, 20, 23, 24, 0, 1, 5, 8, 9, 11, 13, 16, 18, 20, 24, 1, 8, 25], "influence_y": [[0, 1, 2, 3, 4, 5, 6, 7, 8, 9, 12, 16, 20, 24]], "weights": [0.7503488479897513, -0.4641516911286774, 1.90368250721814, 2.4278328243273837, -0.8009265867600497, -0.14951531584974265, -0.5497776555159591, 0.0351385366222013, 1.32197771354643, 0.35191890067393283, 0.9087904109584926, 1.0359189702667624, 3.3926746457487904, -0.16808919012375814, 0.2105310801941782, 1.4830269183572162, 0.2183223997642841, -0.2417875851381751, 2.567783104260566, 0.10622341923210077, 0.41044677476125, -0.19152621944933212, 1.8962411319787777, -1.251710299880548, 1.5582718883538185, -1.0458219917137526, -0.7014499995613172, -0.2914232198436714, -0.14650521104251674, -0.6983441014848647, 0.1271125027488788, -0.6009575011653902, 0.21544327727735976, -0.17376305558162275, 0.10247958478072566, -0.07559941148644309, 2.7607502926277077, -1.6521113899674058, -0.08783952084056218, -0.14134449583891928, 0.25116728792652215, 0.16911194542836488, 0.28253640339798786, -0.3550782719920082, -0.22673956262425465, -0.2351022504410872, 0.22058276863965195, 0.11057474373718208, -0.12486604083777592, 2.1659868184225375, 0.20345016576368002, -0.27625341080298627, -0.21141901544595765, -0.33935100726382106, -0.5401893953960074, -0.24457783269272698, -0.18725956104765673, -0.21877028205294224, -0.24675324675324628, -0.3435866279413295, -0.19784571032739084, -0.5477733389586233, 0.10880927461380664, 0.1340750091484026, -0.131740877505204, -0.5431653732496925, 1.683922819051842, -0.3301451043594752, 0.12297368743188546, -0.15299326427469598, -0.23589893831747924, -0.26187837945793296, -0.24675324675324695, -0.3511930203412712, -0.18660037179239986, -0.5569824132846563, -0.29254513786525643, -0.25323574890704975, -0.2467532467532466, -0.34593152283855155, -0.20127317199988448, -0.5462176582278303, -0.2798764024735826, -0.16887214368340367, -0.3194564794292076, -0.1715214626318055, 0.1471288408860531, -0.1972275789935748, -0.22181386033147843, -0.1513709794930384, -0.246753246753247, -0.3439930763901815, -0.5499853224977189, -0.2091918424822401, 0.20136418602552278, 2.8232121085644546]}