{"from": [0, 0, 1, 2, 2, 2, 2, 3, 3, 3, 4, 4, 4, 5, 6, 6, 6, 7, 7, 7, 8, 8, 8, 8, 9, 9, 10, 10, 10, 11, 11, 11, 11, 11, 11, 12, 12, 12, 12, 12, 13, 13, 13, 14, 14, 14, 14, 14, 15, 15, 15, 16, 16, 16, 16, 16, 17, 17, 17, 17, 17, 17, 18, 18, 18, 18, 18, 19, 19, 19, 19, 19, 19, 19, 20, 21, 21, 21, 21, 21, 21, 21, 21, 22, 22, 22, 22, 22, 22, 22, 23, 23, 23, 23, 24, 24, 24, 24, 24, 24], "to": [1, 4, 25, 0, 1, 4, 25, 5, 9, 25, 5, 9, 25, 25, 1, 23, 25, 1, 13, 16, 5, 9, 23, 25, 5, 25, 5, 9, 16, 5, 8, 9, 10, 16, 23, 8, 9, 16, 23, 25, 3, 16, 23, 5, 12, 16, 19, 23, 8, 12, 24, 5, 8, 9, 23, 25, 5, 8, 9, 23, 24, 25, 9, 19, 20, 23, 24, 5, 8, 9, 16, 20, 23, 24, 1, 8, 9, 12, 16, 19, 20, 23, 24, 1, 8, 16, 19, 20, 23, 24, 1, 5, 9, 20, 1, 8, 9, 16, 20, 23], "influence_y": [[1, 2, 3, 4, 5, 6, 8, 9, 12, 16, 17]], "weights": [0.7705818344730375, -0.4857128903351968, 1.4680391059498752, -0.7782348326393571, -0.14375570538213361, -0.6065614774448658, 0.7663278323068495, 0.37064916328370473, 0.020424012367508945, -0.4699187049390907, -0.08372750004743548, 0.02433812196261187, 1.1636142172104187, 1.095960571046065, -0.1460868839588613, 0.05457284819761138, 2.9503810652459466, 0.23531763229264696, -0.24718735471873532, 0.22364971346920298, 0.3502082824033052, -0.20246983473801583, -0.10930276545609435, 2.5746977068841117, -1.3219908653709265, 1.475124410556651, -0.9957307350732775, -0.6812170995121825, 0.14501112532129284, -0.5551050074405371, 0.1497146456111025, -0.5810734548591512, -0.3349514563106799, 0.27445496104348743, -0.08998876487646938, -0.17353854442388797, 0.07621929789191524, -0.10942003768156927, -0.04815803430546419, 1.4758181658037075, -1.6653417771447456, 0.08495060422713606, -0.09739585199222316, 0.39643368618576713, 0.21175068049403734, 0.2032643121230066, -0.12595591884006502, -0.08156255598962518, 0.31296374542554545, -0.2628610315044063, -0.3267689880782469, 0.2120090695872425, 0.14175662141088388, -0.13252857931878356, -0.06658317804599921, 1.9350552595353312, 0.39452827080408154, 0.17868036875094745, -0.13455773139060484, -0.21272122105571986, 0.1427576057643249, 1.464225818073738, 0.12865455080407556, -0.19420389842498673, -0.5436241610738247, -0.33702229240867376, -0.248216406850447, 0.49511143691596204, -0.20228760704592272, 0.08432679577382605, -0.24063154831127842, -0.5436241610738253, -0.3900055690240989, -0.24905294583278204, 0.15686195593513128, -0.2829785305116678, 0.21628788921773784, -0.1559187421532862, -0.2038034110142375, -0.19743992005526545, -0.5436241610738257, -0.4078536788472621, -0.26364631599939325, -0.2337084313130355, -0.23143449826033297, -0.15284131222655647, -0.17416545679134063, -0.5436241610738265, -0.3907809956087389, -0.24643585902943496, -0.1314482802168384, -0.15913401235042002, 0.22646990008985138, -0.5436241610738255, -0.17204884782163574, 0.21642600574831844, 0.07574362741998858, 0.09378645030244367, -0.5436241610738256, -0.28218471554243774]}