{"from": [0, 0, 1, 2, 2, 2, 2, 3, 3, 4, 5, 6, 6, 6, 7, 7, 8, 8, 9, 9, 9, 9, 10, 10, 10, 10, 10, 10, 11, 11, 11, 11, 12, 12, 13, 13, 13, 14, 14, 14, 14, 14, 15, 15, 15, 16, 17, 17, 17, 18, 18, 18, 18, 18, 18, 19, 19, 19, 19, 19, 19, 20, 20, 21, 21, 21, 21, 21, 21, 21, 21, 22, 22, 22, 22, 22, 22, 22, 23, 23, 24, 24, 24, 24], "to": [1, 25, 25, 0, 1, 4, 25, 5, 25, 0, 25, 1, 23, 25, 1, 13, 5, 25, 5, 8, 16, 23, 5, 8, 9, 13, 23, 25, 5, 8, 9, 10, 8, 9, 3, 23, 25, 5, 9, 12, 19, 25, 8, 24, 25, 5, 9, 23, 25, 5, 19, 20, 23, 24, 25, 5, 8, 9, 20, 23, 24, 1, 25, 5, 8, 9, 19, 20, 23, 24, 25, 1, 5, 8, 19, 20, 23, 24, 5, 20, 1, 8, 20, 23], "influence_y": [[0, 1, 2, 3, 5, 6, 8, 10, 13, 14, 15, 17, 18, 20, 21]], "weights": [0.7507289144493703, 0.6009539385490588, 0.8445850088359861, -0.7965877010151701, -0.1087087458051626, -0.23266547170229454, 0.8029354709696003, 0.34769907874568673, 3.508166385352338, -0.20639218399073378, 0.9833274770613268, -0.1755731553524467, 0.06030635446764851, 0.7482282995731014, 0.2347844581444139, -0.2664892426489108, 0.30014279139785693, 1.391379948034181, -1.370969733913033, -0.5669961151492426, -0.3946107969469424, 0.256662745051728, -1.0373335768303757, -0.41498947413116055, -0.7320928544638952, -0.12813348068153202, 0.11260155648200038, 0.4961121889199988, -0.6962238831684741, -0.24104430352996445, -0.7122039497177814, -0.3414634146341464, -0.07284221271258542, 0.15188143252050684, -1.6437798705493374, -0.08792453625815716, 3.8518785226928594, 0.33184824709520233, -0.09137659660950948, 0.19922747877162733, -0.09464329802871543, 0.9812726164479162, 0.21640144438410686, -0.3334897968025221, 1.2618007178929578, 0.1645617550530034, -0.2121086107527487, -0.15053462773302584, 1.9843505840986742, -0.2918631272402109, -0.19154492060521017, -0.5263157894736848, -0.34588654959275533, -0.23714974903067937, 0.6545324019107803, 0.23817368035050332, -0.1592653749282087, 0.10767311378193217, -0.5263157894736851, -0.39284244749845704, -0.24681611995249123, 0.18451463489004533, -1.4169812985340162, -0.2887332155503222, -0.2302069373559364, 0.1990494600483138, -0.18976399833047686, -0.526315789473685, -0.4122831061150122, -0.24409745313073167, 1.3049484983141488, -0.18607852670242486, -0.4126917751269088, -0.238578183770384, -0.17581017874931995, -0.5263157894736837, -0.37123501644283186, -0.24570076946151287, -0.39126267596973835, -0.5263157894736847, -0.1148956855741449, 0.15769234407095395, -0.5263157894736848, -0.31707029026639955]}