{"from": [0, 0, 0, 1, 2, 2, 2, 2, 3, 4, 5, 5, 6, 6, 6, 7, 7, 8, 8, 8, 8, 9, 9, 10, 10, 10, 10, 10, 11, 11, 11, 11, 11, 11, 11, 12, 12, 12, 12, 13, 13, 13, 13, 14, 14, 14, 14, 14, 15, 15, 15, 15, 15, 15, 16, 16, 16, 16, 16, 16, 17, 17, 17, 17, 18, 18, 18, 18, 18, 18, 19, 19, 19, 20, 20, 21, 21, 21, 21, 21, 21, 21, 21, 21, 22, 22, 22, 22, 22, 22, 22, 23, 23, 23, 23, 23, 23, 23, 24, 24, 24, 24, 24], "to": [1, 4, 25, 25, 0, 1, 4, 25, 25, 25, 3, 4, 1, 4, 25, 1, 13, 5, 9, 19, 25, 3, 5, 3, 5, 9, 16, 19, 3, 5, 8, 9, 10, 16, 25, 3, 8, 9, 25, 3, 5, 16, 19, 9, 12, 16, 19, 25, 3, 8, 12, 16, 18, 24, 3, 5, 8, 9, 19, 25, 3, 9, 10, 23, 5, 9, 19, 20, 24, 25, 9, 20, 25, 1, 25, 3, 8, 9, 16, 18, 19, 20, 23, 24, 8, 18, 19, 20, 23, 24, 25, 5, 8, 9, 18, 19, 20, 24, 8, 16, 19, 20, 25], "influence_y": [[0, 1, 2, 3, 4, 6, 8, 11, 12, 14, 16, 18, 19, 20, 22, 24]], "weights": [0.7714679513541997, -0.4493195018731988, 1.325434316528214, 0.5994532166569378, -0.7704687816582697, -0.10180956298220722, -0.5475734587442986, 1.1490522367417693, 0.7857685168207439, 1.4127268078738657, 0.1583867072413343, -0.0982050608752788, -0.15002793480689292, 0.22062823711974766, 0.8622497756501573, 0.34629643767193363, -0.31298051135347743, 0.3337550440974061, -0.19976648000847816, -0.13020145802695865, 1.3735367121666116, 0.3106828076448245, -1.1816744998888393, 0.28187347572912463, -1.06380510855464, -0.6648622945725416, 0.1944504974217778, -0.05951087180358825, 0.2243154834750794, -0.6465925000187698, 0.11263988789960333, -0.6004991691025078, -0.31609796437505205, 0.22999416801218517, 2.00856047213156, 0.09048116451664816, -0.1723421294070474, 0.08537710050927272, 2.0106111087250453, -1.4956047124766503, -0.6697110335777426, 0.119591735882362, -0.072691942796725, -0.11433674227072202, 0.18529005769298848, 0.20184315577333692, -0.10376355937664347, 1.2586007008247753, -0.28575703248708284, 0.18949477228170586, -0.3133472551587448, 0.2624080009044339, 0.15359560437025963, -0.31085506766371324, -0.12401900832072045, 0.316088752186882, 0.15553606916722132, -0.12462432156575656, -0.10393709409417348, 1.8909489095629433, -0.36638071245545684, -0.15384886586024907, 0.24909414266663654, -0.4188276304500738, -0.2645115856045323, 0.10388251812270805, -0.34703551730409754, -0.5298013245033113, -0.23261665740038445, 1.2506187301453013, 0.10140608364399264, -0.5298013245033113, -0.7332312445230822, 0.24962494520921794, 1.5950114187136668, 0.3157761464760016, -0.2715650964767342, 0.16546285073715056, -0.2531961114908038, -0.19795222334978532, -0.4371599473187834, -0.5298013245033113, -0.1406107894892783, -0.2464324381854385, -0.23527060471666097, -0.20477869465513032, -0.37104321788508293, -0.5298013245033113, -0.1559404282508497, -0.23261665740038415, 1.5493152864471404, -0.45923219036782165, -0.2428896094148048, 0.211351578002642, -0.19532665746311467, -0.39567646811973833, -0.5298013245033109, -0.2517462000258439, 0.2703948587670333, 0.14642651127272857, -0.29291592524750476, -0.5298013245033111, 3.2177005887180714]}