{"from": [0, 0, 0, 0, 1, 2, 2, 2, 4, 5, 5, 6, 6, 7, 7, 7, 7, 8, 8, 9, 9, 9, 9, 9, 10, 10, 10, 10, 10, 10, 10, 11, 11, 11, 11, 11, 11, 12, 12, 12, 12, 12, 12, 13, 13, 13, 13, 14, 14, 14, 14, 14, 14, 14, 15, 15, 16, 16, 16, 16, 17, 17, 17, 17, 18, 18, 18, 18, 18, 19, 19, 19, 19, 19, 19, 19, 19, 20, 21, 21, 21, 21, 21, 21, 21, 21, 21, 21, 22, 22, 22, 22, 22, 22, 22, 22, 23, 23, 23, 24, 24, 24, 24, 24, 24], "to": [1, 2, 4, 25, 25, 1, 4, 25, 25, 3, 25, 1, 25, 1, 13, 16, 25, 5, 25, 3, 5, 8, 23, 25, 3, 5, 8, 9, 13, 16, 23, 5, 8, 9, 10, 16, 25, 5, 8, 9, 13, 16, 25, 3, 5, 16, 23, 1, 5, 9, 16, 19, 23, 25, 3, 16, 3, 5, 9, 25, 3, 9, 16, 23, 5, 20, 23, 24, 25, 5, 8, 16, 18, 20, 23, 24, 25, 25, 3, 8, 9, 13, 16, 18, 19, 20, 23, 24, 1, 5, 8, 18, 19, 20, 23, 24, 1, 5, 20, 1, 8, 16, 20, 23, 25], "influence_y": [[0, 1, 2, 4, 5, 6, 7, 8, 9, 11, 12, 14, 16, 18, 19, 20, 24]], "weights": [0.7454710181624722, -0.7164304304046675, -0.4128202295888634, 2.1849095253507995, 0.4900700800684976, -0.11266984314844142, -0.5160543927911625, 1.3735843437865687, 0.9784863335823731, 0.15470882329536206, 2.297114811370756, -0.15751545068412484, 1.0145296771794303, 0.32494630816033204, -0.29377493613669736, 0.1882172811757828, 2.8384866626564977, 0.3917273680245005, 2.22035767287623, 0.22177560808053132, -1.2474821727371899, -0.5199119997280375, 0.22916730051086298, 2.405059179067819, 0.19435793926654366, -0.910682582045115, -0.33728121028113295, -0.6995137502685774, -0.12262826335147067, 0.10689628710365381, 0.1167626519038504, -0.5896856639015243, -0.17954815081265935, -0.6686252753529373, -0.34229828850855737, 0.2515461725413207, 1.205658644170178, 0.14061351295159233, -0.1577127852380917, 0.11655367026180397, -0.11755712714366609, -0.08658133235563883, 2.6271400023384572, -1.5358057150960314, -0.5147924624017972, 0.12415609554363571, -0.10541353039026213, 0.15040596783653482, 0.21892104346077454, -0.1193243965300464, 0.18461525837654144, -0.09895970508499091, -0.09011820716622462, 1.0833768265646446, -0.3515992439875917, 0.21921164707336344, -0.12662623074082688, 0.15884839625050906, -0.1587685627918524, 1.9988862088533492, -0.42885247549612393, -0.2596273893397078, -0.187518956252226, -0.23569506892853276, -0.23852138072735765, -0.509933774834438, -0.3552343307544912, -0.2466216216216216, 1.7781898642212113, 0.2458771641904289, -0.233805818858903, -0.1610215383318403, -0.1934604904632155, -0.5099337748344365, -0.373705223962395, -0.24662162162162155, 1.092421840208179, 1.2438125871594161, 0.2037782244025417, -0.25846735411491717, 0.17910428348417962, -0.2479436687285842, -0.17165753820746088, -0.1934604904632159, -0.16074762317412578, -0.5099337748344377, -0.4254432365764568, -0.24662162162162185, -0.251572737916166, -0.289783000798254, -0.2563304488333619, -0.1934604904632154, -0.14500403372878534, -0.5099337748344377, -0.356015728279736, -0.24662162162162177, -0.17712397536749644, -0.39397721648920847, -0.5099337748344372, -0.19063071423193934, 0.12046233699682357, 0.16766477324786744, -0.5099337748344372, -0.29396194601247594, 1.240213952025834]}