{"from": [0, 0, 0, 1, 2, 2, 2, 2, 3, 3, 4, 5, 6, 6, 7, 7, 7, 8, 8, 9, 10, 10, 10, 10, 11, 11, 11, 11, 11, 11, 12, 12, 12, 13, 13, 13, 14, 14, 14, 15, 15, 15, 16, 16, 16, 16, 17, 17, 17, 18, 18, 18, 18, 19, 19, 19, 19, 19, 19, 19, 19, 20, 20, 20, 20, 21, 21, 21, 21, 21, 21, 21, 21, 21, 21, 22, 22, 22, 22, 22, 22, 22, 22, 23, 23, 23, 23, 23, 23, 23, 23, 24, 24], "to": [1, 4, 25, 25, 0, 1, 4, 25, 5, 25, 25, 25, 1, 25, 1, 13, 25, 5, 9, 5, 5, 9, 13, 25, 5, 8, 9, 10, 16, 25, 8, 9, 25, 3, 16, 25, 9, 19, 23, 3, 14, 24, 5, 8, 9, 25, 13, 23, 25, 8, 9, 20, 24, 5, 8, 13, 16, 18, 20, 23, 24, 1, 13, 24, 25, 3, 8, 9, 13, 16, 18, 19, 20, 23, 24, 8, 14, 18, 19, 20, 23, 24, 25, 5, 8, 9, 11, 13, 18, 20, 24, 1, 25], "influence_y": [[0, 1, 2, 3, 4, 5, 6, 7, 10, 11, 12, 13, 16, 17, 20, 22, 24]], "weights": [0.7469118957677567, -0.5039888202596385, 1.5675379323428567, 0.698223633336196, -0.77054384572446, -0.16604344487427225, -0.6615821390359645, 0.8415911907328125, 0.34031473723657213, 2.9255420136376875, 2.404980383246426, 3.245645716326665, -0.22628453262846682, 1.2476807561463328, 0.29910860299512343, -0.28839851743788963, 1.0160310175319935, 0.3753903417841512, -0.21475977291873743, -1.3585756996737488, -1.1207975893852256, -0.6945824919994973, -0.11769443740719013, 0.5800605480190758, -0.7238647172748882, 0.11566035205066863, -0.6088550482203821, -0.332518337408313, 0.1823522821358811, 0.9164556969023254, -0.1566526257697463, 0.08730975143962678, 0.9896127869431083, -1.6273952437909656, 0.13035928185804363, 0.9427321790156185, -0.09391792142829722, -0.09690171363512293, -0.07818118553166976, -0.4074449440600881, -0.2237911132049154, -0.2149756571127668, 0.25685372267924605, 0.09634805839944893, -0.11844376809172716, 0.8327815361541759, 0.20589054619869862, -0.32818998938388844, 1.0422420385415214, -0.14732666746309636, 0.09517014945321235, -0.3508771929824563, -0.5245626200794562, 0.3568445567453816, -0.2599851548842325, -0.15324762516752924, -0.22087204559368426, -0.2500000000000004, -0.3508771929824561, -0.18125482924189595, -0.5307937985464929, 0.2681342163129755, 0.2274451463049657, -0.5272498157933657, 1.529180727128312, 0.29566071605846, -0.42569485648831445, 0.14597644387979442, -0.2247121156884625, -0.2885081938418474, -0.2500000000000001, -0.16133549686115428, -0.35087719298245523, -0.18295160419335668, -0.5343342408573099, -0.32259906293679913, 0.16949023178938608, -0.24999999999999978, -0.1417832663937559, -0.35087719298245584, -0.17627286136390347, -0.5298059287895234, 1.4485257482581948, -0.2645261872372904, -0.27559701351852256, 0.21880511683961773, -0.17863621095062152, -0.1701991978018768, -0.25000000000000017, -0.35087719298245623, -0.5344845734846614, -0.1520302835473636, 1.606769515544424]}