{"from": [0, 0, 1, 2, 2, 2, 2, 3, 3, 4, 4, 5, 5, 6, 6, 6, 7, 7, 7, 8, 8, 8, 8, 9, 9, 10, 10, 10, 10, 10, 11, 11, 11, 11, 11, 12, 12, 12, 12, 12, 13, 13, 13, 14, 14, 14, 14, 15, 15, 16, 16, 16, 16, 17, 17, 17, 18, 18, 18, 19, 19, 19, 19, 19, 19, 19, 19, 20, 20, 21, 21, 21, 21, 21, 21, 21, 21, 21, 21, 22, 22, 22, 22, 22, 22, 22, 22, 22, 23, 23, 23, 23, 23, 23, 23, 23, 23, 23, 23, 24, 24, 24, 24, 24], "to": [1, 25, 25, 0, 1, 4, 25, 5, 25, 0, 25, 4, 25, 1, 20, 25, 1, 13, 16, 5, 9, 18, 25, 5, 25, 5, 9, 13, 16, 25, 5, 8, 9, 10, 16, 3, 8, 9, 20, 25, 3, 16, 18, 5, 12, 16, 25, 12, 24, 5, 8, 9, 25, 8, 23, 25, 5, 20, 25, 5, 8, 16, 18, 20, 23, 24, 25, 1, 25, 8, 9, 13, 16, 18, 19, 20, 23, 24, 25, 1, 5, 8, 16, 18, 19, 20, 23, 24, 0, 5, 8, 9, 11, 13, 16, 18, 20, 24, 25, 1, 8, 18, 20, 25], "influence_y": [[0, 1, 2, 3, 4, 5, 6, 8, 9, 10, 12, 14, 16, 17, 18, 19, 20, 21, 23, 24]], "weights": [0.773807926130534, 2.4770171121348725, 0.9775841875555045, -0.8238749354182924, -0.13257648137361813, -0.20988343695614683, 0.9429993120238969, 0.34889355722193915, 0.5342379226823671, -0.1870557885149916, 2.7943038422093243, -0.13830421247794147, 1.0303468053129219, -0.15265679389729306, 0.05292420394338193, 2.0085812295021426, 0.2646926564158937, -0.34779898951294674, 0.1598253096608053, 0.38581820991360993, -0.24000881352954354, -0.08602518082996052, 0.8491553979344839, -1.212963522281707, 1.5428609700237108, -1.0551663825176765, -0.6645226675743829, -0.15115069254759517, 0.20127540007390285, 1.563290042140071, -0.5967740798766566, 0.1846345737349373, -0.5601515041633294, -0.3276699029126214, 0.28283278145185425, 0.1686663434231756, -0.19723756298356818, 0.10069805705057149, -0.07392205931377394, 1.043651487987185, -1.6213078750788752, 0.10112059148171047, -0.09685651393624206, 0.26222591002408097, 0.2609059957786667, 0.19607407009411665, 2.608170687673769, -0.33596724754197427, -0.35154858784825416, 0.2357949408136719, 0.11885380579725127, -0.14811816188078705, 0.7514835959714644, 0.2259451929079215, -0.23476553973673503, 2.3363686985997356, -0.24625947373578627, -0.5122222375824514, 1.1725952819697145, 0.19467699574127065, -0.30724119651449755, -0.268050501624182, -0.3702189642801826, -0.5231743527500026, -0.1791749244421539, -0.23879764809487664, -0.8108505428595291, 0.1608462607646402, 1.0430266191770763, -0.40387513026221616, 0.14817043541177347, -0.2794071028447472, -0.19327497027472618, -0.3941965250261063, -0.15730337078651624, -0.5216499593368374, -0.1758211310173432, -0.23377552541133004, -1.5417875539344803, -0.2366710250144292, -0.32249164213656184, -0.26688984649211556, -0.13955206615656485, -0.36124919654241616, -0.15730337078651635, -0.5255167802412681, -0.18549253531214582, -0.22373128004423729, -0.22243582502403564, -0.27544329107511567, -0.19347738748084603, 0.16861073056586276, -0.15618990783104567, -0.19244553022432453, -0.19041450825993633, -0.3714367215042228, -0.5266593106315557, -0.24503725506534335, 0.8829366921252819, -0.12041900693579469, 0.11119445987326028, -0.31974876864237917, -0.5128855800900208, 1.3674882560803316]}