{"from": [0, 0, 0, 0, 1, 2, 2, 2, 2, 3, 3, 3, 4, 4, 5, 6, 6, 7, 7, 7, 8, 8, 8, 9, 9, 10, 10, 10, 10, 11, 11, 11, 11, 11, 12, 12, 12, 12, 12, 13, 13, 14, 14, 14, 14, 14, 14, 15, 15, 15, 15, 16, 16, 16, 16, 17, 17, 18, 18, 18, 18, 18, 18, 18, 19, 19, 19, 19, 19, 19, 20, 20, 20, 20, 21, 21, 21, 21, 21, 21, 21, 21, 21, 21, 22, 22, 22, 22, 22, 22, 22, 22, 22, 23, 23, 23, 23, 23, 23, 23, 23, 23, 23, 24, 24, 24], "to": [1, 4, 5, 25, 25, 0, 1, 4, 25, 5, 16, 25, 5, 25, 25, 1, 25, 1, 5, 13, 5, 9, 25, 5, 25, 5, 9, 16, 25, 5, 9, 10, 16, 25, 3, 8, 9, 20, 25, 3, 25, 5, 12, 16, 19, 20, 25, 3, 12, 14, 24, 5, 8, 9, 25, 23, 25, 5, 9, 19, 20, 23, 24, 25, 8, 9, 16, 20, 24, 25, 1, 13, 24, 25, 3, 5, 8, 9, 16, 19, 20, 23, 24, 25, 1, 5, 8, 14, 16, 19, 20, 23, 24, 5, 8, 9, 11, 13, 16, 19, 20, 24, 25, 1, 8, 25], "influence_y": [[0, 1, 2, 3, 4, 5, 6, 8, 9, 10, 11, 12, 13, 14, 16, 17, 18, 19, 20, 21, 23, 24]], "weights": [0.7418482520534903, -0.49775049674963745, -0.05102662831493368, 0.9555818235166513, 1.0842385063889128, -0.7475247302896392, -0.1443981755200065, -0.5625252187574242, 1.5641663339533003, 0.3725436614853974, -0.0629691439297328, 1.8084167173606644, -0.08279913353285598, 0.8696753342069776, 2.0230782199904747, -0.15460382486567503, 0.8370731679451389, 0.20546080020838334, -0.27836006033712224, -0.29034414917947576, 0.43012322158178784, -0.1970250735889677, 2.203272873592362, -1.1919135074643732, 3.538769480148307, -1.000646105529547, -0.6758669100464129, 0.14749037975925325, 2.6317911524045177, -0.55067743680685, -0.6143049163321164, -0.3432098765432094, 0.23382212730234597, 1.7741709612166408, 0.1362559860898549, -0.19974623876486952, 0.07123076263922795, -0.06770316017924949, 0.8867372684973125, -1.6387997490751913, 2.613418987608718, 0.2862585411732524, 0.19823083568960104, 0.138450559415165, -0.10267030246060213, 0.11508749148731434, 3.3456120487994436, -0.37466110133047204, -0.3183612158341186, -0.31374240097604034, -0.21502763717003895, 0.22387231580449096, 0.1275048168188777, -0.13839266773819908, 1.4688246262761218, -0.3137372055334638, 3.3645193004283502, -0.31565036469178753, 0.13602492168625283, -0.24169719907413514, -0.31143952867339497, -0.16078588161970128, -0.5458004219380209, 1.6958583131592266, -0.219362537316019, 0.08723503356256666, -0.1993850340089214, -0.30972069426103427, -0.5544015274248234, -0.6921571135609251, 0.1882721047178218, 0.28714969739743257, -0.5541781220875042, 1.209248184620109, 0.31418834090346776, -0.31614645886342546, -0.3477426965994488, 0.18820034311542813, -0.18180752276374373, -0.24488620089298768, -0.32304676220527306, -0.1638757177348037, -0.5511761128672731, -0.7259116635602825, -0.20299387054075504, -0.3334274131435396, -0.337819729644367, 0.16713645638318003, -0.2677052331979288, -0.22362818313992744, -0.33784868684188746, -0.1801659187913492, -0.5513139510962289, -0.41815974593881355, -0.20499798498723437, 0.20347762239228392, -0.15025871459695003, -0.14605083668943825, -0.17826771854141674, -0.24296113272185174, -0.31547232339489284, -0.5491602287688039, 1.0844274801523426, -0.15228582225451306, 0.12309980550685881, 0.5272967021605198]}