{"from": [0, 0, 0, 2, 2, 2, 3, 4, 5, 5, 6, 6, 6, 7, 7, 7, 7, 8, 8, 8, 9, 10, 10, 10, 10, 11, 11, 11, 11, 11, 12, 12, 12, 12, 12, 12, 13, 13, 13, 14, 14, 14, 14, 15, 15, 15, 15, 16, 16, 16, 16, 17, 17, 17, 18, 18, 18, 18, 18, 18, 18, 19, 19, 19, 19, 19, 20, 20, 21, 21, 21, 21, 21, 21, 21, 21, 21, 21, 22, 22, 22, 22, 22, 22, 22, 22, 22, 22, 23, 23, 23, 23, 23, 23, 23, 23, 23, 23, 24], "to": [1, 4, 25, 0, 1, 4, 5, 25, 4, 25, 1, 4, 25, 1, 13, 16, 25, 5, 9, 25, 5, 5, 9, 11, 16, 5, 8, 9, 16, 25, 3, 5, 8, 9, 16, 25, 3, 16, 25, 5, 12, 16, 19, 3, 12, 24, 25, 5, 8, 9, 25, 3, 23, 25, 1, 5, 8, 9, 19, 20, 24, 5, 8, 16, 20, 24, 1, 25, 3, 5, 8, 9, 16, 18, 19, 20, 23, 24, 1, 4, 5, 8, 16, 18, 19, 20, 23, 24, 5, 8, 9, 11, 13, 16, 18, 19, 20, 24, 20], "influence_y": [[0, 4, 5, 6, 7, 8, 11, 12, 13, 15, 16, 17, 20]], "weights": [0.7319309891919333, -0.43647716279814186, 1.98188629223728, -0.7496426781221907, -0.13642586195431566, -0.539692861410517, 0.3795639959057502, 0.3405892322401023, -0.12782455506457752, 2.6314946443601333, -0.1624196229956562, 0.21737717540315982, 1.2751532150389235, 0.26161842489669385, -0.3094324355813712, 0.26527125701057475, 1.5845402944388527, 0.23107455054011067, -0.2157532137252079, 1.0810852971177778, -1.3126388168956653, -1.0883358046797846, -0.6606936937707767, -0.2999969292141996, 0.13994295315017136, -0.6514102076211248, 0.09382475436281978, -0.5825290234795302, 0.2265639034238823, 0.744811992973284, 0.16469770778530535, -0.16342028821232446, -0.19233391184081966, 0.09788566758257602, -0.09849269826946709, 3.152365705596592, -1.5994082268269643, 0.12701788235880337, 0.9925369255942305, 0.2839187824730744, 0.1652562427822268, 0.22742659290464354, -0.11015886653306306, -0.428215094788289, -0.32882754964881417, -0.30507120851777997, 2.291132005273009, 0.2153860687576975, 0.09899679039310888, -0.17362045057677533, 1.7253288537524183, -0.4186125217294276, -0.2588110442078032, 4.220263827802626, 0.18155418228500186, -0.26646263349168475, -0.15462946853000922, 0.08461312067666715, -0.24064881603072352, -0.5590062111801244, -0.3068658583582725, 0.1911884626979473, -0.35977401735351344, -0.24834828832543004, -0.5590062111801244, -0.31511102615605024, 0.26184201626557924, 1.1732567941523921, 0.4803344477457126, -0.3928586399516568, -0.5274912550202195, 0.1559245089364148, -0.2657585715349336, -0.18110236220472525, -0.2449470995632285, -0.5590062111801238, -0.14347723111398575, -0.32251053571815874, -0.17205463509430596, -0.3877699035138941, -0.4739211253178741, -0.41200302983549514, -0.18144538368132054, -0.18110236220472414, -0.22517499531370433, -0.5590062111801244, -0.1368410504932727, -0.30686585835827296, -0.49490789325756707, -0.32633993707567477, 0.18271106187200392, -0.14271546796681933, -0.17486256382178028, -0.12343706376153007, -0.18110236220472434, -0.24137223250025627, -0.5590062111801234, -0.3211660712575437, -0.5590062111801244]}