{"from": [0, 0, 0, 0, 0, 1, 2, 2, 2, 3, 3, 4, 4, 5, 6, 6, 6, 7, 7, 7, 7, 8, 8, 8, 8, 8, 9, 10, 10, 10, 10, 11, 11, 11, 11, 11, 12, 12, 12, 12, 13, 13, 13, 14, 14, 14, 14, 15, 15, 15, 15, 16, 16, 16, 16, 17, 17, 17, 17, 18, 18, 19, 19, 19, 19, 19, 19, 20, 20, 20, 20, 20, 21, 21, 21, 21, 21, 21, 21, 21, 21, 21, 22, 22, 22, 22, 22, 22, 22, 22, 23, 23, 23, 23, 23, 23, 23, 23, 23, 23, 24, 24], "to": [1, 2, 4, 5, 25, 25, 1, 4, 25, 5, 25, 5, 25, 25, 1, 4, 25, 1, 13, 16, 25, 4, 5, 9, 24, 25, 5, 5, 9, 16, 25, 5, 8, 9, 10, 16, 8, 9, 16, 25, 3, 16, 25, 5, 12, 16, 19, 3, 12, 24, 25, 5, 8, 9, 25, 5, 10, 23, 25, 5, 9, 5, 8, 16, 18, 20, 24, 1, 13, 18, 24, 25, 3, 5, 8, 9, 16, 18, 19, 20, 23, 24, 5, 8, 16, 18, 19, 20, 23, 24, 5, 8, 9, 11, 16, 18, 19, 20, 24, 25, 18, 25], "influence_y": [[0, 1, 2, 3, 4, 5, 6, 7, 8, 10, 12, 13, 15, 16, 17, 20, 23, 24]], "weights": [0.7523775307037134, -0.7367837811174137, -0.3377184183227478, -0.041387745291115476, 0.7995789803408911, 0.717995929048619, -0.09603853546565347, -0.47083699801081547, 0.5217320178046995, 0.36218531544221205, 0.7707273175816007, -0.08680631380915423, 1.4979158718322398, 0.8845881413165809, -0.2206064382345942, 0.24207536214005201, 1.2222084521369867, 0.24783848248524148, -0.2968560220193556, 0.2123112082247573, 1.0865590045449216, -0.17363441027517007, 0.24917889101948398, -0.22736422696269298, 0.08431574443676904, 0.4623528720675549, -1.29084579592126, -1.0565231002876203, -0.6761570407501176, 0.20568506826393873, 0.9699343849941672, -0.5936380566441506, 0.1470270402731083, -0.5917581365273136, -0.3487933269163482, 0.2666983226151329, -0.166332081452615, 0.10235830792276474, -0.13287924731252296, 0.9609186407165229, -1.6470459918177849, 0.09425134841909828, 3.179969564183752, 0.23616039509162978, 0.2463898905398143, 0.1997762729458404, -0.1180820095852268, -0.3876159261584622, -0.4056692659027482, -0.372240965037251, -1.250922253187123, 0.22113773519819557, 0.1409030942016149, -0.15415531926820006, 1.39151424142846, 0.3042786643247551, 0.31017804409842614, -0.35436357061174995, 1.1423943320981256, -0.3067156930514307, 0.09082066907662932, 0.22666619693168008, -0.33701855526331354, -0.2510656651415535, -0.5547945205479463, -0.2662337662337663, -0.31181067674905927, 0.2563701938805526, 0.23113833601065736, -0.5547945205479455, -0.34648100088560474, 0.8337966330181554, 0.2688620984382273, -0.3739954455635101, -0.4024063565190359, 0.11113839360442294, -0.3329312863890417, -0.5547945205479461, -0.19614051537371174, -0.266233766233767, -0.13586738733103343, -0.3117902188645161, -0.37364810771092916, -0.289670052068696, -0.17018859426329583, -0.5547945205479455, -0.17079462947789267, -0.26623376623376627, -0.15734396736810866, -0.3164948847733244, -0.4298453846368728, -0.26723225936540956, 0.19726391500668955, -0.15389924085576262, -0.10452089382265109, -0.5547945205479462, -0.1956293378430392, -0.2662337662337665, -0.3228768593442605, 2.171203715628149, -0.5547945205479452, 0.6128014359655307]}