{"from": [0, 0, 1, 2, 2, 2, 3, 3, 5, 5, 6, 6, 7, 7, 7, 8, 8, 8, 9, 10, 10, 10, 10, 11, 11, 11, 11, 11, 11, 12, 12, 12, 12, 13, 13, 13, 14, 14, 14, 15, 15, 15, 16, 16, 16, 17, 17, 17, 18, 18, 18, 19, 19, 19, 19, 19, 19, 20, 21, 21, 21, 21, 21, 21, 21, 21, 21, 22, 22, 22, 22, 22, 22, 23, 23, 23, 23, 23, 23, 23, 24, 24], "to": [1, 4, 25, 0, 1, 4, 5, 25, 4, 25, 1, 25, 1, 13, 16, 5, 9, 25, 5, 5, 9, 13, 16, 5, 8, 9, 10, 16, 23, 8, 9, 16, 25, 3, 16, 25, 5, 12, 16, 12, 18, 24, 8, 9, 25, 3, 23, 25, 20, 23, 24, 8, 16, 18, 20, 23, 24, 1, 8, 9, 13, 16, 18, 20, 23, 24, 25, 8, 16, 18, 20, 23, 24, 5, 8, 9, 13, 20, 24, 25, 20, 25], "influence_y": [[1, 3, 5, 6, 8, 12, 13, 16, 17, 21, 23, 24]], "weights": [0.6910986578620654, -0.4549305404396424, 3.1562600006427397, -0.7681518091660774, -0.17283996230570559, -0.5862167582895317, 0.3611645797708206, 4.4773070746622405, -0.10240103634194475, 0.774769448803392, -0.2191978096766256, 2.1948129003124146, 0.2541026453321323, -0.2593236047284456, 0.16163047436420364, 0.27241581485532884, -0.21338552428758417, 3.186181429165369, -1.445796799854391, -1.0856024338735075, -0.6679150867018032, -0.14310718214145657, 0.17941742970863453, -0.6026747651801926, 0.1326456582949423, -0.5796214368662039, -0.34216867469879586, 0.27477148147327646, -0.1118988414269555, -0.17338703683040788, 0.07706672103231603, -0.08823890967529113, 2.174893178889577, -1.638440418144033, 0.12030830978337449, 5.3825912269698, 0.29147929621536706, 0.17545039464835602, 0.18312173718235772, -0.33854103988956935, 0.16309159209455895, -0.35589431464613497, 0.12753242583999352, -0.17008510612206815, 1.8211299808766879, -0.45783380369258975, -0.27024257432234194, 2.3442108943910394, -0.5562913907284772, -0.22318728228205625, -0.3290196793146265, -0.3172354108266383, -0.27143317450107074, -0.1915598204613971, -0.5562913907284762, -0.22535890081267249, -0.3398043555160244, 0.27014045512397084, -0.47391957750101504, 0.14534303272840807, -0.1792012013882174, -0.2576880342500803, -0.19252414620918468, -0.5562913907284768, -0.24829984173704883, -0.3377000284523373, 1.6052317270900414, -0.3546830028241563, -0.21606939900690164, -0.1927953628257503, -0.5562913907284759, -0.24752726010113688, -0.3371081864656751, -0.26989029872426873, -0.18871357910099684, 0.20379085004551292, -0.1678574007193504, -0.5562913907284777, -0.34965123378686663, 1.1316761102538504, -0.5562913907284761, 1.2510269899666984]}