{"from": [0, 0, 0, 1, 2, 2, 2, 2, 3, 3, 3, 4, 5, 5, 6, 6, 7, 7, 7, 7, 7, 8, 8, 8, 9, 10, 10, 10, 10, 11, 11, 11, 11, 11, 11, 11, 12, 12, 12, 12, 12, 13, 14, 14, 14, 14, 15, 15, 15, 15, 16, 16, 16, 17, 17, 18, 18, 18, 18, 18, 19, 19, 19, 19, 19, 19, 19, 20, 20, 21, 21, 21, 21, 21, 21, 21, 22, 22, 22, 22, 22, 22, 22, 22, 23, 23, 23, 23, 23, 23, 24, 24, 24, 24], "to": [1, 4, 25, 25, 0, 1, 4, 25, 5, 13, 16, 25, 4, 25, 1, 25, 1, 3, 14, 16, 25, 5, 9, 25, 5, 5, 9, 16, 25, 5, 8, 9, 10, 16, 23, 25, 3, 8, 9, 16, 25, 25, 9, 16, 23, 25, 8, 14, 18, 24, 8, 9, 25, 23, 25, 8, 9, 20, 23, 24, 8, 14, 16, 18, 20, 23, 24, 9, 25, 3, 8, 9, 18, 20, 23, 24, 1, 8, 14, 18, 20, 23, 24, 25, 1, 5, 8, 9, 20, 24, 1, 8, 20, 25], "influence_y": [[0, 1, 2, 4, 5, 6, 7, 8, 10, 11, 12, 13, 14, 16, 17, 20, 22, 24]], "weights": [0.761843326566396, -0.4723935662591897, 1.3984075227959254, 1.435706161044823, -0.7607036195764663, -0.14289917359857363, -0.6011455662059066, 0.6471018928470849, 0.3136367011524492, -0.4010643519106343, -0.0725452309016494, 0.3179333303012558, -0.12162453357964953, 0.29150128235844774, -0.16340621966486504, 1.2059661322574655, 0.2839007481151112, 0.4548853559960826, -0.09670864697296715, 0.2683964155356335, 2.024225385486422, 0.3749990267789, -0.18216908054831893, 1.8918935215716646, -1.4608060707805874, -1.1738583933185986, -0.6811615465003663, 0.16250502398456407, 0.7478757504241391, -0.7557594467265976, 0.0976649801323087, -0.5858083197612214, -0.3472906403940887, 0.2614629001080665, -0.13167370011832674, 0.966546639608451, 0.3366306815970685, -0.20087723819386014, 0.08175210874187275, -0.1308479262155811, 3.1176537430470677, 0.5520026407763674, -0.07512675655668904, 0.1928921615883801, -0.08433618386831791, 0.6311093636986523, 0.24289086667742327, -0.264978654239948, 0.15956940158753694, -0.33688247598377785, 0.0881031819927155, -0.14397958208782236, 0.8739279660936257, -0.28856218517293847, 1.3862607174181514, -0.13062651887395016, 0.0625111102213572, -0.5714285714285707, -0.2298249453620474, -0.33447082461781563, -0.3359676960858924, -0.09741748391063378, -0.1962185867911814, -0.1928340138848851, -0.5714285714285718, -0.24445958836265874, -0.34516550639507826, -0.11864920458885175, 0.669747997612447, 0.6121285405567053, -0.48350828566779924, 0.14737603533029014, -0.18950131961613984, -0.571428571428571, -0.24237273517916044, -0.35220148124854056, -0.2528400628076859, -0.3672751099820656, 0.156290900707053, -0.19358702264398572, -0.5714285714285718, -0.24910598622089458, -0.34357575640116117, -1.6827934969327196, -0.18992073599873144, -0.33931056327726994, -0.2619185177751871, 0.1844886789998971, -0.5714285714285713, -0.3485075944504729, -0.2441397562516768, 0.10091284982638446, -0.5714285714285718, 0.5498314880660492]}