{"from": [0, 1, 2, 2, 2, 2, 3, 3, 4, 4, 5, 6, 6, 6, 7, 7, 8, 8, 9, 9, 10, 10, 10, 10, 10, 10, 11, 11, 11, 11, 11, 11, 12, 12, 12, 12, 13, 13, 13, 14, 14, 14, 14, 15, 15, 15, 15, 16, 16, 17, 17, 18, 18, 18, 18, 18, 18, 19, 19, 19, 19, 19, 20, 20, 20, 21, 21, 21, 21, 21, 21, 21, 21, 21, 21, 22, 22, 22, 22, 22, 22, 22, 22, 22, 22, 22, 23, 23, 23, 23, 23, 23, 23, 24, 24, 24], "to": [1, 25, 0, 1, 4, 5, 5, 25, 0, 25, 25, 1, 4, 25, 1, 16, 5, 25, 5, 8, 5, 8, 9, 16, 24, 25, 5, 8, 9, 10, 16, 25, 8, 9, 16, 25, 3, 16, 24, 5, 12, 16, 19, 8, 14, 16, 24, 5, 9, 8, 23, 5, 9, 19, 20, 23, 24, 8, 9, 16, 20, 24, 1, 8, 25, 3, 5, 8, 9, 16, 18, 19, 20, 23, 24, 1, 5, 8, 9, 16, 18, 19, 20, 23, 24, 25, 5, 9, 11, 16, 19, 20, 24, 1, 8, 20], "influence_y": [[1, 3, 4, 5, 6, 8, 10, 11, 12, 20, 22]], "weights": [0.7205311558861485, 2.876726470886661, -0.8102649844292357, -0.14652478651668197, -0.22308975782220614, 0.07054100282774753, 0.383103690456335, 1.3259530558260386, -0.18678233043696885, 0.4707241590500706, 1.6743492172973298, -0.20799302438499437, 0.2912545879040069, 0.8547039172547352, 0.308605595651973, 0.18550941904543353, 0.2376880721096043, 2.889401281568374, -1.1746225090981421, -0.5526849817787247, -0.9651295664879037, -0.3244665769034933, -0.6686458142556561, 0.13788741586366077, 0.039872365923715035, 1.8996060690451069, -0.5913471760349058, -0.2167697131240755, -0.6133758206896731, -0.35784313725490163, 0.2727322767165745, 2.5103104143217125, -0.06604111973318179, 0.12335598796219246, -0.11913284860776313, 1.6519405024938785, -1.5960230282538872, 0.08106476607560056, -0.06505150257102607, 0.1958260962618369, 0.2531202435312027, 0.18695318091524352, -0.09060966746693054, 0.3171061388816057, -0.31573157315731576, 0.26983270452549646, -0.269658501032716, 0.2761665732442531, -0.16335930997469644, 0.1836693162365994, -0.2861092413890595, -0.49185383763449747, 0.10122248416525116, -0.24137977516249245, -0.6078431372549018, -0.1823341788582365, -0.33950334878862976, -0.0929182977499359, 0.1592139988672093, -0.23513583342095273, -0.607843137254902, -0.33731682081360254, 0.2157825053295212, 0.15454843686917377, 1.732727227115468, 0.3057930850724715, -0.43281996868072, -0.16186457953256733, 0.25895382797621475, -0.3235324467316989, -0.14482758620689687, -0.24258921156086077, -0.6078431372549018, -0.18429524508709352, -0.34541348639323455, -0.19435143538174396, -0.44369100209951673, -0.18599686032015172, 0.1483161677209465, -0.23994361599498626, -0.14482758620689626, -0.23023334781537086, -0.6078431372549029, -0.1973002106047781, -0.34028669518406407, 1.2027129046336122, -0.5635991611183863, 0.2716560293724898, -0.15313158398774168, -0.1047645720577354, -0.24106711240380774, -0.607843137254902, -0.35137245389701527, -0.15256240495696324, 0.21054677304338343, -0.6078431372549024]}