{"from": [0, 0, 1, 2, 2, 2, 3, 3, 4, 5, 6, 6, 6, 7, 7, 8, 8, 8, 9, 10, 10, 10, 10, 11, 11, 11, 11, 11, 11, 12, 12, 13, 14, 14, 15, 15, 15, 15, 15, 16, 16, 16, 16, 17, 17, 18, 18, 18, 19, 19, 19, 19, 20, 20, 21, 21, 21, 21, 21, 21, 22, 22, 22, 22, 22, 22, 22, 22, 22, 23, 23, 23, 23, 23, 23, 23, 23, 23, 23, 24, 24], "to": [1, 4, 25, 0, 1, 4, 5, 25, 25, 25, 1, 4, 25, 1, 13, 5, 9, 25, 5, 5, 9, 16, 25, 5, 8, 9, 10, 16, 25, 8, 25, 3, 12, 19, 8, 12, 14, 18, 24, 8, 9, 24, 25, 8, 23, 19, 20, 24, 8, 16, 20, 24, 1, 24, 8, 18, 19, 20, 23, 24, 1, 5, 8, 14, 18, 19, 20, 23, 24, 1, 5, 8, 9, 11, 18, 19, 20, 24, 25, 1, 8], "influence_y": [[1, 3, 4, 5, 6, 8, 10, 11, 12, 16, 23]], "weights": [0.7478358866341391, -0.44930729600385544, 1.764643185770432, -0.7434122386921276, -0.14031226429378202, -0.5497609633979241, 0.3343264796532638, 1.3517458346721072, 1.141968667683333, 1.376899316958155, -0.16841872232134747, 0.287942121654696, 1.5683658443383774, 0.26049845630488044, -0.3073521282476505, 0.3722576275253515, -0.245037811402819, 3.2301325298344357, -1.3696761794507422, -1.0078503545435293, -0.6776406745091039, 0.16868585202795042, 1.8727855606946884, -0.606952558119088, 0.1603503397766774, -0.6000812336106199, -0.3383458646616546, 0.24606154661238888, 1.0589235302388267, -0.11621885041633631, 2.292715016764235, -1.6616625243831762, 0.21369051055558727, -0.14514184216413528, 0.26439318414383256, -0.2814117737621, -0.24293711583506014, 0.13027152857576432, -0.2247712793727452, 0.13616075382378728, -0.16141294380548005, 0.05290495113871982, 2.2431960822363433, 0.16541643512114576, -0.24897770166363772, -0.23835224723986725, -0.3459915611814347, -0.5766018360153468, -0.2302601770328232, -0.19470553464974782, -0.3459915611814348, -0.5695696529685303, 0.1654864040378111, -0.5908468772602192, -0.3365768282212229, -0.17117026131381502, -0.2530863433383482, -0.3459915611814347, -0.15218483503425076, -0.5819969425549122, -0.3331383684881787, -0.37434359095492675, -0.2523607213676688, 0.16142060572816314, -0.17776327160149086, -0.21786289627656408, -0.34599156118143437, -0.15188120369075928, -0.5726213881540982, -0.19643074574811778, -0.31373014088189777, -0.2572202182777723, 0.1490967661450073, -0.16533422908968765, -0.17492809386888522, -0.2469457269390959, -0.3459915611814347, -0.5793792866946822, 1.9859843568254307, -0.20285347163315268, 0.13215347283830425]}