{"from": [0, 0, 0, 1, 2, 2, 2, 2, 3, 3, 5, 6, 6, 6, 7, 7, 7, 7, 8, 8, 8, 8, 9, 10, 10, 10, 10, 11, 11, 11, 11, 11, 11, 11, 12, 12, 12, 12, 12, 13, 13, 13, 13, 14, 14, 14, 14, 14, 14, 14, 15, 15, 15, 15, 15, 15, 16, 16, 16, 16, 17, 17, 17, 17, 18, 18, 18, 18, 18, 19, 19, 19, 19, 19, 19, 19, 20, 20, 20, 20, 20, 20, 21, 21, 21, 21, 21, 21, 21, 21, 21, 22, 22, 22, 22, 22, 22, 22, 22, 23, 23, 23, 23, 24], "to": [1, 4, 25, 9, 0, 1, 4, 25, 5, 25, 25, 1, 23, 25, 1, 13, 16, 25, 5, 9, 23, 25, 5, 5, 9, 13, 16, 5, 8, 9, 10, 16, 23, 25, 8, 9, 16, 23, 25, 3, 16, 23, 25, 9, 12, 16, 19, 20, 23, 25, 8, 12, 14, 16, 18, 24, 5, 8, 9, 25, 8, 13, 20, 23, 9, 20, 23, 24, 25, 8, 16, 18, 20, 23, 24, 25, 1, 8, 13, 23, 24, 25, 8, 9, 13, 16, 18, 19, 20, 23, 24, 8, 14, 16, 18, 19, 20, 23, 24, 5, 9, 24, 25, 1], "influence_y": [[0, 2, 3, 5, 6, 7, 8, 11, 12, 13, 14, 16, 18, 19, 20, 23]], "weights": [0.7420712583866316, -0.44762555730983644, 2.9358884720854257, 0.020048802443953212, -0.7391196623461457, -0.16688400661530378, -0.5922004554001372, 2.058761467449794, 0.32527261230097704, 1.6662386242802876, 1.7044912074412983, -0.1958761094047568, 0.07761246631978347, 0.8899863469421004, 0.23566083307739882, -0.27344710828755453, 0.17652488203783845, 1.7956881232867228, 0.37493325691669643, -0.20484967132710083, -0.11471297198427718, 1.0621228591768341, -1.3317710016632385, -1.043694677733535, -0.6917667024644683, -0.1056626774273295, 0.147986636600214, -0.6476168610475297, 0.18617762277591002, -0.606045911054552, -0.37073170731707317, 0.2997599850240612, -0.07415245729783632, 1.3067220891012539, -0.123451308441442, 0.08584143622562464, -0.0844340427519703, -0.06353402663245053, 1.3969585394668014, -1.6089662822904673, 0.10978596703771148, -0.07629192912941449, 1.2470338982563942, -0.10253925599414507, 0.22693988725876077, 0.23020558662320056, -0.10090600077582064, 0.1560207306326109, -0.0817009267590263, 1.2577780517311767, 0.2540917028876151, -0.3327237685584744, -0.292449081111726, 0.21230510796905086, 0.1538345395575547, -0.23310308466744223, 0.1939977216557517, 0.09013038752994154, -0.13571572259762243, 2.9061955861430633, 0.22401701708478622, 0.32423679737476996, 0.1998468398338187, -0.29834301468181407, 0.0883214543517148, -0.24000913672971375, -0.33878232494938076, -0.5434855815449844, 1.074125172729293, -0.19930185439558512, -0.18007266585694556, -0.2045175262510708, -0.2249008362547822, -0.3779442201422456, -0.5499606672301915, 1.114701254381561, 0.2632470061189722, 0.19384911647615993, 0.22170131678299834, -0.280640724185546, -0.5500518656201239, 0.8808819794549889, -0.35883285238981855, 0.13534431052071516, -0.19707201878038832, -0.14662627044998128, -0.1985350719349434, -0.16832898303933244, -0.23435265562709323, -0.39800284539501785, -0.5590257871894803, -0.2748488977092269, 0.2282338947912527, -0.2190597808408212, -0.20439543534666016, -0.14045970663458116, -0.2717341858065617, -0.36605447359598536, -0.550145669678339, -0.3699932136692785, 0.18546505273481556, -0.5525675199086516, 1.2362781804053224, -0.1708825606579728]}