{"from": [0, 0, 0, 0, 1, 2, 2, 2, 3, 4, 5, 6, 6, 7, 7, 7, 8, 8, 8, 9, 10, 10, 10, 11, 11, 11, 11, 11, 11, 11, 12, 12, 12, 12, 12, 13, 13, 13, 13, 14, 14, 14, 14, 14, 14, 14, 15, 15, 15, 15, 15, 15, 16, 16, 16, 16, 17, 17, 18, 18, 18, 18, 18, 18, 19, 19, 19, 19, 19, 19, 19, 20, 20, 21, 21, 21, 21, 21, 21, 21, 21, 21, 22, 22, 22, 22, 22, 22, 22, 22, 23, 23, 23, 23, 23, 23, 23, 23, 24, 24, 24], "to": [1, 2, 4, 25, 25, 1, 4, 25, 5, 25, 25, 1, 25, 1, 13, 14, 5, 9, 25, 5, 5, 9, 16, 5, 8, 9, 10, 16, 23, 25, 8, 9, 13, 16, 25, 3, 8, 16, 25, 5, 9, 12, 16, 19, 23, 25, 3, 8, 12, 14, 16, 24, 5, 8, 9, 25, 8, 23, 8, 9, 19, 20, 23, 24, 8, 9, 13, 16, 20, 23, 24, 1, 25, 3, 5, 8, 9, 16, 19, 20, 23, 24, 1, 8, 14, 16, 19, 20, 23, 24, 5, 8, 9, 13, 16, 20, 24, 25, 1, 20, 25], "influence_y": [[0, 1, 2, 4, 5, 6, 8, 11, 12, 13, 14, 16, 20, 23, 24]], "weights": [0.7294538831046601, -0.7876539888657024, -0.4641148760613669, 1.700584879055412, 1.7117193356568179, -0.1512721429435258, -0.5837611198070384, 1.1475964745976241, 0.345983371108237, 1.2941375319059352, 1.6668860708081177, -0.15758328643802877, 1.5875547729578086, 0.2702708053330966, -0.264863293505594, -0.10467909942351211, 0.33647445357711697, -0.20705877065127812, 1.3015655661162668, -1.2657526291140413, -1.015150202951193, -0.6503709255359339, 0.1778674398981127, -0.6273360864270051, 0.11861735165829448, -0.5953626614101795, -0.34491315136476414, 0.2606954070515977, -0.08486737033520238, 1.9192200883488757, -0.17905901159365006, 0.0862615454381884, -0.14360549944685044, -0.0897498648430684, 2.823487654994359, -1.6349343329185024, -0.10777435216137204, 0.08972072198516759, 1.161489186816039, 0.21631622364103953, -0.08047488887178329, 0.18368396246625812, 0.1792611312393213, -0.08862208493288065, -0.07373285272792456, 0.9132101014046589, -0.37029817247358254, 0.20737032585251025, -0.3345779290335607, -0.20535218619402357, 0.20683957160595198, -0.3575182022326035, 0.21438538631578793, 0.07819163650284836, -0.13183224930132031, 0.859627101955116, 0.184344910088761, -0.29134096767016276, -0.1610222491876464, 0.12994186625243637, -0.18224965232544232, -0.5527950310559011, -0.21541704136159628, -0.3279139480515934, -0.33178961917233973, 0.1157023661772841, -0.14015703260257856, -0.23632764224185512, -0.5527950310559, -0.21563215497314261, -0.3331715686726613, 0.23294442662869919, 2.615827035879659, 0.2909842953853783, -0.2779998275103069, -0.4335224334478157, 0.17678767690243843, -0.23923059784666556, -0.1838216627011916, -0.5527950310559, -0.2281925384641381, -0.3453538603556229, -0.17162510030049224, -0.3113871345678158, 0.19498148301095122, -0.192349242023073, -0.16163435449346203, -0.5527950310559006, -0.21574843824150186, -0.3384291892937285, -0.38895537031557187, -0.3107990685127698, 0.2177594960134994, -0.2546523431264104, -0.15380713265128607, -0.5527950310559009, -0.34392222576350095, 1.6415671132760663, -0.11329719893516127, -0.5527950310559004, 1.5374664154190585]}