{"from": [0, 0, 0, 1, 2, 2, 2, 2, 3, 3, 4, 5, 6, 6, 7, 7, 7, 8, 8, 8, 8, 8, 9, 10, 10, 10, 10, 10, 11, 11, 11, 11, 11, 11, 12, 12, 12, 12, 13, 13, 13, 14, 14, 14, 14, 14, 15, 15, 15, 16, 16, 16, 16, 16, 17, 17, 17, 18, 18, 18, 18, 18, 18, 19, 19, 19, 20, 20, 20, 20, 20, 20, 20, 21, 21, 21, 21, 21, 21, 21, 22, 22, 22, 22, 22, 22, 22, 22, 22, 23, 23, 23, 23, 23, 23, 23, 23, 24, 24, 24], "to": [1, 4, 25, 25, 0, 1, 4, 25, 5, 25, 25, 4, 1, 25, 1, 13, 14, 1, 5, 9, 19, 25, 5, 5, 9, 12, 16, 25, 5, 8, 9, 10, 16, 25, 3, 8, 9, 13, 3, 16, 25, 5, 12, 16, 20, 25, 12, 14, 24, 5, 8, 9, 19, 25, 8, 23, 25, 1, 9, 13, 19, 20, 24, 5, 9, 24, 1, 8, 13, 16, 19, 24, 25, 8, 9, 18, 19, 20, 23, 24, 1, 8, 14, 18, 19, 20, 23, 24, 25, 5, 8, 9, 11, 18, 19, 20, 24, 1, 5, 25], "influence_y": [[0, 1, 2, 3, 4, 6, 8, 10, 11, 13, 14, 16, 17, 20, 22, 24]], "weights": [0.7110280884353061, -0.4504602385301391, 2.0407245074759777, 2.3973792376804575, -0.7754013352958079, -0.16406176641824163, -0.5449922242510222, 2.9601289015874572, 0.3691567222981952, 1.3042276372853683, 1.5579058053398596, -0.14427099404745938, -0.21256834631455115, 2.1908107165265176, 0.2861887287070608, -0.3198059405418903, -0.11482467116464795, 0.08901550902141128, 0.398668721996017, -0.2068184438956488, -0.14833427395805587, 3.4960568983386975, -1.38019240347342, -1.0431182000860857, -0.6746451240617014, 0.11321954925450113, 0.18456810265944895, 0.8784290189380997, -0.6430580308258418, 0.13292702407516274, -0.5780528259765622, -0.3396226415094336, 0.30138485716286184, 1.0903281898859583, 0.18088025694301982, -0.19016262651032528, 0.10885005880526387, -0.1372317369421439, -1.609890673242473, 0.08629982111360418, 1.7461534153071183, 0.2629036909643193, 0.20347165465663966, 0.12284445674580868, 0.11814280647585544, 2.121144115925924, -0.3496036660361653, -0.26632192191663456, -0.18421664616839656, 0.19252207659505105, 0.12937625777896092, -0.12063952140161976, -0.13855807042369075, 1.2971884081579073, 0.20715279028069564, -0.24019750327473408, 2.35033052248457, 0.16404234346456553, 0.17771049986577303, -0.15059519300691995, -0.3269390081161415, -0.2373182782213635, -0.5327211637641295, 0.3886048023853486, 0.1380912353214351, -0.539992873481303, 0.2383941660422347, 0.11084497415411781, 0.25537361210275905, 0.1657590413908939, -0.2835434523121667, -0.5376336076619539, 1.355985907667666, -0.3374348505805104, 0.22636388618446943, -0.183288409703503, -0.40817519893220167, -0.24162039722468664, -0.15514501315555956, -0.5414933850102436, -0.16143506739395552, -0.25409840181741733, 0.13701392971000537, -0.1832884097035043, -0.3978126604003006, -0.2613108649706624, -0.17230197767518388, -0.5371072743871872, 1.3348424499439657, -0.17704160586609086, -0.16169104667935552, 0.2342141649441486, -0.1668713639301876, -0.18328840970350427, -0.3777108365884258, -0.2442678550728847, -0.5435574370681531, -0.18227768506896666, 0.20242979344532652, 1.2311392112695934]}