{"from": [0, 0, 1, 2, 2, 2, 2, 3, 3, 3, 4, 4, 5, 6, 6, 7, 7, 8, 8, 9, 9, 10, 10, 10, 10, 11, 11, 11, 11, 11, 12, 12, 12, 13, 13, 14, 14, 14, 14, 15, 15, 15, 15, 16, 16, 16, 16, 17, 17, 17, 17, 18, 18, 18, 18, 18, 19, 19, 19, 19, 19, 19, 20, 21, 21, 21, 21, 21, 21, 21, 21, 21, 22, 22, 22, 22, 22, 22, 22, 23, 23, 23, 23, 23, 23, 23, 23, 23, 23, 23, 24, 24, 24], "to": [1, 4, 25, 0, 1, 4, 25, 5, 10, 25, 5, 25, 25, 1, 25, 1, 13, 5, 9, 5, 25, 5, 9, 16, 25, 5, 8, 9, 10, 16, 3, 8, 9, 3, 25, 9, 12, 19, 25, 3, 12, 24, 25, 5, 8, 9, 25, 3, 8, 23, 25, 5, 9, 19, 20, 24, 8, 9, 16, 20, 24, 25, 8, 3, 8, 9, 16, 18, 19, 20, 23, 24, 1, 8, 18, 19, 20, 23, 24, 5, 8, 9, 11, 13, 16, 18, 19, 20, 24, 25, 1, 8, 20], "influence_y": [[1, 2, 3, 4, 5, 6, 9, 10, 13, 14, 15, 16, 17, 19, 23]], "weights": [0.7284651390802174, -0.4740686966652907, 2.784539966742629, -0.7569215184151483, -0.14360332232889084, -0.6010389774302557, 1.3294036188046503, 0.3414319607877981, 0.04937487722208952, 1.3416385355005016, -0.07760997839254541, -0.7450135879252733, 0.4181057278138808, -0.21642113757923157, 1.7740964667450534, 0.2701085832950097, -0.2617016287717586, 0.29254525313102525, -0.19727865012605747, -1.3525073726669679, 3.425793502580826, -1.1213845346275657, -0.6654386514603466, 0.11964905516559284, 4.236542672414269, -0.7700418150502485, 0.11626278439789606, -0.5997033759701076, -0.34412255874219483, 0.24261754701690064, 0.12656052204127732, -0.14377885541644597, 0.1030168842246897, -1.5969683491471913, 2.4310500671715287, -0.08910969278882089, 0.2572806364515161, -0.13675769625520787, 2.8586512423660047, -0.3195723726258022, -0.2805253391704349, -0.2561554487689956, 2.595573295384368, 0.28719164048982265, 0.12279159995999535, -0.1284425504326049, 1.9134129116842016, -0.31309316649286556, 0.17960237926753417, -0.3965480427046262, 2.759255185878109, -0.2580152988748574, 0.0883508727361096, -0.233770406365885, -0.5590062111801244, -0.31061401098643704, -0.20058638605605286, 0.08522585888609063, -0.25167115957232733, -0.5590062111801242, -0.31793273809412237, 1.0775689865305507, 0.119833602891217, 0.26570472305545223, -0.36421482423084794, 0.1845839235179385, -0.26030906557341804, -0.18733509234828388, -0.23329869255298918, -0.5590062111801242, -0.14328717489368217, -0.3262969976457638, -0.26568013788956485, -0.3186968798575557, -0.18733509234828505, -0.2182443512212471, -0.5590062111801237, -0.13911814785226057, -0.31837629731277006, -0.45534824907110705, -0.14398641609628177, 0.23094847348485642, -0.17626478203064871, -0.18030934829283662, -0.18332362319865442, -0.18733509234828513, -0.23401894375117313, -0.5590062111801243, -0.32300862947525993, -1.147010693384681, -0.1604100321982654, 0.1281476438980969, -0.5590062111801245]}