{"from": [0, 0, 0, 0, 1, 2, 2, 2, 3, 3, 3, 4, 5, 6, 7, 7, 7, 7, 8, 8, 9, 9, 10, 10, 10, 10, 10, 10, 10, 10, 11, 11, 11, 11, 11, 12, 12, 12, 12, 14, 14, 14, 14, 14, 15, 15, 15, 15, 15, 16, 16, 16, 16, 17, 17, 18, 18, 18, 18, 18, 18, 18, 19, 19, 19, 19, 19, 19, 19, 19, 20, 21, 21, 21, 21, 21, 21, 21, 21, 21, 22, 22, 22, 22, 22, 22, 22, 22, 22, 22, 23, 23, 23, 23, 23, 23, 23, 23, 23, 23, 23, 24, 24, 24, 24], "to": [1, 2, 4, 25, 25, 1, 4, 25, 5, 13, 25, 25, 25, 1, 1, 3, 13, 25, 5, 25, 5, 8, 3, 5, 8, 9, 11, 12, 19, 25, 5, 8, 9, 16, 25, 3, 8, 9, 25, 5, 9, 12, 16, 19, 12, 14, 18, 24, 25, 3, 5, 9, 25, 22, 23, 3, 9, 12, 19, 20, 24, 25, 3, 5, 8, 9, 16, 20, 24, 25, 3, 3, 8, 9, 16, 18, 19, 20, 23, 24, 1, 5, 8, 9, 16, 18, 19, 20, 23, 24, 1, 5, 8, 9, 11, 13, 16, 18, 19, 20, 24, 1, 8, 20, 25], "influence_y": [[0, 1, 2, 3, 4, 5, 7, 8, 10, 11, 12, 15, 16, 18, 19, 24]], "weights": [0.720097443085664, -0.7509241464022584, -0.4345059904974146, 1.323944844501699, 2.951913388507242, -0.16284240265123345, -0.5314301154771465, 1.1069168546163848, 0.33555914077445503, -0.40482818799951004, 0.972396357027286, 1.6178129970660406, 3.0300032277055564, -0.2206678377636799, 0.28589038998327254, 0.4548523413087295, -0.13602145259296275, 2.6023453523392246, 0.30919550418244357, 1.2240534343936027, -1.3572348354284354, -0.5128845679059238, 0.21535976162474502, -1.0790153934677218, -0.3139650143769614, -0.6852448544443385, -0.31610248223702286, 0.09620236610482401, -0.06744111848358264, 0.5817059054274123, -0.614209153747088, -0.160603676780494, -0.6363345538918896, 0.16512809547877585, 1.198092685571759, 0.33567731520880684, -0.1295255174570588, 0.14240295491836694, 4.354818689490403, 0.29344533292675445, -0.07583120080290959, 0.1576204202987818, 0.127186901217322, -0.14247299918898762, -0.35935892791098417, -0.25943843672927297, 0.15657295062828064, -0.2731038192763589, 1.4360243271285513, -0.3222612590097011, 0.23169889828000878, -0.1350655416638611, 3.474102515985292, -0.20761154855643066, -0.24644320747879003, 0.27701205685760744, 0.1477381585091812, 0.16252826719524133, -0.23833830387016525, -0.5652173913043482, -0.310362119372933, 0.9420095487405085, 0.25049512849100475, 0.25798246769757205, -0.24245421559733404, 0.16868898210537203, -0.2695435878703119, -0.5652173913043481, -0.3214338958300822, -1.3041744895741776, -0.2506622430118587, 0.5444138312883867, -0.28531390808960766, 0.2541186040893705, -0.30608256440980597, -0.1883480494322558, -0.2523456449508577, -0.5652173913043474, -0.12902956017507503, -0.31643109313462936, -0.34353838317322266, -0.32192675861830444, -0.306362915219362, 0.20791947926545776, -0.2598545546142501, -0.19182744833510615, -0.2241044527623619, -0.565217391304348, -0.15802287870199105, -0.31036211937293273, -0.3067116365134712, -0.2175099555560524, -0.16641712651812476, 0.24939182287267808, -0.1595287631559432, -0.11306454566818663, -0.24482389215371342, -0.1839988008036922, -0.2390163743978165, -0.5652173913043476, -0.3240173103367505, -0.2501858005584441, 0.13028978675698177, -0.5652173913043484, 1.6248754186867527]}