{"from": [0, 0, 0, 0, 1, 2, 2, 2, 3, 4, 5, 6, 6, 6, 7, 7, 8, 8, 8, 8, 9, 10, 10, 10, 10, 10, 10, 11, 11, 11, 11, 12, 12, 12, 13, 13, 13, 13, 14, 14, 14, 14, 15, 15, 15, 15, 16, 16, 16, 16, 17, 18, 18, 18, 18, 18, 19, 19, 19, 19, 19, 21, 21, 21, 21, 21, 21, 21, 21, 21, 21, 22, 22, 22, 22, 22, 22, 22, 22, 23, 23, 23, 23, 23, 23, 23, 23, 23, 23, 24], "to": [1, 2, 4, 25, 25, 1, 4, 25, 25, 25, 25, 1, 4, 13, 1, 13, 2, 5, 9, 25, 5, 5, 9, 11, 13, 16, 19, 5, 8, 9, 16, 8, 13, 25, 3, 5, 16, 25, 1, 12, 19, 25, 8, 12, 14, 24, 5, 8, 9, 25, 23, 5, 13, 19, 20, 24, 8, 13, 16, 20, 24, 8, 9, 11, 13, 16, 18, 19, 20, 23, 24, 1, 8, 14, 18, 19, 20, 23, 24, 1, 5, 8, 9, 11, 13, 18, 19, 20, 24, 20], "influence_y": [[0, 1, 2, 3, 4, 5, 8, 12, 13, 14, 16]], "weights": [0.7578332071265192, -0.7675060944499058, -0.4794225508861891, 0.7462049544056896, 0.5842226294966185, -0.1206257022037649, -0.5990588406572193, 2.3393585313556637, 3.15207543039428, 0.9111554171869432, 0.83867788228724, -0.2063147166095407, 0.25816020908372805, 0.09077851808303314, 0.3740898342943213, -0.2926964058284343, 0.1754025467570234, 0.32322804418045503, -0.24774031793195142, 2.392286099107689, -1.1849625726917652, -0.9384640515124081, -0.6492480263119244, -0.3169795574286637, -0.10417274271784441, 0.14851976353667973, -0.0719751534308297, -0.5313913172850087, 0.13839798946185955, -0.5764910695688806, 0.27527678908302056, -0.18743874263104485, -0.07878904987852531, 2.123945321842234, -1.5921456284355537, -0.621058732220211, 0.1492969753330079, 1.370881947291927, 0.1688706898485454, 0.2469791269595718, -0.11892306791530535, 2.7524766392800535, 0.30032017815915246, -0.30354881002644407, -0.2310097980654062, -0.38631378937133204, 0.2303491794989774, 0.12934715977214517, -0.1439780791243839, 1.2572805163388687, -0.37712784967919755, -0.3349445489092173, -0.21885462953697452, -0.23653515574188394, -0.5345911949685536, -0.3111837481726385, -0.2407371302944035, -0.18963632669420188, -0.2069384253885902, -0.5345911949685529, -0.3270596573248851, -0.4000547750961073, 0.14194417748411142, -0.153481533561259, -0.26361297461314487, -0.19158973138133578, -0.1884816753926699, -0.24619194914566966, -0.5345911949685531, -0.13912690312005838, -0.32874346587133596, -0.3248453377654185, -0.31209927575859464, 0.14623292062409876, -0.18848167539267013, -0.21955764654981225, -0.5345911949685532, -0.16383180236374906, -0.3225459184482665, -0.14351518877082037, -0.5637672344121493, -0.28870804864964644, 0.1746600561595279, -0.19767283571421362, -0.31237722899444154, -0.1884816753926699, -0.2446567114072265, -0.534591194968553, -0.32957964290460673, -0.5345911949685533]}