{"from": [0, 0, 0, 2, 2, 2, 2, 2, 3, 3, 4, 5, 6, 6, 7, 7, 7, 8, 8, 9, 10, 10, 10, 11, 11, 11, 11, 11, 12, 12, 12, 12, 12, 12, 13, 14, 14, 14, 14, 14, 15, 15, 15, 15, 15, 15, 16, 16, 16, 16, 17, 17, 17, 18, 18, 18, 18, 18, 18, 19, 19, 19, 19, 19, 19, 20, 21, 21, 21, 21, 21, 21, 21, 21, 21, 21, 21, 22, 22, 22, 22, 22, 22, 22, 22, 22, 23, 23, 23, 23, 23, 23, 23, 23, 23, 23, 24, 24, 24, 24], "to": [1, 4, 25, 0, 1, 4, 9, 25, 5, 25, 25, 4, 1, 4, 1, 13, 25, 5, 9, 5, 5, 9, 13, 5, 8, 9, 10, 16, 3, 8, 9, 13, 20, 25, 3, 5, 9, 12, 19, 25, 3, 8, 12, 14, 18, 24, 5, 8, 9, 25, 3, 9, 23, 5, 8, 9, 13, 20, 24, 8, 9, 16, 18, 20, 24, 1, 3, 5, 8, 9, 12, 13, 18, 19, 20, 23, 24, 1, 5, 8, 13, 18, 19, 20, 23, 24, 5, 8, 9, 11, 13, 18, 19, 20, 24, 25, 1, 8, 9, 20], "influence_y": [[0, 2, 3, 4, 7, 12, 14, 16, 23]], "weights": [0.7342600196231985, -0.4583228038619098, 2.17511359538495, -0.7483487368549531, -0.16140204480286185, -0.5327599513736826, -0.020986597890289144, 1.1915364560109503, 0.35439096032538264, 0.593480924088446, 2.91408239103028, -0.10363879769652706, -0.22100013155914028, 0.224930682119684, 0.30414234204255997, -0.2716402185853372, 2.9358980555716623, 0.24180920580218018, -0.1994529041181702, -1.2789084703064957, -0.9919366995180365, -0.6349387581755038, -0.10191137835154188, -0.6492332913707236, 0.09895592903591514, -0.5659058586815799, -0.3694581280788183, 0.1836662867868875, 0.1281092382431523, -0.18860087093421554, 0.08630039081650587, -0.11671935887950244, -0.07562143242297908, 0.9461289588959035, -1.6049273614492252, 0.19609921077618292, -0.07869897165901102, 0.19189178519769315, -0.11316190441430157, 1.5492735555458188, -0.36105014150574366, 0.2524387408065865, -0.3145518065151936, -0.3367482451147788, 0.15877482820242625, -0.22457780104109015, 0.15857441639977543, 0.08204718637931716, -0.1349958072219548, 2.0557058201769705, -0.4802905156759628, -0.19521341626510552, -0.22243376798112305, -0.323030812346329, -0.15335029605759876, 0.1265192865667436, -0.1884980280968111, -0.5474040291065129, -0.33506480580111236, -0.3614111021898456, 0.11087218417166972, -0.24433129985922103, -0.24604305995175624, -0.5535663657142162, -0.34429403050143087, 0.23099982896701488, 0.24670842912402252, -0.3907759865409652, -0.4435860621417859, 0.21475191312516184, -0.18068437735428, -0.36245971490907813, -0.24462931148146083, -0.19668218556299655, -0.5651944558367912, -0.13101918447620156, -0.34629369585316677, -0.21764667320277026, -0.39278832821493187, -0.41119921778222746, -0.15845871940875556, -0.24789820500327547, -0.1785429979436449, -0.5561866087393479, -0.1450848492161847, -0.34167003524349704, -0.47536970155401015, -0.2611514666522185, 0.2631996567705434, -0.21394652250146104, -0.22236350648524172, -0.24718585532539808, -0.19174333973474422, -0.5527938226386159, -0.342677612616064, 1.4365282175003604, -0.14808524578878543, 0.09283590001945155, 0.07765904979097804, -0.5456285490743394]}