{"from": [0, 0, 0, 0, 1, 1, 2, 2, 2, 2, 3, 3, 4, 4, 4, 5, 6, 6, 6, 6, 7, 7, 7, 7, 8, 8, 8, 9, 9, 10, 10, 10, 10, 10, 10, 11, 11, 11, 11, 11, 11, 12, 12, 12, 12, 12, 13, 13, 14, 14, 14, 14, 14, 15, 15, 15, 15, 15, 16, 16, 16, 16, 16, 17, 17, 17, 17, 18, 18, 18, 18, 18, 18, 19, 19, 19, 19, 19, 19, 19, 19, 20, 20, 20, 20, 20, 21, 21, 21, 21, 21, 21, 21, 21, 21, 21, 21, 22, 22, 22, 22, 22, 22, 22, 22, 22, 23, 23, 23, 23, 23, 23, 23, 23, 23, 23, 24, 24, 24, 24], "to": [1, 4, 5, 25, 8, 25, 0, 1, 4, 25, 5, 25, 5, 8, 25, 25, 1, 4, 13, 25, 1, 13, 16, 25, 5, 9, 25, 5, 25, 5, 9, 13, 16, 24, 25, 5, 8, 9, 10, 16, 25, 8, 9, 13, 16, 25, 3, 25, 5, 12, 16, 19, 25, 3, 8, 12, 24, 25, 5, 8, 9, 13, 25, 9, 10, 23, 25, 9, 13, 19, 20, 24, 25, 5, 8, 9, 13, 16, 20, 24, 25, 1, 8, 9, 24, 25, 5, 8, 9, 13, 16, 18, 19, 20, 23, 24, 25, 1, 5, 8, 18, 19, 20, 23, 24, 25, 1, 5, 8, 9, 13, 18, 19, 20, 24, 25, 1, 8, 9, 25], "influence_y": [[0, 1, 2, 3, 4, 5, 6, 7, 8, 9, 10, 11, 12, 13, 14, 15, 16, 17, 18, 19, 20, 21, 22, 23, 24]], "weights": [0.747224155370746, -0.40902522677937225, -0.06388071134837253, 1.5137908975865144, 0.02593900656803795, 0.7764379860238546, -0.7562388013299577, -0.13070756138008563, -0.5660760304632206, 2.7132180601976326, 0.36314483581896817, 0.3175389726103387, -0.09571917614659733, -0.043358916841522585, 1.3519622194190613, 0.6707413138333023, -0.15725473151682187, 0.2168885643799986, 0.0963173233056028, 3.9546776809509425, 0.3026244123801886, -0.35629392334128496, 0.18383017989588135, 2.0869654405551996, 0.2962937778452354, -0.21497110901319427, 1.0481292547846648, -1.193202343576337, 1.6886401746393433, -0.9360434197804997, -0.6628746534243773, -0.13964942561487007, 0.12657578960987087, 0.05832805583212176, 1.52789251005232, -0.543937182654788, 0.1397492818412323, -0.5911472718593175, -0.3411029384790341, 0.2481336599632164, 1.6264215658382453, -0.17206767375099485, 0.09065040291880067, -0.12556165968584998, -0.1517724299754451, 1.5602266140197034, -1.6601193697357706, 2.6094563602154395, 0.22023437684319727, 0.2614008549819139, 0.18663188576190742, -0.1433393528337049, 3.5921929809682487, -0.48382787171705155, 0.27113204027793836, -0.2997478899484819, -0.2076880449348573, 1.0428598132154023, 0.27344031018084336, 0.11709563711477353, -0.13241310502535278, 0.08379781722660543, 0.9364049763936875, -0.1501798834440303, 0.3104593895594112, -0.32045932280718564, 1.3171489005970656, 0.12509604789898782, -0.24378496107581502, -0.2390622010564897, -0.34497816593886516, -0.556032835147427, 1.6896536573040921, 0.279478605919949, -0.19241029121888384, 0.11418940285795275, -0.18212344524750287, -0.26348374502382543, -0.34497816593886543, -0.5541856548216151, 1.3862506853538552, 0.1683603707910199, 0.1393436895126009, -0.07530032991094629, -0.5595706568628631, 1.761053309224425, -0.2743490140930546, -0.28257278579429035, 0.16717343907078785, -0.2449923167773597, -0.22338720947400617, -0.19571045576407536, -0.2404456132413737, -0.3449781659388653, -0.15858803235759186, -0.5663980649643076, 2.1437163624624787, -0.2749690911587176, -0.27812519601804625, -0.21587267796852216, -0.19571045576407498, -0.22278538197119233, -0.3449781659388652, -0.16932111972433941, -0.5560748885402398, 2.2989352938784844, -0.19775313826023458, -0.5142047197701043, -0.14945874240866683, 0.1998590119676788, -0.3126884791643737, -0.1957104557640752, -0.23987072278883115, -0.3449781659388653, -0.5653122257926622, 1.2474459731339158, -0.20559144922342273, 0.2202305034846112, 0.06616921537303508, 2.0387785254391217]}