{"from": [0, 0, 0, 0, 1, 2, 2, 3, 3, 4, 5, 6, 6, 7, 7, 7, 7, 7, 8, 8, 8, 8, 8, 9, 10, 10, 10, 10, 10, 11, 11, 11, 11, 11, 12, 12, 12, 12, 12, 13, 14, 14, 14, 15, 15, 15, 15, 16, 16, 16, 16, 16, 17, 17, 18, 18, 18, 18, 18, 19, 19, 20, 21, 21, 21, 21, 21, 21, 21, 21, 21, 21, 22, 22, 22, 22, 22, 22, 22, 22, 22, 22, 23, 23, 23, 23, 23, 23, 23, 23, 23, 24, 24, 24, 24, 24, 24, 24], "to": [1, 2, 4, 25, 25, 1, 4, 5, 25, 25, 25, 1, 4, 1, 13, 14, 16, 25, 1, 5, 9, 19, 25, 5, 5, 9, 13, 16, 25, 5, 8, 9, 10, 16, 3, 8, 9, 16, 25, 3, 12, 16, 19, 8, 12, 14, 24, 5, 8, 9, 13, 19, 8, 23, 1, 9, 13, 19, 20, 13, 20, 1, 3, 8, 9, 13, 16, 18, 19, 20, 23, 24, 1, 5, 8, 14, 16, 18, 19, 20, 23, 24, 1, 5, 9, 11, 13, 18, 19, 20, 24, 1, 8, 16, 18, 19, 20, 25], "influence_y": [[0, 1, 3, 4, 5, 7, 8, 10, 12, 24]], "weights": [0.7239711484114966, -0.7500431554770532, -0.39306949881776576, 2.0333841945089333, 0.5287217774312134, -0.17081454676564783, -0.5636469158784745, 0.3689230526233945, 1.2311785225696439, 1.5165650616961446, 1.2100375534040984, -0.17872923852032585, 0.20605710797473173, 0.2565855406385857, -0.3016645433990565, -0.1326028071617708, 0.16230184311621637, 1.997838587818486, 0.12088882610414936, 0.24121118004346684, -0.23683648709132638, -0.15415295213071323, 2.7425912303380295, -1.3705240703004538, -1.0184561654932487, -0.6553027542759966, -0.12533953608327544, 0.15533851130548776, 1.0103094294706887, -0.6156609295256407, 0.09859076667943335, -0.586376393612213, -0.3259259259259257, 0.2658202599390879, 0.14318265958086496, -0.13907062447381677, 0.06175990721951098, -0.11200481769961367, 1.9219640298666343, -1.5823521850086175, 0.19266930835734855, 0.1992968947382215, -0.10517625849721758, 0.2124532714383035, -0.37833213256484166, -0.32403202448732105, -0.317091906176963, 0.19544200362354047, 0.13035610948596144, -0.1368676590477119, 0.12456605614650951, -0.07311313931791652, 0.27472110268730937, -0.34025006650705003, 0.1340529678710888, 0.12563723431598894, -0.22591796427138422, -0.34875643927659433, -0.5526315789473681, -0.11356606296381136, -0.5526315789473689, 0.20246540194700452, 0.3586364650649332, -0.2899178928511876, 0.177676215260014, -0.27242820880518276, -0.2140423340027548, -0.23745819397993356, -0.41413227824425836, -0.5526315789473689, -0.14241761800663927, -0.18867812257253075, -0.22892100470782115, -0.3202631530616674, -0.22471561523319167, 0.183905222111885, -0.12696014804303207, -0.23745819397993329, -0.3706654832710843, -0.5526315789473693, -0.17200458031159993, -0.1876441272263014, -0.1360912427710175, -0.423509125324421, 0.22600074112569207, -0.15606179628174913, -0.2334874315650412, -0.23745819397993323, -0.37060366499693415, -0.5526315789473681, -0.19494896997080646, -0.20963877504787068, 0.19880595182305735, 0.11354081147928269, -0.23745819397993312, -0.2990626794528289, -0.5526315789473686, 2.0038336210717564]}