{"from": [0, 0, 1, 2, 2, 2, 2, 3, 3, 4, 5, 5, 6, 6, 6, 7, 7, 7, 7, 8, 8, 8, 9, 9, 10, 10, 10, 10, 11, 11, 11, 11, 11, 11, 11, 12, 12, 12, 13, 13, 13, 14, 14, 14, 14, 14, 14, 15, 15, 15, 15, 16, 16, 16, 16, 17, 17, 17, 18, 18, 18, 18, 18, 19, 19, 19, 19, 21, 21, 21, 21, 21, 21, 21, 21, 21, 21, 22, 22, 22, 22, 22, 22, 22, 22, 22, 23, 23, 23, 23, 23, 23, 23, 23, 23, 23, 24, 24, 24], "to": [1, 4, 25, 0, 1, 4, 25, 5, 25, 25, 4, 25, 1, 4, 25, 1, 13, 16, 25, 5, 9, 25, 5, 25, 5, 9, 16, 25, 4, 5, 8, 9, 10, 16, 25, 8, 9, 25, 3, 16, 25, 5, 9, 12, 16, 19, 25, 8, 12, 14, 24, 5, 8, 9, 25, 8, 23, 25, 5, 9, 19, 20, 24, 8, 16, 20, 24, 3, 8, 9, 16, 18, 19, 20, 23, 24, 25, 1, 8, 14, 16, 18, 19, 20, 23, 24, 5, 8, 9, 11, 13, 18, 19, 20, 24, 25, 1, 8, 20], "influence_y": [[1, 2, 3, 4, 5, 6, 7, 8, 9, 10, 11, 12, 13, 14, 16, 17, 21, 23]], "weights": [0.7452442555849715, -0.4141111464221967, 2.1718567460928027, -0.7900730855915885, -0.146283813507613, -0.5004321439774495, 2.5551174130103558, 0.3355778018691025, 1.8056428601073018, 0.5817306845098933, -0.14570212336889204, 2.5059541901512343, -0.20888646531427968, 0.22590678353145283, 1.5453001600327532, 0.2968778921847036, -0.3152810701188159, 0.17715351085377753, 2.0708529383937493, 0.3668325511880142, -0.223516372050435, 2.3729517889506657, -1.0823064824963398, 2.3516468789634124, -0.8923606058200018, -0.6868937793313183, 0.17815762628513163, 1.7015984413632805, 0.2258071330028616, -0.5485370852841395, 0.11699612750595594, -0.6159776289793386, -0.35135135135135187, 0.28748552437035085, 0.8891275212409911, -0.15889952778917565, 0.08524622439043367, 1.673616324778521, -1.566968287569538, 0.1287359777268785, 1.7079516777582824, 0.24093109030397292, -0.08983286925590012, 0.21152745085565208, 0.16357068991002274, -0.15290604416379922, 1.1041733406323737, 0.1788918583742014, -0.25440549653285827, -0.22929475118406595, -0.24723674314591035, 0.2549227057094408, 0.13598270183044397, -0.12882137338880498, 1.0837167018094722, 0.22708126613884966, -0.32996957102748237, 2.419403855723016, -0.333911494421136, 0.12592759070565984, -0.24453352357234842, -0.5496688741721856, -0.3409654800816372, -0.25901299831535324, -0.20893978591414405, -0.5496688741721858, -0.3507248252058183, 0.26945008293901473, -0.341510095759305, 0.156541443813306, -0.20963162610212863, -0.17553191489361628, -0.2523710674221374, -0.5496688741721854, -0.14272607366316747, -0.35148619255593133, 1.0976624357851628, -0.20090391283516223, -0.2827649323567766, 0.13078570038279388, -0.16741517847123163, -0.17553191489361716, -0.22715783673555354, -0.5496688741721855, -0.1540370873272291, -0.34783316739124576, -0.41709447885547424, -0.13909339591880368, 0.19490233233138632, -0.1637050653594772, -0.1881375092616113, -0.17553191489361716, -0.2510494061361467, -0.5496688741721854, -0.3564177765282568, 1.1018079113061514, -0.20591009037897426, 0.11345109071698876, -0.5496688741721851]}