{"from": [0, 0, 0, 0, 1, 2, 2, 2, 2, 3, 3, 4, 5, 6, 6, 7, 7, 7, 7, 8, 8, 8, 9, 9, 10, 10, 10, 10, 11, 11, 11, 11, 11, 11, 12, 12, 12, 12, 12, 13, 13, 14, 14, 14, 14, 15, 15, 15, 16, 16, 16, 16, 16, 17, 17, 17, 18, 18, 18, 18, 18, 19, 19, 19, 19, 19, 19, 19, 19, 19, 20, 20, 20, 20, 21, 21, 21, 21, 21, 21, 21, 21, 21, 21, 22, 22, 22, 22, 22, 22, 22, 23, 23, 23, 23, 23, 23, 23, 23, 23, 23, 24, 24, 24, 24], "to": [1, 3, 4, 25, 25, 0, 1, 4, 25, 5, 25, 25, 25, 1, 25, 1, 13, 16, 25, 5, 9, 25, 5, 25, 5, 9, 13, 16, 5, 8, 9, 10, 16, 25, 3, 8, 9, 16, 25, 3, 25, 5, 11, 12, 16, 12, 14, 24, 5, 8, 9, 13, 25, 9, 23, 25, 9, 13, 20, 24, 25, 8, 9, 13, 16, 18, 20, 23, 24, 25, 1, 8, 16, 25, 3, 8, 9, 13, 16, 18, 19, 20, 23, 24, 1, 8, 18, 19, 20, 23, 24, 5, 8, 9, 11, 13, 16, 18, 20, 24, 25, 1, 8, 16, 20], "influence_y": [[0, 1, 2, 3, 4, 5, 6, 7, 8, 9, 11, 12, 13, 16, 17, 18, 19, 20, 23]], "weights": [0.702003027948841, -0.055594396531161494, -0.4275612789537146, 1.211417368920623, 1.2988181203257287, -0.7778053929562059, -0.18190792873568606, -0.5675352411409547, 0.5290744655689259, 0.34855735393689374, 2.7714280463258145, 1.3049392485838327, 1.915628292064683, -0.19689310867110255, 1.6628421432295397, 0.21461192979838836, -0.2750873837827982, 0.2598190415146622, 1.5818496026348512, 0.2931686138655198, -0.21883867085541636, 0.752816670145574, -1.3522754039875549, 1.8063411142710357, -1.1618982727860632, -0.6518184099101483, -0.15064037545356865, 0.11819802081200621, -0.6452864468771488, 0.1658815467971964, -0.570769847198414, -0.34615384615384626, 0.1900264532609493, 0.45350144273402704, 0.19635995665897765, -0.19412436489024498, 0.06360811578727757, -0.15532033123355202, 2.639312774841489, -1.6221129835560932, 2.602618843437862, 0.339844381152842, -0.12242363969211681, 0.22231729229565725, 0.17716311897397713, -0.3000635611348103, -0.2608349900596419, -0.180083551541029, 0.21373481307359854, 0.08833347295897441, -0.11288911230840312, 0.12341228747116284, 1.532581153462524, -0.14255162592317414, -0.24237741692950457, 2.9391343700988855, 0.13103591990101504, -0.23690448996461355, -0.5625000000000003, -0.31653620646856, 1.5756605568860624, -0.20337435409486412, 0.13278453607993856, -0.1860375610212919, -0.20269630898535296, -0.2229508196721316, -0.5625000000000001, -0.18265450364808605, -0.3247218224476978, -0.7349970454159815, 0.1954924288344219, 0.12169759885564108, 0.11797903830864712, 3.2344963259356305, 0.2695744591773605, -0.32168567697241124, 0.20463277406864921, -0.18686078035479986, -0.22948684300056846, -0.22295081967213154, -0.15068493150684895, -0.5624999999999993, -0.18240967797441998, -0.3245399198703838, -0.20190048000569094, -0.2780439932656765, -0.22295081967213182, -0.1506849315068489, -0.5625000000000001, -0.18375621917958412, -0.31653620646855973, -0.31081093578007774, -0.21878341559920175, 0.23405889525936677, -0.16825536360959029, -0.2609434471746644, -0.09342648762183892, -0.22295081967213123, -0.5624999999999997, -0.32728746327697955, 1.4718407217520921, -0.1567641005024687, 0.15546270288967937, 0.17127079582828705, -0.5624999999999999]}