{"from": [0, 0, 0, 0, 1, 1, 2, 2, 2, 2, 3, 3, 4, 5, 6, 6, 6, 7, 7, 7, 7, 8, 8, 8, 9, 9, 10, 10, 10, 10, 10, 11, 11, 11, 11, 11, 11, 12, 12, 12, 12, 12, 12, 12, 13, 13, 14, 14, 14, 14, 14, 14, 15, 15, 15, 15, 16, 16, 16, 16, 16, 17, 17, 18, 18, 18, 18, 18, 18, 19, 19, 19, 19, 19, 19, 19, 20, 20, 20, 20, 21, 21, 21, 21, 21, 21, 21, 21, 21, 21, 21, 22, 22, 22, 22, 22, 22, 22, 22, 22, 22, 23, 23, 23, 23, 23, 23, 23, 24, 24, 24], "to": [1, 4, 5, 25, 5, 25, 0, 1, 4, 25, 5, 25, 25, 25, 1, 23, 25, 1, 13, 16, 25, 5, 9, 25, 5, 25, 5, 9, 13, 16, 25, 5, 8, 9, 10, 16, 23, 3, 8, 9, 13, 16, 20, 25, 3, 25, 5, 12, 16, 19, 20, 25, 3, 12, 20, 24, 5, 8, 9, 13, 23, 23, 25, 5, 13, 20, 23, 24, 25, 5, 8, 16, 18, 20, 23, 24, 1, 8, 24, 25, 3, 5, 8, 13, 16, 18, 19, 20, 23, 24, 25, 1, 5, 8, 16, 18, 19, 20, 23, 24, 25, 1, 5, 8, 9, 13, 20, 24, 1, 8, 25], "influence_y": [[0, 1, 2, 3, 4, 5, 6, 7, 8, 9, 10, 12, 13, 14, 17, 18, 20, 21, 22, 24]], "weights": [0.6949043387129119, -0.4342792417401837, -0.1512293644423009, 1.406677143378491, 0.10742587227604243, 2.4354315281895054, -0.7404257336951799, -0.17558302160880235, -0.5885940567859279, 2.141330621043208, 0.3506948509741382, 1.343634343763869, 0.36275598120544483, 1.5303122740281083, -0.16758081780177847, 0.058820072920866044, 1.7263769801352458, 0.22370295166305454, -0.27743772189385035, 0.15715937963903137, 1.9760300045668073, 0.3092134685556435, -0.2420802527423867, 2.6913755613336674, -1.2573850985702928, 1.1101088734640343, -1.0397959430935821, -0.6671180775026027, -0.13196765682231557, 0.1444172410898458, 1.2868973876598893, -0.6374447575838427, 0.13334911979786412, -0.5717322629080518, -0.3402061855670103, 0.2849853803988389, -0.09825891859204314, 0.13135805306460685, -0.16597070947161535, 0.0752811178594365, -0.10668381177624071, -0.10075272501703492, -0.06920388185801053, 2.088457039282196, -1.5760888478152875, 1.9257500968185812, 0.1951283263274594, 0.1970012015339345, 0.15063095403780477, -0.10159651669085648, 0.13551589968942188, 1.3750785040269518, -0.44386925959043366, -0.2587327054659, 0.17236203103353465, -0.27052995085309994, 0.199048418976898, 0.09817776705001899, -0.16092875816666707, 0.1115727256735321, -0.09333057216843288, -0.36260255418694215, 1.2976270839089903, -0.2306152067002145, -0.14128934270679044, -0.3468935226379305, -0.22701632613743977, -0.5396327009251043, 1.0211042773332966, 0.2206331140506804, -0.21057464971984519, -0.2228591603918858, -0.18783068783068785, -0.3392515077227359, -0.27483224197297146, -0.5437316395743936, 0.1841589946338637, 0.14571995665063633, -0.5429725768615623, 1.6874699471196823, 0.243406652348524, -0.3414800365554415, -0.4195255968599447, -0.22576320733393732, -0.30208051313345835, -0.18783068783068735, -0.1497927535663386, -0.3437134706194106, -0.27948747683003355, -0.5542559415117585, -0.8989251520937271, -0.3355466639169777, -0.3209981796796311, -0.2631646344493732, -0.2240817411727838, -0.18783068783068796, -0.13658651394500493, -0.3659183437531468, -0.2822994634860905, -0.5460738902311308, 3.647623578377785, -0.187373597007624, -0.36203457145810963, -0.2201639634692536, 0.15205100617044845, -0.23519169900511536, -0.3451074996623232, -0.5506001313650951, -0.17691392507770304, 0.19193540314489102, 1.3575712219637814]}