{"from": [0, 0, 0, 0, 1, 1, 2, 2, 2, 2, 3, 4, 5, 5, 6, 6, 7, 7, 7, 7, 8, 8, 8, 9, 9, 9, 10, 10, 10, 10, 11, 11, 11, 11, 11, 12, 12, 12, 12, 12, 13, 13, 13, 13, 14, 14, 14, 14, 14, 15, 15, 15, 15, 15, 16, 16, 16, 16, 17, 17, 18, 18, 18, 18, 19, 19, 19, 19, 19, 19, 19, 19, 20, 21, 21, 21, 21, 21, 21, 21, 21, 21, 22, 22, 22, 22, 22, 22, 22, 22, 23, 23, 23, 23, 23, 23, 23, 23, 23, 24], "to": [1, 2, 4, 25, 20, 24, 1, 4, 24, 25, 25, 25, 3, 25, 1, 25, 1, 13, 16, 25, 5, 9, 25, 3, 5, 25, 3, 5, 9, 16, 5, 9, 10, 16, 25, 3, 8, 9, 16, 25, 3, 5, 16, 25, 5, 9, 12, 16, 25, 3, 12, 16, 18, 24, 5, 8, 9, 25, 23, 25, 9, 20, 24, 25, 5, 8, 16, 18, 20, 23, 24, 25, 25, 3, 8, 9, 16, 18, 19, 20, 23, 24, 5, 8, 16, 18, 19, 20, 23, 24, 5, 8, 9, 11, 16, 18, 20, 24, 25, 20], "influence_y": [[0, 2, 3, 4, 5, 6, 7, 8, 9, 11, 12, 13, 14, 16, 17, 18, 19, 20, 23]], "weights": [0.728332622938561, -0.7482445610849312, -0.43018837462391096, 2.841797727322471, 0.02026790841207976, -0.05631937422441702, -0.1497147118858085, -0.5832063475521825, -0.07095189187249745, 0.9874292188809493, 1.2591791285251814, 1.877051694727328, 0.13018965975580257, 0.8451530030492427, -0.1927039504300675, 2.7151687941669627, 0.2067300352790116, -0.29800643661719994, 0.17462293388365444, 1.2992601704160438, 0.2937689040110678, -0.22578705860793402, 0.9635847825004964, 0.2511048452618446, -1.3052558558879153, 2.5594307307428807, 0.17714784652222726, -1.0325717873082891, -0.6715626112340993, 0.14265517097142455, -0.633581391810628, -0.5982089965302465, -0.351941747572816, 0.2268166440934899, 1.542369537509253, 0.10070059634104389, -0.26762778977240437, 0.0911205477652441, -0.1088822742276116, 1.8447270086447225, -1.5455018837252497, -0.5788880474910103, 0.06528196569941692, 3.482568284601674, 0.291180053201024, -0.0905913107353503, 0.17009552947052975, 0.19389005177290353, 1.685989647374269, -0.3079953216458981, -0.29898226773226744, 0.2052178567728343, 0.17293037257196414, -0.28820834454725347, 0.2623080957231203, 0.14790767117979575, -0.1292999077526769, 1.7646453706114447, -0.2653933789147882, 2.002419540712725, 0.0921964638933338, -0.5533823004971692, -0.3134621738500496, 1.282513089218137, 0.2703738556022255, -0.25339702316437174, -0.27440157449917113, -0.24091019556216398, -0.5525631501198454, -0.17612319753245903, -0.3228738832898763, -1.0494445467151947, 0.8654758922953444, 0.23060701667445516, -0.40178628177590714, 0.16277627356168065, -0.2414440921766406, -0.2379531098478693, -0.15489749430523936, -0.546317333512885, -0.17285570039123718, -0.3307009153626836, -0.26976868628769096, -0.3144401924695297, -0.1368168988116128, -0.2417785690255816, -0.15489749430523847, -0.5487295144319496, -0.186403859269474, -0.34599051321286567, -0.2523631740963246, -0.24130553145053002, 0.18654137282599564, -0.1510697032436164, -0.16138256728158093, -0.24050652989322877, -0.5450450439616186, -0.34833515514305324, 0.7261841293643533, -0.5500440730241191]}