{"from": [0, 0, 0, 1, 2, 2, 2, 2, 3, 3, 3, 4, 5, 6, 6, 6, 7, 7, 7, 7, 8, 8, 8, 8, 9, 9, 10, 10, 10, 10, 11, 11, 11, 11, 11, 12, 12, 12, 12, 13, 13, 14, 14, 14, 14, 14, 15, 15, 15, 15, 15, 16, 16, 16, 16, 17, 17, 17, 18, 19, 19, 19, 19, 19, 19, 19, 20, 20, 20, 20, 20, 21, 21, 21, 21, 21, 21, 21, 21, 21, 21, 22, 22, 22, 22, 22, 22, 22, 22, 22, 23, 23, 23, 23, 23, 23, 23, 23, 24, 24], "to": [1, 4, 25, 25, 0, 1, 4, 25, 5, 18, 25, 25, 4, 1, 4, 25, 1, 13, 16, 25, 5, 9, 18, 24, 5, 25, 5, 9, 13, 16, 5, 9, 10, 16, 19, 8, 13, 16, 25, 3, 16, 5, 12, 16, 19, 20, 12, 14, 16, 18, 24, 5, 8, 9, 25, 3, 23, 25, 24, 5, 8, 16, 18, 20, 24, 25, 1, 13, 18, 24, 25, 3, 8, 9, 13, 16, 18, 19, 20, 23, 24, 1, 8, 16, 18, 19, 20, 23, 24, 25, 9, 11, 13, 16, 18, 19, 20, 24, 1, 25], "influence_y": [[0, 1, 2, 3, 4, 6, 7, 9, 12, 16, 17, 19, 20, 22, 24]], "weights": [0.7206118106453818, -0.4233431558254484, 2.072358985520905, 1.0702777177434346, -0.7395841984835311, -0.140666747450178, -0.5614024261430506, 1.1683091166156558, 0.30194452817318623, 0.04091662517968732, 1.1968684311442135, 2.8791695525083316, -0.12287231226576378, -0.19797635781189968, 0.1946874899605516, 1.9451315305761616, 0.29718252968889963, -0.28094515519627744, 0.17453887435154578, 1.4081892717631392, 0.2901325753736684, -0.2276515782643514, -0.07499102862163837, 0.061565497882770215, -1.4132512440455902, -0.9736855816824889, -1.0604692707473784, -0.6678198274853573, -0.1047703573886123, 0.1599263736601572, -0.6766332406044402, -0.6078546644815321, -0.3333333333333338, 0.2635897889926459, -0.07748677326748374, -0.18085540895944346, -0.09446219843842099, -0.09648299158706895, 0.638132440344899, -1.6055020992725917, 0.144408321940251, 0.2758726545407153, 0.21179663709784213, 0.14760056181094566, -0.10365600596559099, 0.10836828099752148, -0.25294849728584656, -0.2513043478260869, 0.16611659403418094, 0.1942917203858578, -0.25183580779464526, 0.19453677090365512, 0.1535143329310199, -0.13821358875603273, 1.4734167549558392, -0.38901599981506935, -0.24943715392572424, 2.760693501431802, -0.5128808889813159, 0.5131677239317881, -0.2732153653026991, -0.23693597803938093, -0.3743187007201809, -0.2357053918041891, -0.5058508548136454, 1.9607814964726815, 0.20382330997571618, 0.17319142853291977, -0.32214675334830256, -0.5344785296413745, 1.8148956777978738, 0.32199049091781573, -0.32451765673199384, 0.15747559458514904, -0.25179222969311943, -0.19429331637654956, -0.3914323599293265, -0.20318095573115907, -0.23976570207412168, -0.14693832018335531, -0.5142180656496647, -0.23306008446567833, -0.289758542076649, -0.18677360178814448, -0.3709811773988034, -0.18131811370344664, -0.2592399174753678, -0.1580126969961259, -0.504812159437976, 1.2933491878800458, 0.17721232022267314, -0.1685326429221188, -0.15172107136966317, -0.16399815410649163, -0.366115213757489, -0.2099850433269602, -0.241920060248491, -0.5198951970981089, -0.13007289170719305, 1.474338545284946]}