{"from": [0, 0, 0, 2, 2, 2, 2, 3, 3, 4, 5, 5, 6, 6, 6, 6, 7, 7, 7, 8, 8, 8, 9, 9, 10, 10, 10, 11, 11, 11, 11, 11, 12, 12, 12, 12, 12, 13, 13, 13, 14, 14, 14, 14, 14, 14, 15, 15, 15, 15, 15, 15, 15, 15, 16, 16, 16, 16, 16, 17, 17, 17, 18, 18, 18, 18, 18, 19, 19, 19, 19, 19, 19, 19, 20, 21, 21, 21, 21, 21, 21, 21, 21, 21, 21, 21, 22, 22, 22, 22, 22, 22, 22, 22, 23, 23, 23, 23, 23, 23, 23, 23, 23, 23, 24, 24, 24, 24], "to": [1, 4, 25, 0, 1, 4, 25, 5, 25, 25, 4, 25, 1, 4, 13, 25, 1, 13, 16, 5, 9, 25, 5, 25, 5, 9, 16, 5, 8, 9, 10, 16, 3, 8, 9, 16, 25, 3, 16, 25, 5, 9, 12, 16, 19, 25, 3, 8, 9, 12, 16, 18, 24, 25, 3, 5, 8, 9, 25, 3, 9, 23, 5, 9, 13, 20, 24, 5, 8, 9, 16, 18, 20, 24, 1, 3, 5, 8, 9, 13, 16, 18, 19, 20, 23, 24, 1, 5, 8, 18, 19, 20, 23, 24, 5, 8, 9, 11, 13, 18, 19, 20, 24, 25, 8, 16, 20, 25], "influence_y": [[0, 2, 3, 4, 5, 6, 8, 9, 12, 13, 14, 15, 16, 23, 24]], "weights": [0.7599441553931294, -0.39481404826038347, 3.7531319110146764, -0.7487338021500339, -0.10399745276633476, -0.5128879563167893, 1.6371251746553859, 0.35978033471877413, 1.593200667961104, 1.1717539275732851, -0.11999454663059372, 0.3116147500882047, -0.1696722709128895, 0.20587191874246122, 0.12611387292538095, 1.722756765960372, 0.2804667053977068, -0.3328273812906855, 0.1770372112490825, 0.3021479269008846, -0.17971602926457958, 0.7144562027959088, -1.3128882784388982, 2.5860736925715155, -1.1280431728514502, -0.702350929711745, 0.1589725507118458, -0.7136109782299602, 0.15339511076954626, -0.6283265887963719, -0.35714285714285726, 0.27676326382082883, 0.10989103611140316, -0.18644935936024898, 0.09858573094482283, -0.08136630655806057, 1.312255939768102, -1.5621280730321814, 0.133947065259925, 1.7416205457555303, 0.22150008818778727, -0.0965908158424098, 0.2329478114595621, 0.19150540732564658, -0.10695693284945745, 1.3253644332381436, -0.20030234112964318, 0.2520738783886703, -0.1167329860180103, -0.3818537157375286, 0.2631335327754463, 0.17049736288949294, -0.38819349314188945, 2.435011998073819, -0.11159079915239123, 0.20794937549568046, 0.1154976414114571, -0.08639222830857501, 1.429810098765995, -0.30364457751115576, -0.1680602342579462, -0.21918345562930888, -0.25536021014928706, 0.13938905477817815, -0.20322131567151577, -0.5646258503401358, -0.3284814585727464, 0.1917612635556482, -0.25493179623465656, 0.1004138238527943, -0.1729398525107637, -0.2588277755204921, -0.5646258503401357, -0.3392646111600218, 0.18814243811031847, 0.2583818140663535, -0.2514782983824897, -0.2792926321583328, 0.206478336176376, -0.24437160031623298, -0.16408281085497495, -0.2597749830921007, -0.19385000910383238, -0.5646258503401353, -0.1459492860559255, -0.3371079806425666, -0.19476655320931427, -0.4060227814911616, -0.26272758802918045, -0.25907704067091547, -0.1747728953499818, -0.5646258503401356, -0.15351175616243348, -0.33869707681332273, -0.4281309508397694, -0.16965952731796197, 0.18253949952822637, -0.1641131815044859, -0.24773039228068397, -0.2527385839887247, -0.19045455091813485, -0.5646258503401358, -0.3531286644865174, 1.3831787951038916, 0.14221459803312148, 0.1667926747499852, -0.564625850340136, 0.9669230769241114]}