{"from": [0, 0, 0, 0, 1, 2, 2, 2, 3, 4, 5, 6, 6, 7, 7, 8, 8, 8, 9, 9, 10, 10, 10, 11, 11, 11, 11, 11, 12, 12, 12, 12, 13, 13, 14, 14, 14, 14, 14, 14, 15, 15, 15, 15, 15, 16, 16, 16, 17, 17, 18, 18, 18, 18, 18, 19, 19, 19, 19, 19, 19, 20, 21, 21, 21, 21, 21, 21, 21, 21, 22, 22, 22, 22, 22, 22, 22, 23, 23, 23, 23, 23, 23, 23, 23, 23, 23, 24, 24], "to": [1, 2, 4, 25, 25, 1, 4, 25, 5, 5, 25, 1, 25, 1, 13, 5, 9, 25, 5, 25, 5, 9, 16, 5, 8, 9, 10, 16, 3, 8, 16, 25, 3, 16, 5, 12, 16, 18, 19, 25, 3, 12, 14, 18, 24, 5, 8, 9, 3, 23, 1, 5, 20, 24, 25, 5, 8, 16, 18, 20, 24, 1, 3, 8, 16, 18, 19, 20, 23, 24, 8, 16, 18, 19, 20, 23, 24, 5, 8, 9, 11, 13, 16, 18, 19, 20, 24, 20, 25], "influence_y": [[0, 1, 2, 5, 6, 8, 9, 12, 14, 18, 24]], "weights": [0.7383917815258487, -0.7706958895960564, -0.4737213272099351, 0.901167145484421, 2.635988781967785, -0.15852818400888832, -0.6030140220265412, 1.999023098826898, 0.34222241672375153, -0.08989137022357391, 0.5699534706200049, -0.1869880568928986, 0.9245569954534334, 0.2548774358202285, -0.29834273520183585, 0.442458955772692, -0.21477782957591018, 2.5894313980569805, -1.2340715993653175, 1.2044993534023565, -0.9734481263389432, -0.6636369734249732, 0.1608497769593339, -0.6098850245997025, 0.1362876272054783, -0.5868170604369641, -0.35555555555555524, 0.24614353151990576, 0.12833346365336598, -0.1663166525322134, -0.0920453724117218, 1.190999187005385, -1.5791493510094448, 0.11092143808615076, 0.31341372179957444, 0.21351630841813685, 0.19360785456599644, -0.09920627525157044, -0.1011879557726138, 1.0353961721821854, -0.34081006905040256, -0.26901379788664015, -0.2693703502086735, 0.14323496489267923, -0.31349615386024215, 0.2120307792689493, 0.15424223118420471, -0.168120498887747, -0.2832648795607467, -0.40682221961346393, 0.2266079540593094, -0.21733506893383833, -0.5771812080536912, -0.34594705400892056, 1.4779675741298304, 0.34971936793754865, -0.21906379384721558, -0.2549868332373346, -0.2532691472474443, -0.5771812080536913, -0.35024152187001983, 0.3462299749123802, 0.2682890940225039, -0.4188345657722867, -0.20282938752311225, -0.2481193452819834, -0.2005740350731992, -0.5771812080536913, -0.15337174102364717, -0.3608754422879796, -0.32778476054501265, -0.28984950347578825, -0.23155294270339538, -0.1810166990835347, -0.577181208053691, -0.16989533257657521, -0.3551675291224574, -0.3015428735356358, -0.24680525411792276, 0.1561318483951572, -0.1715071944831243, -0.21286801503219857, -0.1526050587327879, -0.2464967878958981, -0.19860284112957724, -0.5771812080536914, -0.360196879184386, -0.5771812080536912, 1.7213856877865534]}