{"from": [0, 0, 0, 1, 2, 2, 2, 2, 2, 3, 3, 4, 4, 5, 5, 6, 6, 6, 7, 7, 7, 8, 9, 9, 10, 10, 10, 10, 10, 11, 11, 11, 11, 12, 12, 12, 12, 12, 13, 13, 13, 14, 14, 14, 14, 14, 15, 15, 15, 15, 16, 16, 16, 17, 17, 17, 18, 18, 18, 18, 18, 19, 19, 19, 19, 19, 20, 20, 21, 21, 21, 21, 21, 21, 21, 21, 21, 21, 21, 22, 22, 22, 22, 22, 22, 22, 22, 22, 23, 23, 23, 23, 23, 23, 23, 23, 23, 24, 24, 24], "to": [1, 4, 25, 25, 0, 1, 4, 24, 25, 5, 25, 5, 25, 8, 25, 1, 4, 25, 1, 13, 16, 25, 5, 8, 5, 8, 9, 13, 16, 5, 9, 10, 16, 3, 8, 9, 16, 25, 3, 16, 25, 9, 11, 16, 19, 25, 3, 12, 18, 24, 5, 9, 25, 9, 19, 23, 9, 19, 20, 24, 25, 8, 9, 16, 20, 24, 1, 25, 3, 8, 9, 13, 16, 18, 19, 20, 23, 24, 25, 8, 9, 16, 18, 19, 20, 23, 24, 25, 5, 9, 11, 13, 16, 18, 19, 20, 24, 9, 20, 25], "influence_y": [[0, 1, 2, 3, 4, 5, 6, 8, 12, 13, 14, 16, 18, 20, 21, 22, 24]], "weights": [0.7899943163695302, -0.3978186186456939, 1.9481319017518155, 2.04306353938518, -0.7602249199448201, -0.10038925135625612, -0.5369103570278919, -0.03317081147250872, 1.8127761925983479, 0.3547861703741886, 0.759731285763649, -0.09172103045691525, 0.5793800480642721, 0.13801347225417346, 0.45077851367683097, -0.19231131375208932, 0.2099023780275082, 2.963295552718562, 0.33897723023102805, -0.2995989870727578, 0.24479263215323738, 1.332837758033731, -1.5077209320586642, -0.26482616914598356, -1.2071314336144412, -0.15082371772384762, -0.7127885013580739, -0.11400925003633786, 0.1469637530403835, -0.6933489995771571, -0.6557257727788244, -0.353658536585366, 0.2678509813079865, 0.16679498014214442, -0.1500371539010273, 0.1154402391308868, -0.0894689488093576, 1.2390434454216628, -1.636641425208767, 0.14932654934882844, 1.5898353553350697, -0.09675790077154817, -0.13518526432753528, 0.22957823547650974, -0.12198804774746394, 0.567565523940641, -0.2767255943726881, -0.3699872981310108, 0.13979838865068384, -0.32406222374682375, 0.2026478779063862, -0.13379355525557105, 0.608189849029484, -0.12596323348190433, -0.15050707014423054, -0.3005736946505243, 0.19549357121598357, -0.26072167387768275, -0.5539568345323748, -0.33724477589206203, 2.164549376903337, -0.30115329917233946, 0.19296436820522359, -0.25792125905763913, -0.5539568345323743, -0.3408410010053305, 0.22791093024013925, 1.681763594780895, 0.22145956866295544, -0.2641820411162084, 0.3106133004313716, -0.22503093454949477, -0.22016389307223916, -0.20602488664771, -0.26373497907504845, -0.5539568345323749, -0.15180046566267838, -0.35210583667521334, 2.6296612303767075, -0.2538671857252049, 0.18797405693006797, -0.15943580791101086, -0.21181363980094728, -0.24919297263868756, -0.5539568345323743, -0.15957928798800222, -0.3480083361364101, 1.2904079695361845, -0.40491252599417477, 0.3006026449186082, -0.18862344544638662, -0.16343674542450287, -0.13091744608693984, -0.2069187382375481, -0.2798077473131118, -0.5539568345323744, -0.3595107448668578, 0.13431829886337282, -0.5539568345323745, 3.2455701422234564]}