{"from": [0, 0, 0, 0, 1, 2, 2, 2, 3, 3, 4, 4, 5, 6, 6, 7, 7, 7, 8, 8, 8, 9, 9, 10, 10, 10, 11, 11, 11, 11, 11, 12, 12, 12, 12, 12, 13, 13, 13, 13, 14, 14, 14, 14, 14, 14, 14, 15, 15, 15, 15, 16, 16, 16, 16, 17, 17, 17, 17, 17, 18, 18, 18, 18, 18, 18, 18, 19, 19, 19, 19, 19, 20, 21, 21, 21, 21, 21, 21, 21, 21, 21, 22, 22, 22, 22, 22, 22, 22, 22, 22, 22, 23, 23, 23, 23, 23, 23, 23, 23, 23, 23, 24, 24, 24], "to": [1, 2, 4, 25, 9, 1, 4, 25, 5, 25, 5, 25, 25, 1, 25, 1, 16, 25, 5, 9, 25, 5, 25, 5, 9, 16, 5, 8, 9, 10, 16, 3, 8, 9, 16, 25, 3, 16, 24, 25, 5, 9, 12, 16, 19, 24, 25, 3, 12, 16, 24, 5, 8, 9, 25, 3, 9, 10, 23, 25, 5, 9, 12, 16, 19, 20, 24, 8, 16, 20, 24, 25, 25, 3, 8, 9, 16, 18, 19, 20, 23, 24, 1, 5, 8, 16, 18, 19, 20, 23, 24, 25, 1, 5, 8, 9, 11, 16, 18, 19, 20, 24, 1, 8, 20], "influence_y": [[0, 2, 3, 4, 5, 6, 7, 8, 9, 12, 13, 14, 16, 17, 19, 20, 22]], "weights": [0.723864236065275, -0.751544627277331, -0.44788711627238964, 1.8983306214951294, 0.03295112315555636, -0.16237800965431648, -0.5793012758023904, 3.071538091965435, 0.3528600468739959, 2.6385783573484796, -0.08478543622248706, 3.173937959829457, 1.2392988110459373, -0.14822084891519152, 1.0502984731939549, 0.19589690925874848, 0.2452281945388185, 2.190412983618936, 0.238769510800111, -0.2121585993863442, 1.2475565399916015, -1.3555000095601444, 0.7576728497166372, -1.0293125141620938, -0.6852000498067703, 0.11063291096323931, -0.6324840912694359, 0.10556250185151475, -0.6217057892835813, -0.3408313408129486, 0.20210843770596382, 0.1455581131202104, -0.17928876241382027, 0.09960125181036053, -0.09207930372561157, 0.5115996102446827, -1.5509571555179233, 0.08533320308972833, -0.07324921360993164, 2.7864480620069934, 0.26917788168038786, -0.09197531788900004, 0.219091571575528, 0.158123238908366, -0.10478466678360104, -0.08388604540989592, 2.021967735798884, -0.31715124535136985, -0.3243700340722418, 0.16101421911324887, -0.29251543296938887, 0.24147537995968596, 0.1247257757444101, -0.12978356598057153, 1.2120541000828635, -0.2879986475943863, -0.14479014534512524, 0.2507387652504446, -0.323968198827153, 2.5467322644523693, -0.28216766715679237, 0.08787478463049636, 0.13282757257775654, -0.0916863985554946, -0.24476424617014003, -0.5695364238410601, -0.3517336866804051, -0.3084784983837129, -0.34976932119099363, -0.5695364238410593, -0.3638560159624447, -1.159205662964371, -1.4409896548727192, 0.3019225511452398, -0.3643652355788156, 0.14939483809977128, -0.23466170571717268, -0.1899736147757264, -0.2485705268011695, -0.5695364238410597, -0.14229908549646852, -0.3736945061322896, -0.35491923242344225, -0.4103318986500844, -0.3097378005182568, -0.294151334494066, -0.1899736147757261, -0.2331215054164073, -0.5695364238410607, -0.1582898235155011, -0.3468773202631542, -1.9039745508573067, -0.18315528539584397, -0.40731984228599116, -0.16778456518425877, 0.17441088327649343, -0.1939200537453813, -0.16114865691570926, -0.1899736147757255, -0.24642109773894122, -0.5695364238410598, -0.3682198656386048, -0.1771964976317626, 0.15081295783468623, -0.5695364238410597]}