{"from": [0, 0, 0, 1, 2, 2, 2, 3, 3, 4, 5, 6, 6, 7, 7, 7, 7, 8, 8, 8, 9, 10, 10, 10, 11, 11, 11, 11, 11, 11, 12, 12, 12, 13, 13, 14, 14, 14, 14, 14, 14, 14, 15, 15, 15, 15, 15, 15, 16, 16, 16, 16, 17, 17, 17, 18, 18, 18, 18, 18, 19, 19, 19, 19, 19, 19, 19, 19, 20, 20, 20, 20, 21, 21, 21, 21, 21, 21, 21, 21, 21, 21, 22, 22, 22, 22, 22, 22, 22, 22, 22, 23, 23, 23, 23, 23, 23, 23, 24, 24, 24], "to": [1, 2, 4, 25, 1, 4, 9, 5, 25, 5, 25, 1, 25, 1, 13, 16, 18, 5, 9, 25, 5, 5, 9, 16, 5, 8, 9, 10, 16, 23, 3, 8, 9, 3, 16, 5, 9, 11, 12, 16, 23, 25, 3, 12, 14, 16, 18, 24, 5, 8, 9, 25, 3, 9, 23, 5, 20, 23, 24, 25, 5, 8, 14, 16, 18, 20, 23, 24, 1, 9, 13, 24, 3, 5, 8, 9, 16, 18, 19, 20, 23, 24, 1, 5, 8, 16, 18, 19, 20, 23, 24, 1, 5, 8, 9, 13, 20, 24, 1, 16, 25], "influence_y": [[1, 3, 5, 6, 8, 14, 16, 18, 24]], "weights": [0.727177084120452, -0.741681097589014, -0.49633038214752967, 0.8613113059563482, -0.1461748038671914, -0.5669294175837871, -0.019396802123340065, 0.3243356854889764, 0.6547768704925052, -0.05615071433884052, 1.3077051908472377, -0.18977098491468627, 1.003456800477612, 0.32556982499964837, -0.23634134130858783, 0.14280859436888743, 0.12421338715849928, 0.3422142799005513, -0.19581664509644606, 1.3168436464233502, -1.2876797872300205, -1.0228395653085123, -0.6827269228359167, 0.16284968266058275, -0.6226499009654946, 0.12147876071425276, -0.6250129049033096, -0.34866828087167023, 0.24871922984392117, -0.11784341504988764, 0.14986394645866247, -0.17964233600314392, 0.1166091818536362, -1.5960932472470484, 0.16898881444903727, 0.2666961291788768, -0.12995215491974832, -0.1348040691025101, 0.1975118437776837, 0.18056661908172209, -0.11586083489871694, 2.0964418229905517, -0.18665947325056953, -0.30119785849092917, -0.23934114173610666, 0.226169621005955, 0.15794473906829515, -0.21896575277147698, 0.21267464018225443, 0.12449724768007109, -0.130196919982983, 1.9710841216662993, -0.3359868554414798, -0.13695251389594276, -0.29198461294676376, -0.2794071149940411, -0.33760683760683796, -0.23117951400231232, -0.5157063191045119, 1.33910256251558, 0.2218473746890075, -0.3328203081760636, -0.12555600877959708, -0.23874115447722782, -0.19984549444291325, -0.3376068376068372, -0.24662355316861612, -0.5256593078668516, 0.19614840984673929, -0.08457824735435596, 0.24550713476757552, -0.5240214742730482, 0.2518268053257672, -0.29919499854101705, -0.4250105851812826, 0.12607710414411233, -0.1526098406887061, -0.1960084408235875, -0.14798206278026882, -0.3376068376068372, -0.22931132731813086, -0.5261332597126761, -0.19260566392099115, -0.342113126990726, -0.4088391508519214, -0.19190229285337151, -0.20374885060235476, -0.14798206278026851, -0.33760683760683735, -0.2445020597294476, -0.5219624834694117, -0.18788698793414715, -0.46659158977330106, -0.2289364832442452, 0.1380443698677868, -0.15668993210152699, -0.3376068376068381, -0.5282186478343107, -0.18169830739852777, 0.16049979610518564, 2.532754235148119]}