{"from": [0, 0, 0, 1, 2, 2, 2, 2, 3, 3, 4, 5, 5, 6, 6, 6, 6, 7, 7, 7, 7, 8, 8, 8, 8, 8, 9, 9, 10, 10, 10, 10, 10, 11, 11, 11, 11, 11, 11, 12, 12, 12, 12, 12, 12, 13, 13, 13, 13, 13, 14, 14, 14, 14, 14, 15, 15, 15, 16, 16, 16, 16, 17, 17, 17, 18, 18, 19, 19, 19, 19, 19, 19, 19, 19, 19, 20, 20, 20, 20, 20, 21, 21, 21, 21, 21, 21, 21, 21, 21, 22, 22, 22, 22, 22, 22, 22, 22, 23, 23, 23, 23, 23, 23, 23, 23, 23, 23, 23, 24, 24], "to": [1, 4, 25, 25, 0, 1, 4, 25, 5, 25, 25, 4, 25, 1, 4, 18, 25, 1, 13, 16, 25, 1, 5, 9, 18, 25, 5, 25, 5, 9, 13, 16, 25, 5, 8, 9, 10, 16, 25, 3, 8, 9, 13, 16, 25, 3, 4, 16, 18, 25, 5, 12, 16, 20, 25, 14, 18, 24, 5, 8, 9, 25, 13, 23, 25, 24, 25, 5, 8, 9, 16, 18, 20, 23, 24, 25, 1, 13, 18, 24, 25, 8, 9, 13, 16, 18, 20, 23, 24, 25, 1, 4, 8, 16, 18, 20, 23, 24, 1, 5, 8, 9, 11, 13, 16, 18, 20, 24, 25, 1, 25], "influence_y": [[0, 1, 2, 3, 4, 5, 6, 7, 8, 9, 10, 11, 12, 13, 14, 16, 17, 18, 19, 20, 21, 23, 24]], "weights": [0.7119793626418115, -0.43378987134784036, 1.9469619259370978, 3.0206012918122687, -0.7524609571631321, -0.17971978155983415, -0.5412799219071908, 0.7179246870169167, 0.29617222515965963, 1.915975946770946, 0.44190717147237707, -0.10641532726246311, 1.0243226918502986, -0.18379161562549431, 0.21789610686592142, 0.04714985272682887, 1.493187449453886, 0.310784562372314, -0.3266722148411544, 0.16590097094047057, 1.2916326150738877, 0.09336119974459672, 0.4223944327181385, -0.1977488922982853, -0.0793685653193209, 0.3949537275314772, -1.3262814451487372, 1.6432277445137133, -1.0478459858794447, -0.678476791598888, -0.11303883675829365, 0.1899561530327168, 1.150895768678013, -0.6756768247563629, 0.1604509542363681, -0.6061361623429532, -0.3614457831325308, 0.2623357105505634, 0.9088612578912014, 0.17984369335390313, -0.19346807727885562, 0.09898440645673909, -0.10692269653063563, -0.11558864216725662, 0.4885408068884983, -1.6154550014026858, 0.16238375206193198, 0.09998338897826242, -0.07356237078221642, 0.8762427603951006, 0.25165296960781286, 0.21572031590413931, 0.18804384088601606, 0.0934533307969029, 1.5436625066394236, -0.236679920477137, 0.22616882476842293, -0.23156638209443134, 0.23367408708237572, 0.09067706405181566, -0.1159508545417533, 0.8902356625357576, 0.23150969646281913, -0.23581313103159204, 3.1909557060163323, -0.5359824114142572, 1.4667610067372379, 0.2870030986286219, -0.34900637306805504, 0.09747621575378328, -0.2597524807128591, -0.3665199352980138, -0.2438122368870714, -0.18159546366624105, -0.5427931873582105, -0.809330674164621, 0.18168816420383996, 0.17905797582216254, -0.315747907710018, -0.5417715709666173, 1.1437915200305615, -0.38432913381247813, 0.16199298115937022, -0.1641751330566952, -0.22882354455595483, -0.38023608537690223, -0.24474082721692936, -0.17409743088304297, -0.5359824114142565, 1.7513121081649712, -0.3316865313987951, -0.38716105727343464, -0.36675298152575614, -0.22959195416486222, -0.3643563361573581, -0.26167831483353843, -0.18159546366624132, -0.5427931873582108, -0.14229519359757994, -0.22257692260544165, -0.19413591245190784, 0.18574298684860469, -0.15125032731081428, -0.17387101446426986, -0.1682285841586041, -0.3640239603196823, -0.2508479024848191, -0.546351055388634, 1.4336824880811714, -0.2057488687246667, 1.8733713881287397]}