{"from": [0, 0, 0, 0, 2, 2, 2, 3, 3, 4, 4, 5, 6, 6, 6, 7, 7, 7, 8, 8, 8, 8, 9, 10, 10, 10, 10, 10, 11, 11, 11, 11, 11, 11, 12, 12, 12, 13, 13, 13, 14, 14, 14, 15, 15, 15, 15, 16, 16, 16, 16, 16, 17, 17, 18, 18, 18, 18, 18, 19, 19, 19, 19, 19, 19, 19, 19, 19, 19, 19, 20, 20, 21, 21, 21, 21, 21, 21, 21, 21, 21, 22, 22, 22, 22, 22, 22, 22, 22, 22, 23, 23, 23, 23, 23, 23, 23, 23, 24, 24], "to": [1, 2, 4, 25, 1, 4, 25, 5, 25, 5, 25, 25, 1, 13, 25, 1, 13, 25, 2, 5, 9, 25, 5, 5, 9, 12, 13, 25, 5, 8, 9, 10, 16, 25, 8, 9, 25, 3, 8, 25, 9, 12, 25, 8, 12, 14, 24, 5, 8, 9, 13, 25, 23, 25, 8, 9, 13, 20, 24, 2, 5, 8, 9, 13, 14, 16, 18, 20, 23, 24, 1, 5, 8, 9, 13, 16, 18, 19, 20, 23, 24, 1, 5, 8, 18, 19, 20, 23, 24, 25, 5, 8, 9, 13, 18, 20, 24, 25, 5, 20], "influence_y": [[0, 2, 3, 4, 5, 6, 7, 8, 10, 11, 12, 13, 14, 16, 17, 22, 23]], "weights": [0.7501427645078085, -0.7238176930636572, -0.42645696941245137, 1.7615116902461838, -0.13410611066788394, -0.5735215870273547, 1.1499022687406881, 0.3381244875307238, 3.150126771466043, -0.07744478222365404, 1.5734386548202042, 0.9627652665520954, -0.1976143330793916, 0.10170621139860507, 2.338878626614967, 0.3383641913330021, -0.31736008749062883, 2.516008794268638, 0.19737386462996642, 0.28645166239719383, -0.2041985903654866, 0.5518066360824463, -1.3100536646184804, -0.9465000912016963, -0.6730786466211569, 0.10014844230047534, -0.1373542921297388, 2.1354336201401933, -0.5849880884397041, 0.11581538239185803, -0.5674163165487154, -0.3601895734597154, 0.21890048044020005, 1.5708186795826249, -0.15482112092791725, 0.11483537983384896, 1.5222420711355082, -1.6198132459912993, -0.09826315533759986, 4.87917585225278, -0.07849468276147555, 0.18887686018225458, 1.616483504684043, 0.20168473249723776, -0.35719531218138006, -0.323026739176357, -0.29532836477619473, 0.2029958208969308, 0.10879933779421476, -0.11172502738342269, 0.12970100908875332, 1.3877832467267315, -0.308195926285159, 2.635933081108605, -0.17818350377549874, 0.1219513041445276, -0.21164389760462643, -0.5612903225806449, -0.3285460037684946, 0.31659994456825996, 0.4613541203212941, -0.35807640834959925, 0.11408665777540855, -0.12626551405651268, -0.1333372633978355, -0.2562650609019321, -0.2403846153846158, -0.5612903225806454, -0.1794951734330979, -0.34260925923402774, 0.25311138250343435, 0.3214736157480795, -0.43426897199688486, 0.2080363824226312, -0.2486356666580994, -0.2615585779079778, -0.24038461538461534, -0.14285714285714218, -0.5612903225806457, -0.17985312456699426, -0.3357491346166949, -0.21819780910779804, -0.16679645984856525, -0.37623537571387666, -0.2403846153846158, -0.14285714285714265, -0.561290322580646, -0.1873700983788275, -0.3357491346166943, 0.9807817659947591, -0.20097451751503548, -0.34053768549760194, 0.22880906989155134, -0.20892474629120136, -0.24038461538461509, -0.5612903225806455, -0.34197002034923074, 1.5923355627162314, 0.2948068162129468, -0.5612903225806458]}