{"from": [0, 0, 0, 2, 2, 2, 3, 3, 3, 4, 5, 6, 6, 6, 7, 7, 7, 8, 8, 8, 8, 9, 10, 10, 10, 10, 10, 11, 11, 11, 11, 12, 12, 12, 13, 13, 14, 14, 14, 14, 14, 14, 15, 15, 15, 16, 16, 16, 17, 17, 17, 18, 18, 18, 18, 18, 18, 18, 18, 19, 19, 19, 19, 19, 19, 20, 20, 21, 21, 21, 21, 21, 21, 21, 21, 21, 21, 22, 22, 22, 22, 22, 22, 22, 22, 22, 22, 23, 23, 23, 23, 23, 23, 23, 23, 23, 24, 24], "to": [1, 4, 25, 0, 1, 4, 5, 8, 25, 25, 25, 1, 13, 25, 1, 13, 16, 1, 5, 9, 25, 5, 5, 9, 11, 13, 16, 5, 8, 9, 16, 8, 9, 25, 3, 16, 5, 9, 11, 12, 16, 19, 8, 14, 24, 5, 8, 9, 8, 23, 25, 5, 8, 13, 19, 20, 23, 24, 25, 5, 8, 13, 16, 20, 24, 1, 25, 5, 8, 9, 11, 13, 16, 19, 20, 23, 24, 1, 5, 8, 13, 16, 19, 20, 23, 24, 25, 5, 8, 9, 11, 13, 16, 19, 20, 24, 1, 20], "influence_y": [[0, 3, 4, 5, 6, 8, 12, 17, 18, 20, 22]], "weights": [0.7208875871494262, -0.4662934853258491, 2.570974644531828, -0.7629714257791946, -0.1559001975979075, -0.5813663887468192, 0.3836555841306223, 0.05093636896822911, 0.8808194613954916, 2.4816287581544736, 2.089774671635425, -0.20423864845920572, 0.0684668810162988, 1.0333853840324279, 0.2664018574982083, -0.2641978885522662, 0.23298182144818258, 0.10397200832273418, 0.28941318833895635, -0.2410112952360925, 2.2768756078874612, -1.267652850087529, -1.0554048505081932, -0.6696679219746329, -0.29542062417277926, -0.1174401751369512, 0.13187260008293597, -0.6062701824489118, 0.13579210901342814, -0.5898619909136273, 0.24260002631075567, -0.17646734226719946, 0.10606206981885133, 1.0739840672522682, -1.610657056008822, 0.1143838333829968, 0.23509399651590812, -0.09949136730507668, -0.15455118738644164, 0.22330230010952898, 0.16630730072187253, -0.09837125284168113, 0.23594152095710633, -0.3534653465346534, -0.24310377317520848, 0.21055852308041317, 0.1095378153791505, -0.11738590954497584, 0.16924943178169555, -0.28477894501883527, 1.693540979731007, -0.29929158110034165, -0.20199398542830807, -0.22209935595550456, -0.2354838709677423, -0.5741935483870969, -0.17708528685116023, -0.33470826369228995, 1.5550189073044987, 0.16203825772536387, -0.3330197215971459, -0.2753808481924144, -0.24208876733873858, -0.5741935483870959, -0.34136864103955633, 0.1604831477190064, 1.0037997297279515, -0.35285656612418725, -0.492483004611266, 0.15162985108121232, -0.16680533904325717, -0.2694283692185838, -0.2735536139704561, -0.2406576745884474, -0.5741935483870975, -0.18028056253159566, -0.3399931283265341, -0.23778659770914556, -0.4077022786853922, -0.35652364936752295, -0.19417287502166722, -0.29842531321753957, -0.22287431309075245, -0.5741935483870978, -0.1978756003245213, -0.3411057314074272, 2.314072428019019, -0.4552324007985404, -0.2532886915940351, 0.162936154831213, -0.18807875263212226, -0.3169565835458091, -0.17547353695540144, -0.24107260849076467, -0.5741935483870974, -0.3455935072672992, -0.21012289623358993, -0.5741935483870968]}