{"from": [0, 0, 0, 1, 2, 2, 2, 2, 3, 3, 4, 4, 5, 6, 6, 6, 7, 7, 7, 7, 8, 8, 8, 9, 9, 10, 10, 10, 10, 11, 11, 11, 11, 11, 11, 12, 12, 12, 12, 12, 13, 13, 13, 13, 14, 14, 14, 14, 14, 15, 15, 16, 16, 16, 16, 17, 17, 18, 18, 18, 18, 18, 18, 18, 18, 18, 19, 19, 19, 19, 19, 19, 20, 20, 21, 21, 21, 21, 21, 21, 21, 21, 21, 21, 22, 22, 22, 22, 22, 22, 22, 22, 22, 23, 23, 23, 23, 23, 23, 24], "to": [1, 4, 25, 25, 0, 1, 4, 25, 5, 25, 5, 25, 25, 1, 13, 25, 1, 13, 16, 25, 5, 9, 25, 5, 25, 5, 9, 13, 16, 5, 8, 9, 10, 16, 23, 8, 9, 13, 20, 25, 3, 4, 16, 25, 5, 12, 16, 23, 24, 12, 24, 5, 8, 9, 25, 13, 23, 1, 5, 8, 9, 13, 20, 23, 24, 25, 8, 13, 18, 20, 23, 24, 1, 25, 3, 5, 8, 9, 13, 16, 18, 20, 23, 24, 1, 5, 8, 13, 16, 18, 20, 23, 24, 5, 8, 9, 13, 20, 24, 20], "influence_y": [[0, 1, 2, 3, 4, 5, 6, 7, 8, 9, 12, 13, 16, 18, 20]], "weights": [0.7273866357463774, -0.4300510116570223, 1.384509167457479, 0.9089795032845165, -0.7163920524015742, -0.14116537744384527, -0.56152160878548, 0.626699773358677, 0.3385255139827191, 2.639191272628596, -0.06237944535005982, 3.7650774550146267, 2.7606114947445377, -0.1762844004047798, 0.09749814896024639, 2.444274544273788, 0.3022660229308868, -0.31110857330375064, 0.23077152224353797, 1.7329496087772287, 0.33327305681964725, -0.19826153828176613, 1.31639968189288, -1.2291918293064257, 1.6075818970213716, -1.001848960338132, -0.6643055519017615, -0.09415309525640672, 0.18438044348178478, -0.49399335622893037, 0.10907946693312773, -0.5898350211757709, -0.3478260869565221, 0.29454090230810553, -0.13506159379817978, -0.1878962098634519, 0.11674672677981023, -0.08240358305409329, -0.060590649005760444, 0.966847977286667, -1.6276224865057325, 0.17625724407347743, 0.1499757207349733, 2.5728879594398064, 0.3563987604814362, 0.2242136498516323, 0.23271032091494886, -0.07427653280913776, -0.1090347193144624, -0.3521661721068251, -0.27117617639320674, 0.18015992170365108, 0.0958682847103241, -0.12200389898746539, 2.597124445141419, 0.31424369498008226, -0.203577126188759, 0.15329417090826153, -0.4274504393048978, -0.14016035693982354, 0.11543866005890407, -0.23332563476717172, -0.5650392337384635, -0.230964141727522, -0.35157892080669684, 0.7693924912339822, -0.2821073048838376, -0.2121033395441206, -0.1853785900783286, -0.5687728124624098, -0.24496211429920955, -0.37453630432760965, 0.2778211814405157, -1.0900086923309729, 0.3231272351393465, -0.304114726892202, -0.48699073014645505, 0.16775285060398382, -0.29292190196676327, -0.1392587182500808, -0.18537859007832833, -0.5751184547569325, -0.2511110812102867, -0.3683712407639154, -0.19733746733754826, -0.4615581109775253, -0.40228549127704694, -0.14677702478771948, -0.17020689619850757, -0.18537859007832985, -0.5744046356071764, -0.23484107888572686, -0.34593153848213504, -0.44284596655904673, -0.22841100415967766, 0.21841059129628387, -0.280472182767618, -0.5710129596967786, -0.367644169921105, -0.5692080901133133]}