{"from": [0, 0, 0, 1, 1, 2, 2, 2, 2, 3, 3, 4, 4, 5, 6, 6, 6, 7, 7, 7, 7, 8, 8, 8, 9, 9, 10, 10, 10, 11, 11, 11, 11, 11, 11, 12, 12, 12, 12, 13, 13, 13, 14, 14, 14, 14, 14, 14, 14, 14, 15, 15, 15, 15, 15, 15, 16, 16, 16, 16, 17, 17, 17, 17, 18, 18, 18, 18, 19, 19, 19, 19, 19, 19, 19, 20, 20, 20, 20, 20, 20, 21, 21, 21, 21, 21, 21, 21, 21, 21, 21, 21, 22, 22, 22, 22, 22, 22, 22, 22, 22, 23, 23, 23, 23, 23, 23, 23, 23, 24, 24, 24], "to": [1, 4, 25, 5, 25, 0, 1, 4, 25, 5, 25, 5, 25, 25, 1, 4, 25, 1, 13, 16, 25, 5, 9, 25, 5, 25, 5, 9, 16, 5, 8, 9, 10, 16, 25, 8, 9, 20, 25, 3, 16, 25, 5, 9, 11, 12, 16, 19, 20, 25, 3, 8, 12, 14, 20, 24, 5, 8, 9, 25, 5, 8, 10, 23, 1, 5, 20, 24, 5, 8, 16, 18, 20, 23, 24, 1, 5, 8, 16, 24, 25, 3, 8, 9, 11, 12, 16, 18, 19, 20, 23, 24, 5, 8, 14, 18, 19, 20, 23, 24, 25, 5, 9, 11, 13, 18, 20, 24, 25, 8, 9, 25], "influence_y": [[0, 1, 2, 3, 4, 5, 6, 7, 8, 9, 11, 12, 13, 14, 16, 20, 22, 23, 24]], "weights": [0.7341883219239086, -0.39354307211134, 2.2449379295903027, -0.048699668985018846, 1.3894708306775136, -0.7571855224792022, -0.1425048892007713, -0.4969160615237813, 1.4444254806562624, 0.3347591710832005, 1.0887272057886381, -0.08248555990842031, 1.5433738584533387, 2.5767469768074815, -0.19808142233929654, 0.19136495197376407, 1.627012173675392, 0.2933358727741642, -0.28999105160918226, 0.22789020727285658, 3.911838882606202, 0.3512792754443651, -0.22790986632886712, 1.6740967661427306, -1.2801418949768053, 3.290392881019125, -0.9810710106444025, -0.6877055954819301, 0.15297917349232185, -0.5433654204227716, 0.17291156131512922, -0.5983448325430589, -0.37220234732944224, 0.26462929875209384, 1.3784041967859026, -0.11298679913642604, 0.10803946738097733, -0.07313403745732688, 0.4271602825634278, -1.6351932734625991, 0.14419275979394733, 1.530009217940394, 0.34525072607517027, -0.10277764545011425, -0.17002623149632456, 0.19759784631099223, 0.15046320355234458, -0.08340152666169953, 0.08482146273268909, 0.65985297714752, -0.4530052735854902, 0.30657047242764185, -0.33383780768647553, -0.25897899254574175, 0.1818327585482526, -0.25360045284592336, 0.1437094858317423, 0.12142000478411974, -0.1182157226583905, 2.178174213832367, 0.3832007157291088, 0.29035378279205765, 0.27855394464319383, -0.33807203140812797, 0.20520295482114048, -0.19698903404148577, -0.3436594563535089, -0.5197119637723268, 0.3191923648806234, -0.1066868515631124, -0.1515109448337236, -0.24333333333333318, -0.3382334392355721, -0.19203268457485123, -0.5299930632120261, 0.3363188629123423, 0.1745298429786923, 0.13215647873755834, 0.0978390153637276, -0.5230054761469486, -0.7746597836131497, 0.23180097120978993, -0.31773776507099294, 0.1684093117864012, -0.14759490768059372, -0.1600675363386668, -0.14696740629575542, -0.24333333333333335, -0.16772359809216447, -0.35506640876750456, -0.18948280124556305, -0.525609648722231, -0.3128752817842043, -0.21853819008397618, 0.15371583465100544, -0.2433333333333333, -0.15547367985543928, -0.3639657192712397, -0.20044841793138335, -0.5197119637723262, 1.4019638920220079, -0.23194703824105256, 0.15532013838488473, -0.19761312893129215, -0.1523529783465249, -0.2433333333333335, -0.3376650765346516, -0.5271708006207358, 2.122611719269606, 0.2136833569627536, 0.06823592081591695, 0.7805487020173022]}