{"from": [0, 0, 1, 2, 2, 2, 2, 3, 3, 4, 5, 6, 6, 6, 7, 7, 7, 7, 7, 8, 8, 8, 9, 9, 10, 10, 10, 11, 11, 11, 11, 11, 11, 12, 12, 12, 12, 12, 13, 13, 13, 14, 14, 14, 14, 14, 15, 15, 15, 16, 16, 16, 16, 17, 17, 17, 17, 18, 18, 18, 18, 18, 18, 18, 19, 19, 19, 19, 19, 19, 19, 20, 20, 20, 20, 21, 21, 21, 21, 21, 21, 21, 21, 21, 21, 21, 22, 22, 22, 22, 22, 22, 22, 22, 22, 23, 23, 23, 23, 23, 23, 23, 23, 23, 23, 23, 24, 24, 24], "to": [1, 4, 25, 0, 1, 4, 25, 5, 25, 25, 25, 1, 4, 25, 0, 1, 5, 13, 16, 5, 9, 25, 5, 25, 5, 9, 16, 5, 8, 9, 10, 16, 25, 0, 8, 9, 16, 25, 3, 16, 25, 5, 12, 16, 19, 25, 12, 14, 24, 5, 8, 9, 25, 5, 9, 10, 23, 1, 5, 9, 19, 20, 24, 25, 5, 8, 9, 10, 16, 20, 24, 0, 1, 13, 16, 0, 3, 8, 9, 16, 18, 19, 20, 23, 24, 25, 0, 5, 8, 16, 18, 19, 20, 23, 24, 0, 5, 8, 9, 11, 13, 18, 19, 20, 24, 25, 8, 20, 25], "influence_y": [[1, 2, 3, 4, 5, 6, 8, 9, 11, 12, 13, 14, 16, 18, 21, 23, 24]], "weights": [0.7429431568216456, -0.44457640847219115, 4.31798867324668, -0.7692763192028671, -0.13608245579673778, -0.5367171899345246, 0.5395739555974535, 0.3928628034169812, 3.103919198968583, 0.7003486951895908, 2.3032356411903394, -0.2134542238404706, 0.26980140352259324, 2.13910437511103, -0.20263696015208135, 0.2618046502669099, -0.21985907727099424, -0.30480880341299865, 0.282087089743441, 0.3384699875723143, -0.19144813736777233, 1.2489990134085303, -1.3404115351188677, 0.6916923481291901, -1.1265802656315034, -0.6534698213386991, 0.17407408174079392, -0.6088620913938284, 0.14944057674136663, -0.5799439488608824, -0.3574645814010816, 0.28158358641024783, 1.5711043538041576, -0.1916623849334799, -0.19223586384497868, 0.07164101560778816, -0.14782683364907395, 2.5512915068785285, -1.6433394309753202, 0.15323091639842606, 2.848226545332431, 0.2677180664947001, 0.2003691758453517, 0.14117830895868294, -0.11221486894926622, 1.3749274504353526, -0.37681291709771014, -0.23746867167919783, -0.2032106130035427, 0.22772648054620878, 0.1281042445158245, -0.12490326462994242, 3.185216548812866, 0.3783268535988363, -0.15281063566228892, 0.2902971183204794, -0.3987148866033796, 0.17261828891044045, -0.28166856367180626, 0.09952011341408831, -0.24031637800777392, -0.5576923076923084, -0.3217506174676589, 1.3731722875109413, 0.22005538429806, -0.2797421947372912, 0.12070501163656377, -0.12177454797953513, -0.20866228969076722, -0.5576923076923085, -0.3301017385499965, -0.13906813588190337, 0.2818279043267493, 0.240518518454831, 0.06502143738067265, -0.3581980249626625, 0.30681251412250865, -0.49648516359331885, 0.1622732544387434, -0.23153495215538256, -0.1947368421052637, -0.24027939222367667, -0.5576923076923088, -0.15118110624637954, -0.3316633302971001, 2.616199170451788, -0.3925670682961881, -0.2874545919434152, -0.33155965815153554, -0.18245105041360354, -0.19473684210526332, -0.22970145797203273, -0.5576923076923089, -0.1532837556154141, -0.3272427961974842, -0.277652709159502, -0.3311581829660878, -0.21833266315264863, 0.2030748391780624, -0.1873698354047699, -0.12615414162187882, -0.19473684210526315, -0.2384266889464663, -0.5576923076923084, -0.33112956883705347, 1.4311973584774085, 0.11919285753940362, -0.5576923076923082, 1.8100326519445717]}