{"from": [0, 0, 0, 1, 2, 2, 2, 2, 3, 4, 5, 6, 6, 7, 7, 7, 7, 8, 8, 8, 9, 9, 10, 10, 10, 11, 11, 11, 11, 11, 11, 12, 12, 12, 13, 13, 13, 14, 14, 14, 15, 15, 15, 15, 15, 15, 16, 16, 16, 17, 18, 18, 18, 18, 19, 19, 19, 19, 19, 19, 19, 20, 21, 21, 21, 21, 21, 21, 21, 21, 21, 21, 22, 22, 22, 22, 22, 22, 22, 22, 22, 23, 23, 23, 23, 23, 23, 23, 23, 23, 24, 24], "to": [1, 4, 25, 25, 0, 1, 4, 25, 5, 25, 25, 1, 25, 1, 13, 16, 25, 5, 9, 25, 5, 25, 5, 9, 16, 5, 8, 9, 10, 16, 25, 8, 16, 25, 3, 16, 25, 12, 16, 25, 8, 12, 14, 16, 18, 24, 5, 8, 9, 23, 8, 20, 24, 25, 8, 14, 16, 18, 20, 23, 24, 1, 3, 8, 9, 11, 16, 18, 19, 20, 23, 24, 1, 8, 14, 16, 18, 19, 20, 23, 24, 5, 8, 9, 11, 16, 18, 20, 24, 25, 20, 25], "influence_y": [[0, 1, 2, 4, 5, 6, 7, 8, 9, 11, 12, 13, 14, 18, 23, 24]], "weights": [0.7342716215858599, -0.4836793255828556, 1.0298840838696681, 1.1194548816561383, -0.775998362603036, -0.13756270327607034, -0.614645274673033, 1.8023072631570531, 0.3287978074855511, 0.7882036248132973, 1.8054968112131136, -0.18910707060415716, 1.239093642889137, 0.2973907579024818, -0.27106181455633094, 0.1646400694896005, 2.656561020479582, 0.35953146945618886, -0.23785972532627414, 1.042022480797496, -1.3870409689002177, 2.3117898634131206, -1.109847963134915, -0.6632572265150557, 0.16806161622406549, -0.774908427932181, 0.17454325389853864, -0.5716739728071487, -0.34499999999999953, 0.22170722076324428, -0.8059889017505167, -0.15772076485296438, -0.12504247241562302, 3.601650078311424, -1.6103388406490766, 0.10192897437891621, 0.6298475505551508, 0.22322023014588027, 0.16506517616988453, 0.7832585918845907, 0.2752873523462894, -0.24712514625412146, -0.2541181466325603, 0.1745766366419762, 0.15808114324010078, -0.2998189257348667, 0.2622430810301576, 0.13120065339713785, -0.15754638443405938, -0.4540977167653292, -0.16811970322260827, -0.5612903225806454, -0.3225639788923912, 2.420777439968538, -0.2560981908957851, -0.11156474858231769, -0.26537247764676425, -0.24183907347554032, -0.5612903225806452, -0.1754557637425629, -0.3270388882317175, 0.1892636544050591, 0.3003635467638853, -0.3734961109032786, 0.14347281835367554, -0.16316073354908303, -0.2849356084367051, -0.23717266493545122, -0.15192743764172337, -0.5612903225806452, -0.18208272876335047, -0.33588926448060763, -0.24263412824562122, -0.3533024265082222, 0.16490820648062035, -0.26431199435837355, -0.23992603019308673, -0.15192743764172323, -0.5612903225806457, -0.18644643054608043, -0.3306671931014421, -0.3208876965661628, -0.20586789641226527, 0.18089422898229973, -0.19851426890261853, -0.19662282718659332, -0.23461781817601568, -0.5612903225806453, -0.34073482287632223, 0.8143677157312937, -0.5612903225806456, 0.48840931480621075]}