{"from": [0, 0, 0, 0, 0, 1, 1, 2, 2, 2, 3, 3, 4, 5, 6, 6, 6, 6, 7, 7, 7, 8, 8, 8, 9, 10, 10, 10, 10, 11, 11, 11, 11, 11, 11, 12, 12, 12, 13, 13, 13, 14, 14, 14, 14, 14, 15, 15, 15, 15, 15, 15, 15, 16, 16, 16, 16, 17, 17, 18, 18, 18, 18, 18, 19, 19, 19, 19, 19, 19, 19, 20, 21, 21, 21, 21, 21, 21, 21, 21, 22, 22, 22, 22, 22, 22, 22, 23, 23, 23, 23, 23, 23, 23, 24], "to": [1, 2, 4, 20, 25, 20, 25, 1, 4, 25, 5, 25, 25, 25, 1, 20, 23, 25, 1, 16, 25, 5, 9, 25, 5, 5, 9, 16, 25, 5, 8, 9, 10, 16, 23, 8, 9, 25, 3, 16, 25, 9, 12, 20, 23, 25, 3, 8, 12, 14, 20, 24, 25, 5, 8, 9, 25, 23, 25, 8, 20, 23, 24, 25, 5, 8, 16, 18, 20, 23, 24, 24, 3, 8, 9, 16, 18, 20, 23, 24, 1, 8, 14, 18, 20, 23, 24, 5, 8, 9, 16, 20, 24, 25, 25], "influence_y": [[0, 1, 2, 3, 4, 5, 6, 7, 8, 10, 12, 13, 14, 15, 16, 17, 18, 23, 24]], "weights": [0.7461685800005193, -0.7567246017714659, -0.46816579432868266, -0.11448729430911207, 1.3698990464448622, 0.11902805436679467, 0.9201039555005687, -0.1338880648368278, -0.6245567723374851, 2.8593494598581053, 0.3163826245644172, 3.5486407891070164, 1.3586027129233207, 1.3282646818542618, -0.19832474644807166, 0.0834615794375985, 0.052842630982324765, 0.733487859225286, 0.28877037046108, 0.2074480657888123, 1.465775425061071, 0.3584635654347136, -0.1932638031476727, 0.6725526145502823, -1.4137757478405226, -1.1456147113120185, -0.6832838759542663, 0.13366225239234678, 1.1014769022197202, -0.6724117154522125, 0.12197972996781874, -0.595060610368576, -0.34549878345498736, 0.24324564090875941, -0.13718836260292533, -0.1632490671673087, 0.10180940688215559, 2.063059002078873, -1.6181971861816489, 0.13848655855600805, 2.1720947053986115, -0.1237308245832826, 0.20087670654097053, 0.09280555686466997, -0.11613323880624851, 1.5173934078963567, -0.41521092597442333, 0.20478682330184048, -0.29794818981224785, -0.2832864313628625, 0.19553752074549724, -0.19519842998221687, 1.7406112510324845, 0.2727959860941566, 0.12739582167794675, -0.1464838278819637, 2.8449054136455256, -0.2277797823548698, 1.6582887533294393, -0.18276455918901266, -0.3680352807693178, -0.2357393120060302, -0.5830828027348749, 0.9924723961595563, 0.29494199930968623, -0.3140438097113424, -0.30008115559991405, -0.19137466307277629, -0.33584319526696876, -0.24959935158070334, -0.5889096215403139, -0.5879627634844303, 0.27334655135306063, -0.4196370271569674, 0.16029105082423228, -0.23519439301651757, -0.19137466307277537, -0.34216829150925315, -0.26441845697817845, -0.5923779660673605, -0.28588501750024575, -0.42680909416639823, 0.14762652504918083, -0.191374663072776, -0.34143018023636235, -0.23975734265490944, -0.5876223011065544, -0.3933455345064261, -0.2714404742536964, 0.18081427855427623, -0.12294897049122139, -0.3404687441079528, -0.5914484497341121, 3.0356572352699245, 1.4904148150178793]}