{"from": [0, 0, 1, 2, 2, 2, 2, 3, 3, 3, 4, 5, 6, 6, 7, 7, 7, 7, 8, 8, 8, 9, 9, 10, 10, 10, 10, 11, 11, 11, 11, 11, 12, 12, 12, 12, 12, 13, 13, 13, 14, 14, 14, 14, 15, 15, 15, 15, 15, 15, 16, 16, 16, 16, 17, 17, 17, 18, 18, 18, 18, 18, 19, 19, 19, 19, 19, 20, 20, 20, 21, 21, 21, 21, 21, 21, 21, 21, 21, 21, 21, 21, 22, 22, 22, 22, 22, 22, 22, 22, 23, 23, 23, 23, 23, 23, 23, 24, 24, 24], "to": [1, 4, 25, 0, 1, 4, 25, 1, 5, 25, 25, 25, 1, 25, 1, 13, 16, 25, 5, 9, 25, 5, 25, 5, 9, 16, 25, 5, 8, 9, 10, 16, 3, 8, 9, 16, 25, 3, 16, 25, 5, 12, 16, 19, 3, 12, 14, 16, 18, 24, 5, 8, 9, 25, 3, 5, 23, 1, 9, 19, 20, 24, 8, 16, 20, 24, 25, 1, 13, 24, 3, 5, 8, 9, 13, 16, 18, 19, 20, 23, 24, 25, 5, 8, 16, 18, 19, 20, 23, 24, 5, 8, 9, 18, 19, 20, 24, 8, 16, 25], "influence_y": [[1, 2, 3, 4, 5, 6, 7, 8, 9, 10, 12, 13, 16, 19, 21, 24]], "weights": [0.7325008352280314, -0.42611694906334296, 2.514921279656953, -0.7623841268105983, -0.15285688871514824, -0.533691904458422, 1.977152228452179, 0.036015108263952544, 0.4077106522547339, 2.190538177298549, 0.48587007479655464, 1.1672809309617553, -0.2193455519219688, 0.8641370003973066, 0.22641539672021976, -0.2567954170379084, 0.25095836709940034, 1.6426126625713828, 0.32229668879633655, -0.19971032575561387, 1.0764168622599959, -1.2044762370195867, 2.6567083677126813, -1.0489905781293136, -0.6676509675968473, 0.17972678144421456, 0.6455845581856507, -0.6886319551121054, 0.14188292448631196, -0.5773831722508053, -0.3447432762836184, 0.2845257211915568, 0.13921697814171063, -0.208768916677466, 0.08742552755805968, -0.09538663280981652, 1.1310551649569263, -1.5873576537194656, 0.15411432816633386, 3.536022255126439, 0.2931607126817637, 0.16795965913887573, 0.2329154027848707, -0.12419655675265334, -0.26238103405814006, -0.3267098182166405, -0.225461847389558, 0.15250653973269504, 0.14212996490884314, -0.1904755461246375, 0.17773898801178414, 0.11419796573022481, -0.14975431193847868, 1.4449452871483048, -0.4325793229907033, 0.41283323114452514, -0.2955231931763823, 0.19364260476972892, 0.0842562182753265, -0.25106138140803336, -0.3275109170305676, -0.5306122951071706, -0.21319233955150418, -0.13936573664082974, -0.32751091703056767, -0.5383342767068181, -0.4120697526516525, 0.32551920322264916, 0.24607430138626568, -0.5356916430038279, 0.40170382361062185, -0.4073036680450611, -0.34299429343064186, 0.17220221327202395, -0.16725671170127873, -0.20769694932979704, -0.19328073557278952, -0.25759568673628186, -0.3275109170305677, -0.14918914408245784, -0.5460562583064659, 3.0595590270470017, -0.3364040081755097, -0.2523372652976206, -0.1623181052113939, -0.20125153765889373, -0.2363647888589696, -0.32751091703056745, -0.14859011058277635, -0.5353741837602874, -0.34397195059126145, -0.16623950210444338, 0.18936732941407491, -0.19644420061050644, -0.24969765451035725, -0.32751091703056745, -0.5418167389968562, 0.1726291349566957, 0.16470407049994912, 1.151954199923745]}