{"from": [0, 0, 0, 1, 2, 2, 2, 2, 3, 3, 4, 5, 6, 6, 6, 6, 6, 7, 7, 7, 7, 8, 8, 8, 8, 9, 9, 10, 10, 10, 10, 11, 11, 11, 11, 11, 11, 11, 11, 12, 12, 12, 12, 12, 12, 13, 13, 13, 13, 14, 14, 14, 14, 14, 14, 15, 15, 15, 15, 16, 16, 16, 16, 16, 16, 17, 17, 17, 17, 18, 18, 18, 18, 19, 19, 19, 19, 19, 19, 20, 20, 20, 20, 20, 21, 21, 21, 21, 21, 21, 21, 21, 21, 22, 22, 22, 22, 22, 22, 22, 23, 23, 23, 23, 23, 24, 24], "to": [1, 4, 25, 25, 0, 1, 4, 25, 5, 25, 25, 25, 1, 4, 20, 23, 25, 1, 13, 16, 25, 5, 9, 23, 25, 5, 25, 5, 9, 13, 16, 5, 8, 9, 10, 16, 20, 23, 25, 3, 8, 9, 16, 20, 25, 3, 16, 23, 25, 5, 12, 16, 19, 20, 25, 12, 14, 24, 25, 5, 8, 9, 23, 24, 25, 8, 13, 20, 23, 19, 20, 23, 24, 8, 9, 16, 20, 23, 24, 1, 13, 23, 24, 25, 3, 8, 9, 16, 19, 20, 23, 24, 25, 1, 8, 16, 19, 20, 23, 24, 1, 5, 9, 24, 25, 1, 25], "influence_y": [[0, 1, 2, 3, 4, 5, 6, 7, 8, 9, 11, 12, 13, 14, 15, 16, 20, 21, 23, 24]], "weights": [0.7486062730380989, -0.3965985968773798, 2.67641105897376, 1.0082902811670378, -0.7522618140440285, -0.15218436554723339, -0.5003958454926463, 1.7669190048853587, 0.3338034626674261, 2.3245698691257726, 1.389581280805696, 0.8377977274979818, -0.13320319378159431, 0.20229743330082708, 0.05156771036220485, 0.07338552564488336, 2.252006864468835, 0.19855379704382614, -0.29685217551149834, 0.1984436202366183, 2.3299670977742353, 0.4063063141811235, -0.1971244970226967, -0.09816926870618904, 1.3369883840579293, -1.2842057932413615, 4.033043071582159, -1.0747182835849827, -0.6613325171914813, -0.1152504889495877, 0.17494970717953465, -0.6321824884728979, 0.14791369735715004, -0.5751177435835026, -0.34688995215311, 0.256205670035237, 0.11748156781241575, -0.0745607873308542, 0.77733679689023, 0.17168675810764888, -0.20363230430342805, 0.07755095331085826, -0.10441251295505308, -0.05509416333361031, 2.107436512615503, -1.639267976577323, 0.1691825249614477, -0.05443635643535427, 4.891093607789204, 0.27050606338355365, 0.22375909516605436, 0.17053823326691614, -0.09376610524419937, 0.13829244682644648, 0.9626228178753837, -0.3925869894099856, -0.25930434782608713, -0.16973166414468724, 1.6836807996296483, 0.21403008583182975, 0.15349448864218637, -0.1396574935913598, -0.06988320507761196, 0.05648124763513884, 1.836674042834321, 0.20638196618228408, 0.23702709920546883, 0.15652669343802156, -0.23665193609664026, -0.18943734352087174, -0.2580092112069933, -0.3281574296127632, -0.5756348087282126, -0.24950216796675717, 0.08150244569547455, -0.23772625986835041, -0.24102693277419263, -0.37434066873546984, -0.5651829512880426, 0.1211913177930272, 0.22572166236726462, -0.27900461860706527, -0.585783542453979, 1.3367374488668828, 0.27556502552695716, -0.3896968192144268, 0.1982616683716745, -0.17913053752520292, -0.1922553588484252, -0.239081008233026, -0.38922482446399453, -0.5680702154895464, -1.013300765952869, -0.24078024461905798, -0.3099491329973418, -0.1815457241527085, -0.1756355966366946, -0.26516455476475387, -0.38181091083864593, -0.5685971125078436, -0.1408986629826166, -0.2703087229590189, 0.21849932617562937, -0.5692434415148485, 2.155732307940607, -0.1887106355131462, 1.0570330793434235]}