{"from": [0, 0, 0, 1, 2, 2, 2, 2, 3, 3, 3, 4, 5, 6, 6, 6, 6, 7, 7, 7, 8, 8, 8, 9, 9, 10, 10, 10, 10, 11, 11, 11, 11, 11, 11, 12, 12, 12, 13, 13, 13, 14, 14, 14, 14, 15, 15, 15, 15, 15, 15, 16, 16, 16, 16, 17, 17, 17, 18, 18, 18, 18, 18, 19, 19, 19, 19, 19, 19, 19, 19, 20, 20, 21, 21, 21, 21, 21, 21, 21, 21, 22, 22, 22, 22, 22, 22, 22, 22, 23, 23, 23, 24, 24, 24, 24], "to": [1, 4, 25, 25, 0, 1, 4, 25, 5, 16, 25, 25, 25, 1, 4, 23, 25, 1, 13, 16, 5, 9, 23, 5, 25, 5, 9, 16, 25, 5, 8, 9, 10, 16, 23, 8, 9, 25, 3, 23, 25, 9, 12, 16, 23, 8, 14, 16, 18, 24, 25, 5, 8, 9, 25, 9, 23, 25, 9, 20, 23, 24, 25, 8, 9, 14, 16, 18, 20, 23, 24, 1, 9, 3, 8, 9, 18, 19, 20, 23, 24, 8, 14, 16, 18, 19, 20, 23, 24, 5, 9, 20, 8, 16, 20, 23], "influence_y": [[0, 1, 2, 3, 4, 5, 6, 9, 10, 12, 13, 15, 16, 17, 18]], "weights": [0.7268027973999107, -0.43682736787479765, 2.207116819826231, 1.5541531190647722, -0.7614601583728642, -0.1488851676201216, -0.5510926103549274, 0.7871555636768134, 0.33611044271552815, -0.08193990866962163, 1.517746059727606, 0.7444209532678625, 1.2353240420694156, -0.21708049366767335, 0.2721925015232054, 0.057646653832055535, 2.3102055744968384, 0.22232429808522697, -0.2853993140617346, 0.19802118957727233, 0.32479132843514313, -0.18297664418545806, -0.11720653059260056, -1.3129212093610119, 1.8360207071480752, -1.0713900632036468, -0.6819108677842443, 0.165875949714383, 1.9369670573198905, -0.7410227915112307, 0.17332641332300258, -0.5964059371768415, -0.3660933660933663, 0.2876009182241096, -0.09820527544794051, -0.1794885195047418, 0.08271588618582829, 0.9174943229350281, -1.6251441066117718, -0.10905283129123017, 4.450170860172493, -0.05152908428257212, 0.2136568848758466, 0.19635421789788154, -0.10839290485601233, 0.22018766135070886, -0.30106639968269694, 0.2296249937089278, 0.15563396074555708, -0.24954860524920072, 1.9972282767642124, 0.25346121527395243, 0.11012849610381074, -0.12172762751818858, 2.487475149554152, -0.1394653809757642, -0.12329375987241793, 1.7441233866439945, 0.08046260356467379, -0.5724137931034485, -0.34545166131333965, -0.25427780173729114, 0.4805141804410087, -0.14549161613425887, 0.07925259325132042, -0.11131039753298676, -0.18030208479681925, -0.2014103646882498, -0.5724137931034483, -0.3774913475306593, -0.26528729902769715, 0.30876265507033773, -0.0764755157362331, 0.3606162031102152, -0.262260670032645, 0.1663849453389915, -0.2008654278509057, -0.1559633027522926, -0.5724137931034488, -0.39089906448081935, -0.2661610686539195, -0.24868052091553627, 0.14005282102215685, -0.15383824904354246, -0.20481803637777704, -0.15596330275229348, -0.5724137931034499, -0.3678845280594175, -0.2598233262983843, -0.40752565786627637, 0.16421903049156847, -0.5724137931034484, 0.17018113770013812, 0.14943482021979154, -0.5724137931034484, -0.2961902982237974]}