{"from": [0, 0, 0, 1, 2, 2, 2, 2, 3, 4, 5, 6, 6, 7, 7, 8, 8, 9, 9, 9, 9, 9, 10, 10, 10, 10, 10, 11, 11, 11, 11, 12, 12, 12, 12, 12, 13, 13, 13, 13, 14, 14, 14, 14, 14, 15, 15, 15, 17, 17, 18, 18, 18, 18, 19, 19, 19, 19, 19, 20, 20, 21, 21, 21, 21, 21, 21, 21, 22, 22, 22, 22, 22, 22, 23, 23, 24, 24, 24, 24], "to": [1, 4, 25, 25, 0, 1, 4, 25, 5, 25, 25, 1, 25, 1, 13, 5, 25, 5, 8, 16, 23, 25, 5, 8, 9, 23, 25, 5, 8, 9, 10, 3, 8, 9, 20, 25, 3, 8, 23, 25, 5, 9, 12, 19, 25, 3, 12, 24, 3, 9, 19, 20, 23, 24, 8, 9, 20, 23, 24, 1, 25, 3, 8, 9, 19, 20, 23, 24, 1, 8, 19, 20, 23, 24, 5, 20, 8, 20, 23, 25], "influence_y": [[0, 1, 2, 4, 5, 6, 8, 9, 10, 12, 13, 14, 20, 24]], "weights": [0.7774690510262403, -0.5274327965245817, 1.2564412171684864, 2.0794359742532995, -0.7511884356512734, -0.11475781456222847, -0.6432003404305076, 1.7410624628182008, 0.31034055570268676, 1.2150126125088683, 1.700322614965189, -0.13719618575964798, 2.5159523052595696, 0.29741178794911927, -0.31094527363184016, 0.3619992059032483, 0.5995651373741125, -1.424545318379122, -0.540103652814649, -0.37257784099889385, 0.2447906137513226, 0.746297836791095, -1.1280966318003054, -0.4115928795538497, -0.7222284297142152, 0.1272559404577034, -1.1052146374316134, -0.6341824394780207, -0.1880083349116449, -0.7107898943886339, -0.3667481662591686, 0.14300846262908828, -0.14572625913187698, 0.1436922478497326, -0.0758329447079577, 0.9419531405111465, -1.5804883131711227, -0.08213226590125754, -0.1227256846339663, 1.2689301365573369, 0.29547269693243056, -0.13399063110025067, 0.19811021518839422, -0.11036983084820084, 1.2815757129422714, -0.321340155972726, -0.3523730822523835, -0.34624078195281155, -0.3803209468632143, -0.21365983372930658, -0.19954361907700385, -0.5496612121010367, -0.38041452403108295, -0.24230292486065233, -0.23087901147613143, 0.08728461605848001, -0.5586935549464479, -0.37034399112665134, -0.2565319980915895, 0.2022939123237882, 1.0383303877653254, 0.28506684586757386, -0.21809991376917665, 0.20982260082788817, -0.19982828702687078, -0.5640230888806572, -0.41850547631161916, -0.25735687190207907, -0.2336290161856061, -0.2413286587802121, -0.1754920820882915, -0.5501753337600733, -0.3647769381395875, -0.25219551863073264, -0.32342856674810333, -0.5521975456189521, 0.1722544997667234, -0.5486773990497932, -0.32751984366504383, 1.3072059947180552]}