{"from": [0, 0, 0, 0, 1, 2, 2, 2, 2, 3, 3, 4, 5, 6, 7, 7, 7, 7, 8, 8, 8, 9, 9, 10, 10, 10, 10, 11, 11, 11, 11, 12, 12, 12, 12, 13, 13, 13, 13, 14, 14, 14, 14, 14, 15, 15, 15, 15, 15, 15, 16, 16, 16, 16, 17, 17, 17, 17, 18, 18, 19, 19, 19, 19, 19, 19, 19, 19, 19, 19, 20, 20, 20, 21, 21, 21, 21, 21, 21, 21, 21, 21, 21, 21, 21, 22, 22, 22, 22, 22, 22, 22, 22, 22, 23, 23, 23, 23, 23, 23, 23, 23, 23, 24, 24, 24, 24, 24, 24], "to": [1, 3, 4, 25, 25, 0, 1, 4, 25, 5, 25, 25, 25, 1, 1, 13, 16, 25, 1, 5, 9, 5, 25, 5, 9, 11, 16, 5, 8, 9, 16, 3, 8, 9, 16, 3, 16, 20, 25, 5, 9, 12, 16, 25, 3, 8, 12, 14, 16, 24, 5, 8, 9, 25, 3, 9, 11, 23, 1, 9, 8, 9, 11, 14, 16, 18, 20, 23, 24, 25, 1, 18, 25, 3, 5, 8, 9, 11, 12, 16, 18, 19, 20, 23, 24, 1, 8, 16, 18, 19, 20, 23, 24, 25, 5, 8, 9, 11, 16, 18, 20, 24, 25, 2, 8, 16, 18, 20, 25], "influence_y": [[0, 1, 2, 3, 4, 5, 7, 9, 13, 14, 16, 19, 20, 22, 23, 24]], "weights": [0.7390932804941901, -0.04195651253652327, -0.46489877226940096, 1.4047238624270804, 0.6683568884373453, -0.7657793129848558, -0.13542258883277297, -0.6188808926424635, 2.2080417588584442, 0.29041604105167934, 0.7350217944234136, 1.0991471929707062, 1.0064294342186135, -0.1333200552028683, 0.2851912287646655, -0.3494610485056345, 0.23753298909451062, 1.0964198356343826, 0.08214505733178518, 0.36703708018827963, -0.19937456760514807, -1.352352871512711, 1.690005709534085, -1.103281984248468, -0.6594062225664811, -0.3311042090863899, 0.1509699432737401, -0.7353959146518085, 0.16088295432849747, -0.5837881593484228, 0.19981584916279013, 0.13294045993411502, -0.16935285105021766, 0.08247777186210781, -0.0869151855246797, -1.5991310940629857, 0.16251623007843177, 0.10772802697685066, 2.220321206242411, 0.2750500932841931, -0.08475155359797788, 0.17361040226251237, 0.20140344874653174, 2.431406576323709, -0.3797428273756905, 0.3094360988996521, -0.33492812245152676, -0.3480991567905881, 0.29445809601829326, -0.316888100204757, 0.15675442153346109, 0.08256386650036135, -0.11539420046745834, 0.8745529834184074, -0.3807964630404045, -0.17866773292396812, 0.21691756072708096, -0.32120377967360664, 0.20748474577299625, 0.11596686471495943, -0.24429726257046067, 0.09387623361948316, -0.14255258262924278, -0.1182811277563675, -0.19571020082611904, -0.552631578947369, -0.34180576007877556, -0.18384965635193845, -0.24394496776535496, 2.201388959506, 0.3184266552967986, -0.5526315789473684, 2.590224390047979, 0.3523813182547517, -0.2595035974257577, -0.2922237888703109, 0.19740034201161955, -0.13946036318177316, -0.17578791001456107, -0.21020657072914767, -0.5526315789473688, -0.14831460674157287, -0.3261665961906638, -0.17671933988983946, -0.24908127946705289, -0.17906221751400345, -0.3288682968756321, -0.1570294836397961, -0.552631578947368, -0.14831460674157235, -0.34535005880182357, -0.19678123709204437, -0.2343422980621806, -1.57537634651658, -0.375522235892937, -0.24603162900592046, 0.2060253740529694, -0.20247145708598646, -0.0832327416537503, -0.5526315789473688, -0.3341246173353279, -0.24366253630349682, -0.9272263169447924, -0.38091793864802614, 0.1622840377557615, 0.09372246484581002, -0.5526315789473686, -0.3478683763155681, 1.7192783169428938]}