{"from": [0, 0, 0, 1, 1, 2, 2, 2, 2, 2, 3, 6, 6, 6, 6, 6, 7, 7, 7, 7, 7, 8, 8, 8, 9, 9, 10, 10, 10, 10, 10, 11, 11, 11, 11, 11, 12, 12, 12, 12, 13, 13, 13, 13, 14, 14, 14, 14, 14, 14, 14, 15, 15, 16, 16, 16, 16, 17, 17, 17, 17, 18, 18, 18, 18, 18, 18, 19, 19, 19, 19, 19, 19, 20, 20, 20, 21, 21, 21, 21, 21, 21, 21, 21, 21, 21, 21, 22, 22, 22, 22, 22, 22, 22, 22, 22, 22, 23, 23, 23, 23, 23, 23, 23, 23, 23, 23, 23, 24, 24, 24], "to": [1, 4, 25, 9, 25, 0, 1, 4, 8, 25, 5, 1, 4, 13, 16, 25, 1, 13, 16, 18, 25, 5, 9, 25, 5, 25, 5, 9, 13, 16, 25, 5, 8, 9, 10, 16, 8, 9, 16, 25, 3, 9, 16, 25, 5, 9, 12, 16, 19, 24, 25, 14, 24, 5, 8, 9, 25, 8, 19, 23, 25, 5, 9, 13, 19, 20, 24, 5, 8, 13, 16, 20, 24, 1, 9, 25, 3, 5, 8, 9, 13, 16, 18, 19, 20, 23, 24, 5, 8, 13, 14, 16, 18, 19, 20, 23, 24, 5, 8, 9, 11, 13, 16, 18, 19, 20, 24, 25, 8, 20, 25], "influence_y": [[0, 1, 2, 6, 7, 8, 9, 10, 12, 13, 14, 16, 17, 20, 23, 24]], "weights": [0.750830225407521, -0.3932669374913854, 1.3161463993198361, 0.020563178072263225, 1.548316490710627, -0.7625471818065668, -0.14086432991095732, -0.5320493094306562, 0.04510164852954442, 0.8516116584208866, 0.35144610704948936, -0.22762328168952217, 0.2712080324475911, 0.08130517248059903, -0.060835935201408786, 1.8647413043407672, 0.2823747501460232, -0.3175658809067534, 0.1696202169260166, 0.12184219365209442, 1.9269099752774594, 0.3610644189053379, -0.2163809744211494, 1.049938188494547, -1.1707433999080588, 1.2612691342737121, -0.9505335660318213, -0.6711983937334944, -0.10094293385109118, 0.15441772159859882, 0.6384645161902818, -0.5453792486096083, 0.138553211852665, -0.5757174690860936, -0.3697270471464018, 0.21750873961488504, -0.1507953681615795, 0.08645117379757503, -0.10667928492565727, 0.6425139230668098, -1.5881801903834896, -0.04473265146725638, 0.1204715348296117, 0.5890989319966123, 0.27600968613411136, -0.09482932896157042, 0.2017095046048276, 0.1812283478640094, -0.13029143408275232, -0.09707857058210345, 1.305650400321006, -0.2196130509297519, -0.3418159553277995, 0.13207316529334193, 0.09151079221477396, -0.15418254970758255, 1.9308276007303573, 0.22908870204363127, -0.18890288783266013, -0.27033546880925835, 2.9704347853742474, -0.3187798189592136, 0.067027063855413, -0.2120591684261335, -0.2309279648485154, -0.5576923076923079, -0.3382913652883251, 0.169703646386892, -0.28530478867699866, -0.2261794622725715, -0.2725346563986067, -0.5576923076923074, -0.3462690817431784, 0.32693682166512095, -0.06908241803926563, 2.442688509303689, 0.27427274062810775, -0.34888241790075425, -0.36985642042461514, 0.10486005172893288, -0.3120200995078295, -0.2887345593053947, -0.17572171492222421, -0.23358178388949938, -0.5576923076923075, -0.15192783287421743, -0.35181938852894673, -0.46069579365679064, -0.3133865775814962, -0.22494272132772622, 0.2066225719219152, -0.19601832400320807, -0.1827133043709909, -0.21439371797335952, -0.5576923076923074, -0.1707519660988467, -0.3235345704597408, -0.4358686755617458, -0.21347820540931992, 0.1371507548364883, -0.16231415643180358, -0.29447398040269207, -0.19487784001721187, -0.1786953354181141, -0.24582280505826035, -0.5576923076923078, -0.34702368895773594, 2.041350334592263, 0.13428130689876144, -0.5576923076923073, 1.7911757997572109]}