{"from": [0, 0, 0, 1, 2, 2, 2, 2, 3, 3, 4, 4, 5, 6, 6, 7, 7, 8, 8, 8, 9, 9, 10, 10, 10, 10, 11, 11, 11, 11, 11, 11, 12, 12, 12, 12, 13, 13, 13, 13, 14, 14, 14, 15, 15, 15, 15, 15, 15, 16, 16, 16, 16, 17, 17, 17, 18, 18, 18, 18, 18, 18, 18, 19, 19, 19, 19, 19, 19, 19, 19, 20, 20, 20, 21, 21, 21, 21, 21, 21, 21, 22, 22, 22, 22, 22, 22, 22, 22, 23, 23, 23, 23, 23, 23, 24, 24, 24], "to": [1, 2, 4, 25, 1, 4, 9, 25, 5, 25, 5, 25, 25, 1, 25, 1, 13, 5, 9, 25, 5, 25, 5, 9, 13, 25, 5, 8, 9, 10, 16, 23, 8, 9, 13, 25, 1, 3, 16, 25, 5, 12, 23, 3, 8, 12, 14, 18, 24, 5, 8, 9, 25, 9, 14, 23, 1, 5, 9, 13, 20, 23, 24, 5, 8, 9, 16, 18, 20, 23, 24, 1, 8, 24, 8, 9, 13, 18, 20, 23, 24, 1, 5, 8, 14, 18, 20, 23, 24, 5, 8, 9, 13, 20, 24, 1, 8, 25], "influence_y": [[1, 2, 3, 4, 5, 6, 8, 9, 10, 12, 13, 16, 24]], "weights": [0.7515998570285989, -0.7756325130265449, -0.3951789218608033, 1.7647659931855328, -0.1398763902408134, -0.536250585944898, -0.02495488108149798, 1.242926922785606, 0.3562652215829439, 1.2041774694241667, -0.06732658763305056, 0.3541474557398099, 1.975505236793651, -0.17415878915992877, 0.9443355049294678, 0.382784422713626, -0.3272456829929923, 0.3187830666738012, -0.17210611263982967, 1.9337065466873393, -1.3003651943859313, 0.7707470943081005, -0.9882161855455661, -0.6869338611456697, -0.10053344105365641, 2.1501966465079603, -0.6047668652350865, 0.17405560959720953, -0.6148019457386349, -0.35766423357664245, 0.1616023913561197, -0.09448891283164515, -0.18558560098147797, 0.09195081431642149, -0.1276078243512103, 0.9644964407372631, 0.05782646244696106, -1.6463460817987638, 0.14614716130899122, 1.6473726682987238, 0.21696895591757187, 0.21164411644116427, -0.0859720435526661, -0.3864804323118232, 0.19691555226846794, -0.32148421484214845, -0.27947432885576967, 0.16214686201710737, -0.2501070280872355, 0.19043353955228623, 0.08799881607377608, -0.12605008494780007, 1.6824630397419285, -0.11510196108441911, -0.15884771201073264, -0.3355123834920922, 0.17370872575377005, -0.25708561625464127, 0.15272347030302885, -0.17351681853342918, -0.33333333333333415, -0.22804918065993723, -0.4903750102998634, 0.2487002248199468, -0.20983206634584997, 0.13705469984904128, -0.24382811364170087, -0.19648441512806394, -0.3333333333333335, -0.23664171606617404, -0.49762448937485565, 0.2119715815382556, 0.1349801177727166, -0.49678801102004916, -0.32563137996212055, 0.20653278907823547, -0.2837296757739977, -0.1928691004788525, -0.33333333333333387, -0.23943028130875377, -0.5032010117402342, -0.19468711888469184, -0.3279416061060811, -0.2508975183719077, 0.147953519146184, -0.19722952265942575, -0.33333333333333326, -0.23093068233083816, -0.4964751817166252, -0.3353958948118413, -0.11212749443813662, 0.2273756160059205, -0.16742194666947108, -0.33333333333333304, -0.5050871884226421, -0.14116279712989674, 0.21614921347179664, 0.6219855520314251]}