{"from": [0, 0, 0, 1, 1, 2, 2, 2, 2, 3, 3, 3, 5, 5, 6, 6, 6, 7, 7, 7, 7, 7, 7, 8, 8, 9, 9, 9, 9, 10, 10, 10, 10, 11, 11, 11, 11, 12, 12, 12, 12, 13, 13, 13, 14, 14, 14, 14, 14, 14, 15, 15, 15, 15, 15, 15, 16, 16, 17, 17, 17, 17, 18, 18, 18, 18, 18, 18, 18, 19, 19, 19, 19, 19, 19, 20, 20, 21, 21, 21, 21, 21, 21, 21, 21, 21, 22, 22, 22, 22, 22, 22, 22, 22, 22, 22, 23, 23, 23, 23, 23, 23, 23, 23, 23, 24, 24, 24, 24], "to": [1, 4, 25, 5, 25, 0, 1, 4, 25, 5, 13, 25, 4, 25, 1, 4, 25, 1, 3, 9, 13, 16, 25, 5, 25, 3, 5, 8, 16, 3, 5, 8, 9, 5, 8, 9, 10, 3, 8, 9, 25, 8, 16, 25, 5, 9, 12, 19, 24, 25, 8, 12, 13, 14, 18, 24, 5, 25, 3, 9, 14, 23, 3, 5, 9, 12, 20, 24, 25, 8, 9, 16, 18, 20, 24, 1, 8, 3, 5, 8, 9, 18, 19, 20, 23, 24, 1, 5, 8, 9, 18, 19, 20, 23, 24, 25, 0, 3, 5, 9, 11, 18, 19, 20, 24, 1, 8, 9, 20], "influence_y": [[0, 1, 2, 3, 5, 6, 7, 8, 12, 13, 14, 16, 18, 22]], "weights": [0.7450550586660732, -0.49907078705653607, 1.2196521857783487, -0.06940099337099373, 2.0138182144345884, -0.772472210697554, -0.154153303240764, -0.6428909963884288, 1.9357557773011225, 0.35594361666793367, -0.40389845872507935, 1.724483632969695, -0.1102959818542521, 1.4687563575319453, -0.23251150960800865, 0.22744466196192561, 2.1759505449685173, 0.2986641255907046, 0.4263382893942468, -0.10007062977496373, -0.14176095490993335, 0.25115963912664746, 1.562874088069423, 0.34058410669020633, 2.402383024704638, 0.22151379044860645, -1.13491854629974, -0.48175098029949043, -0.32148510814557807, 0.19151096910744142, -0.9202759900077195, -0.3450896234262517, -0.7312683894578849, -0.5159652137223634, -0.1679791335358817, -0.6830180564041733, -0.36228287841191065, 0.3176768092882122, -0.10768272842514656, 0.1115114852842492, 0.4545186007565849, -0.08503595866090082, 0.15371511726865306, 1.5516873391547132, 0.17038904307804154, -0.10625782548688861, 0.19437716886818973, -0.08960404572478362, -0.09407699031943373, 0.8233369990083937, 0.2654683770820662, -0.29334164041372907, -0.17298218063725435, -0.2235526594368252, 0.1635371721697314, -0.3249886297052046, 0.20229007175272576, 0.632561658586516, -0.6435529136211787, -0.15024465097505407, -0.22766943470794435, -0.25792235080192427, 0.23897633009130748, -0.2942356765079758, 0.18911305110389798, 0.12891185344749245, -0.536423841059603, -0.31820831085023094, 1.6131208250007605, -0.21169156871461, 0.21303975578007628, -0.18572865821053292, -0.24663950734024664, -0.5364238410596028, -0.33792948622679964, 0.1541975721472288, 0.09749288955861563, 0.6011031958736525, -0.36894149322152614, -0.26314204176974576, 0.29968033490986234, -0.24584717607973416, -0.19975021304363846, -0.5364238410596021, -0.1525900523443222, -0.33947365691648296, -0.25619544746261635, -0.46863855877830773, -0.18408713438348434, 0.20198487676954668, -0.24926029535578703, -0.1853238013884854, -0.5364238410596028, -0.15981864536023757, -0.31754438474836744, 1.850477996191867, -0.2682137425111676, 0.29332655365558785, -0.5229575891805521, 0.29967177531381484, -0.179217840982547, -0.24864363935213069, -0.19941312532032326, -0.5364238410596025, -0.33356248100034885, -0.17404817408716827, 0.2312319218666186, 0.09629869647174727, -0.5364238410596027]}