{"from": [0, 0, 0, 0, 1, 2, 2, 3, 3, 4, 4, 5, 6, 6, 6, 7, 7, 7, 7, 8, 8, 8, 9, 9, 10, 10, 10, 10, 11, 11, 11, 11, 11, 12, 12, 12, 12, 12, 13, 13, 13, 14, 14, 14, 14, 15, 15, 15, 15, 15, 16, 16, 16, 16, 17, 17, 18, 18, 18, 18, 18, 19, 19, 19, 19, 19, 19, 19, 20, 20, 20, 20, 21, 21, 21, 21, 21, 21, 21, 21, 21, 21, 22, 22, 22, 22, 22, 22, 22, 22, 22, 22, 23, 23, 23, 23, 23, 23, 23, 23, 23, 23, 23, 24, 24, 24], "to": [1, 2, 4, 25, 25, 1, 4, 5, 25, 5, 25, 25, 1, 4, 25, 1, 13, 16, 25, 5, 9, 25, 5, 25, 5, 9, 13, 16, 5, 8, 9, 10, 16, 3, 8, 9, 16, 25, 3, 16, 25, 5, 12, 16, 25, 3, 12, 14, 20, 24, 5, 8, 9, 25, 23, 25, 1, 5, 13, 20, 24, 8, 13, 16, 18, 20, 24, 25, 1, 13, 16, 24, 3, 5, 8, 13, 16, 18, 19, 20, 23, 24, 1, 5, 8, 16, 18, 19, 20, 23, 24, 25, 5, 8, 9, 11, 13, 16, 18, 19, 20, 24, 25, 8, 16, 25], "influence_y": [[0, 1, 3, 4, 5, 6, 7, 8, 9, 12, 13, 14, 16, 17, 19, 22, 23, 24]], "weights": [0.7448453421877403, -0.7373798109322799, -0.4009932728860718, 0.9045964022616372, 1.4453066389655058, -0.1403686372057904, -0.5535152199958717, 0.35066168122571284, 2.1698120721190057, -0.08242637985234169, 0.2606994253374548, 1.4563389136330729, -0.1765598024351206, 0.22817895851055164, 1.3249622020111291, 0.27360303314527057, -0.25345488548860484, 0.15474026010058445, 1.1461285811263926, 0.2986482128331931, -0.23603170850707944, 1.8267871608319555, -1.2530080798262262, 0.9519983932623908, -1.0184638911674837, -0.6785460340201127, -0.09453172644044942, 0.17958742231937985, -0.5644153178223192, 0.13047477071496993, -0.602298711840048, -0.34855769230769246, 0.26288285426990476, 0.15788685113332418, -0.1478584684689593, 0.07352473620675011, -0.14506802317918197, 1.0376260388907448, -1.5964255632045132, 0.11084411069769548, 1.823599499878018, 0.24839382356315487, 0.19597659191639322, 0.172237684613061, 1.606120544240754, -0.29972922570548954, -0.24001046235563972, -0.2299038287062241, 0.17131399546067486, -0.19880194886917754, 0.20381800181820425, 0.1412017026402804, -0.1339814253802163, 1.388583864689033, -0.30378555973623056, 1.8858312235558476, 0.23452217178365373, -0.3162215000693838, -0.19763621567556988, -0.3611317031397826, -0.5595710889775799, -0.2737181393866839, -0.15233492446950986, -0.23959196061044385, -0.24840764331210263, -0.3562370175551918, -0.5652511446595567, -0.9111885528550724, 0.30819353388243964, 0.14540362531449738, 0.08180449747603066, -0.5619662931808238, 0.30763955887661926, -0.331184227363734, -0.45008318231112104, -0.24337667161582596, -0.29667656769623096, -0.24840764331210208, -0.1822916666666673, -0.34995905126191246, -0.13944858070522467, -0.572536433469049, -0.20508949838059448, -0.43876337836123946, -0.39803825362704853, -0.16987071405337373, -0.24840764331210216, -0.18229166666666724, -0.3559403699440048, -0.15385738195753607, -0.5655953904584647, -0.9655600892292427, -0.43418893207553844, -0.20203237129371263, 0.14289450980608254, -0.1746220302375811, -0.14872521716111728, -0.1305875202518724, -0.24840764331210186, -0.1822916666666671, -0.35256600336674926, -0.5695111864210389, 0.7125694841932062, 0.13527995257226977, 0.0798032992778488, 0.6168101689282361]}