{"from": [0, 0, 0, 0, 1, 2, 2, 2, 2, 3, 3, 3, 4, 5, 6, 6, 6, 7, 7, 7, 7, 8, 8, 8, 9, 9, 10, 10, 10, 10, 10, 11, 11, 11, 11, 11, 11, 12, 12, 12, 12, 12, 13, 13, 13, 13, 14, 14, 14, 14, 14, 14, 15, 15, 15, 15, 15, 16, 16, 16, 16, 17, 17, 18, 18, 18, 18, 18, 18, 18, 19, 19, 19, 19, 19, 19, 19, 20, 20, 20, 21, 21, 21, 21, 21, 21, 21, 21, 21, 22, 22, 22, 22, 22, 22, 22, 22, 23, 23, 23, 23, 23, 23, 23, 23, 24, 24, 24], "to": [1, 2, 4, 25, 25, 1, 4, 8, 25, 5, 9, 25, 25, 25, 1, 23, 25, 1, 13, 16, 25, 5, 9, 25, 5, 25, 5, 9, 13, 16, 25, 5, 8, 9, 10, 16, 23, 3, 8, 9, 16, 25, 3, 8, 16, 25, 5, 12, 16, 19, 23, 25, 8, 12, 14, 20, 24, 5, 8, 9, 25, 8, 23, 8, 9, 12, 19, 20, 23, 24, 5, 8, 9, 16, 20, 23, 24, 1, 13, 24, 3, 8, 9, 13, 16, 19, 20, 23, 24, 1, 8, 14, 16, 19, 20, 23, 24, 1, 5, 8, 9, 13, 16, 20, 24, 1, 8, 25], "influence_y": [[0, 1, 2, 3, 4, 5, 6, 7, 8, 9, 10, 12, 13, 14, 16, 24]], "weights": [0.7399322071263661, -0.7615462151055142, -0.402428009642655, 1.6963783176991691, 1.9500068334582472, -0.13517074487921338, -0.5722938050848042, 0.041675052926050234, 2.1074051133521814, 0.3469506431982523, 0.018231992680794104, 1.9300593173988694, 0.4630991110768171, 0.5445388074877816, -0.18456890283753435, 0.050384230091335774, 3.0344375625914224, 0.24309182459127665, -0.24628389405315732, 0.16947939658144232, 1.8767065839660422, 0.3128012196457303, -0.2107417441299318, 1.65068759889145, -1.548554372402459, 2.8583373847379305, -1.1687075084639922, -0.6856202431949255, -0.11806604075832337, 0.12312271015271806, 1.8784929138084698, -0.7503615350343812, 0.10992717719107128, -0.5927390377377775, -0.33906633906633915, 0.2902773445222626, -0.12202557541349515, 0.2016142124011746, -0.13599780523081118, 0.08156346822341674, -0.11881999701136561, 2.5332127793047783, -1.5819575822854068, -0.08548541337941237, 0.11732087189602351, 2.4855909752728524, 0.2498943989067166, 0.21100609772905005, 0.1610311735821794, -0.07868116161112387, -0.08660198840435447, 1.0429150790931996, 0.33038802307559806, -0.285735029473449, -0.2545907251789605, 0.17718660814734427, -0.21320340398784327, 0.20119203995959312, 0.13841502540334988, -0.11823200096986633, 3.2899949558580404, 0.28406295582349445, -0.2865293247530815, -0.1651929939804193, 0.11623108283398202, 0.1471584861388811, -0.19117585081374194, -0.358164871832227, -0.24258717792817186, -0.5502808050820673, 0.42806681817804454, -0.2959493444693189, 0.09385807193833341, -0.27181130989864694, -0.35317369977173885, -0.25428413966656466, -0.5562865347718651, 0.17056685869552035, 0.22316757781227398, -0.5529795823477364, 0.28219597073908576, -0.41384815335058817, 0.19587086209120605, -0.15011297488860423, -0.29482171857856637, -0.19475098767406882, -0.34992363424397854, -0.2563881888497231, -0.5601972424768502, -0.2251953097321343, -0.37295471792648477, 0.12945229771495181, -0.22193481641683022, -0.18194242648155995, -0.3581648718322268, -0.2519744907326482, -0.5502808050820659, -0.14660581486715807, -0.25014502675041916, -0.2504816267326059, 0.20312869548962142, -0.10771452946995098, -0.16822768755443468, -0.3485872173377757, -0.5618053134057337, -0.19671129006923296, 0.06522253790687196, 1.5486266934523703]}