{"from": [0, 0, 0, 1, 2, 2, 2, 2, 2, 3, 3, 3, 4, 5, 6, 6, 7, 7, 7, 8, 8, 8, 9, 10, 10, 10, 11, 11, 11, 11, 11, 11, 12, 12, 12, 12, 12, 13, 13, 13, 14, 14, 14, 14, 14, 14, 15, 15, 15, 15, 15, 15, 15, 15, 16, 16, 16, 16, 17, 17, 17, 18, 18, 18, 18, 18, 18, 18, 19, 19, 19, 19, 19, 19, 19, 19, 19, 19, 20, 20, 21, 21, 21, 21, 21, 21, 21, 21, 21, 21, 21, 21, 22, 22, 22, 22, 22, 22, 22, 22, 22, 23, 23, 23, 23, 23, 23, 24, 24, 24], "to": [1, 4, 25, 25, 0, 1, 4, 8, 25, 5, 8, 25, 25, 25, 1, 25, 1, 13, 16, 5, 9, 25, 5, 5, 9, 16, 5, 8, 9, 10, 16, 23, 8, 9, 16, 20, 25, 3, 16, 25, 5, 9, 12, 16, 20, 23, 3, 8, 12, 14, 16, 23, 24, 25, 5, 8, 9, 25, 5, 10, 23, 5, 8, 13, 20, 23, 24, 25, 8, 10, 13, 14, 16, 18, 20, 23, 24, 25, 1, 16, 3, 5, 8, 9, 13, 16, 18, 19, 20, 23, 24, 25, 1, 5, 8, 16, 18, 19, 20, 23, 24, 5, 8, 9, 13, 20, 24, 16, 20, 25], "influence_y": [[0, 1, 2, 3, 4, 5, 6, 8, 12, 13, 15, 16, 18, 19, 21, 24]], "weights": [0.7154491874629628, -0.4364864276026132, 1.888403272830624, 1.7659968909908959, -0.7695086475419696, -0.18255875774934416, -0.5297302277258505, 0.04607039613676886, 2.3507905947364716, 0.3700744283889304, 0.05753977790872089, 2.074838187354791, 1.0144339287392448, 1.4179414187008599, -0.15664206610058246, 1.0115090359387233, 0.23292516898668975, -0.2630746975808517, 0.19454918949897657, 0.2911862567387822, -0.20118367461208744, 0.42672096831706796, -1.3015202295407575, -1.1306232888868548, -0.6949048923843907, 0.11115363803611551, -0.669576398683719, 0.1645020190154584, -0.6099551960122431, -0.36674075295139646, 0.22035547771886188, -0.12102943933783852, -0.16641120457450342, 0.11290821661363074, -0.09253198450516166, -0.0675647021470401, 1.1996496127754561, -1.6133827138863999, 0.12403894539973134, 1.6562148741169411, 0.1920327456444413, -0.09379481180560972, 0.17618708273947972, 0.18742355765548743, 0.07149568370142051, -0.11833663856335848, -0.46997370343027906, 0.18594378586823382, -0.35344310254294525, -0.2601704422444841, 0.18502604718291463, 0.1274440005577543, -0.3583787335996776, 2.1079365549240423, 0.26718939142318066, 0.11397635648665741, -0.1425175474232407, 0.8040695650081764, 0.3059868725412737, 0.30938107301012724, -0.24675402670907748, -0.32730648607526114, -0.19386310216575403, -0.20851830846751326, -0.5440468000692491, -0.23546672274899494, -0.32606093189789365, 1.2485246420644966, -0.38211243258132815, -0.14581821797440825, -0.15030530869105996, -0.1318795226567472, -0.17910645235809963, -0.1820652173913049, -0.5417603697217754, -0.24524866902098008, -0.3363003242864555, -1.1876273467081822, 0.23567568049948, 0.1163348731694543, 0.3357813041998723, -0.38299716301952824, -0.48635039605481667, 0.11336492063579523, -0.24504258298934084, -0.18299588211026177, -0.18206521739130443, -0.15981735159817378, -0.5497255040444962, -0.24848144165767536, -0.34235087433424194, 1.1529399374370581, -0.23404156616742258, -0.3572766691913915, -0.43361647501169276, -0.13787996033811495, -0.18206521739130357, -0.15981735159817304, -0.559084316830946, -0.2331420797689374, -0.3260609318978931, -0.489750979958129, -0.31708195764189145, 0.14217762251715593, -0.29448310871026306, -0.5487315765994988, -0.3314909127100096, 0.1097197931502269, -0.551524862392085, 1.436009208209267]}