{"from": [0, 1, 2, 2, 2, 3, 3, 3, 4, 4, 4, 4, 5, 6, 6, 6, 6, 6, 7, 7, 7, 7, 7, 8, 8, 9, 10, 10, 10, 10, 11, 11, 11, 11, 11, 11, 11, 11, 12, 12, 12, 12, 12, 14, 14, 14, 14, 14, 15, 15, 15, 15, 15, 16, 16, 16, 16, 16, 17, 17, 17, 17, 18, 18, 18, 18, 18, 18, 18, 18, 18, 19, 19, 19, 19, 19, 19, 19, 19, 19, 19, 20, 20, 21, 21, 21, 21, 21, 21, 21, 21, 21, 21, 21, 21, 22, 22, 22, 22, 22, 22, 22, 22, 22, 22, 23, 23, 23, 23, 23, 23, 23, 23, 23, 23, 23, 24], "to": [1, 25, 0, 1, 4, 5, 13, 25, 0, 5, 8, 25, 25, 0, 1, 3, 4, 25, 1, 3, 5, 9, 25, 5, 9, 5, 3, 5, 9, 25, 3, 5, 8, 9, 10, 12, 16, 25, 3, 8, 9, 20, 25, 5, 9, 12, 16, 19, 8, 12, 14, 18, 24, 3, 5, 8, 9, 25, 3, 5, 9, 23, 1, 3, 5, 8, 9, 12, 20, 24, 25, 0, 3, 5, 8, 9, 16, 18, 20, 24, 25, 1, 24, 0, 3, 5, 8, 9, 11, 16, 18, 19, 20, 23, 24, 0, 1, 5, 8, 9, 18, 19, 20, 23, 24, 1, 3, 5, 8, 9, 11, 18, 19, 20, 24, 25, 9], "influence_y": [[1, 3, 4, 5, 6, 7, 10, 11, 12, 16, 18, 19, 23]], "weights": [0.7456569114085447, 1.184689192333461, -0.8152661734983784, -0.12659453147188934, -0.26700893940976955, 0.38239014766617, -0.40183401324720724, 0.7906953127667751, -0.15428359087431465, -0.102982779056509, -0.05496626217783401, 0.3270811511029871, 1.605083170376847, -0.14792102817995398, -0.14961227839817615, -0.17054422065094402, 0.20872460875268087, 1.2609044923157346, 0.32329560260721557, 0.6478908250765258, -0.18075808785117606, -0.06590998353375609, 2.0404119014742985, 0.2914631810388747, -0.18782127933404724, -1.3548917311322837, 0.31050320750727384, -1.1799481339140594, -0.681458289100482, 1.100299789424237, 0.2934189311430869, -0.6666896823742777, 0.20071599843896215, -0.5675341964574953, -0.33414043583535075, -0.1390403883547287, 0.2101794152420468, 0.8123483092430205, 0.3190333957955356, -0.1835682925299925, 0.10372146278412755, -0.07978798740113242, 0.7213294655062297, 0.3115797964266937, -0.06413414541220666, 0.23764750581442662, 0.1527912971714663, -0.11083981694707917, 0.20490596212832732, -0.26710563489251116, -0.25930434782608697, 0.1811632305161429, -0.2343240106336202, -0.255836151714735, 0.24990973679233364, 0.1060605848855243, -0.09886478305796617, 0.6942477035977002, -0.653918600007829, 0.30443362602382457, -0.16968036302457382, -0.2959017974354347, 0.18174967710721462, 0.3266408193101131, -0.22153249379817366, -0.15152552842585518, 0.16864542719217104, 0.16787287247064178, -0.32427161746463967, -0.5488573661463884, 1.8965150747078516, 0.20930738476964833, 0.436718968433516, 0.22991241381621563, -0.2564366775016107, 0.17232698317265127, -0.28091815128341213, -0.24035106379466079, -0.33766597766845324, -0.5522533663004987, -1.7234133624120491, 0.23314082013148138, -0.5577557462970315, -0.30735874615718084, 0.7064108163871858, -0.3681098228567915, -0.37128038280852693, 0.2758151629889365, -0.17563309604387775, -0.30419370995919864, -0.23413938710322682, -0.1905569386241886, -0.34443484192305573, -0.15052762006951986, -0.5602878056894922, -0.21619050692784553, -0.19945453747367073, -0.3145041280528009, -0.36096807890679006, 0.1617415984100078, -0.23844753709720806, -0.17095721489574173, -0.33601818227647284, -0.15828602085593635, -0.5547154664122282, -0.11254060349701014, 0.49745346868665347, -0.4955798585360307, -0.2689206588670982, 0.27420526820445484, -0.2019288277511959, -0.23731526690648203, -0.1865440641539247, -0.3357688448158444, -0.5561799914786889, -1.0073508217176037, 0.10418579711145018]}