{"from": [0, 0, 1, 2, 2, 2, 2, 3, 4, 4, 5, 5, 5, 6, 6, 6, 6, 7, 7, 7, 8, 8, 8, 8, 9, 9, 9, 10, 10, 10, 10, 10, 11, 11, 11, 11, 11, 12, 12, 12, 12, 12, 13, 13, 13, 13, 13, 14, 14, 14, 14, 14, 15, 15, 15, 15, 16, 16, 16, 16, 17, 17, 17, 17, 18, 18, 18, 19, 19, 19, 19, 19, 19, 19, 19, 20, 20, 21, 21, 21, 21, 21, 21, 21, 21, 21, 21, 21, 21, 22, 22, 22, 22, 22, 22, 22, 22, 23, 23, 23, 23, 23, 23, 23, 23, 23, 23, 24, 24, 24], "to": [1, 25, 25, 0, 1, 4, 25, 25, 0, 25, 3, 4, 25, 1, 4, 13, 25, 1, 13, 25, 5, 9, 20, 25, 3, 5, 25, 5, 9, 13, 16, 25, 5, 8, 9, 10, 16, 3, 8, 9, 16, 25, 3, 5, 16, 18, 25, 12, 16, 18, 19, 25, 8, 12, 24, 25, 5, 8, 9, 25, 13, 19, 23, 25, 9, 20, 25, 0, 8, 9, 16, 18, 20, 24, 25, 1, 25, 3, 5, 8, 9, 13, 16, 18, 19, 20, 23, 24, 25, 1, 5, 8, 18, 19, 20, 23, 24, 5, 8, 9, 11, 13, 18, 19, 20, 24, 25, 18, 20, 25], "influence_y": [[0, 1, 2, 3, 4, 5, 6, 7, 8, 9, 10, 12, 13, 14, 15, 16, 17, 18, 19, 20, 21, 23, 24]], "weights": [0.7166527507702557, 1.4400923909252956, 0.47888972750585995, -0.8023109545691945, -0.14531753488849114, -0.23435372446573927, 2.9966832343306047, 0.9684412015012701, -0.22914127689283995, 1.1672148941600788, 0.11018344936707146, -0.11888310250898924, 1.8001180504875913, -0.217811071407626, 0.2683522990030047, 0.10238885728501794, 1.985413465158598, 0.30852860417456585, -0.3437657321022925, 1.7300174021727295, 0.31396461755102634, -0.19450676047898194, 0.06618506708675576, 0.6582119169788561, 0.10429550898620311, -1.2303523498233684, 1.640391061660776, -1.0139645369075438, -0.6867001444859122, -0.14271697116686138, 0.1482298113200112, 0.6309997058364778, -0.594191450347361, 0.17634989377530041, -0.5952122631726975, -0.3567839195979902, 0.2584934138478358, 0.18324243443138555, -0.15256074150142876, 0.0759582426361111, -0.13450420176850056, 1.1776938283297012, -1.5513642053054948, -0.6267920296090307, 0.12749218895021183, -0.12163705899181346, 1.6061725115458483, 0.16907732404409867, 0.19394990306997478, -0.1074753776867377, -0.08316227149802016, 1.1852637035877203, 0.2201177499156834, -0.3861500791982988, -0.3484385613922216, 0.9665715737700823, 0.18020723402569533, 0.10588325490408272, -0.1280244605968855, 2.4432212081968436, 0.3161627054691654, -0.19780349951359957, -0.23487343558859564, 2.362553558644348, 0.11946290533757001, -0.5245485214098692, 0.9539709930498816, 0.23869612587116143, -0.3328541023261445, 0.11047838797377199, -0.2172727865220717, -0.34972695572634127, -0.5055348288915245, -0.23476865215318926, 1.006958727599559, 0.23458943057710718, 1.2186137138009423, 0.3423480986229103, -0.3488863025966865, -0.37523100724494407, 0.16298008848276246, -0.16804963111615304, -0.24825916063497955, -0.362456392866512, -0.19942157143172684, -0.5027771177629095, -0.14893239347459697, -0.24400755340222588, 1.4808308440394486, -0.23414200554742487, -0.3229823028244081, -0.31081945591556215, -0.32755346850513584, -0.18434441747118352, -0.509989593022363, -0.14961675663190738, -0.2291847008488269, -0.47590773540394726, -0.2103351683015918, 0.209119043205137, -0.1694847821762481, -0.1585818510102281, -0.3558354481483381, -0.2055010304931596, -0.512303756207215, -0.23608849518876632, -0.6365574366857656, -0.33855462839162304, -0.5335058989103314, 2.0576011647186805]}