{"from": [0, 0, 0, 1, 2, 2, 2, 2, 3, 3, 5, 6, 6, 6, 7, 7, 7, 7, 7, 8, 8, 8, 9, 10, 10, 10, 11, 11, 11, 11, 11, 11, 12, 12, 12, 12, 12, 13, 13, 13, 13, 14, 14, 14, 15, 15, 15, 15, 16, 16, 16, 16, 17, 17, 18, 18, 18, 18, 18, 18, 19, 19, 19, 19, 19, 19, 20, 20, 21, 21, 21, 21, 21, 21, 21, 21, 21, 22, 22, 22, 22, 22, 22, 22, 22, 23, 23, 23, 23, 23, 23, 23, 23, 23, 23, 24, 24, 24], "to": [1, 4, 25, 25, 0, 1, 4, 25, 5, 25, 25, 1, 4, 25, 1, 13, 14, 16, 25, 5, 9, 25, 5, 5, 9, 16, 5, 8, 9, 10, 16, 25, 3, 8, 9, 16, 25, 3, 16, 24, 25, 5, 12, 16, 12, 14, 16, 24, 5, 8, 9, 25, 13, 23, 9, 13, 19, 20, 23, 24, 5, 8, 13, 16, 20, 24, 1, 25, 3, 8, 9, 13, 16, 19, 20, 23, 24, 1, 8, 14, 16, 19, 20, 23, 24, 5, 8, 9, 11, 13, 16, 19, 20, 24, 25, 8, 20, 25], "influence_y": [[0, 1, 2, 3, 5, 6, 7, 8, 11, 12, 13, 16, 20, 23, 24]], "weights": [0.743728805742575, -0.4226151006344418, 0.6726549683604046, 2.646213533568015, -0.7548150907116857, -0.12971004457581287, -0.5664259025174505, 0.5252318566352199, 0.32345697175244426, 1.7647956791546267, 1.3480632776893637, -0.16216258988061216, 0.24444771689424166, 2.975726599859037, 0.24259197679508826, -0.23455284245946548, -0.09676772416492203, 0.1888431567725441, 1.3056969658014248, 0.3422593282965831, -0.21680922032983366, 0.8409894157620298, -1.2789408115415593, -1.048051807562249, -0.6899289654846198, 0.14057767140609395, -0.583024240621127, 0.15770996959337427, -0.5835650815887968, -0.34577114427860695, 0.17988471245507123, 2.0207612338431296, 0.18993373862683144, -0.17973286675380004, 0.11114251133161404, -0.10870750024117137, 1.6854360336914933, -1.6268188726911497, 0.10664824022825119, -0.06735233074629893, 2.6166809537834843, 0.19106420597665003, 0.21122500198134908, 0.23782598569275604, -0.44357778775790535, -0.23078873616057968, 0.231747530664532, -0.33557735707594116, 0.22857183595203256, 0.08922481496644515, -0.10626524499940823, 0.7286673578152456, 0.25691004824636, -0.35247412891455, 0.10849957497551893, -0.1726699598021839, -0.213836477987422, -0.5508982035928147, -0.15894453208318754, -0.32967425753931606, 0.3126171167805945, -0.2713853577302362, -0.18895925646797462, -0.23909637869130634, -0.5508982035928149, -0.3350425516831022, 0.23674183210788102, -0.8778877622724185, 0.2807156566068542, -0.3883718220375765, 0.1526708345905305, -0.2939219308182781, -0.23329140170624557, -0.21383647798742145, -0.5508982035928154, -0.15576247397493087, -0.35083292907229663, -0.23650425642677714, -0.28221969964273436, 0.1858047623023751, -0.16029910833050875, -0.21383647798742106, -0.5508982035928138, -0.17814178374728318, -0.3346016412835947, -0.2901803047859007, -0.20457955278258602, 0.22078016969180653, -0.1876729827549499, -0.233213094682969, -0.15478560839826677, -0.21383647798742142, -0.5508982035928145, -0.3516124841642304, 1.5639722729205556, 0.13233904092202203, -0.5508982035928153, 2.1532984903650414]}