{"from": [0, 0, 0, 0, 0, 1, 2, 2, 3, 3, 4, 5, 6, 6, 7, 7, 7, 8, 8, 9, 10, 10, 10, 11, 11, 11, 11, 11, 11, 12, 12, 12, 12, 12, 13, 13, 13, 14, 14, 14, 14, 14, 14, 14, 15, 15, 16, 16, 16, 16, 17, 17, 18, 18, 18, 18, 18, 18, 18, 19, 19, 19, 19, 19, 19, 19, 20, 20, 20, 21, 21, 21, 21, 21, 21, 21, 21, 22, 22, 22, 22, 22, 22, 22, 22, 23, 23, 23, 23, 23, 23, 23, 23, 23, 24, 24], "to": [1, 2, 4, 5, 25, 25, 1, 4, 5, 25, 25, 25, 1, 4, 1, 16, 25, 5, 9, 5, 5, 9, 16, 5, 8, 9, 10, 16, 25, 3, 8, 9, 16, 25, 3, 16, 25, 5, 12, 16, 19, 20, 23, 25, 12, 24, 5, 8, 9, 25, 5, 23, 1, 5, 19, 20, 23, 24, 25, 5, 8, 9, 16, 20, 24, 25, 1, 16, 24, 5, 8, 9, 16, 19, 20, 23, 24, 2, 5, 8, 16, 19, 20, 23, 24, 5, 8, 9, 11, 16, 19, 20, 24, 25, 8, 16], "influence_y": [[0, 1, 3, 4, 5, 7, 11, 12, 13, 14, 16, 18, 19, 23]], "weights": [0.7608435840051773, -0.7796989210397176, -0.4037962185849972, -0.06483796239002902, 0.5419344655688576, 0.9543659918576024, -0.14391120708082134, -0.5553049314213262, 0.39140385500085706, 1.6325873275152283, 1.5294622454770095, 2.4958667188017754, -0.1700298505145098, 0.24232835848592732, 0.2576884842335189, 0.2170875590824104, 0.9547733094911057, 0.3042594581005046, -0.1882140781496782, -1.3101581109730636, -1.0736583875317507, -0.6590478865098363, 0.15101388543777686, -0.6501697317062815, 0.14744899960261562, -0.5899511216028629, -0.35483870967741904, 0.22376028183336105, 1.2696485582379347, 0.17622041054379836, -0.21639987370243358, 0.11206824937041407, -0.09340261683824193, 1.4788402438519155, -1.607677981736035, 0.08626973303397253, 1.5561359383760802, 0.24091235372300632, 0.2563901493764941, 0.2059108593521045, -0.13082130221121757, 0.09835939534765481, -0.08052763798861584, 1.0268458783575811, -0.3557537483532341, -0.23901525324322007, 0.19540542476161882, 0.09332230700140887, -0.12421287221606808, 0.5725051476045633, 0.38686946215766443, -0.3205570176150393, 0.1925403034025424, -0.2554155002892289, -0.24434037076445808, -0.33326135812055013, -0.17111322433977735, -0.5234310771682669, 1.324837940995466, 0.20400612033899201, -0.24470290851433152, 0.11652274807916528, -0.22051864217835643, -0.32472764156644396, -0.5266179472115101, -0.5523053754956537, 0.3096166512929058, 0.09305669029576136, -0.5294820962377154, -0.3453839038267611, -0.38665970037591335, 0.17670360730652945, -0.26299334552289844, -0.2538519309937475, -0.32610998982538403, -0.18111692340895788, -0.5363508205868193, -0.3144489345121827, -0.27655201090070786, -0.2939284182806509, -0.17067364403631616, -0.23338202595358587, -0.34150050687835953, -0.17672430056162208, -0.5297209522536144, -0.46881037202068643, -0.24022320763582594, 0.20329178014691335, -0.14541047188106027, -0.08005183623045051, -0.25322798201658725, -0.3265791125376937, -0.5304609375577732, 1.4479562953630292, 0.17186673362996333, 0.1207631313717457]}