{"from": [0, 0, 0, 1, 2, 2, 2, 2, 2, 3, 3, 4, 5, 6, 6, 7, 7, 7, 7, 8, 8, 8, 9, 9, 10, 10, 10, 11, 11, 11, 11, 11, 11, 12, 12, 12, 13, 13, 14, 14, 14, 14, 14, 15, 15, 15, 15, 15, 16, 16, 16, 16, 17, 18, 18, 18, 18, 18, 18, 19, 19, 19, 19, 19, 19, 20, 20, 20, 21, 21, 21, 21, 21, 21, 21, 21, 21, 21, 22, 22, 22, 22, 22, 22, 22, 23, 23, 23, 23, 23, 23, 23, 24, 24, 24], "to": [1, 4, 25, 25, 0, 1, 4, 8, 25, 5, 25, 25, 25, 1, 25, 1, 13, 16, 25, 5, 9, 25, 5, 25, 5, 9, 16, 5, 8, 9, 10, 16, 25, 8, 20, 25, 3, 25, 11, 12, 16, 20, 25, 8, 12, 14, 18, 24, 5, 8, 9, 25, 23, 1, 8, 9, 20, 24, 25, 8, 16, 18, 20, 23, 24, 1, 24, 25, 3, 8, 9, 11, 16, 18, 19, 20, 23, 24, 1, 8, 18, 19, 20, 23, 24, 5, 8, 9, 11, 18, 20, 24, 1, 8, 25], "influence_y": [[0, 1, 2, 3, 4, 5, 6, 7, 8, 9, 11, 12, 13, 14, 16, 18, 20, 24]], "weights": [0.7711141821493966, -0.42776587607024497, 2.9685778823701967, 2.6895234647806308, -0.740285449461776, -0.1406177168149716, -0.5269324287454212, 0.04431311686081543, 1.1804379796021993, 0.348766209902657, 3.4289601912263845, 1.807010031781771, 2.8894124543968314, -0.13326756283581478, 0.6266227514998478, 0.22886768245696604, -0.31736893679568795, 0.17578438386980177, 1.1677707928339576, 0.38282239619394, -0.23832987215832518, 0.6863276238917966, -1.2412359443614895, 1.3705260500543461, -1.0021523684739673, -0.6485801998867569, 0.16596762235798623, -0.5777840571213805, 0.16656211659118692, -0.5478548224287523, -0.3439024390243905, 0.25329520929772853, 0.6860525840643469, -0.17635260853781015, -0.07161335423000992, 1.4879127984279015, -1.5963286528588712, 4.416637920146464, -0.14120282103383014, 0.18229325786689388, 0.17377311781657565, 0.100092769979309, 0.8437250840946106, 0.1895295456255658, -0.273005009494212, -0.3702594810379239, 0.1686396660458869, -0.2210756766701198, 0.24902679879779924, 0.16352102022629267, -0.15045435192434475, 1.2225438142467184, -0.33948959744736884, 0.13694214212096142, -0.17039580382285863, 0.09792978966027568, -0.3220693200891976, -0.5183683347094099, 1.2841851322418425, -0.29099606543018275, -0.19590334878380453, -0.2418041813830815, -0.3199847538218415, -0.18009654758346708, -0.5217179661741088, 0.15417770739772432, -0.5268712453505681, 1.9696396407747383, 0.3254175349208701, -0.3732435584171053, 0.174984787807069, -0.1636675089399271, -0.16570820587357818, -0.23702716844502275, -0.15137614678899108, -0.3291749904370159, -0.1720454108851106, -0.5279803206515886, -0.2292265831279544, -0.33877333635290474, -0.24024616525183684, -0.15137614678899036, -0.3420974487917009, -0.181225670413115, -0.5237604243842908, -0.3244546528713157, -0.21226397052669727, 0.23033809423711427, -0.22148681258428127, -0.2365759586362043, -0.320547097421271, -0.5285718274787997, -0.12349025172138223, 0.08089433412120416, 0.909364839929842]}