{"from": [0, 0, 0, 0, 0, 0, 2, 2, 2, 3, 4, 4, 5, 5, 6, 6, 7, 7, 7, 8, 8, 9, 9, 10, 10, 10, 10, 10, 10, 11, 11, 11, 11, 11, 12, 12, 12, 12, 13, 13, 13, 14, 14, 14, 14, 14, 14, 15, 15, 15, 15, 15, 16, 16, 16, 16, 17, 17, 17, 18, 18, 18, 18, 18, 19, 19, 19, 19, 19, 19, 19, 20, 20, 21, 21, 21, 21, 21, 21, 21, 21, 21, 22, 22, 22, 22, 22, 22, 23, 23, 23, 23, 23, 23, 23, 23, 23, 23, 23, 24, 24, 24], "to": [1, 2, 3, 4, 5, 25, 1, 4, 25, 25, 5, 25, 3, 25, 1, 25, 1, 13, 16, 5, 9, 3, 5, 3, 5, 9, 11, 12, 16, 3, 5, 8, 9, 16, 3, 8, 9, 25, 3, 5, 16, 9, 11, 12, 16, 19, 25, 3, 5, 8, 12, 24, 5, 8, 9, 25, 3, 9, 23, 9, 19, 20, 23, 24, 5, 8, 9, 16, 20, 24, 25, 1, 8, 3, 5, 8, 9, 16, 19, 20, 23, 24, 5, 8, 19, 20, 23, 24, 1, 5, 8, 9, 11, 13, 16, 19, 20, 24, 25, 8, 9, 20], "influence_y": [[0, 2, 3, 4, 5, 6, 12, 14, 16, 19, 23]], "weights": [0.7499836398133847, -0.7368500523339943, -0.03873095815212535, -0.5199937294665046, -0.05755239235865574, 1.5786834119506163, -0.11668861342053874, -0.6560108225392519, 1.7444503240573537, 0.767913555739688, -0.08435417467833373, 1.5605166479977994, 0.19321059726474532, 0.9067692512774495, -0.15914631388360995, 4.585741434678081, 0.28644786956053936, -0.3274499638671578, 0.20399714535393368, 0.3499821034070217, -0.2175138642226883, 0.4287712880584, -1.1839477585644305, 0.35653775808221677, -1.0124736388424564, -0.6693603893840517, -0.30935589004988046, 0.13416978394735127, 0.14066414481253728, 0.21736643162427396, -0.582098366809012, 0.17193754667136213, -0.5851083340154245, 0.1875012861324327, 0.1093298704310028, -0.1738498936769817, 0.10095476665317951, 2.1421395064639657, -1.48511381309052, -0.6319268263824064, 0.09578187048362391, -0.08648184490468971, -0.11592824865526156, 0.2585554557427441, 0.1594232818072786, -0.10900638554174068, 1.2344587038163939, -0.3396735824994044, -0.4048510027051931, 0.27506987040056546, -0.257441631689758, -0.3412598155667996, 0.249583386774907, 0.08784873199130372, -0.1304083942747089, 2.0332861079730704, -0.4386962815255043, -0.14879341542968916, -0.3053489783421163, 0.12882534266269083, -0.22981918804588092, -0.5414012738853503, -0.17032757309226906, -0.33013951202336766, 0.21966037694093674, -0.2256281557583376, 0.11585071852753731, -0.25145324454624446, -0.54140127388535, -0.3397524645745448, -1.451742645641735, 0.22762461443794613, 0.12207776526895968, 0.25173597194018105, -0.2771546035667038, -0.26421111057406255, 0.17285074199884165, -0.26426969600355327, -0.23650821624957905, -0.5414012738853503, -0.16870829820712152, -0.3557339981908776, -0.2879584184363316, -0.2295133176193651, -0.2174320987797742, -0.541401273885352, -0.1763420226656745, -0.33013951202336755, -0.15425466639380525, -0.3754943694643722, -0.13643329689343286, 0.2342825539944767, -0.1813088932469843, -0.20161498099098274, -0.1540098658738684, -0.23294454595302172, -0.5414012738853504, -0.3406398140408076, 1.348403173531388, 0.15120940260652221, 0.08397523229550255, -0.5414012738853506]}