{"from": [0, 0, 0, 1, 2, 2, 2, 2, 3, 3, 3, 3, 4, 4, 4, 5, 6, 6, 6, 7, 7, 7, 7, 8, 8, 9, 9, 9, 10, 10, 10, 10, 10, 11, 11, 11, 11, 11, 12, 12, 12, 12, 12, 13, 14, 14, 14, 14, 14, 14, 14, 15, 15, 15, 15, 15, 16, 16, 16, 17, 17, 17, 18, 18, 18, 18, 18, 18, 19, 19, 19, 19, 19, 19, 19, 19, 19, 20, 20, 20, 21, 21, 21, 21, 21, 21, 21, 21, 21, 21, 22, 22, 22, 22, 22, 22, 22, 22, 22, 22, 23, 23, 23, 23, 23, 23, 23, 23, 23, 23, 24, 24, 24], "to": [1, 4, 25, 25, 0, 1, 4, 25, 5, 13, 16, 25, 5, 8, 25, 25, 1, 3, 25, 1, 3, 16, 25, 5, 25, 5, 8, 25, 3, 5, 8, 9, 25, 5, 8, 9, 10, 16, 3, 8, 9, 20, 25, 25, 5, 9, 12, 16, 18, 20, 25, 8, 12, 18, 20, 24, 5, 9, 25, 3, 9, 23, 1, 3, 9, 20, 24, 25, 3, 8, 9, 16, 18, 20, 23, 24, 25, 1, 9, 24, 3, 8, 9, 16, 18, 19, 20, 23, 24, 25, 1, 5, 8, 9, 16, 18, 19, 20, 23, 24, 1, 3, 5, 9, 11, 16, 18, 20, 24, 25, 1, 8, 25], "influence_y": [[0, 1, 2, 3, 4, 5, 6, 7, 8, 9, 10, 12, 13, 14, 16, 18, 19, 21, 23, 24]], "weights": [0.7480278560946398, -0.44393504486537294, 0.5639493728829805, 0.36768080822658333, -0.7309801471156416, -0.11599586317030475, -0.5593123951307527, 0.6946440951977759, 0.3157661121170517, -0.3954290292335547, -0.06224690886045123, 1.9764319936851593, -0.08341165814587216, -0.04685766527181352, 0.6008621235209276, 2.8354386468462254, -0.14101472839894896, -0.14855539639145965, 1.3710166758071374, 0.23261157021732248, 0.4967773967567868, 0.24924628443279243, 3.037154478372249, 0.31608817438899395, 1.142064938879843, -1.2617084970069352, -0.5249970325467246, 1.8163521555260267, 0.2566068550811381, -1.072405396823155, -0.41137380117369976, -0.6921395106424457, 2.922058633198836, -0.6838118025617872, -0.14804050882188285, -0.6401472056110822, -0.3120393120393124, 0.15319832410066697, 0.3363064971008526, -0.09672988929815071, 0.1175470709013319, -0.06693438707291138, 2.803938407832397, 1.4563946533469898, 0.2612542070370947, -0.05434152554066429, 0.19706154612406154, 0.1282434645306059, -0.07181377530115979, 0.0985701239573668, 1.2921124284679015, 0.20027270322342208, -0.3824130272773454, 0.14972691509594455, 0.1812053079607966, -0.2378946597542331, 0.19483173205802023, -0.13518168190471672, 2.4367536232135887, -0.4820812279869812, -0.1367808132179658, -0.29252855568041425, 0.1258011963999519, 0.3608856452926989, 0.10808596030600012, -0.34598864997251744, -0.5433082776846803, 2.6634155063103595, 0.46582562852348364, -0.2169962509797376, 0.13055219375030064, -0.33829443977815854, -0.24775149237489993, -0.33938734905054735, -0.18936148995322868, -0.5541216713098732, 1.462556216511635, 0.15616278489326707, -0.10631442495459437, -0.5462452487927579, 0.9847982830160145, -0.20061433470939066, 0.22281867322779392, -0.28409964585691305, -0.2506344105349588, -0.14798206278026974, -0.34309254760450003, -0.19106620181616796, -0.5494081407553025, 1.296081453475813, -0.28149030942406833, -0.3468470825383154, -0.26201114279052196, 0.11852004082389879, -0.22924278559366457, -0.2371591548681461, -0.14798206278026893, -0.3589788909084695, -0.20685721696760723, -0.5495686634676871, -0.1027756613336682, 0.384976085032567, -0.4348078217038259, 0.237958077052077, -0.17515268602767037, -0.13759539258585463, -0.24355659315586162, -0.3441833524259601, -0.5533601647165495, 1.0460806559671987, -0.10342311848874265, 0.202580024308356, 2.0102493673621313]}