{"from": [0, 0, 0, 1, 2, 2, 2, 2, 2, 3, 4, 5, 6, 6, 6, 7, 7, 7, 8, 8, 9, 9, 10, 10, 10, 10, 11, 11, 11, 11, 11, 11, 12, 12, 12, 13, 13, 14, 14, 14, 14, 15, 15, 15, 15, 16, 16, 16, 16, 17, 17, 17, 17, 18, 18, 18, 18, 18, 18, 18, 19, 19, 19, 19, 19, 19, 19, 19, 20, 20, 20, 20, 21, 21, 21, 21, 21, 21, 21, 21, 22, 22, 22, 22, 22, 22, 22, 23, 23, 23, 23, 23, 23, 24, 24], "to": [1, 4, 25, 25, 0, 1, 4, 9, 25, 5, 25, 25, 1, 4, 25, 1, 13, 25, 5, 9, 5, 25, 5, 9, 13, 16, 5, 8, 9, 10, 16, 23, 8, 9, 25, 3, 25, 9, 12, 16, 23, 12, 14, 18, 24, 5, 8, 9, 13, 9, 13, 22, 23, 1, 5, 9, 13, 20, 23, 24, 8, 9, 13, 16, 18, 20, 23, 24, 1, 9, 13, 24, 5, 8, 9, 13, 18, 20, 23, 24, 4, 5, 8, 18, 20, 23, 24, 5, 8, 9, 13, 20, 24, 8, 25], "influence_y": [[0, 1, 2, 4, 5, 6, 7, 9, 12, 13, 24]], "weights": [0.7287309862628756, -0.46052663541216615, 2.4237880649942865, 0.8708323990636903, -0.7362347984782299, -0.13985382122315865, -0.609831729579127, -0.027919370761824186, 1.501163746695596, 0.31700630745212266, 0.687608631168182, 2.120195014989338, -0.24667959350135865, 0.23900178701802166, 1.8335631599720386, 0.300055337790047, -0.28505574129493033, 2.1902319368381584, 0.27554261105526373, -0.2045416155364559, -1.3220289814414767, 1.5676687661410826, -1.0331215762597512, -0.649846018631348, -0.14919324212213264, 0.16494728760602997, -0.6727196895983071, 0.1422598495115877, -0.5832568904508258, -0.33497536945812845, 0.29305767026443996, -0.10461730278606403, -0.21535799878614492, 0.10430651335079773, 2.7479524089631395, -1.5748411467840737, 2.0923911982484853, -0.1048565338956856, 0.165269697268514, 0.19835152003630224, -0.1133453289615014, -0.2368109653880289, -0.31078260869565216, 0.16510977443677444, -0.2126337058194676, 0.1865033843767252, 0.12321779053401449, -0.13149216526944466, 0.10096440264372748, -0.1725511210459278, 0.22845463647124345, -0.14901837928153722, -0.32295568002318714, 0.2065245592522767, -0.32089558907724514, 0.07393871674176493, -0.1611643642058672, -0.3455284552845521, -0.21679325010454867, -0.5183130157153182, -0.3671042424976185, 0.07922960478072173, -0.14145055644528848, -0.25589132214132615, -0.18990043790579558, -0.3455284552845532, -0.23021891230557012, -0.5291248990620709, 0.3201803922086881, -0.06701398446955688, 0.140723759074185, -0.5258177347442408, -0.30822040596011524, -0.38992143055595396, 0.17072821416605, -0.19881693244734078, -0.19829585016529266, -0.3455284552845528, -0.23105372500935217, -0.5183130157153184, -0.4625987861208391, -0.3956483842654774, -0.3421496609139244, -0.19357842803852723, -0.3455284552845526, -0.2463127213412854, -0.5243882644530171, -0.4515570149904411, -0.16544758632363746, 0.17167297011445115, -0.17204808112468178, -0.34552845528455267, -0.5306396073570272, 0.09454041385028233, 1.559186408464406]}