{"from": [0, 0, 1, 2, 2, 2, 2, 3, 3, 4, 5, 6, 6, 6, 6, 7, 7, 7, 8, 8, 9, 9, 10, 10, 10, 11, 11, 11, 11, 11, 12, 12, 12, 12, 13, 13, 13, 13, 14, 14, 14, 15, 15, 15, 15, 15, 15, 16, 16, 16, 16, 17, 17, 18, 19, 19, 19, 19, 19, 20, 20, 20, 20, 21, 21, 21, 21, 21, 21, 21, 21, 21, 22, 22, 22, 22, 22, 22, 22, 22, 23, 23, 23, 23, 23, 23, 23, 23, 23, 24], "to": [1, 4, 25, 0, 1, 4, 25, 5, 25, 5, 25, 1, 3, 4, 25, 1, 13, 16, 5, 9, 5, 25, 5, 9, 16, 5, 8, 9, 10, 16, 3, 8, 9, 16, 3, 16, 18, 25, 12, 16, 19, 3, 12, 14, 18, 24, 25, 3, 5, 8, 9, 23, 25, 24, 8, 16, 18, 20, 24, 1, 13, 18, 24, 3, 8, 9, 16, 18, 19, 20, 23, 24, 1, 8, 16, 18, 19, 20, 23, 24, 5, 8, 9, 11, 16, 18, 19, 20, 24, 8], "influence_y": [[1, 2, 3, 5, 6, 9, 13, 15, 17]], "weights": [0.7459625894332912, -0.42021815260120055, 2.5468557849328977, -0.7258906800737174, -0.15399551922849197, -0.5576307425612466, 0.6556886739064562, 0.3649809198701665, 3.7812849717508232, -0.07147488723336026, 1.9408751787371346, -0.17315380139207343, -0.11334103437228496, 0.2075640767751216, 2.125429416279305, 0.23033008133318902, -0.24363991060805235, 0.1253942592267676, 0.3639008332371575, -0.20557439352877027, -1.2837390740373478, 2.0499374084260964, -1.0050358860556539, -0.6707655183503285, 0.14209180594555437, -0.7012664548615757, 0.11227024252923387, -0.5881848551183174, -0.3438256658595636, 0.2750456396259379, 0.10794673339212105, -0.20869318636639936, 0.0976106580529478, -0.15146312092050596, -1.6139884095948267, 0.12085405053389753, -0.06498334267957698, 2.559248170494786, 0.1963590619595295, 0.15226080354334875, -0.10601633167831401, -0.38288887619977857, -0.2685039693465142, -0.28533841408092925, 0.22133934346424006, -0.24507815094613208, 2.955785048281437, -0.09363142593578519, 0.2833489815856384, 0.1693895673823453, -0.14510834756033925, -0.26109272576806103, 2.2186755496765227, -0.5485186274791928, -0.19428564843744636, -0.2772820245032818, -0.34174355804036605, -0.24271844660194228, -0.5555208603633686, 0.2038321803045695, 0.2056497528091161, -0.3272694082701485, -0.5583217535170379, 0.2511067964896697, -0.3546916181504607, 0.14723590334131922, -0.2428898924172902, -0.34464479379166835, -0.19139002471018404, -0.24271844660194208, -0.13619410619414848, -0.5601890156194849, -0.23656556448490298, -0.28785411983297576, -0.21254365087137062, -0.3502617820220325, -0.1724585369104844, -0.24271844660194136, -0.14156289600972574, -0.5485186274791933, -0.26557823612388104, -0.18030046773330496, 0.1830750241205745, -0.1589914720059323, -0.18214275519732032, -0.351742034437755, -0.1879954131047207, -0.24271844660194203, -0.5527441128403328, 0.08627154840845797]}