{"from": [0, 0, 0, 1, 2, 2, 2, 2, 3, 3, 3, 4, 4, 5, 6, 6, 6, 6, 7, 7, 8, 8, 8, 8, 9, 9, 10, 10, 11, 11, 11, 11, 11, 11, 12, 12, 12, 13, 13, 14, 14, 14, 14, 15, 15, 15, 15, 15, 15, 16, 16, 16, 16, 17, 17, 18, 18, 18, 18, 18, 18, 19, 19, 19, 19, 20, 21, 21, 21, 21, 21, 21, 21, 21, 21, 21, 22, 22, 22, 22, 22, 22, 22, 23, 23, 23, 23, 23, 23, 23, 23, 23, 24, 24], "to": [1, 4, 25, 25, 0, 1, 4, 25, 5, 16, 25, 5, 25, 25, 1, 4, 13, 25, 1, 13, 4, 5, 9, 25, 5, 25, 5, 9, 5, 8, 9, 10, 16, 25, 8, 9, 25, 3, 25, 5, 12, 19, 25, 3, 8, 12, 14, 18, 24, 5, 8, 9, 25, 9, 23, 5, 9, 13, 19, 20, 24, 8, 16, 20, 24, 1, 5, 8, 9, 13, 16, 18, 19, 20, 23, 24, 5, 8, 18, 19, 20, 23, 24, 5, 8, 9, 11, 13, 18, 19, 20, 24, 20, 25], "influence_y": [[0, 1, 2, 3, 4, 5, 6, 8, 9, 11, 12, 13, 14, 16, 24]], "weights": [0.7685910661675067, -0.3387317923970833, 1.7571397486499416, 1.3885289024890346, -0.7746979963561118, -0.10898741426921252, -0.4990156669106004, 0.7009050615966048, 0.3664338270655089, -0.0727805099477962, 2.3342316602657944, -0.06396423754810737, 0.9639576917639404, 2.2735465169001694, -0.19581637241853864, 0.23946650134942069, 0.1012708252986838, 2.4594346176682618, 0.2917468989744423, -0.22897632639808918, -0.1679137899761942, 0.3402638570721189, -0.20842787674978802, 2.141255556592958, -1.1757855999395723, 0.7902086734003666, -0.9483384243481257, -0.666620196703772, -0.49651425631752166, 0.130585737300836, -0.5884673794371194, -0.363861386138614, 0.1482226540801933, 1.0808422820032075, -0.14776403268267402, 0.0742759354569992, 2.6238841608476915, -1.6512851371808857, 1.9586930437337813, 0.19374758809483283, 0.21749736372514641, -0.14201520230135434, 1.7398483026545308, -0.43750698397345616, 0.19732408869275153, -0.25992732392497014, -0.2218260869565217, 0.14269561741154946, -0.3327108344731998, 0.20857953770113136, 0.12318941846613574, -0.13046254524022124, 2.118279449056841, -0.15974368962045593, -0.3313638149829269, -0.3406625152581897, 0.09833877113323494, -0.18356483253222455, -0.24299064179360003, -0.5733333333333342, -0.3418501129170709, -0.2643658545029756, -0.2790053852520263, -0.5733333333333335, -0.3462862573767135, 0.30925590834421646, -0.4347236188038148, -0.344791703058083, 0.14731869830032218, -0.24190176892305604, -0.24828670785472934, -0.18360786574542118, -0.25156688452998116, -0.5733333333333341, -0.13279528345409425, -0.35697333266585274, -0.4195520154733816, -0.34078972106019967, -0.19009403017321908, -0.22670550083471946, -0.5733333333333349, -0.15213162400899394, -0.3418501129170709, -0.5539886688739338, -0.25049724147745317, 0.18021993173470935, -0.18334397842594544, -0.2276682858935493, -0.1807369405068875, -0.24728103080926184, -0.5733333333333346, -0.3636672168169536, -0.5733333333333349, 0.8107097336679802]}