{"from": [0, 0, 0, 2, 2, 2, 2, 3, 3, 4, 5, 5, 6, 6, 7, 7, 7, 8, 8, 9, 9, 9, 10, 10, 10, 10, 11, 11, 11, 11, 11, 12, 12, 12, 13, 13, 13, 14, 14, 14, 15, 15, 15, 15, 16, 16, 16, 16, 17, 17, 18, 18, 18, 18, 18, 19, 19, 19, 19, 19, 19, 19, 20, 20, 21, 21, 21, 21, 21, 21, 21, 21, 22, 22, 22, 22, 22, 22, 22, 22, 22, 23, 23, 23, 23, 23, 23, 23, 23, 23, 23, 23, 24, 24, 24], "to": [1, 4, 25, 0, 1, 4, 25, 5, 25, 25, 4, 25, 1, 25, 1, 13, 16, 5, 25, 5, 8, 25, 5, 8, 9, 16, 5, 8, 9, 10, 16, 8, 9, 25, 3, 16, 25, 5, 12, 25, 12, 14, 18, 24, 5, 9, 12, 25, 23, 25, 9, 13, 19, 20, 24, 5, 8, 9, 16, 20, 24, 25, 1, 25, 8, 9, 16, 18, 19, 20, 23, 24, 1, 8, 14, 16, 18, 19, 20, 23, 24, 0, 1, 5, 9, 11, 16, 18, 19, 20, 24, 25, 1, 8, 20], "influence_y": [[0, 2, 3, 4, 5, 6, 8, 9, 12, 13, 14, 16, 17, 19, 20, 23]], "weights": [0.7433899815468216, -0.4299171680977243, 1.3082390298552922, -0.7509685197452626, -0.13381724511678603, -0.5394199860475639, 2.3417825977306905, 0.3334992091588405, 1.9231793702634736, 1.1239621997351796, -0.11801411303593234, 2.4305635443782383, -0.1594252082395431, 0.6685741721336618, 0.268238983840882, -0.28365670454450354, 0.21697219955756605, 0.35499423860358176, 1.131255616210216, -1.265667102465812, -0.5221179672023895, 2.6592925359532082, -0.9923096968981477, -0.34552449049864803, -0.6807941294031747, 0.1943312338099206, -0.6482939258600362, -0.1694380985826936, -0.6282707154083103, -0.3549999999999999, 0.23562237408581568, -0.13493259206632358, 0.1163543590382392, 1.6400298070734183, -1.628429273895513, 0.12372290652782009, 3.428881880343479, 0.2640978600088383, 0.26624448551376967, 1.5053933218777498, -0.29727942392799755, -0.2719545791304721, 0.13087422393009324, -0.2656753928462378, 0.21148798852649225, -0.14330631679886857, -0.09173865090089224, 0.9980007945450877, -0.26167354035030493, 1.8110889302822093, 0.11632247817616394, -0.16303938234284346, -0.23961661341853063, -0.5657894736842107, -0.3434840072036144, 0.31269605295624137, -0.145523749044178, 0.16459018240631995, -0.23045381205842608, -0.5657894736842111, -0.3470263457748977, -1.452636585290263, 0.12974141655879418, 0.9541542127805797, -0.2582081819494787, 0.24761316346548098, -0.23586840336267123, -0.1785094146863474, -0.23961661341852974, -0.5657894736842108, -0.15266751438972403, -0.363920575884094, -0.3040541988460257, -0.20198465171848254, 0.14810214900366112, -0.1806108722603322, -0.18494126757180093, -0.23961661341853052, -0.5657894736842107, -0.15378577738267363, -0.3508638792271209, -0.2817737619680634, -0.13450964555701986, -0.2740502844657049, 0.26974091961472835, -0.19828686597245543, -0.16408876104090991, -0.18052286428527206, -0.23961661341853008, -0.5657894736842106, -0.35983326214799816, 1.485897692152512, -0.1511808512372168, 0.15473107262950972, -0.5657894736842108]}