{"from": [0, 0, 0, 1, 2, 2, 2, 2, 3, 3, 5, 6, 6, 7, 7, 7, 8, 8, 8, 9, 10, 10, 10, 10, 11, 11, 11, 11, 11, 12, 12, 12, 12, 13, 13, 14, 14, 14, 14, 15, 15, 15, 16, 16, 16, 17, 18, 18, 18, 18, 18, 18, 18, 19, 19, 19, 19, 19, 19, 19, 20, 20, 20, 21, 21, 21, 21, 21, 21, 21, 21, 21, 21, 21, 22, 22, 22, 22, 22, 22, 22, 22, 22, 22, 23, 23, 23, 23, 23, 23, 23, 23, 23, 24], "to": [1, 4, 25, 25, 0, 1, 4, 25, 5, 25, 25, 1, 25, 1, 13, 16, 5, 9, 25, 5, 5, 9, 13, 16, 5, 8, 9, 10, 16, 3, 8, 9, 16, 3, 16, 11, 12, 16, 19, 14, 18, 24, 5, 8, 9, 23, 1, 5, 9, 19, 20, 23, 24, 5, 8, 9, 16, 20, 24, 25, 1, 13, 24, 3, 8, 9, 11, 13, 16, 18, 19, 20, 23, 24, 1, 5, 8, 14, 16, 18, 19, 20, 23, 24, 5, 8, 9, 11, 13, 16, 19, 20, 24, 1], "influence_y": [[0, 1, 2, 3, 5, 6, 8, 19]], "weights": [0.7579923449289345, -0.3909653854679474, 1.5646400172636172, 2.9451757327138166, -0.7846141600085159, -0.13203911811206376, -0.5547424429831037, 2.5613460327737667, 0.3156068368378592, 0.9793540888083483, 2.405659376338712, -0.21633456443212504, 0.9527690683952502, 0.25687585694604254, -0.24846401207567867, 0.27983412217123005, 0.2969006834507793, -0.22012175297367273, 1.5057241026005328, -1.3800903849284376, -1.0880626183368138, -0.6761374530262582, -0.10406106911907813, 0.14321917680648244, -0.6529932842703997, 0.16883868504199806, -0.5717879093258711, -0.3694581280788183, 0.25624440028526463, 0.1568568807102837, -0.1777007117752281, 0.09368059083061282, -0.10233096170647663, -1.6001680882000673, 0.07580489201897028, -0.14192164423158818, 0.2284993144708961, 0.17076128675662883, -0.10090109989349402, -0.2812151582796628, 0.1515117739136212, -0.30314965476531586, 0.2575504711399949, 0.09577217690037415, -0.1242052436024468, -0.30623545290928017, 0.18468272700512056, -0.21841298954711735, 0.1325942822792651, -0.24890081328160185, -0.3244444444444454, -0.18204814334515576, -0.45832469603672066, 0.20855719982234522, -0.3008824683168792, 0.09659046141347052, -0.27596668640320493, -0.3244444444444452, -0.46247743103350564, 1.5508418125937906, 0.2593606220635818, 0.1900348039341382, -0.4666301660302905, 0.46793018045787244, -0.41803401654576783, 0.1641256886578975, -0.16952313081897674, -0.2020432380899153, -0.26592617633169396, -0.1640586178692418, -0.2536743936665954, -0.3244444444444449, -0.19343935015254304, -0.4660977641076258, -0.23062481692974915, -0.32266470609310294, -0.2864520051974165, 0.17247875939895121, -0.22255880215046697, -0.1645766068398858, -0.2296996024098507, -0.324444444444445, -0.19815066481268606, -0.46506135503150475, -0.4622314634821083, -0.2185448648944735, 0.22199504207362689, -0.17743136422270037, -0.17875474380920559, -0.14388172190363807, -0.24731725477220695, -0.3244444444444448, -0.4756475334518808, -0.11106257420324389]}