{"from": [0, 0, 0, 0, 1, 2, 2, 2, 3, 3, 4, 5, 5, 6, 6, 6, 7, 7, 7, 7, 8, 8, 8, 8, 9, 9, 10, 10, 10, 10, 11, 11, 11, 11, 11, 11, 12, 12, 12, 12, 13, 13, 13, 14, 14, 14, 14, 15, 15, 15, 15, 16, 16, 16, 16, 16, 17, 17, 18, 18, 18, 18, 19, 19, 19, 19, 19, 19, 19, 19, 20, 20, 21, 21, 21, 21, 21, 21, 21, 21, 22, 22, 22, 22, 22, 22, 22, 22, 22, 23, 23, 23, 23, 23, 23, 24, 24, 24, 24, 24, 24, 24], "to": [1, 2, 4, 25, 25, 1, 4, 25, 5, 25, 25, 4, 25, 1, 23, 25, 1, 13, 16, 25, 5, 9, 23, 25, 5, 25, 5, 9, 16, 25, 5, 8, 9, 10, 16, 23, 8, 9, 16, 25, 3, 16, 23, 5, 12, 16, 23, 12, 14, 16, 24, 5, 8, 9, 23, 25, 8, 23, 5, 20, 23, 24, 5, 8, 13, 16, 18, 20, 23, 24, 1, 25, 5, 8, 9, 16, 18, 20, 23, 24, 1, 2, 5, 8, 16, 18, 20, 23, 24, 1, 2, 5, 9, 20, 25, 1, 2, 8, 16, 20, 23, 25], "influence_y": [[0, 1, 2, 3, 4, 5, 6, 7, 8, 9, 10, 12, 16, 20, 23, 24]], "weights": [0.7080708786813813, -0.762836976678974, -0.4544515560431831, 2.517324903619889, 1.4864677037229075, -0.1599941133293335, -0.5934408373073653, 1.6426047595085773, 0.354743998592286, 0.5697375459071861, 1.0629976330961262, -0.11210576235453729, 2.3278037922990484, -0.21231663004711904, 0.048650073317508535, 0.7239704704976992, 0.2807169529687204, -0.26435463729464487, 0.2872106687793703, 1.530300665035609, 0.35394441986739716, -0.20470869117550994, -0.12584016152673944, 1.1845432664082045, -1.3449972172354068, 1.83457558096732, -1.0867429551738073, -0.6639770465732764, 0.22054627939678445, -0.8518558649216453, -0.6714104371236208, 0.17399673417856729, -0.5858840840769811, -0.3454987834549874, 0.2326913556904423, -0.09250318814625383, -0.1721345044732025, 0.07261827027510087, -0.11181697021730605, 1.9648665008129498, -1.6358144406705486, 0.12053662730203585, -0.09674967714374477, 0.24546369202801205, 0.2361792236048333, 0.1602370783049963, -0.11428955143593988, -0.4009552231859784, -0.2673043478260867, 0.16744122201832473, -0.2932970453831443, 0.1951317100831912, 0.0812922520924852, -0.16079950239442942, -0.069092284109666, 1.1547404603703435, 0.20786686614552968, -0.20557261605178578, -0.2730928415024698, -0.571428571428572, -0.363647445674505, -0.2393527700750112, 0.21194967880546167, -0.24952175862716347, -0.17246294245850408, -0.19687636900231917, -0.1851851851851848, -0.5714285714285716, -0.4233972847992684, -0.25229234560662045, 0.17947883865975092, 0.8598774677583993, -0.26049263131914757, -0.37926338071285143, 0.13688618255039542, -0.23769968656172932, -0.1851851851851845, -0.5714285714285721, -0.44000254241332476, -0.24633603306032445, -0.37765976010904445, -0.40622629234943497, -0.2991658453210743, -0.30497293687681665, -0.1877775420708203, -0.18518518518518431, -0.5714285714285708, -0.4086015658697114, -0.2477326856573857, -0.18614084761588331, -0.33357016480768853, -0.38210451526591727, 0.17627338058635866, -0.5714285714285716, 1.576495047329569, -0.2459077160803894, -0.20656881966781165, 0.18834952089571813, 0.19998280836942367, -0.5714285714285716, -0.2942117927817471, 1.4794059271124935]}