{"from": [0, 0, 0, 1, 2, 2, 2, 2, 3, 3, 3, 4, 4, 5, 6, 6, 6, 7, 7, 7, 8, 8, 8, 9, 9, 10, 10, 11, 11, 11, 11, 11, 11, 12, 12, 12, 12, 13, 14, 14, 14, 14, 14, 15, 15, 16, 16, 16, 17, 18, 18, 18, 18, 18, 18, 19, 19, 19, 19, 19, 19, 19, 20, 20, 21, 21, 21, 21, 21, 21, 21, 21, 21, 22, 22, 22, 22, 22, 22, 23, 23, 23, 23, 23, 23, 24, 24], "to": [1, 4, 25, 25, 0, 1, 4, 25, 5, 13, 25, 5, 25, 25, 1, 23, 25, 1, 3, 25, 5, 9, 25, 5, 25, 5, 9, 5, 8, 9, 10, 16, 23, 3, 8, 9, 25, 25, 5, 9, 12, 19, 25, 14, 24, 8, 9, 25, 23, 9, 19, 20, 23, 24, 25, 8, 9, 10, 16, 20, 23, 24, 1, 8, 3, 8, 9, 10, 16, 19, 20, 23, 24, 8, 19, 20, 23, 24, 25, 5, 8, 9, 20, 24, 25, 8, 20], "influence_y": [[0, 1, 2, 3, 4, 5, 6, 7, 8, 9, 12, 13, 14, 16, 18, 22, 23]], "weights": [0.7387316544042881, -0.4302270386383074, 1.7678402534599658, 3.258070640695225, -0.7497934692078972, -0.14485886103864604, -0.5524607412138447, 0.703742976327481, 0.3068446165003493, -0.39161270693635636, 0.7060078028481352, -0.08964721567824366, 0.3543344057216942, 0.5771300136121091, -0.20840305703945505, 0.06086788876902233, 1.4794133212937097, 0.24725220952133492, 0.5424932739923992, 1.6623158430081344, 0.2594987912633772, -0.17874018812230946, 2.425553015949643, -1.433754304863285, 0.5947826156409227, -1.0956245753566538, -0.6693129678896712, -0.6360432032536163, 0.11082162100033077, -0.5934480259282903, -0.3461602753465124, 0.2521936194584045, -0.13447354606222411, 0.3087815125944187, -0.17668011979887402, 0.11915938215195566, 1.7405909538087159, 1.557265539330931, 0.2508802524898103, -0.08034800228069794, 0.26237442922374415, -0.1070041799745361, 2.087186825531365, -0.246743486973948, -0.3241375070995543, 0.09442570229809348, -0.12379246555506157, 1.9668592033007972, -0.27539235413418534, 0.13901719708557203, -0.18667790952837096, -0.5562913907284774, -0.23586360202105455, -0.33253760635216756, 1.2990296537971957, -0.2295949589871593, 0.09292567383405496, -0.18700859361726685, -0.35059950188964184, -0.5562913907284777, -0.23595567719262292, -0.34179867798358293, 0.27709946156264065, 0.17963933408018293, 0.748459436639874, -0.35778545480978996, 0.2277539613223095, -0.20843776204229925, -0.29146723722564544, -0.19241027631272117, -0.556291390728477, -0.24736620027519385, -0.34874448170714467, -0.2368395342734101, -0.17368454481717724, -0.5562913907284783, -0.25272604894151596, -0.3415414259938214, -1.4178391519173577, -0.34926833399065016, -0.15514272321374895, 0.2331557833469457, -0.5562913907284777, -0.3458583258220117, -1.3164508421110115, 0.13944845275218307, -0.5562913907284779]}