{"from": [0, 0, 0, 1, 1, 2, 2, 2, 2, 3, 3, 4, 5, 5, 6, 6, 7, 7, 7, 9, 9, 9, 10, 10, 10, 10, 10, 11, 11, 11, 11, 12, 12, 12, 13, 13, 13, 14, 14, 14, 14, 15, 15, 15, 16, 16, 17, 17, 18, 18, 18, 18, 18, 18, 19, 19, 19, 19, 19, 20, 21, 21, 21, 21, 21, 21, 21, 21, 21, 21, 21, 22, 22, 22, 22, 22, 22, 22, 22, 22, 23, 23, 23, 23, 23, 23, 23, 24, 24], "to": [1, 4, 25, 8, 25, 0, 1, 4, 9, 5, 25, 25, 8, 25, 1, 25, 1, 13, 16, 5, 8, 25, 5, 8, 9, 11, 16, 5, 9, 16, 25, 8, 9, 16, 3, 4, 16, 9, 12, 16, 19, 12, 14, 24, 5, 9, 9, 23, 9, 12, 19, 20, 23, 24, 8, 9, 16, 20, 24, 1, 0, 5, 8, 9, 11, 16, 18, 19, 20, 23, 24, 5, 8, 9, 16, 18, 19, 20, 23, 24, 5, 9, 11, 16, 19, 20, 24, 8, 20], "influence_y": [[0, 1, 3, 4, 5, 6, 9, 11]], "weights": [0.762699223122232, -0.3705272217058978, 0.6286071559463309, 0.02692642923783764, 2.3291020252779755, -0.7807775403106431, -0.11692839908555036, -0.49694575581405653, -0.0293024486158662, 0.3475411903296234, 0.49067259501209354, 1.5148205183546009, 0.12500784715207866, 1.0998774435951113, -0.19688796672168707, 2.2829093162101315, 0.2445529091171443, -0.328070175438597, 0.20666708723115923, -1.5377398187199796, -0.27948339569953196, 1.6479125989269259, -1.2578916713475479, -0.18927466993997707, -0.6811044541987076, -0.3143920615289106, 0.1273275406698155, -0.7646331705722037, -0.6278685776749747, 0.18893959233928095, 1.4738780910175064, -0.14576321180805438, 0.13794276433304115, -0.0921023272431326, -1.621466116650477, 0.23549366554997503, 0.10651906910280524, -0.09194506208865297, 0.23868732291377137, 0.15203015680103651, -0.12160561117336739, -0.32189430321598517, -0.23634038595675433, -0.3734818902554634, 0.21182149964118557, -0.1448485673289965, -0.1386765107611889, -0.2918596057255764, 0.1311299000558983, 0.15292899363266432, -0.24144579200458627, -0.6038961038961039, -0.1693756693162793, -0.3079398136110674, -0.26102211746893567, 0.14419801869984283, -0.2316587881991708, -0.6038961038961033, -0.3131270620868377, 0.31517352108032987, -0.33806929461019325, -0.2860775710677568, -0.14930634144675708, 0.2709425050094856, -0.1566953994151928, -0.26992118390265313, -0.1540229885057467, -0.24566674345107592, -0.6038961038961044, -0.18295053469886444, -0.31662543896584616, -0.4037566944121499, -0.16708021783782523, 0.13072491051335874, -0.217448062751057, -0.1540229885057472, -0.22712738670888266, -0.6038961038961048, -0.19531874538077532, -0.3162394111723007, -0.37760885663077276, 0.2566458676749291, -0.1849251031402694, -0.11296347724572833, -0.23963078288259573, -0.6038961038961036, -0.3190885267530218, 0.1490426127615831, -0.6038961038961042]}