{"from": [0, 0, 0, 2, 2, 2, 2, 3, 3, 4, 4, 5, 6, 6, 7, 7, 7, 7, 8, 8, 8, 8, 9, 9, 10, 10, 10, 10, 10, 11, 11, 11, 11, 12, 12, 12, 12, 13, 13, 13, 14, 14, 14, 14, 14, 15, 15, 15, 16, 16, 16, 16, 17, 17, 18, 18, 18, 19, 19, 19, 19, 19, 21, 21, 21, 21, 21, 21, 21, 21, 21, 22, 22, 22, 22, 22, 22, 23, 23, 23, 23, 23, 23, 23, 23, 23, 24, 24, 24, 24, 24, 24], "to": [1, 4, 25, 0, 1, 4, 25, 5, 25, 5, 25, 25, 1, 25, 1, 13, 16, 25, 1, 5, 9, 25, 5, 25, 5, 9, 11, 19, 25, 5, 8, 9, 16, 3, 8, 9, 25, 3, 18, 25, 1, 5, 12, 19, 25, 12, 24, 25, 5, 8, 9, 25, 3, 25, 9, 20, 25, 5, 8, 16, 18, 20, 3, 8, 9, 11, 16, 18, 19, 20, 24, 1, 8, 18, 19, 20, 24, 1, 8, 9, 11, 13, 18, 19, 20, 24, 1, 8, 18, 19, 20, 25], "influence_y": [[0, 2, 3, 4, 5, 6, 7, 8, 9, 10, 12, 13, 14, 15, 16, 17, 18, 24]], "weights": [0.7129001618347928, -0.4565771039786386, 1.5689198328015095, -0.7619931426495143, -0.15563786941471475, -0.5786512112648228, 1.1307052710783227, 0.34142490860318153, 1.3844571207109084, -0.12588360770427337, 1.528023075167351, 2.2584766415708137, -0.19446708865976847, 2.462021064521509, 0.21314769313601223, -0.32522623284189234, 0.16897846117371568, 2.183659879422191, 0.15828175683527737, 0.3265795307256341, -0.23192822386568682, 0.5424548364962376, -1.4129066301409168, 0.8195877871421016, -1.1252021222204518, -0.6737859126341316, -0.2815144847452458, -0.09302409699128283, 2.0609138804380356, -0.7082578566181238, 0.11066843815619984, -0.5775547576216488, 0.19137239285335295, 0.12685895942931247, -0.19590437568828353, 0.09154798904558882, 1.3816355495394577, -1.6065367963717845, -0.09357104398650631, 3.1476177158814562, 0.11659647082096214, 0.31287698678227743, 0.1951687983007184, -0.07991273187234005, 1.412422599600497, -0.2882225335562885, -0.34308251048715965, 1.7891618750366372, 0.22254456298000114, 0.11816173917164904, -0.15112598356002854, 1.2612025478252586, -0.358615752151393, 1.002595431725359, 0.09634581749275994, -0.5430463576158944, 1.0441185558580632, 0.36398597819660405, -0.28557316382398545, -0.25480229081552186, -0.3524161830332925, -0.5430463576158945, 0.23000250834752634, -0.34734766620681234, 0.20356870048491357, -0.2248416982278672, -0.22343241569799865, -0.3552239247315167, -0.23840777528102067, -0.5430463576158941, -0.19002688414388788, -0.30424391043669746, -0.2651796771248822, -0.3507681607321599, -0.21782005755916078, -0.5430463576158948, -0.19002688414388785, -0.1750013257862092, -0.13295889557474688, 0.25758305118189645, -0.2026985764234592, -0.1685477037790207, -0.3601670379183046, -0.24340003853052367, -0.5430463576158947, -0.19794024562089818, -0.33571310234282964, 0.13228460159196687, -0.3421618220484693, -0.2312932586041762, -0.5430463576158941, 0.7250718949275422]}