{"from": [0, 0, 0, 2, 2, 2, 2, 3, 3, 4, 4, 5, 6, 6, 7, 7, 7, 7, 7, 8, 8, 8, 8, 9, 9, 10, 10, 10, 10, 11, 11, 11, 11, 11, 12, 12, 12, 12, 12, 13, 13, 14, 14, 14, 14, 14, 14, 14, 15, 15, 15, 15, 15, 15, 16, 16, 16, 16, 17, 17, 17, 17, 18, 18, 18, 19, 19, 19, 19, 19, 19, 19, 19, 20, 20, 20, 20, 21, 21, 21, 21, 21, 21, 21, 21, 21, 22, 22, 22, 22, 22, 22, 22, 22, 22, 22, 23, 23, 23, 23, 23, 23, 23, 23, 23, 24, 24, 24], "to": [1, 4, 25, 0, 1, 4, 25, 5, 25, 5, 25, 25, 1, 25, 1, 5, 13, 16, 25, 1, 5, 9, 25, 5, 25, 5, 9, 13, 16, 5, 8, 9, 10, 16, 8, 9, 13, 16, 25, 3, 16, 5, 9, 12, 16, 19, 20, 25, 8, 12, 14, 16, 18, 24, 5, 8, 9, 25, 5, 9, 23, 25, 5, 9, 24, 5, 8, 9, 16, 18, 20, 23, 24, 1, 13, 18, 24, 5, 8, 9, 16, 18, 19, 20, 23, 24, 1, 5, 8, 9, 16, 18, 19, 20, 23, 24, 5, 8, 9, 11, 13, 16, 18, 20, 24, 1, 9, 25], "influence_y": [[0, 2, 3, 4, 5, 6, 7, 8, 9, 12, 14, 16, 17, 24]], "weights": [0.7358266385574438, -0.39195156354939875, 2.080515741167489, -0.7607265837302508, -0.15124745181541138, -0.5778307647846131, 1.4324640989700193, 0.36767073514014065, 1.8381587060201345, -0.11014828798151778, 1.627455813619586, 0.28493691441242897, -0.133309451426606, 1.9600323865808995, 0.1867048474917541, -0.19944146064945745, -0.32611117634749165, 0.17301731912621715, 2.1266802046686495, 0.08744114888070005, 0.3432088260434291, -0.18505616592261634, 1.5496001287979135, -1.2065718437524904, 1.4891589269490892, -0.9405174230064764, -0.6734348590610986, -0.1257944013253811, 0.14203944274994076, -0.6216009614599644, 0.1585121306849691, -0.5943274320957437, -0.3414634146341464, 0.19664823006825846, -0.19999513343159603, 0.07744366002350281, -0.11547616181163163, -0.08750407527485923, 1.53611614582747, -1.6190207737574522, 0.10985057662879591, 0.2163981850370395, -0.10188511417263806, 0.230823997487174, 0.15594046923220606, -0.09756050070218061, 0.08258737723270829, 1.010687518390448, 0.23112664356292992, -0.27726520783164127, -0.34826086956521746, 0.14375423416062014, 0.16955575773066128, -0.17164548830832144, 0.2900012283981964, 0.1293211155489258, -0.11618671865650293, 0.7440172961757987, 0.2778668079120805, -0.1646364800996013, -0.36888334020085967, 2.0038910638707494, -0.2537081383550972, 0.18843579187914347, -0.5585843512150236, 0.19113811730744987, -0.3258910799878567, 0.14726245762038082, -0.2435754786433281, -0.34146303072930045, -0.24042322809687305, -0.18301644604188863, -0.5634194353927229, 0.165086511686281, 0.17523826711429616, -0.3393653671867628, -0.5655429520923877, -0.22775064885766197, -0.41380161182833064, 0.247981978948503, -0.2791387756881214, -0.3346786294116516, -0.17069599030982813, -0.2414013756505256, -0.18100907831352273, -0.5702874526905912, -0.18474706051188755, -0.28450863512132163, -0.35263975571796824, 0.10615602038699676, -0.2279029064464582, -0.34238570930849976, -0.155175001561753, -0.2545402765739117, -0.20616021514539956, -0.5624853850402124, -0.41673530462454667, -0.23434763901654967, 0.28424822731921956, -0.18073691014867488, -0.1267955613409602, -0.12480862707763186, -0.33875884818057195, -0.24548658013930935, -0.5661569462874497, -0.13051409108545617, 0.10925528247465158, 1.54001484021288]}