{"from": [0, 0, 0, 1, 2, 2, 2, 2, 3, 3, 3, 3, 4, 5, 5, 6, 6, 6, 7, 7, 7, 7, 7, 8, 8, 8, 8, 9, 9, 10, 10, 10, 10, 10, 11, 11, 11, 11, 11, 12, 12, 12, 12, 12, 13, 14, 14, 14, 14, 14, 14, 15, 15, 15, 15, 15, 15, 16, 16, 16, 16, 16, 16, 17, 17, 18, 18, 18, 18, 18, 18, 18, 19, 19, 20, 20, 21, 21, 21, 21, 21, 21, 21, 21, 21, 22, 22, 22, 22, 22, 22, 22, 22, 23, 23, 23, 23, 23, 23, 23, 23, 23, 24, 24, 24, 24, 24], "to": [1, 4, 25, 25, 0, 1, 4, 25, 5, 13, 19, 25, 25, 4, 25, 1, 4, 25, 1, 3, 13, 16, 25, 5, 9, 19, 25, 5, 25, 3, 5, 9, 11, 16, 5, 8, 9, 16, 25, 0, 3, 8, 9, 25, 25, 5, 9, 12, 16, 19, 25, 12, 14, 16, 18, 24, 25, 3, 5, 8, 9, 19, 25, 3, 23, 3, 5, 19, 20, 23, 24, 25, 5, 20, 1, 25, 3, 8, 9, 16, 18, 19, 20, 23, 24, 1, 8, 16, 18, 19, 20, 23, 24, 3, 5, 8, 9, 11, 19, 20, 24, 25, 8, 16, 19, 20, 25], "influence_y": [[0, 1, 2, 3, 4, 5, 6, 7, 8, 9, 11, 12, 13, 14, 15, 16, 18, 20, 23, 24]], "weights": [0.7292518515542938, -0.4029482701505631, 0.7463481025478894, 1.1112245172787594, -0.748176471982382, -0.13521184880609738, -0.4891402970229174, 1.111447987037486, 0.337906134266154, -0.3904538994050878, 0.030196122417419417, 1.003994826451334, 1.1089195617765288, -0.09253464892171445, 0.7128685386767207, -0.1486631930006554, 0.20008523978118062, 2.4293900994349653, 0.2998969013739758, 0.5779867717538022, -0.1740323135636619, 0.21281508615907252, 1.3663715412593462, 0.3611718095123454, -0.23245140668541642, -0.12442649273100431, 2.2229471008459716, -1.4174072241600488, 1.1248634030456088, 0.3367567464211157, -1.0609814491206602, -0.6593199678174045, -0.2991812036331728, 0.15741538189712448, -0.6931716369560094, 0.0865628665121452, -0.6051981443786443, 0.2530051158117764, 1.2879721596111187, -0.21814402152819667, 0.2919041356541083, -0.2175392985336434, 0.09936144886932682, 1.2683038565433558, 1.4905512423492173, 0.2791929284591476, -0.10158578264941581, 0.22672090684706112, 0.16959201269264748, -0.11073973107003127, 0.6492787471005066, -0.338385592832983, -0.23974616932363416, 0.25004582931007496, 0.14149902274990286, -0.30174764742873605, 1.6055879414157133, -0.27162961513569245, 0.2160570173805513, 0.16530094867909523, -0.1316831191468042, -0.089724646557577, 2.751303827226636, -0.5579887385051127, -0.23523884756188712, 0.3041218728952619, -0.2324669597774589, -0.33988168649720485, -0.5328947368421056, -0.18858476838471105, -0.2242226489961801, 1.2054749725577574, 0.2561565362694964, -0.5328947368421061, 0.22174932893752355, 1.1463072135687846, 0.6349264718061648, -0.2647421011565511, 0.14313632154533593, -0.2130858061698299, -0.15656086975868927, -0.4224398351735893, -0.532894736842106, -0.19209143443532287, -0.24390184339370666, -0.19420312162658454, -0.31729974061748983, -0.16363224512568417, -0.1618585384848337, -0.38541001336979386, -0.532894736842106, -0.20800130818346987, -0.23260452809142274, 0.2808508539719579, -0.31259646794376217, -0.15767554219432942, 0.1830309337376467, -0.16400187038531466, -0.3799709717732185, -0.5328947368421058, -0.2369725495917607, 2.0557922967915525, 0.11799350743777201, 0.14844081752772156, -0.3007396710938247, -0.5328947368421053, 1.210058979920682]}