{"from": [0, 0, 0, 0, 1, 2, 2, 2, 2, 3, 3, 3, 4, 4, 5, 6, 6, 6, 7, 7, 7, 7, 8, 8, 9, 9, 9, 9, 10, 10, 10, 10, 11, 11, 11, 11, 11, 11, 12, 12, 12, 12, 13, 13, 14, 14, 14, 14, 15, 15, 15, 15, 16, 16, 17, 17, 17, 18, 18, 18, 18, 18, 18, 19, 19, 19, 19, 19, 19, 19, 19, 20, 20, 20, 20, 20, 21, 21, 21, 21, 21, 21, 21, 21, 21, 21, 21, 22, 22, 22, 22, 22, 22, 22, 22, 22, 23, 23, 23, 23, 23, 23, 23, 24], "to": [1, 4, 5, 25, 25, 0, 1, 4, 25, 5, 13, 25, 5, 25, 25, 1, 4, 25, 1, 3, 9, 25, 5, 25, 5, 8, 16, 25, 3, 5, 8, 9, 5, 8, 9, 10, 19, 25, 3, 8, 9, 25, 24, 25, 5, 9, 12, 19, 12, 14, 18, 24, 5, 25, 5, 19, 23, 5, 9, 19, 20, 24, 25, 5, 8, 9, 10, 16, 20, 24, 25, 1, 3, 9, 24, 25, 3, 5, 8, 9, 16, 18, 19, 20, 23, 24, 25, 5, 8, 9, 14, 18, 19, 20, 23, 24, 5, 9, 11, 18, 19, 20, 24, 25], "influence_y": [[0, 1, 2, 3, 4, 5, 6, 7, 8, 9, 11, 12, 13, 16, 18, 19, 20, 21, 24]], "weights": [0.7401941592945349, -0.37658258319594085, -0.04796303670364875, 0.7100956473614342, 0.9885010733461033, -0.773385583181002, -0.12941019341071358, -0.5169167791088107, 0.505406322361922, 0.3649362669308509, -0.40739107365047317, 1.4263471446266887, -0.06912358877791926, 0.4033806018306869, 2.355348691954215, -0.15898109184226572, 0.22059973157465793, 2.483527732765573, 0.22889224746812104, 0.37750306998864785, -0.11360567733276214, 2.409891612339066, 0.3562556900270384, 2.709668377015867, -1.1225099688352134, -0.6098300163848908, -0.35103368114633127, 2.512564571203799, 0.28401916123119464, -0.9919196630222145, -0.34962188436729824, -0.7171528949004699, -0.47871270611295874, -0.23834280244120476, -0.6859528602432657, -0.33829510004888386, -0.0687872617955499, 1.2714425167790107, 0.24247313133735124, -0.10984426429698103, 0.15322302395996257, 1.7801778808290547, -0.06365525351016874, 3.9481455178869687, 0.34148607562692734, -0.10790924439961908, 0.23810007663029908, -0.1269337207412202, -0.3114788800968672, -0.26038586831948385, 0.15144821031612254, -0.21803436193186984, 0.1873536245295051, 1.7999054347010361, 0.4313836050588452, -0.1770306254505792, -0.3479790495618792, -0.19563684668750908, 0.11513338987123416, -0.23126681545311914, -0.3390557939914164, -0.5361311731858631, 1.9844643387869876, 0.17845085241068492, -0.17509957094595435, 0.15222435447505944, -0.16231391162481332, -0.21139268034248154, -0.3390557939914162, -0.541336274043916, 1.193115108019971, 0.22960987495801494, -0.496557944763638, -0.07683673051314607, -0.5249271692857365, 1.541595986756659, 0.45151682918644104, -0.31671469990785506, -0.246083802346186, 0.27367986266447114, -0.21428477997071588, -0.192758217477193, -0.24481616805964734, -0.3390557939914167, -0.14818395158410458, -0.5526666163253506, 0.935452516553238, -0.35453015074211547, -0.24935412959413333, 0.11292676114742939, 0.22126188618435838, -0.19591903283859077, -0.20550726339623931, -0.33905579399141667, -0.14901395528013717, -0.5396135576170056, -0.3923304367284274, 0.2873807999499043, -0.18591254255040582, -0.19302105713411102, -0.2610282580967159, -0.3390557939914166, -0.5496810239185961, 1.782008511720907]}