{"from": [0, 0, 0, 1, 2, 2, 2, 2, 3, 3, 3, 4, 5, 6, 6, 6, 7, 7, 7, 7, 7, 8, 8, 8, 8, 9, 9, 10, 10, 10, 11, 11, 11, 11, 11, 12, 12, 12, 12, 13, 13, 13, 13, 13, 14, 14, 14, 14, 14, 14, 15, 15, 15, 15, 16, 16, 16, 17, 18, 18, 18, 18, 18, 18, 19, 19, 19, 19, 19, 21, 21, 21, 21, 21, 21, 21, 21, 21, 21, 22, 22, 22, 22, 22, 22, 22, 22, 22, 22, 22, 23, 23, 23, 23, 23, 23, 23, 23, 23, 23, 23, 24, 24, 24, 24], "to": [1, 4, 25, 25, 0, 1, 4, 25, 5, 9, 25, 25, 25, 1, 5, 25, 1, 13, 14, 16, 25, 1, 5, 9, 25, 5, 25, 5, 9, 16, 5, 8, 9, 10, 16, 8, 9, 16, 25, 3, 5, 16, 24, 25, 1, 5, 12, 16, 19, 24, 8, 14, 16, 24, 5, 8, 9, 23, 9, 13, 19, 20, 24, 25, 5, 8, 16, 20, 24, 8, 9, 13, 16, 18, 19, 20, 23, 24, 25, 1, 5, 8, 12, 14, 16, 18, 19, 20, 23, 24, 1, 5, 8, 9, 11, 13, 16, 18, 19, 20, 24, 1, 8, 20, 25], "influence_y": [[0, 1, 2, 3, 4, 5, 6, 7, 8, 9, 12, 13, 18, 21, 24]], "weights": [0.7194452214275643, -0.4116131264438747, 0.7490074435629177, 2.584148920697932, -0.7570855716674011, -0.15030352343967263, -0.5270673334613976, 1.2160107593869864, 0.2697402018125936, 0.027282801032863693, 2.9226152842124478, 1.3507047702325936, 0.7682480595608185, -0.19167042896833483, -0.1529337463306481, 2.035739155005893, 0.26807957779982416, -0.2918836003704904, -0.11605017770678208, 0.2658812096197206, 1.696816543570483, 0.08080936811205983, 0.3128670637974601, -0.2219556891543944, 0.7571453323029752, -1.1765265492501051, 0.731267800776773, -1.0144073446769486, -0.6901204709405083, 0.13383220786682276, -0.5695086315281699, 0.19263418718440692, -0.5854704922580671, -0.3581730769230768, 0.2121668135659101, -0.17353726171834682, 0.06080710476317507, -0.08007731789224709, 2.0211413160488414, -1.651859910929979, -0.21779515102073582, 0.09368867985362059, -0.07124258531496724, 2.8793020570991796, 0.14591599758438883, 0.2571419671879084, 0.28597538031500297, 0.1685428361878819, -0.1080228652156851, -0.0872615890170162, 0.34988869363656844, -0.27873815732831514, 0.25467738994985084, -0.30777898245976465, 0.22786156839769708, 0.12569468297881944, -0.1540670814073453, -0.20181182756532623, 0.08008993665212502, -0.17163611777321447, -0.2550847831496628, -0.5555555555555554, -0.3531636710569753, 0.8554253623337571, 0.2905828223026775, -0.2323467632644258, -0.25514029433883656, -0.5555555555555552, -0.3566619831968548, -0.347757294204672, 0.12453717502720249, -0.24022238865986545, -0.2784226513233086, -0.17158176943699674, -0.2543306341571332, -0.5555555555555558, -0.14845443854583534, -0.3700330509335587, -1.5248212852844143, -0.24239844873410954, -0.26122431162728077, -0.29382196363356244, -0.21455679191528207, 0.13461218855571394, -0.21298279944789056, -0.17158176943699702, -0.23651835319071704, -0.5555555555555559, -0.14491199689176348, -0.34118476534487513, -0.2005454685385681, -0.29814783683780904, -0.20049635691968465, 0.1708389702191042, -0.17846790890269154, -0.21767713097289665, -0.1193644699194685, -0.17158176943699768, -0.25152152891511764, -0.5555555555555555, -0.3630421222806401, -0.2608471069479014, 0.1534767687756689, -0.5555555555555556, 1.097693353830168]}