{"from": [0, 0, 0, 0, 1, 2, 2, 2, 2, 3, 3, 3, 4, 5, 5, 6, 6, 6, 7, 7, 7, 8, 8, 8, 9, 9, 9, 10, 10, 10, 10, 11, 11, 11, 11, 11, 12, 12, 12, 12, 13, 14, 14, 14, 14, 14, 14, 15, 15, 15, 16, 16, 16, 17, 17, 17, 18, 18, 18, 18, 18, 18, 19, 19, 19, 19, 19, 19, 20, 20, 20, 20, 20, 21, 21, 21, 21, 21, 21, 21, 21, 21, 22, 22, 22, 22, 22, 22, 22, 22, 23, 23, 23, 23, 23, 23, 24, 24, 24], "to": [1, 4, 5, 25, 25, 0, 1, 4, 25, 5, 13, 25, 25, 4, 25, 1, 3, 25, 1, 3, 5, 1, 5, 25, 5, 8, 25, 3, 5, 8, 9, 5, 9, 10, 16, 25, 3, 8, 9, 25, 25, 1, 5, 11, 12, 19, 25, 12, 14, 24, 5, 9, 25, 3, 23, 25, 5, 9, 19, 20, 23, 24, 8, 9, 16, 20, 24, 25, 1, 3, 8, 24, 25, 3, 5, 8, 9, 16, 19, 20, 23, 24, 1, 5, 8, 19, 20, 23, 24, 25, 5, 9, 11, 19, 20, 24, 1, 8, 25], "influence_y": [[0, 1, 2, 3, 4, 5, 6, 8, 9, 11, 12, 13, 14, 16, 17, 19, 20, 22, 24]], "weights": [0.7414533365305391, -0.4135209509200722, -0.0958353472518807, 0.8334637703574341, 2.247394330134448, -0.7591101316738295, -0.15388433123773873, -0.5064946230349904, 1.1983201850775531, 0.3533557184041766, -0.40805200115842877, 0.5759880061011187, 1.2080870603761182, -0.10199239355182951, 2.334640718895926, -0.20800324333053757, -0.13942531291820834, 2.9310432367738533, 0.34641485357348245, 0.4313338668057091, -0.29782194467198775, 0.07939942929824594, 0.33520011456341414, 1.7990361032717763, -1.2998662472599432, -0.41840046144618204, 1.2725680503223182, 0.19228938951349256, -1.07276244616056, -0.23553932050443516, -0.6796993172968929, -0.6737053978950424, -0.636719244162605, -0.3527980535279805, 0.22051440800267874, 1.9667992601971012, 0.28917277867512514, -0.14009348118294376, 0.11716048739464893, 1.6177734108240707, 1.8738749336150844, 0.162961357495071, 0.18099580948740707, -0.13257208417813388, 0.22736571244773246, -0.09651897524012079, 1.2682757222040322, -0.2800857724884744, -0.25475951903807637, -0.15818745954991767, 0.1865723479343884, -0.16394466522083123, 1.7169536568285326, -0.5057895557098256, -0.30520863956730243, 1.2201342053547342, -0.24353129101055873, 0.10901155529421612, -0.26048036943173747, -0.34684684684684686, -0.1814984071996234, -0.6075982792096615, -0.134238291933811, 0.1558775500249666, -0.198995286470543, -0.34684684684684647, -0.6117611070925539, 0.9435336562587587, 0.18170318433400962, -0.3511581738524812, 0.15127630407402987, -0.6117070443927763, 2.3001315844925627, 0.40664017744724473, -0.34258771536509136, -0.2078198333101087, 0.23613391100582082, -0.2728703559194482, -0.2604225216791215, -0.3468468468468465, -0.19018729564999598, -0.6176953510958269, -0.28770342569157603, -0.3203278646751956, -0.28058031098518177, -0.24577714525690855, -0.3468468468468466, -0.20129511287948898, -0.6117611070925539, 2.592990296635311, -0.5265315455677353, 0.25700028737044456, -0.1489655268010847, -0.25744629672567987, -0.34684684684684663, -0.6167685667198018, -0.1860711697287409, 0.17318297270792346, 0.620196014857329]}