{"from": [0, 0, 0, 0, 0, 2, 2, 2, 3, 3, 4, 4, 5, 6, 6, 6, 7, 7, 7, 7, 8, 8, 8, 8, 8, 9, 10, 10, 10, 10, 11, 11, 11, 11, 11, 11, 12, 12, 12, 12, 12, 13, 13, 13, 14, 14, 14, 14, 15, 15, 15, 15, 16, 16, 16, 16, 16, 16, 17, 17, 18, 18, 18, 18, 18, 18, 18, 19, 19, 19, 20, 20, 21, 21, 21, 21, 21, 21, 21, 21, 21, 22, 22, 22, 22, 22, 22, 22, 23, 23, 23, 23, 23, 23, 23, 24, 24, 24, 24, 24, 24], "to": [1, 2, 4, 5, 25, 1, 4, 25, 5, 25, 5, 25, 25, 1, 4, 25, 1, 13, 16, 25, 5, 9, 19, 20, 25, 5, 5, 9, 16, 25, 5, 8, 9, 10, 16, 25, 3, 8, 9, 16, 25, 3, 16, 25, 5, 12, 16, 25, 12, 14, 24, 25, 5, 8, 9, 19, 20, 25, 9, 23, 5, 9, 19, 20, 23, 24, 25, 2, 5, 9, 1, 19, 3, 8, 9, 16, 18, 19, 20, 23, 24, 1, 8, 18, 19, 20, 23, 24, 5, 8, 9, 11, 19, 20, 24, 8, 9, 16, 19, 20, 25], "influence_y": [[0, 2, 3, 4, 5, 6, 7, 8, 10, 11, 12, 13, 14, 15, 16, 18, 24]], "weights": [0.7440252733053707, -0.7654069724485566, -0.40232213620969304, -0.054074790097569464, 1.0333124535041622, -0.1401649036328541, -0.5568669074712773, 0.9718571952758874, 0.3374883062903333, 0.7328027279322366, -0.0697979569356343, 2.731626445331492, 0.8225858933763873, -0.17293099349497726, 0.27500638322843407, 0.8554416176620555, 0.27760522888320754, -0.2683264795279817, 0.15677330519759036, 2.0220085905670593, 0.36085537783326005, -0.17841987949191326, -0.09399756909561074, 0.10413491026019661, 2.3640938395386346, -1.3026922074457958, -0.9960269084655978, -0.7019707889554568, 0.15501118654481724, 0.7622328319297699, -0.5766456807204844, 0.17127565877616174, -0.6184910787644623, -0.3390663390663393, 0.24897601319890128, 1.4844137943134912, 0.1592778308533065, -0.1627139168948819, 0.07850740456860011, -0.10822420345199933, 1.5470993693729191, -1.63802520963586, 0.14657240395160837, 1.6702667430276341, 0.26942774332655506, 0.22196442382057263, 0.2059776156445539, 2.9686738312162726, -0.33955732331602384, -0.24342105263157907, -0.18568633282105726, 1.908640736587585, 0.20848714801451182, 0.12008890279115828, -0.12852619311410837, -0.08104048250524462, 0.09872793752759998, 0.4463457540712915, -0.13516020895153855, -0.31500658571962914, -0.16920845405779958, 0.1427065772572167, -0.5203252189128138, -0.3330900157710841, -0.1878497204957173, -0.23217996747127387, 2.4197932269317275, 0.24337563463351666, 0.3383019855089169, 0.15078216950909107, 0.25269984132091095, -0.480657775735995, 0.27495409407636184, -0.24391042485591, 0.21160270668720638, -0.11541129357353978, -0.15825688073394442, -0.5553850247226017, -0.29253094221543535, -0.1918443692276692, -0.24378536327258976, -0.2370520913476739, -0.2539155319541824, -0.1582568807339455, -0.5420500555565806, -0.30839380469633587, -0.20295037064727112, -0.23694115549232653, -0.2434158760018271, -0.16812849934961058, 0.22976256615444224, -0.19009776095868802, -0.5407038669896087, -0.30966886239163155, -0.24279061506104857, 0.20929676036005876, 0.11976292161732949, 0.13502289993139993, -0.48490628093270605, -0.37330954696973095, 1.3934030163925648]}