{"from": [0, 0, 2, 2, 2, 5, 5, 6, 7, 7, 7, 8, 8, 9, 9, 10, 10, 10, 10, 11, 11, 11, 11, 11, 11, 12, 12, 12, 12, 13, 13, 13, 14, 14, 14, 14, 14, 15, 15, 15, 15, 15, 15, 15, 16, 16, 16, 17, 17, 17, 18, 18, 18, 18, 18, 19, 19, 19, 19, 19, 19, 19, 20, 20, 21, 21, 21, 21, 21, 21, 21, 21, 21, 22, 22, 22, 22, 22, 22, 22, 22, 22, 22, 23, 23, 23, 23, 23, 23, 23, 24, 24, 24], "to": [1, 4, 0, 1, 4, 3, 4, 1, 1, 13, 16, 5, 9, 3, 5, 3, 5, 9, 16, 5, 8, 9, 10, 16, 23, 3, 8, 9, 16, 3, 5, 16, 9, 12, 16, 19, 23, 3, 8, 12, 14, 16, 18, 24, 5, 8, 9, 3, 9, 23, 8, 9, 20, 23, 24, 8, 9, 16, 18, 20, 23, 24, 1, 24, 3, 8, 9, 16, 18, 19, 20, 23, 24, 1, 8, 9, 14, 16, 18, 19, 20, 23, 24, 5, 8, 9, 13, 16, 20, 24, 1, 8, 9], "influence_y": [[0, 1, 2, 6, 7, 8, 12, 13, 18, 19, 20, 23]], "weights": [0.759005823587413, -0.3844016224840206, -0.7546091391966259, -0.11152946093026825, -0.5113448623269259, 0.11076522715830216, -0.05651556743629305, -0.16159697850718818, 0.17792121974908054, -0.18088740820442314, 0.16846142512487886, 0.29785203486813105, -0.18559925792583531, 0.1512579116086292, -1.2597062826574243, 0.09989357341134349, -0.9329635014496364, -0.6856244918333594, 0.14657101837969563, -0.5207849119544854, 0.10206025767483161, -0.5945964341089819, -0.31564286854169976, 0.2593204132770732, -0.12021136412555458, 0.10788756143303338, -0.1500949886261849, 0.09436121021896944, -0.0703542920097157, -1.5628053179355945, -0.5242100714003453, 0.11255560398379733, -0.06812828435248298, 0.17281748769459204, 0.1910382003362688, -0.09245652648462724, -0.08070779738303777, -0.2702392021099267, 0.1738143880228988, -0.19377346335574833, -0.16301981242647978, 0.19387933007949926, 0.09651066857437697, -0.17655904276635853, 0.06624066168164619, 0.10903882636828635, -0.13241725184136774, -0.15477994926472627, -0.1116491048135593, -0.22603268036718344, -0.049108797214326545, 0.14479249616841078, -0.30593944631247205, -0.23223819035064988, -0.5434044232083113, -0.2325715226404864, 0.12071072122855588, -0.24438234048927757, -0.17510363219876396, -0.3053982836501049, -0.2417664477536161, -0.5492657041058931, 0.17529855262399896, -0.5490511960658376, 0.11155001557777257, -0.36906203367663887, 0.22155870367757435, -0.19681203181076717, -0.16597446233239455, -0.15746762283792815, -0.2963169657081239, -0.2469585106480584, -0.5507856438686395, -0.07655449076533823, -0.25067711001786325, 0.09645667046491385, 0.08014587390034897, -0.1677049056777882, -0.16929812470819983, -0.14238400071013874, -0.29652420067075186, -0.23765059834648694, -0.5438659586870257, -0.28472133020317436, -0.19640831328639372, 0.23826767809832364, -0.06953539878315351, -0.09852748194513743, -0.305558439139846, -0.5512651652178056, -0.04387737465373417, 0.08778234837202263, 0.0776596818408941]}