{"from": [0, 0, 2, 2, 2, 3, 4, 6, 6, 7, 7, 7, 7, 8, 8, 9, 10, 10, 10, 10, 11, 11, 11, 11, 11, 12, 12, 12, 12, 12, 13, 13, 13, 14, 14, 14, 14, 14, 15, 15, 15, 15, 15, 16, 16, 16, 17, 17, 18, 18, 18, 18, 19, 19, 19, 19, 19, 19, 19, 21, 21, 21, 21, 21, 21, 21, 21, 21, 21, 22, 22, 22, 22, 22, 22, 22, 22, 22, 23, 23, 23, 23, 23, 23, 23, 23, 23, 23, 23, 24, 24, 24], "to": [1, 4, 0, 1, 4, 5, 5, 1, 13, 1, 13, 16, 24, 5, 9, 5, 5, 9, 13, 16, 5, 8, 9, 10, 16, 3, 8, 9, 13, 16, 3, 16, 24, 5, 12, 16, 19, 24, 3, 12, 14, 18, 24, 5, 8, 9, 13, 23, 9, 13, 20, 24, 5, 8, 13, 16, 18, 20, 24, 3, 8, 9, 13, 16, 18, 19, 20, 23, 24, 1, 8, 13, 16, 18, 19, 20, 23, 24, 1, 5, 8, 9, 11, 13, 16, 18, 19, 20, 24, 1, 8, 20], "influence_y": [[0, 2, 4, 7, 8, 10, 12, 13, 18, 19, 21, 22]], "weights": [0.7489876800299878, -0.3769694702955354, -0.751489509571471, -0.12655418485046116, -0.4940924564380605, 0.3128922175973436, -0.03125997144488484, -0.15971254635235266, 0.09399492564892836, 0.19739657844579928, -0.27101071970917895, 0.13663146459500086, -0.053458663381294506, 0.2905459745811447, -0.20483543245979935, -1.3117580343448136, -1.0066674210368969, -0.6828385509630502, -0.08578460388140716, 0.14124657882713793, -0.5651977807005875, 0.05225669747723007, -0.6167157909115358, -0.321116370594436, 0.2302013935329445, 0.06323210688986518, -0.15825845535706962, 0.0668852749505654, -0.05999046022694264, -0.08822699287275586, -1.5995390480817193, 0.07241236240971088, -0.06284552031681354, 0.18724692718903704, 0.1809323619827812, 0.14092353231797486, -0.08843386043800816, -0.054151139279578424, -0.23529148489755528, -0.24521678468962996, -0.24045441575769821, 0.11802424695373649, -0.28361487649555395, 0.14347704582128826, 0.09809201771348916, -0.10875910436884544, 0.15024933645171415, -0.25235701762642165, 0.03126244704613174, -0.1332946009368046, -0.509407150534643, -0.3322736306905084, 0.1770950115612825, -0.22487565944052107, -0.1408982921029577, -0.22923735355545466, -0.2314339376848932, -0.5085358181851907, -0.3427703514044933, 0.14055733290841496, -0.32055748807032375, 0.09711235979310662, -0.23267267177415527, -0.23427485140196716, -0.2223781439980313, -0.17948852437724824, -0.5015881814221987, -0.12904797023526893, -0.35459212863579287, -0.20750155105233414, -0.25455740012729705, -0.06930551442735093, -0.1519212048869933, -0.22342357206806238, -0.16522032715824553, -0.4973996890584578, -0.13226273879288808, -0.32636256976945, -0.13642349547285426, -0.25489611101645515, -0.2305143099058824, 0.14558914514026744, -0.1165608369618304, -0.20636119221012061, -0.11318506407638822, -0.22962147491606552, -0.1819715219055701, -0.5079798476967394, -0.3486991452800171, -0.15946911521447854, 0.03881797344404755, -0.5101201911077445]}