{"from": [0, 0, 1, 2, 2, 2, 2, 3, 3, 3, 4, 6, 7, 7, 7, 8, 8, 9, 10, 10, 10, 11, 11, 11, 11, 11, 12, 12, 12, 12, 13, 13, 13, 14, 14, 14, 14, 14, 15, 15, 15, 15, 15, 16, 16, 16, 16, 17, 17, 17, 17, 18, 18, 18, 18, 18, 19, 19, 19, 19, 19, 19, 20, 20, 21, 21, 21, 21, 21, 21, 21, 21, 21, 21, 22, 22, 22, 22, 22, 22, 22, 22, 23, 23, 23, 23, 23, 23, 23, 23, 23, 24, 24], "to": [1, 4, 8, 0, 1, 4, 8, 5, 8, 9, 5, 1, 1, 13, 16, 5, 9, 5, 5, 9, 16, 5, 8, 9, 10, 16, 3, 8, 9, 16, 3, 16, 24, 5, 9, 12, 16, 19, 3, 8, 12, 18, 24, 3, 5, 8, 9, 3, 9, 19, 23, 5, 9, 19, 20, 24, 5, 8, 9, 16, 20, 24, 1, 8, 3, 5, 8, 9, 16, 18, 19, 20, 23, 24, 1, 5, 8, 18, 19, 20, 23, 24, 5, 8, 9, 11, 13, 18, 19, 20, 24, 8, 20], "influence_y": [[2, 4, 5, 6, 7, 8, 22]], "weights": [0.7646766249041723, -0.40026323112994455, 0.03861145960354684, -0.7465695301279605, -0.09866861645972262, -0.5120017883556575, 0.04632548147509596, 0.33106441040549817, 0.0255003814391873, 0.016979530054516526, -0.0687917514702907, -0.12375628128076449, 0.1811835155778264, -0.17082522882979354, 0.09923644105651958, 0.2799928299392284, -0.20736504079387563, -1.2530036208237239, -0.9878939091545468, -0.6871860423329436, 0.10257597115962787, -0.5547097940862313, 0.13765044328121132, -0.6029686516720868, -0.3199859007265984, 0.21616989175731116, 0.09887377946523865, -0.17065609539435392, 0.06604623336266259, -0.03253916348313975, -1.6141934157166904, 0.07850243983528907, -0.03865757112954632, 0.15378152958829225, -0.03499641070485163, 0.1267913286893847, 0.06824676221561889, -0.11119915040068727, -0.14709061019015268, 0.17985285498222248, -0.3720982437040613, 0.11531941232544346, -0.3418419896494773, -0.04011312313002759, 0.19828208458091792, 0.1098311093864712, -0.11834142998458134, -0.33995081903301083, -0.04041410047611689, -0.11896502271655018, -0.2710145531328134, -0.11988491879893953, 0.059037935213972284, -0.23975739780251565, -0.5323619546094893, -0.31897302393655386, 0.1505293177352802, -0.2250479357784936, 0.05125462390528778, -0.17713022486170152, -0.532505314000585, -0.32738049772644373, 0.14328223678906435, 0.06742222172451046, 0.18036781493857798, -0.11667188389670645, -0.3031459772442226, 0.12709355652520013, -0.14904363559826053, -0.17383960990658873, -0.24005661369810988, -0.5290896758793866, -0.14871795754176803, -0.3266358131002647, -0.10896828549100959, -0.192625515591954, -0.20986870296954174, -0.17428419390658162, -0.22103866422717192, -0.5285353608659245, -0.15482823435215404, -0.3152543146503813, -0.3068830662582397, -0.15462895396568885, 0.17397133585331573, -0.12405113826345945, -0.05749071808122809, -0.17815593089599485, -0.24887242986541705, -0.5320150543475245, -0.33230008896470453, 0.1548162067563935, -0.5331152594448655]}