{"from": [0, 0, 2, 2, 2, 3, 4, 6, 7, 7, 7, 8, 8, 9, 10, 10, 10, 10, 11, 11, 11, 11, 11, 12, 12, 12, 12, 12, 13, 13, 14, 14, 14, 14, 14, 15, 15, 15, 15, 15, 15, 15, 16, 16, 16, 17, 18, 18, 18, 18, 18, 18, 18, 18, 19, 19, 19, 19, 19, 19, 19, 20, 21, 21, 21, 21, 21, 21, 21, 21, 21, 21, 22, 22, 22, 22, 22, 22, 22, 22, 22, 23, 23, 23, 23, 23, 23, 23, 23, 23, 24, 24, 24], "to": [1, 4, 0, 1, 4, 5, 5, 1, 1, 13, 16, 5, 9, 5, 5, 9, 13, 16, 5, 8, 9, 10, 16, 3, 8, 9, 13, 16, 3, 16, 5, 9, 12, 16, 19, 3, 8, 12, 14, 16, 18, 24, 5, 8, 9, 23, 1, 8, 9, 13, 19, 20, 23, 24, 5, 8, 9, 13, 16, 20, 24, 1, 3, 8, 9, 13, 16, 18, 19, 20, 23, 24, 1, 5, 8, 16, 18, 19, 20, 23, 24, 5, 8, 9, 11, 13, 16, 19, 20, 24, 8, 9, 20], "influence_y": [[0, 6, 12, 13, 18, 19, 22, 23]], "weights": [0.7545240892034581, -0.3110852430039727, -0.7617316088835555, -0.11418079603894746, -0.4464476869863436, 0.32469729453053503, -0.04106120715342564, -0.13976831920573013, 0.18902446852438023, -0.23176159585104975, 0.19733589992003664, 0.3338643114165985, -0.21832616368034904, -1.3038092561834176, -0.9954003828690475, -0.6804894410762656, -0.06881712100079916, 0.11889634227942228, -0.5545585628445276, 0.09977301507027236, -0.5974161476820786, -0.3097886530087355, 0.21183943256518234, 0.08537311702566378, -0.15304616919760933, 0.069689813422778, -0.028657246947987162, -0.06722121344580395, -1.6377159627511524, 0.11415469669101005, 0.15516653694634508, -0.037731838508914435, 0.15025768159440064, 0.15083368274293105, -0.08521672105926573, -0.1759414728616387, 0.11356280203085671, -0.2141807164828769, -0.12342305227798937, 0.0978833271273362, 0.10011987924536518, -0.2638705989970359, 0.149049289526108, 0.11003967366817845, -0.1315985479050016, -0.1694613011352459, 0.08362146099493477, -0.049012152110579535, 0.05856105177323609, -0.12987369488320152, -0.20000047513409042, -0.5271548691185839, -0.1622683778569146, -0.3113044377275487, 0.1957678751579747, -0.26232523464185664, 0.03211858738751754, -0.13709716506473943, -0.24005591475719928, -0.5272061694120631, -0.32106682954272997, 0.21602772014398808, 0.17910251165871752, -0.3868642348108474, 0.1251772209424297, -0.1880821945814363, -0.25509721835196664, -0.1313149123508571, -0.19718659399719296, -0.5241912868024088, -0.1589922629040684, -0.3211207693048882, -0.10012932247869624, -0.08956753584736032, -0.2964507118603308, -0.17397309717983991, -0.13443003668208722, -0.18021313005628914, -0.5240073233527087, -0.1646942178945694, -0.310639125208539, -0.24909940970015002, -0.21353293098129408, 0.17507144568583294, -0.13703212592749325, -0.1749684742153746, -0.12369693331214973, -0.20305350048313062, -0.5271900010830735, -0.3243967856718771, 0.06151979789158846, 0.02649296977588985, -0.5285025361797501]}