{"from": [0, 0, 2, 2, 2, 3, 5, 6, 6, 7, 7, 7, 8, 8, 9, 10, 10, 10, 10, 11, 11, 11, 11, 11, 12, 12, 12, 12, 13, 13, 14, 14, 14, 14, 15, 15, 15, 15, 15, 15, 16, 16, 16, 17, 17, 17, 18, 18, 18, 18, 18, 18, 19, 19, 19, 19, 19, 20, 20, 20, 21, 21, 21, 21, 21, 21, 21, 21, 21, 21, 21, 22, 22, 22, 22, 22, 22, 22, 22, 22, 23, 23, 23, 23, 23, 23, 23, 23, 23, 23, 24, 24], "to": [1, 4, 0, 1, 4, 5, 4, 1, 4, 1, 13, 16, 5, 9, 5, 5, 9, 13, 16, 5, 8, 9, 10, 16, 3, 8, 9, 16, 3, 16, 5, 12, 16, 19, 3, 8, 12, 16, 18, 24, 5, 8, 9, 3, 8, 23, 5, 9, 13, 19, 20, 24, 5, 8, 16, 20, 24, 1, 13, 24, 3, 5, 8, 9, 13, 16, 18, 19, 20, 23, 24, 1, 5, 8, 16, 18, 19, 20, 23, 24, 5, 8, 9, 11, 13, 16, 18, 19, 20, 24, 1, 8], "influence_y": [[1, 3, 4, 8, 14, 16, 17, 19, 21, 22, 23]], "weights": [0.7615699687066271, -0.36890687376338027, -0.7689303289667083, -0.10508568933219717, -0.47628018807802674, 0.34000252780158, -0.045115853267758854, -0.16012839540413684, 0.12418761511020501, 0.21527967208330445, -0.24228567969451353, 0.18541395060003804, 0.3111150050263041, -0.20613468212578975, -1.2190100295159167, -1.020432142718555, -0.6704486194819226, -0.05131531294401204, 0.12832102932166992, -0.5474756236698473, 0.08167996405716021, -0.5965082168269884, -0.3206436592675643, 0.22731098271320418, 0.10664829586865361, -0.15489601643305106, 0.05337343964664308, -0.08063744575864049, -1.6211188752998056, 0.09539342916811737, 0.14751361393366103, 0.18039816118132487, 0.17523093241572524, -0.08035075232017153, -0.3594012825661724, 0.054964327857184914, -0.28841141158540573, 0.1552575831013407, 0.09651077341447045, -0.1345003428181786, 0.19693812272408404, 0.09800226606517728, -0.12032827800306477, -0.22741479179655272, 0.08260735201998518, -0.28477356506138224, -0.18293819700700817, 0.0396468037179553, -0.030586660795504764, -0.2150938539870094, -0.32202151728450407, -0.5287628285998548, 0.11644697884767152, -0.22245512517692828, -0.24960755029488613, -0.3219679840956618, -0.5331766178606412, 0.18105360630533918, 0.08985751776799077, -0.5333820512111787, 0.22652448805544972, -0.1893419141441916, -0.3313833035119649, 0.11065194201843583, -0.06944816741993216, -0.2708565645590344, -0.16546108204635493, -0.21082740486301185, -0.314638081608162, -0.1429227004274107, -0.5325255771864309, -0.06758608298193844, -0.18759409371781569, -0.21056717560003008, -0.1637083747668447, -0.16749891594302505, -0.1909967107510243, -0.31186179408687537, -0.15706961277582032, -0.5232678758260711, -0.4447930940277067, -0.12893190140108676, 0.156790950914141, -0.13087213212489798, -0.09523522233995148, -0.12500391400714847, -0.1718706419905273, -0.21572772668007414, -0.3203153005805854, -0.5331239161051988, -0.07000894055987415, 0.09440110088461631]}