{"from": [0, 0, 0, 1, 2, 2, 3, 4, 6, 6, 6, 7, 7, 7, 8, 8, 9, 10, 10, 10, 10, 11, 11, 11, 11, 11, 12, 12, 12, 12, 13, 13, 14, 14, 14, 14, 15, 15, 15, 15, 16, 16, 16, 17, 17, 17, 17, 18, 18, 18, 18, 18, 18, 19, 19, 19, 19, 19, 19, 19, 19, 19, 20, 20, 20, 21, 21, 21, 21, 21, 21, 21, 21, 21, 21, 22, 22, 22, 22, 22, 22, 22, 22, 23, 23, 23, 23, 23, 23, 23, 23, 23, 24, 24, 24], "to": [1, 2, 4, 5, 1, 4, 5, 5, 1, 4, 13, 1, 13, 16, 5, 9, 5, 5, 9, 13, 16, 5, 8, 9, 10, 16, 3, 8, 9, 13, 3, 16, 5, 9, 12, 16, 3, 12, 18, 24, 5, 8, 9, 3, 5, 13, 23, 1, 5, 9, 13, 20, 24, 5, 8, 9, 13, 16, 18, 20, 23, 24, 1, 13, 24, 3, 5, 8, 9, 13, 18, 19, 20, 23, 24, 1, 5, 8, 18, 19, 20, 23, 24, 1, 5, 8, 9, 11, 13, 18, 20, 24, 1, 8, 16], "influence_y": [[0, 3, 7, 17, 22, 23, 24]], "weights": [0.7603310678799696, -0.7515684715512286, -0.3856294485008825, -0.027228839904782587, -0.12678174338028583, -0.5157007906682963, 0.3386519815251398, -0.06782125736385128, -0.15802220523226806, 0.12972063196548664, 0.03648365090878125, 0.24470943547559018, -0.25916365524271867, 0.08786259121166531, 0.3556319716233276, -0.2044814734581988, -1.2156614645517723, -0.9584760280613821, -0.6803933857559583, -0.08756538044560103, 0.06979482697672879, -0.5631961946768524, 0.08541170021984093, -0.606456998701015, -0.33235712252317823, 0.19956892200584953, 0.11334479384374183, -0.1344805673810187, 0.08241539421902346, -0.05306264101604855, -1.6232097560509677, 0.05649484760105296, 0.18733857998432163, -0.04094484913894515, 0.15351218553133014, 0.08768978305347647, -0.22596785989495133, -0.24107576344870904, 0.10297013487996351, -0.19638388387257016, 0.17823934784659012, 0.10755725764030813, -0.1044879577168772, -0.2328149097984075, 0.1794875000900625, 0.15815442898859905, -0.3025302488760385, 0.10286992956299437, -0.18961063306361614, 0.044666274536614856, -0.10828943168158232, -0.29893823340099757, -0.519471875440101, 0.1896029503022161, -0.2444451457827432, 0.0308142292388893, -0.08216055802225951, -0.118123189792529, -0.21315366430645097, -0.29721718071015724, -0.15519516516631715, -0.5260434402395916, 0.21489028456402914, 0.108393459302762, -0.5255648540284239, 0.2641880468626678, -0.2311513008478618, -0.33614402463819226, 0.09451771890931049, -0.16568058128002403, -0.20184383681241932, -0.14813368277543718, -0.2823429727935243, -0.13467209319293802, -0.5279715085820504, -0.15153267452409722, -0.23628442763043545, -0.21428384683392915, -0.20690219209902275, -0.1483156897488292, -0.2857429884416305, -0.1471648671147227, -0.5200277175826659, -0.06717667514308377, -0.3254307342629054, -0.1635969827403672, 0.15579040698149174, -0.1392931602455554, -0.1855854419680484, -0.21443475251214944, -0.29648289340457107, -0.5238064813484701, -0.09683505278716527, 0.0990870534067106, 0.03887959108548201]}