{"from": [0, 0, 2, 2, 2, 3, 3, 5, 6, 6, 7, 7, 7, 7, 8, 9, 9, 10, 10, 10, 10, 11, 11, 11, 11, 11, 12, 12, 12, 13, 13, 14, 14, 14, 14, 14, 15, 15, 15, 15, 15, 15, 16, 16, 17, 17, 18, 18, 18, 18, 18, 18, 18, 19, 19, 19, 19, 19, 19, 20, 20, 20, 20, 21, 21, 21, 21, 21, 21, 21, 21, 21, 21, 22, 22, 22, 22, 22, 22, 22, 22, 22, 22, 23, 23, 23, 23, 23, 23, 23, 23, 23, 24, 24], "to": [1, 4, 0, 1, 4, 5, 8, 4, 1, 4, 1, 13, 14, 16, 5, 5, 8, 5, 8, 9, 16, 5, 8, 9, 10, 16, 3, 8, 9, 3, 16, 5, 9, 12, 16, 19, 3, 8, 12, 14, 18, 24, 5, 9, 9, 23, 1, 5, 9, 19, 20, 23, 24, 5, 8, 9, 16, 20, 24, 1, 8, 13, 24, 3, 5, 8, 9, 16, 18, 19, 20, 23, 24, 1, 5, 8, 9, 14, 18, 19, 20, 23, 24, 1, 5, 8, 9, 11, 13, 19, 20, 24, 1, 8], "influence_y": [[0, 6, 14, 18, 22]], "weights": [0.7262528979885257, -0.43499421174894803, -0.7493310634117565, -0.14892584135290174, -0.546365480976017, 0.3213829792006598, 0.030452532317995728, -0.0556381060757294, -0.1720699616001668, 0.12831307790985333, 0.2438696237176106, -0.20158690380086253, -0.08525322741453419, 0.06393821316081837, 0.2982000755346784, -1.2767052042054545, -0.5013417995969703, -1.0097344872161877, -0.3365640991852849, -0.679454566977601, 0.044520462460467404, -0.5221896347227407, -0.1447079252566045, -0.6235700262045479, -0.3038563639390588, 0.20772777488379196, 0.0801046022697392, -0.10038978790757298, 0.12734777908121858, -1.6215585504896086, 0.06403285722681502, 0.17325066504035794, -0.04128756815869794, 0.15451260954594478, 0.047533840049773735, -0.07296917677992833, -0.18435458469602697, 0.19306507463946226, -0.24179733966546066, -0.22713254568363925, 0.07486984018730201, -0.20848399957530847, 0.16773378399642616, -0.1369097673326413, -0.1074692472813592, -0.2964190499387695, 0.07989092141983974, -0.12598226659881998, 0.10890740726172403, -0.2088773246189162, -0.29735032513321763, -0.16552748156391087, -0.5074757572555427, 0.14826135341856603, -0.17932603073210612, 0.14947613094085466, -0.18191724065345063, -0.29797128259055006, -0.5123348700753301, 0.19974120594893136, 0.09558217154101592, 0.06563740036929773, -0.5141610041932959, 0.2001742819455185, -0.12710886983170191, -0.2082572640302872, 0.2542224960361934, -0.18385902232900864, -0.11609227658911997, -0.20383823290409434, -0.2846547902135288, -0.16562150822354807, -0.5167390351784856, -0.17557266326142223, -0.1644197172820923, -0.2016682259612947, 0.11328727663468437, 0.13240585219416995, -0.11561371395786274, -0.18598370415685833, -0.28226317124859845, -0.1790449307651018, -0.5081355486170748, -0.04497430489316101, -0.31085725269826225, -0.0589002839193444, 0.2483484023268324, -0.11151625149495327, -0.04893865183187368, -0.2109297674023209, -0.29704073240263884, -0.5171901804091725, -0.08853771715970626, 0.16929504636786602]}