{"from": [0, 0, 2, 2, 2, 3, 6, 6, 7, 7, 7, 8, 8, 8, 9, 10, 10, 10, 10, 11, 11, 11, 11, 11, 11, 12, 12, 12, 12, 13, 13, 13, 14, 14, 14, 14, 14, 14, 15, 15, 15, 15, 15, 16, 16, 16, 17, 17, 17, 18, 18, 18, 18, 18, 19, 19, 19, 19, 19, 19, 19, 19, 21, 21, 21, 21, 21, 21, 21, 21, 21, 21, 21, 22, 22, 22, 22, 22, 22, 22, 22, 23, 23, 23, 23, 23, 23, 23, 23, 24, 24, 24], "to": [1, 4, 0, 1, 4, 5, 1, 4, 1, 13, 16, 1, 5, 9, 5, 5, 9, 13, 16, 5, 8, 9, 10, 16, 23, 3, 8, 9, 16, 3, 16, 24, 5, 9, 12, 16, 19, 23, 3, 12, 16, 18, 24, 5, 8, 9, 3, 9, 23, 9, 13, 20, 23, 24, 8, 9, 13, 16, 18, 20, 23, 24, 3, 5, 8, 9, 13, 16, 18, 19, 20, 23, 24, 1, 8, 16, 18, 19, 20, 23, 24, 1, 5, 8, 9, 13, 16, 20, 24, 1, 9, 20], "influence_y": [[0, 1, 8, 9, 10, 17, 22, 23]], "weights": [0.7380724726739721, -0.39484728162094995, -0.741560323424255, -0.1228843482986717, -0.5133974839248799, 0.31702318194991147, -0.1311928928110387, 0.12140198219733571, 0.277460444544827, -0.2257706779336221, 0.14312752781511578, 0.041106258120985, 0.3370284002178692, -0.21152296008769778, -1.2155451755004913, -0.9182729408059067, -0.6833650571556805, -0.05544418584582532, 0.14151494146218999, -0.45741269282493013, 0.08728552787142, -0.6039400679521395, -0.3212221668742055, 0.24621553507570118, -0.09412649239763013, 0.11664575932000215, -0.13987751268477455, 0.06479981002193883, -0.048329418470483824, -1.6098589073870846, 0.11349655718005049, -0.04200050247315953, 0.10690039257848542, -0.0428385464001031, 0.18118924273108197, 0.1570548536141987, -0.0701780304011409, -0.06061643643686522, -0.25797195475133594, -0.318189059351728, 0.09433900575527948, 0.13270814454590896, -0.30043502696539404, 0.10859369176332039, 0.09393719241420051, -0.11931194062130314, -0.18407892454170222, -0.07152972081512578, -0.1953775115140676, 0.0751558363647294, -0.12065361077114557, -0.4943196069572814, -0.20452997839182452, -0.31835608295125095, -0.24701194859946318, 0.04675579386921823, -0.050463431845604124, -0.20185988978310113, -0.18561406866461883, -0.4932938277457491, -0.21216243045492197, -0.3258339397519662, 0.15336030768041878, -0.10669192861183013, -0.3193708722412538, 0.13030249817710293, -0.1642898916573436, -0.2694733985060614, -0.18043090935684736, -0.14465465242282963, -0.4874699442406932, -0.2081054470458976, -0.33351957975243246, -0.17108274152522618, -0.26111885164183857, -0.19488564379396228, -0.18575764959622065, -0.1305116933612921, -0.4840781437559021, -0.20254051155344618, -0.3103099643668917, -0.14373404368843237, -0.27494897005231733, -0.17078265001580803, 0.18098671126460317, -0.1750521746134343, -0.1187687507823449, -0.49356467886403976, -0.33023675364482663, -0.10712931908223228, 0.0504135868737939, -0.495187022614528]}