{"from": [0, 0, 2, 2, 2, 3, 6, 6, 7, 7, 7, 8, 8, 8, 9, 10, 10, 10, 10, 11, 11, 11, 11, 11, 12, 12, 12, 12, 12, 13, 13, 14, 14, 14, 14, 14, 15, 15, 15, 15, 15, 16, 16, 16, 17, 17, 17, 18, 18, 18, 18, 18, 18, 19, 19, 19, 19, 19, 19, 19, 19, 20, 21, 21, 21, 21, 21, 21, 21, 21, 21, 21, 21, 22, 22, 22, 22, 22, 22, 22, 22, 22, 22, 23, 23, 23, 23, 23, 23, 23, 23, 23, 23, 24, 24, 24, 24], "to": [1, 4, 0, 1, 4, 5, 1, 13, 1, 13, 16, 1, 5, 9, 5, 5, 9, 13, 16, 5, 8, 9, 10, 16, 3, 8, 9, 13, 16, 3, 16, 5, 9, 12, 16, 19, 3, 12, 14, 18, 24, 5, 8, 9, 3, 9, 23, 5, 8, 9, 13, 20, 24, 8, 9, 13, 16, 18, 20, 23, 24, 1, 3, 5, 8, 9, 13, 16, 18, 19, 20, 23, 24, 1, 5, 8, 9, 16, 18, 19, 20, 23, 24, 1, 5, 8, 9, 11, 13, 16, 18, 20, 24, 1, 9, 16, 20], "influence_y": [[0, 2, 3, 6, 12, 13, 16, 17, 18, 21, 22, 23, 24]], "weights": [0.7514276633405657, -0.34160772654481736, -0.7493018098371761, -0.13366563844775783, -0.47980130405715843, 0.34677700987204607, -0.1494256474944468, 0.053352893548012245, 0.1956605404450203, -0.22945669756536366, 0.17630214968583852, 0.05247040622661694, 0.31112923985946805, -0.20126815133098527, -1.212735675189059, -0.9913502753239313, -0.6737674576349112, -0.05035402507611946, 0.1145842152309384, -0.568193749786276, 0.08278334983994252, -0.5917306515969903, -0.3085710986299188, 0.26616786085807265, 0.0830493595511162, -0.13352650069642033, 0.08272021659512047, -0.03339896535429241, -0.06382002965873862, -1.6094121986050867, 0.09381797995521869, 0.20432758574140916, -0.04830297469754845, 0.16779374113661286, 0.15775837991481154, -0.08808427535654816, -0.10446864312598378, -0.2510972466663267, -0.13346954553505916, 0.0852911194513316, -0.2662318841783156, 0.1664310597604435, 0.13914160577376986, -0.12366308763623982, -0.15069106128015333, -0.08442746585864895, -0.29094192100838906, -0.17211229083529092, -0.03975400273651062, 0.11196963477619352, -0.11859352312737818, -0.5239675538503271, -0.3032062420048827, -0.2236662342079732, 0.09794862501588472, -0.11017185641065622, -0.24540424087006146, -0.2164343020753401, -0.5235794510518472, -0.1563943433652701, -0.3088456187352532, 0.12450009368387867, 0.19376436441664627, -0.21434778395981569, -0.35620029813800547, 0.18923150389890597, -0.18931671989734722, -0.23343293425262354, -0.20393456004375152, -0.15634719274090594, -0.5197202840735539, -0.146351706285497, -0.31100889001676624, -0.16348138471037912, -0.20729562965026313, -0.2842222084472474, 0.0440896344815026, -0.17682819914888506, -0.20302270015894558, -0.14109963593722502, -0.5185033842882091, -0.1498373837077324, -0.29809607143109657, -0.05847794108886348, -0.39145232419465087, -0.22559455873428264, 0.22252113575222807, -0.10964237877575711, -0.1628453380183558, -0.06743819738027249, -0.21527232254025958, -0.523459435495829, -0.31205984465557757, -0.08470942301456012, 0.07651345648344554, 0.040020200560679293, -0.5245449011590804]}