{"from": [0, 0, 2, 2, 2, 3, 5, 6, 6, 7, 7, 7, 8, 8, 9, 10, 10, 10, 11, 11, 11, 11, 11, 12, 12, 12, 12, 13, 13, 13, 13, 14, 14, 14, 14, 15, 15, 15, 15, 15, 15, 15, 16, 16, 16, 17, 18, 18, 18, 18, 18, 19, 19, 19, 19, 19, 20, 21, 21, 21, 21, 21, 21, 21, 21, 21, 22, 22, 22, 22, 22, 22, 22, 22, 22, 23, 23, 23, 23, 23, 23, 23, 23, 24, 24, 24], "to": [1, 4, 0, 1, 4, 5, 4, 1, 4, 1, 13, 16, 5, 9, 5, 5, 9, 16, 5, 8, 9, 10, 16, 3, 8, 9, 16, 3, 8, 16, 24, 5, 12, 16, 19, 3, 8, 12, 14, 16, 18, 24, 5, 8, 9, 23, 8, 19, 20, 23, 24, 5, 8, 16, 20, 24, 1, 3, 8, 9, 16, 18, 19, 20, 23, 24, 1, 8, 14, 16, 18, 19, 20, 23, 24, 5, 8, 9, 11, 16, 19, 20, 24, 1, 8, 20], "influence_y": [[0, 2, 4, 5, 8, 9, 10, 13, 20, 23]], "weights": [0.7533835077625726, -0.404435697677341, -0.7575115302870709, -0.12823494737257687, -0.5235123412525264, 0.30225044777951304, -0.07714300888716594, -0.13387374582342113, 0.1281390527511467, 0.17857657098216853, -0.14772688672926998, 0.21915414705980804, 0.33811470160652746, -0.21007426307594623, -1.2767268377449024, -0.9658104711241762, -0.6703273494080342, 0.1375856782837995, -0.5809157042937375, 0.11386047237743173, -0.6008124590679789, -0.32321575098602184, 0.23624278224103204, 0.05870335257169244, -0.15701311223204087, 0.04795224758169506, -0.07449134556056265, -1.6403360038712413, -0.04970732446188988, 0.11430233016134479, -0.027412308486497804, 0.14249438664536096, 0.13014264911435208, 0.16386714296980753, -0.07645736899015389, -0.1575854229837418, 0.1427815705264048, -0.24237260473175573, -0.16437236694637222, 0.16113620766862125, 0.09896204304384988, -0.25095893947743836, 0.18034315651908336, 0.14282718227162516, -0.11992481828472648, -0.24452985177005251, -0.11538226405037827, -0.22389931045787176, -0.5326250552635379, -0.15388688758334093, -0.32248631346739964, 0.14324795403615231, -0.2773593490906993, -0.28198698734797706, -0.5331471288255475, -0.3296159198908846, 0.15762462800103727, 0.23267434119663802, -0.387558384629953, 0.09042594556539962, -0.21518998764746466, -0.13129635238802148, -0.21949534169801843, -0.5279874188117043, -0.15008769564124233, -0.331686227916151, -0.14427815290229926, -0.3340903465907139, 0.07482052063815209, -0.21074850068774673, -0.1348210530250793, -0.20319241473013167, -0.5276093523190164, -0.15373407953577792, -0.3186289365601986, -0.1971605741309437, -0.27638224098098374, 0.14700928485356596, -0.1503604287261648, -0.15812636716782638, -0.22385599693328231, -0.5323135167476207, -0.3344540915117015, -0.06422625376393833, 0.08529792545012309, -0.5339252235386361]}