{"from": [0, 0, 2, 2, 2, 3, 5, 6, 6, 6, 6, 7, 7, 7, 8, 8, 9, 10, 10, 10, 10, 11, 11, 11, 11, 11, 11, 12, 12, 12, 12, 12, 13, 13, 13, 14, 14, 14, 14, 14, 14, 15, 15, 15, 15, 15, 15, 16, 16, 16, 17, 17, 17, 17, 17, 18, 18, 18, 18, 18, 18, 18, 19, 19, 19, 19, 19, 19, 19, 19, 20, 20, 21, 21, 21, 21, 21, 21, 21, 21, 21, 21, 21, 22, 22, 22, 22, 22, 22, 22, 22, 22, 23, 23, 23, 23, 23, 23, 23, 23, 24], "to": [1, 4, 0, 1, 4, 5, 4, 1, 4, 13, 23, 1, 13, 16, 5, 9, 5, 5, 9, 13, 16, 5, 8, 9, 10, 16, 23, 3, 8, 9, 13, 16, 3, 8, 16, 5, 9, 12, 16, 19, 23, 3, 8, 12, 14, 18, 24, 5, 8, 9, 3, 8, 9, 13, 23, 5, 8, 9, 13, 20, 23, 24, 8, 9, 13, 16, 18, 20, 23, 24, 1, 24, 3, 5, 8, 9, 13, 16, 18, 19, 20, 23, 24, 1, 5, 8, 16, 18, 19, 20, 23, 24, 1, 5, 8, 9, 13, 16, 20, 24, 1], "influence_y": [[1, 3, 5, 12, 19, 22, 23, 24]], "weights": [0.7456283233710614, -0.3770091346081637, -0.7522877310212739, -0.12914299437605045, -0.5254026955375989, 0.34564936304545735, -0.05735409075866718, -0.17093425620095287, 0.11309916553973874, 0.03747818766472571, 0.0453575968617468, 0.23188016676651957, -0.25890441923725105, 0.17539565076541297, 0.32916288601901633, -0.21481481003115982, -1.2540852576273454, -1.0074705907610788, -0.6605449161320874, -0.08292301770888309, 0.11571514143548582, -0.5840696035995273, 0.13899008394920823, -0.5825291690025367, -0.31730801074208986, 0.2349850359865387, -0.10981763568085288, 0.09910391448251438, -0.17024353016843302, 0.07637044922056926, -0.04871099308509969, -0.06458844774969374, -1.6265715241318413, -0.060333582946030834, 0.105488068565976, 0.21490960575119591, -0.053868618694228744, 0.1615707112020567, 0.1529063274339217, -0.0829870724335158, -0.06327934766516233, -0.21406260532032742, 0.1579956526611231, -0.21671108040404852, -0.15802128097622994, 0.11230410942976782, -0.17959903513203412, 0.111440445479557, 0.10644503744117453, -0.1334087736553746, -0.13933713363090539, 0.1243024850774534, -0.0781974978197164, 0.08782669063445149, -0.281233465167425, -0.17447899655732932, -0.16590205446550949, 0.07791812338448494, -0.1456028784749403, -0.3037861648180412, -0.22861814750112103, -0.5092967005833983, -0.3276524080160079, 0.07500560485174815, -0.17077569710902546, -0.20720860900984334, -0.17844043152644584, -0.30363850691342925, -0.23694749536218002, -0.5131521854816462, 0.15723083358403994, -0.5151816049705532, 0.262601210294699, -0.20993582224114188, -0.41142489324526743, 0.16171398547281557, -0.21007734465187664, -0.20411715552991144, -0.16745823128410608, -0.15544328957625805, -0.28989294849928154, -0.23478690318275314, -0.5151926529256742, -0.20807471715015446, -0.2371237964657821, -0.3519732594254071, -0.1328758136898975, -0.17082655229242524, -0.14131372718503446, -0.291383245384267, -0.23939040489423702, -0.5079488586717924, -0.055944234719548014, -0.382540765594333, -0.2614565550029695, 0.18550074153860477, -0.19312015733051036, -0.049092036934340194, -0.30200263171774117, -0.5174294769275296, -0.1227486919840567]}