{"from": [0, 0, 0, 2, 2, 2, 3, 5, 6, 6, 6, 6, 7, 7, 7, 8, 8, 8, 9, 10, 10, 10, 11, 11, 11, 11, 11, 11, 12, 12, 12, 12, 12, 13, 13, 14, 14, 14, 14, 14, 14, 15, 15, 15, 15, 15, 15, 16, 16, 16, 17, 17, 17, 18, 18, 18, 18, 18, 18, 18, 19, 19, 19, 19, 19, 19, 19, 20, 21, 21, 21, 21, 21, 21, 21, 21, 21, 21, 21, 22, 22, 22, 22, 22, 22, 22, 22, 22, 22, 23, 23, 23, 23, 23, 23, 23, 24, 24], "to": [1, 2, 4, 1, 4, 9, 5, 4, 1, 4, 13, 23, 1, 13, 16, 1, 5, 9, 5, 5, 9, 16, 5, 8, 9, 10, 16, 23, 3, 8, 9, 13, 16, 3, 16, 5, 9, 12, 16, 19, 23, 3, 8, 12, 14, 18, 24, 5, 8, 9, 3, 9, 23, 5, 9, 13, 19, 20, 23, 24, 5, 8, 9, 16, 20, 23, 24, 1, 3, 5, 8, 9, 13, 16, 18, 19, 20, 23, 24, 1, 5, 8, 14, 16, 18, 19, 20, 23, 24, 5, 8, 9, 13, 16, 20, 24, 8, 20], "influence_y": [[5, 24]], "weights": [0.7523540346432535, -0.7579484632964669, -0.38850417726824593, -0.11672831872127523, -0.5042688402425368, -0.008240724080461411, 0.33222739814638674, -0.0703756190854109, -0.12586280258589283, 0.12293964942374833, 0.040671890889955875, 0.042397276196672946, 0.15161837037675469, -0.2224435476439849, 0.11794567157392845, 0.02235258092974501, 0.28184172943351066, -0.20049066065953544, -1.294977764883668, -1.0380731832677208, -0.6700941222936355, 0.12435235509659133, -0.6168947357895328, 0.08082820811548296, -0.6059082408850559, -0.317628981395945, 0.21502909126017405, -0.11293956609537702, 0.08381314494830834, -0.14206678245225035, 0.0821627031831923, -0.03419714263797061, -0.05143698401099695, -1.617522202991073, 0.08145913208123709, 0.19625224450354653, -0.05855425560836783, 0.17259071555727232, 0.12769867454498945, -0.0925708112196428, -0.09167140621735884, -0.25175114485346, 0.08342020279405755, -0.255673004103578, -0.21587618227953753, 0.10300483086904605, -0.250685725934025, 0.16454209054155114, 0.0973602539975043, -0.11905174534273745, -0.2099052630714497, -0.07583328761917894, -0.29822294996451465, -0.10607993460547381, 0.05869852391477334, -0.0904532767796019, -0.17624114497266896, -0.528708021060625, -0.224632718474505, -0.305393818907684, 0.10108088831317534, -0.24753147850962318, 0.037284041956560036, -0.23133481851381454, -0.5285897784243713, -0.2337644878863336, -0.31427868232329365, 0.1869528087658287, 0.2728091844064892, -0.18662043417797478, -0.38040361226427044, 0.12075123553499918, -0.16396473575916123, -0.22687880421878354, -0.13292470501705297, -0.17602781428522807, -0.5250860098479487, -0.2361958339401115, -0.307891862328839, -0.0825614462688142, -0.26988961118167537, -0.26684696965476246, 0.10257295903227417, -0.12900026584261237, -0.1335880991496563, -0.15566700894263685, -0.5248699755961403, -0.231887440315181, -0.30053902229914653, -0.3745454634026722, -0.2012092894670422, 0.17469341527017165, -0.14957363622655837, -0.08924754505843768, -0.528797164577209, -0.31772848282613564, 0.06744736768428053, -0.5298214302804704]}