{"from": [0, 0, 1, 2, 2, 2, 3, 4, 6, 6, 6, 7, 7, 7, 8, 8, 8, 9, 10, 10, 10, 10, 11, 11, 11, 11, 11, 11, 12, 12, 12, 12, 12, 13, 13, 13, 14, 14, 14, 14, 14, 15, 15, 15, 15, 15, 15, 16, 16, 16, 17, 17, 17, 17, 18, 18, 18, 18, 18, 18, 18, 19, 19, 19, 19, 19, 19, 19, 19, 20, 21, 21, 21, 21, 21, 21, 21, 21, 21, 21, 21, 22, 22, 22, 22, 22, 22, 22, 22, 22, 23, 23, 23, 24, 24, 24, 24, 24], "to": [1, 4, 5, 0, 1, 4, 5, 5, 1, 4, 13, 1, 13, 16, 5, 9, 23, 5, 5, 9, 13, 16, 5, 8, 9, 10, 16, 23, 3, 8, 9, 13, 16, 3, 16, 23, 5, 12, 16, 19, 23, 3, 8, 14, 16, 18, 24, 5, 8, 9, 5, 8, 13, 23, 1, 5, 9, 13, 20, 23, 24, 5, 8, 13, 16, 18, 20, 23, 24, 1, 3, 5, 8, 9, 13, 16, 18, 19, 20, 23, 24, 1, 5, 8, 16, 18, 19, 20, 23, 24, 5, 9, 20, 1, 8, 16, 20, 23], "influence_y": [[0, 3, 6, 7, 13, 16, 17, 20, 21, 22, 23, 24]], "weights": [0.7621747151414282, -0.38451697425875075, -0.014060544001019408, -0.7613336262060652, -0.11962912215634079, -0.5099842155627823, 0.3357407058810665, -0.08170282564428158, -0.157683421999217, 0.12256854080185142, 0.05844602190343982, 0.20872286445084234, -0.2692737305533301, 0.19048779598702675, 0.3159351970904106, -0.21014759827159338, -0.09205601117437535, -1.1951734760331527, -0.9779678195916843, -0.6813038468673872, -0.12252655452063867, 0.1377649715005838, -0.5263967299384255, 0.13404526109599585, -0.6083606086037602, -0.32046749792065626, 0.22264815667612292, -0.0703781416169992, 0.061307572030944696, -0.15551154273802908, 0.06592261074621124, -0.05993274455627029, -0.09006578725899994, -1.6547310203447299, 0.12130686439599017, -0.09246996293352733, 0.17503499938518507, 0.16435077931633016, 0.18543526682948056, -0.060750876218086974, -0.03540359387212373, -0.20766497973101072, 0.2269337864971777, -0.15201706673311163, 0.17054731475626178, 0.11001605070169575, -0.3018249264374189, 0.20359178007369796, 0.12497722597464295, -0.11356355323434429, 0.27147809540533685, 0.18407391849329077, 0.2809389010514987, -0.19945908347701932, 0.04426360477562403, -0.1343385144197394, 0.03728495693241344, -0.12637056251370937, -0.5082115620296083, -0.31420929662503705, -0.21529154165508335, 0.19796207063397353, -0.1443518364754864, -0.09957025667640486, -0.20783621746384198, -0.178848048714213, -0.5078498849775838, -0.32820145030684506, -0.22550553710427504, 0.18418858804476093, 0.2339821821467491, -0.24309334962872084, -0.2503538921468948, 0.10730168257377574, -0.23490888922191708, -0.1809677340417448, -0.17048660925979506, -0.1209825437356883, -0.5027072329013271, -0.3419088028623028, -0.21781606255713032, -0.1291560242789943, -0.2547837667637481, -0.1997815797823725, -0.17034315293074495, -0.17330017536926823, -0.10647623958895713, -0.501889935904341, -0.3227752012103831, -0.20174749092478597, -0.3231994705010871, 0.14673665658167812, -0.5079385706744862, -0.0662304905324988, 0.16815417170760133, 0.12467964296670082, -0.5087923874177321, -0.2744281567937735]}