{"from": [0, 0, 2, 2, 2, 3, 5, 6, 6, 6, 7, 7, 7, 8, 8, 9, 10, 10, 10, 10, 11, 11, 11, 11, 11, 11, 12, 12, 12, 13, 13, 14, 14, 14, 14, 14, 14, 15, 15, 15, 15, 15, 15, 15, 16, 16, 16, 17, 17, 17, 17, 18, 18, 18, 18, 18, 19, 19, 19, 19, 19, 19, 19, 19, 19, 20, 20, 20, 21, 21, 21, 21, 21, 21, 21, 21, 21, 21, 22, 22, 22, 22, 22, 22, 22, 22, 23, 23, 23, 23, 23, 23, 24, 24, 24], "to": [1, 4, 0, 1, 4, 5, 4, 1, 4, 13, 1, 13, 16, 5, 9, 5, 5, 9, 13, 16, 5, 8, 9, 10, 16, 23, 3, 8, 9, 3, 16, 5, 9, 12, 16, 19, 23, 3, 8, 12, 14, 18, 20, 24, 5, 8, 9, 3, 9, 13, 23, 9, 13, 20, 23, 24, 5, 8, 9, 13, 16, 18, 20, 23, 24, 1, 8, 24, 3, 8, 9, 13, 16, 18, 19, 20, 23, 24, 8, 13, 14, 18, 19, 20, 23, 24, 5, 8, 9, 13, 20, 24, 8, 9, 16], "influence_y": [[1, 2, 5, 8, 10, 19, 21, 22, 24]], "weights": [0.7751284677462913, -0.36590005513197627, -0.7565994365045697, -0.09367722447113025, -0.48506892314434424, 0.3067931836067467, -0.05352905766600646, -0.14111979664721677, 0.13246895443596812, 0.06047468674823756, 0.17208223445342974, -0.2718862611335464, 0.12672662350375627, 0.37592989645777464, -0.21242294907054785, -1.2745328520401542, -0.9877170672100873, -0.6774050308049633, -0.08587808251854126, 0.08028742763145692, -0.5637643789603654, 0.12576852582976633, -0.592970830772943, -0.32626133011321723, 0.20085933466737335, -0.10992765966734884, 0.10650833444494352, -0.1575163474031486, 0.07031254596315784, -1.6340954120774704, 0.10717943966538834, 0.06781829199800284, -0.05524028073364982, 0.12359062250246956, 0.09304493464410747, -0.10545860333691663, -0.09308371035938941, -0.1989276355197807, 0.15458907008124573, -0.177455897527786, -0.1171487125174434, 0.13826971324422574, 0.07514525701398547, -0.24231400616158746, 0.1347507038590588, 0.11260212798621115, -0.12824003330883738, -0.20678109101978098, -0.08313858783142566, 0.1230900955373031, -0.28522469941623074, 0.09768533186094881, -0.15694687822871373, -0.3235860979030699, -0.2225683990199258, -0.5012728429242089, 0.194507916755471, -0.18120083125948544, 0.05912514238767553, -0.14390052525907568, -0.15077826736908534, -0.18730032193321552, -0.3205986351738485, -0.23572300861874143, -0.5091608498177856, 0.18181600231245584, 0.13912041532958766, -0.5061910757218179, 0.23873594093986572, -0.29310406997884697, 0.16678543802504223, -0.21108610324213636, -0.14338809890172843, -0.18276998833394434, -0.16564259493889089, -0.3128016380889402, -0.24048052981592852, -0.5084187632609161, -0.2543259367114147, -0.04368105544471312, 0.07395902701662102, -0.18503726561863465, -0.14349973171739425, -0.3118394076246358, -0.22758086613268172, -0.49838674941682853, -0.23350004220639098, -0.12885267236100825, 0.18863654833339075, -0.17787215348940014, -0.31917013043825015, -0.5121097006007718, 0.1739499471315065, 0.0491649218602917, 0.021152216473798804]}