{"from": [0, 0, 1, 2, 2, 2, 2, 3, 3, 3, 4, 6, 7, 7, 7, 8, 8, 9, 10, 10, 10, 11, 11, 11, 11, 11, 12, 12, 12, 12, 13, 13, 14, 14, 14, 14, 14, 14, 15, 15, 15, 15, 15, 16, 16, 16, 17, 17, 17, 18, 18, 18, 18, 18, 18, 19, 19, 19, 19, 19, 19, 20, 20, 21, 21, 21, 21, 21, 21, 21, 21, 21, 22, 22, 22, 22, 22, 22, 22, 22, 23, 23, 23, 23, 23, 23, 23, 23, 23, 24, 24], "to": [1, 4, 8, 0, 1, 4, 8, 5, 8, 9, 5, 1, 1, 13, 16, 5, 9, 5, 5, 9, 16, 5, 8, 9, 10, 16, 3, 8, 9, 16, 3, 16, 5, 9, 12, 16, 19, 23, 3, 8, 12, 18, 24, 5, 8, 9, 3, 8, 23, 1, 8, 9, 19, 20, 24, 5, 8, 9, 16, 20, 24, 1, 24, 3, 8, 9, 16, 18, 19, 20, 23, 24, 1, 8, 16, 18, 19, 20, 23, 24, 5, 8, 9, 11, 16, 18, 19, 20, 24, 1, 8], "influence_y": [[0, 4, 6, 8, 11, 13, 16, 22, 23]], "weights": [0.7452839078605085, -0.35261488774740557, 0.04791304910358121, -0.7558319889924443, -0.1392534511785247, -0.4889426095532591, 0.048605854323829856, 0.3032014068841514, 0.026517146052948738, 0.010235406512222009, -0.0368966662017879, -0.1705676551427079, 0.19713807440247166, -0.13234529382037882, 0.14852169330848844, 0.3523903911035822, -0.2130207538427787, -1.3759707937604873, -1.0319914621242665, -0.669067515342127, 0.12535513190620906, -0.5860383202630255, 0.10673835749977674, -0.5958991080438288, -0.3282482496608239, 0.22559780774978444, 0.11166425181919108, -0.15563548674321315, 0.07067550080203527, -0.054515408917589915, -1.6143068597586083, 0.08815728667145774, 0.04343868321710047, -0.03884234243566227, 0.15414596723908933, 0.11472238002709204, -0.09708958191366646, -0.06907242969827893, -0.19417426064510154, 0.1783066195883427, -0.19984468577199072, 0.07284912720108545, -0.1760752984514689, 0.10650092873461503, 0.12815708526457253, -0.12543147234824006, -0.18016511105425198, 0.1965054744217061, -0.31525814195706914, 0.09561498532847329, -0.14224517437166218, 0.05382674854534075, -0.2100859863430297, -0.31340746407104547, -0.5269821995496516, 0.0836574226009877, -0.3039564984637898, 0.026058020357271627, -0.22743902610609734, -0.3124905779502675, -0.5326215308911303, 0.2202298920773494, -0.5306620142715008, 0.3327633234634839, -0.46395587138962274, 0.09610608452393883, -0.2788319895576956, -0.1611521210533362, -0.2052863003297625, -0.2996246468939018, -0.15222748540562972, -0.5343277041102114, -0.18156885058010167, -0.2849865069103258, -0.14409735821104183, -0.16084138248537957, -0.18047425998081368, -0.29924850023452193, -0.14588331285155923, -0.5269759917399989, -0.2854922090087128, -0.21320367162316142, 0.16883296342937484, -0.09188566881347222, -0.11839942860673543, -0.17201364491150892, -0.21321496718966548, -0.31112960902513453, -0.5349019665615922, -0.049833997264998306, 0.05941546526937915]}