{"from": [0, 0, 2, 2, 2, 3, 4, 6, 6, 7, 7, 7, 8, 8, 9, 10, 10, 10, 10, 11, 11, 11, 11, 11, 12, 12, 12, 12, 12, 13, 13, 14, 14, 14, 14, 15, 15, 15, 15, 15, 15, 16, 16, 16, 17, 17, 17, 18, 18, 18, 18, 18, 18, 19, 19, 19, 19, 19, 19, 20, 21, 21, 21, 21, 21, 21, 21, 21, 21, 21, 21, 22, 22, 22, 22, 22, 22, 22, 22, 22, 22, 23, 23, 23, 23, 23, 23, 23, 23, 23, 23, 24, 24], "to": [1, 4, 0, 1, 4, 5, 5, 1, 13, 1, 13, 16, 5, 9, 5, 5, 9, 13, 16, 5, 8, 9, 10, 16, 3, 8, 9, 13, 16, 3, 16, 5, 12, 16, 19, 3, 12, 14, 16, 18, 24, 5, 8, 9, 3, 13, 23, 1, 5, 9, 13, 20, 24, 8, 13, 16, 18, 20, 24, 1, 3, 5, 8, 9, 13, 16, 18, 19, 20, 23, 24, 1, 5, 8, 14, 16, 18, 19, 20, 23, 24, 5, 8, 9, 11, 13, 16, 18, 19, 20, 24, 1, 20], "influence_y": [[3, 5, 7, 8, 9, 13, 17, 20, 22, 23]], "weights": [0.7556745889964098, -0.39324205807623247, -0.7427248180234858, -0.11982816394629259, -0.510682908127861, 0.3249083193276874, -0.03477853805735718, -0.1404100890925274, 0.043164150589897754, 0.18764522744379777, -0.27800983461172657, 0.1631079567736509, 0.34284741728422136, -0.20365565429893462, -1.2175663949628635, -0.9850801040203622, -0.6655934321787028, -0.06968389734622951, 0.1479875709537657, -0.5627161782467116, 0.048499150480389004, -0.5971864657189723, -0.3181724017437916, 0.2264636765602392, 0.09881504821108394, -0.1520364620706481, 0.044394884406393005, -0.08081050571939621, -0.08678137617126097, -1.618864118072637, 0.10595969148119205, 0.1206615457738416, 0.1488653679794869, 0.16752278879156027, -0.1007536821372786, -0.24357580855564162, -0.24710758513817085, -0.20432817051522312, 0.10020028608473283, 0.09697875170352718, -0.24800466864431941, 0.17001391485476075, 0.11240001386046541, -0.12957474869032737, -0.1824177115660741, 0.10007757970339388, -0.2877922112542245, 0.05787976932515828, -0.10154925939544075, 0.028068983934847844, -0.1703262847557793, -0.5123757240914224, -0.30081420821594185, -0.1974014020814667, -0.12273233539943136, -0.2501941126825982, -0.22552582563419, -0.5119336788772019, -0.30886644677745007, 0.17797338089643222, 0.23693342956489558, -0.16458030694339104, -0.327784585328676, 0.1066092915628917, -0.2309450872718372, -0.24068217897926575, -0.2183160817498719, -0.16681577299659478, -0.5079657162675487, -0.13638048317223375, -0.3095017094675847, -0.1419827477701719, -0.18327727901908164, -0.2153864170537631, 0.0719808028296943, -0.18589050066164123, -0.21782585039049032, -0.14160293367900295, -0.5060367957912616, -0.14854467004040026, -0.29832189926002256, -0.3404181204933977, -0.20946024691486254, 0.15553070544405162, -0.12166221911979808, -0.17774149503587774, -0.10719041199716416, -0.2239052269162776, -0.17042102841750228, -0.5116167936110311, -0.31207525376576767, -0.04679927736419747, -0.5128915829912128]}