{"from": [0, 0, 0, 1, 2, 2, 2, 4, 4, 5, 5, 6, 6, 6, 7, 7, 7, 7, 9, 9, 9, 10, 10, 10, 10, 10, 10, 11, 11, 11, 11, 11, 12, 12, 12, 12, 13, 13, 13, 14, 14, 14, 14, 14, 15, 15, 15, 15, 15, 15, 15, 16, 16, 17, 17, 17, 18, 18, 18, 18, 18, 19, 19, 19, 19, 19, 19, 19, 19, 20, 20, 20, 21, 21, 21, 21, 21, 21, 21, 21, 21, 21, 21, 22, 22, 22, 22, 22, 22, 22, 22, 22, 22, 23, 23, 23, 23, 23, 23, 23, 24, 24, 24], "to": [1, 4, 5, 8, 0, 1, 4, 5, 9, 3, 8, 1, 4, 23, 1, 5, 13, 16, 3, 5, 8, 3, 5, 8, 9, 13, 16, 5, 9, 10, 16, 23, 3, 8, 9, 16, 3, 5, 16, 5, 9, 12, 16, 23, 3, 8, 12, 14, 16, 18, 24, 5, 9, 3, 9, 23, 5, 9, 20, 23, 24, 5, 8, 9, 16, 18, 20, 23, 24, 1, 13, 24, 3, 5, 8, 9, 13, 16, 18, 19, 20, 23, 24, 1, 5, 8, 9, 16, 18, 19, 20, 23, 24, 1, 5, 9, 13, 16, 20, 24, 1, 8, 9], "influence_y": [[3, 4, 5, 6, 11, 12, 13]], "weights": [0.7823193509289236, -0.38839053877737867, -0.035477222858127926, 0.008597974367387753, -0.7646338410673483, -0.1012634741668108, -0.5225660896366943, -0.08932990459364022, 0.02531028063137573, 0.13644869992935207, 0.12014465771520148, -0.1324780807428056, 0.1611467865098852, 0.0336014814842182, 0.2459219482092344, -0.07835238494720315, -0.2512254527521975, 0.18116553344964453, 0.21370144382151185, -1.3543159909771678, -0.2918055677390918, 0.14803796973474848, -1.0533738490169435, -0.16811038499799735, -0.6783532190233964, -0.04530683184797024, 0.1649261803503827, -0.6118988010861885, -0.6319347533698352, -0.3206000731369011, 0.2546751104598881, -0.1158394400021644, 0.11466178588237863, -0.11612094008935978, 0.12331953474497712, -0.09801486463799547, -1.533832056241238, -0.6079837623812142, 0.11723955728910611, 0.18208449475183194, -0.05336051505999788, 0.2110049285713526, 0.16836349056107824, -0.06949313043454254, -0.11104906944434247, 0.10530599269465613, -0.26134010784404765, -0.12588219436269182, 0.11178776621471596, 0.08732863238231577, -0.20441149927254784, 0.20232870944803677, -0.13668872218388894, -0.1865151739675985, -0.12144070815058355, -0.28964643105609666, -0.19020725900290794, 0.13236619428081522, -0.3143758391361753, -0.22623741771324796, -0.5105209315351366, 0.1178700378960774, -0.1739788476011922, 0.15802937593348687, -0.2476720663144106, -0.15985627721014234, -0.3144765943697022, -0.2303973438810514, -0.5176992096702911, 0.10631580415122108, 0.1014307388714388, -0.5170891104568156, 0.22407219873596892, -0.28299466276723967, -0.16629216388306678, 0.28058211671377425, -0.09898762714061274, -0.25644572725306, -0.15068618892986055, -0.14278629271854007, -0.30667645790087783, -0.2362148191848631, -0.5196581933389237, -0.15949222311796565, -0.37667576067744307, -0.14569596953200423, 0.12551856922685792, -0.19305173244324444, -0.15273710705617846, -0.1423986039252912, -0.3069177894701115, -0.23473988062115725, -0.5120998361381827, -0.08413838354459303, -0.4759503195889264, 0.264991045952251, -0.1008116178457045, -0.1326749329916465, -0.3148369638488402, -0.5199127839634803, -0.07897789199221437, 0.10794314460419839, 0.06136547626137723]}