{"from": [0, 0, 2, 2, 2, 3, 3, 5, 6, 7, 7, 7, 8, 8, 9, 10, 10, 10, 10, 11, 11, 11, 11, 11, 12, 12, 12, 12, 13, 13, 14, 14, 14, 14, 15, 15, 15, 15, 15, 15, 16, 16, 16, 17, 17, 17, 18, 18, 18, 18, 18, 19, 19, 19, 19, 19, 19, 19, 20, 20, 20, 21, 21, 21, 21, 21, 21, 21, 21, 21, 21, 22, 22, 22, 22, 22, 22, 22, 23, 23, 23, 23, 23, 23, 23, 23, 23, 23, 24], "to": [1, 4, 0, 1, 4, 5, 16, 4, 1, 1, 13, 16, 5, 9, 5, 5, 9, 13, 16, 5, 8, 9, 10, 16, 3, 8, 9, 16, 3, 16, 5, 12, 16, 19, 3, 8, 12, 14, 18, 24, 5, 8, 9, 3, 9, 23, 9, 13, 19, 20, 24, 5, 8, 9, 13, 16, 20, 24, 1, 9, 24, 3, 8, 9, 13, 16, 18, 19, 20, 23, 24, 8, 16, 18, 19, 20, 23, 24, 5, 8, 9, 11, 13, 16, 18, 19, 20, 24, 8], "influence_y": [[0, 8, 9, 10, 11, 13, 14, 17, 19, 20, 22, 23, 24]], "weights": [0.7640786251673272, -0.3499719415385843, -0.7650911423136557, -0.10030255039738081, -0.472830375588323, 0.30493221899158257, -0.014850087935537559, -0.03927516318903421, -0.14145756612803054, 0.17707815502276922, -0.22017586364173558, 0.16347360091664742, 0.3452206966778094, -0.20040874597993089, -1.3522028108858, -1.0159181452387132, -0.6649798627943152, -0.04528253737600238, 0.14533258184888362, -0.5583137950574346, 0.08922672997018831, -0.5889547953016154, -0.3245564600935445, 0.24448448329104713, 0.10945635811862162, -0.16697861624778618, 0.06932536073842456, -0.06649724336793633, -1.607180525797739, 0.04918453145955274, 0.20002321621573474, 0.1689921352680922, 0.13572789913641153, -0.0834076933365801, -0.17691366114471463, 0.06731673544084812, -0.24322231673356212, -0.15061214990227903, 0.10434714588851965, -0.18132168267852142, 0.1315602579987212, 0.11527684834162967, -0.12927203375880048, -0.21020530340964247, -0.07528900612065685, -0.32216566175895617, 0.05779538493526734, -0.07482075849654427, -0.22221750822722633, -0.3061088378268161, -0.5248929278997939, 0.17097947495902605, -0.23396231846585425, 0.03728294387008236, -0.08532855073348052, -0.22053977544753636, -0.3066397675713596, -0.5308650815195334, 0.1953289685910503, -0.02582337419933846, -0.5307293419620859, 0.24689230253482894, -0.318437259032478, 0.1369717862550987, -0.14206679793966892, -0.18614414146324543, -0.16646932305556691, -0.21365856330779048, -0.2912487806293081, -0.1496624434435171, -0.5285395338118932, -0.2504531570851725, -0.14620290800802985, -0.166924835344651, -0.19669705896596062, -0.2911786700130497, -0.16380518202345895, -0.5245893114844564, -0.19445228916122403, -0.187519739287121, 0.16741074168804357, -0.14597507343687496, -0.14334639238094862, -0.11676049024111948, -0.17117434476882548, -0.22091117455181863, -0.30431512920750603, -0.5332646432498855, 0.10686171358988515]}