{"from": [0, 0, 0, 1, 2, 2, 3, 3, 4, 6, 6, 7, 7, 7, 8, 8, 8, 9, 10, 10, 10, 11, 11, 11, 11, 11, 12, 12, 12, 13, 13, 14, 14, 14, 14, 14, 15, 15, 15, 16, 16, 16, 17, 17, 18, 18, 18, 18, 18, 19, 19, 19, 19, 19, 19, 19, 19, 20, 21, 21, 21, 21, 21, 21, 21, 21, 21, 22, 22, 22, 22, 22, 22, 22, 22, 22, 22, 23, 23, 23, 23, 23, 23, 23, 23, 24, 24], "to": [1, 2, 4, 5, 1, 4, 5, 9, 5, 1, 4, 1, 13, 16, 1, 5, 9, 5, 5, 9, 16, 5, 8, 9, 10, 16, 8, 9, 16, 3, 16, 5, 9, 12, 16, 19, 12, 14, 24, 5, 8, 9, 9, 23, 1, 8, 9, 20, 24, 5, 8, 9, 16, 18, 20, 23, 24, 1, 3, 8, 9, 16, 18, 19, 20, 23, 24, 1, 5, 8, 9, 16, 18, 19, 20, 23, 24, 5, 8, 9, 11, 16, 18, 20, 24, 9, 20], "influence_y": [[0, 1, 3, 5, 7, 8, 9, 11, 16, 17, 18, 19, 23, 24]], "weights": [0.7491590245294636, -0.735994321959812, -0.4000254509070707, -0.023145160464492023, -0.13086864913220966, -0.5326794382137672, 0.33437188608062407, 0.010625493886604125, -0.045702206276129254, -0.16515901878526126, 0.10891670764613086, 0.23086356068807343, -0.1767738165717076, 0.1573726199882729, 0.030486037999884835, 0.36419917262216933, -0.19573095235692542, -1.3235455571494061, -1.0015225777013874, -0.6763097373459793, 0.1301278835708795, -0.5582731934527203, 0.07754288382887761, -0.5920516322834939, -0.30799146204124445, 0.2098532850067911, -0.1736933457029953, 0.09181057538281409, -0.07234785290982784, -1.625598494881757, 0.08889951686269398, 0.17391661994389973, -0.07418738059329166, 0.14318926923339903, 0.16074980890594312, -0.1292095907724334, -0.1833741127684309, -0.1354893195179283, -0.22336130659832154, 0.11870434993935136, 0.11612976607847257, -0.12987186414448626, -0.07850962778444759, -0.28664847126380594, 0.1456761524893833, -0.04245506019213559, 0.10308221420321431, -0.5387096483567408, -0.2989804426979585, 0.2358069884342829, -0.2274610818069755, 0.0720145677272962, -0.24147100429287816, -0.18834830696116775, -0.538294759181326, -0.16546658723586416, -0.3059660432891544, 0.2436918243148081, 0.09541963578427724, -0.376235869876287, 0.1696734647831813, -0.2551572046924877, -0.1748986003841115, -0.15624066687434016, -0.5357811524253401, -0.15870453457185651, -0.29838374998836853, -0.10923905116904593, -0.15884179768348786, -0.25445193906721336, 0.04153965988175083, -0.1879995720793138, -0.16560218671490548, -0.13434265246914184, -0.5344782805170107, -0.1693850730579018, -0.2884485389676354, -0.20248553006084927, -0.20268900230219422, 0.21365435588919765, -0.12660865266717516, -0.1269029519204758, -0.18953941185646628, -0.5384780702353124, -0.3089973088564227, 0.047326163345463024, -0.5393235619267743]}