{"from": [0, 0, 0, 0, 1, 1, 2, 2, 2, 3, 4, 4, 6, 6, 7, 7, 7, 8, 9, 9, 10, 10, 10, 10, 10, 11, 11, 11, 11, 11, 12, 12, 12, 12, 12, 13, 13, 13, 13, 14, 14, 14, 14, 14, 14, 14, 15, 15, 15, 15, 15, 15, 15, 16, 16, 17, 17, 17, 18, 18, 18, 18, 18, 18, 18, 19, 19, 19, 19, 19, 19, 19, 20, 21, 21, 21, 21, 21, 21, 21, 21, 21, 21, 21, 22, 22, 22, 22, 22, 22, 22, 22, 22, 22, 22, 23, 23, 23, 23, 23, 23, 23, 23, 23, 24, 24], "to": [1, 2, 4, 24, 8, 24, 1, 4, 24, 5, 5, 8, 1, 4, 1, 13, 16, 5, 5, 8, 5, 8, 9, 13, 16, 5, 8, 9, 10, 16, 3, 8, 9, 13, 16, 3, 4, 16, 24, 1, 5, 9, 12, 16, 19, 24, 3, 8, 12, 14, 16, 18, 24, 5, 9, 5, 9, 23, 5, 9, 13, 19, 20, 23, 24, 5, 8, 9, 13, 16, 20, 24, 8, 3, 5, 8, 9, 13, 16, 18, 19, 20, 23, 24, 1, 5, 8, 9, 14, 16, 18, 19, 20, 23, 24, 1, 5, 9, 11, 13, 16, 19, 20, 24, 8, 20], "influence_y": [[2, 21]], "weights": [0.7594359683551887, -0.7449554018830351, -0.40941768306342446, 0.05492961872522514, 0.010516971326631527, -0.07705143819176977, -0.12069043762268288, -0.5377077623957262, -0.027120278312956197, 0.34337691190198516, -0.032049361642107366, -0.024313169246335056, -0.15564723700618552, 0.17462064807795877, 0.18768384374131608, -0.21499848803785013, 0.15064185984095677, 0.3458330703932957, -1.1787524471960509, -0.4808306965999946, -0.9502243722864804, -0.30267663128705435, -0.6778447213806583, -0.07413986587668189, 0.1336405154963864, -0.530341627730507, -0.10819881623886014, -0.6280470109858086, -0.3240427260103651, 0.2138912786271724, 0.09378421137323746, -0.08797024099444234, 0.10781315931230075, -0.04509409015114293, -0.09121344052346105, -1.6347486579121207, 0.08774768090241813, 0.1008840402110512, -0.05645060549452329, 0.0734517545380371, 0.20850520045037682, -0.05869206169228041, 0.20660623771711034, 0.13797601196311512, -0.08999607400678725, -0.05954359938748161, -0.2092745165001416, 0.09732240639961391, -0.3222143282458179, -0.15614312455507648, 0.10347273286296407, 0.1084623064828818, -0.2885633455975303, 0.19456006423756386, -0.15524831034471104, 0.15603461572899457, -0.07839678133553142, -0.23324552700736587, -0.10162236199634779, 0.07717476557361394, -0.09485509397022523, -0.21214743249243065, -0.5265857705988345, -0.15732708115496086, -0.3405348196693826, 0.15817484392592, -0.1218261434687363, 0.11604114817388313, -0.059544881427415895, -0.24653507473692834, -0.5263869755714015, -0.3589313089668751, 0.03831459557431505, 0.22530899909492674, -0.15705730783413532, -0.19250112328826183, 0.21892826776296584, -0.14085523903696595, -0.2620383635408465, -0.14199500657829134, -0.21053463417558663, -0.5227197401421221, -0.15255443112876294, -0.36681750554868986, -0.20616974753601672, -0.2810182629940946, -0.2008586183612613, 0.08629466381578307, 0.04972478572938385, -0.15762876387129837, -0.14371587809144457, -0.19039289779231128, -0.5213463891220462, -0.1602777125153477, -0.35873619160669246, -0.09903944363681358, -0.3547400261663265, 0.22118945498269815, -0.1362584947464573, -0.145237523717009, -0.1284444597139079, -0.21431498371540675, -0.5261443763729997, -0.3734033106013422, 0.14225962041888665, -0.5275867696375885]}