{"from": [0, 0, 2, 2, 2, 2, 4, 5, 6, 6, 6, 7, 7, 7, 8, 9, 9, 9, 9, 10, 10, 10, 10, 10, 11, 11, 11, 11, 11, 12, 12, 12, 13, 13, 14, 14, 14, 14, 14, 15, 15, 15, 15, 16, 17, 17, 17, 18, 18, 18, 18, 18, 19, 19, 19, 19, 19, 19, 19, 19, 19, 20, 20, 20, 21, 21, 21, 21, 21, 21, 21, 21, 21, 22, 22, 22, 22, 22, 22, 22, 22, 23, 23, 23, 23, 23, 23, 24, 24, 24], "to": [1, 4, 0, 1, 4, 9, 9, 3, 1, 4, 23, 1, 9, 13, 5, 3, 5, 8, 16, 3, 5, 8, 9, 13, 5, 8, 9, 10, 23, 3, 8, 9, 3, 5, 9, 12, 19, 23, 24, 12, 14, 18, 24, 5, 3, 9, 23, 9, 13, 20, 23, 24, 5, 8, 9, 13, 16, 18, 20, 23, 24, 1, 9, 13, 3, 8, 9, 13, 18, 19, 20, 23, 24, 1, 8, 9, 18, 19, 20, 23, 24, 1, 5, 9, 13, 20, 24, 1, 8, 20], "influence_y": [[0, 1, 3, 5, 7, 12, 13, 23]], "weights": [0.7448644214222513, -0.4026757095070666, -0.752540765942029, -0.144490777768423, -0.5438250133597887, -0.016914295203053816, 0.010835186487095047, 0.1461020982295831, -0.144551004158253, 0.12803735110012376, 0.038522431230947965, 0.1733887851289062, -0.059593548599752286, -0.24227057187468115, 0.2649366596579902, 0.20736624405129478, -1.220684680757988, -0.49067987566089466, -0.31667958613975106, 0.13349258566571273, -0.9119586723302223, -0.2748772596013832, -0.7062701540066143, -0.1066768414005131, -0.4413894463832914, -0.06114671995465968, -0.6734468109172748, -0.3131022840930091, -0.11548529328998783, 0.08474984979883997, -0.0993753916415394, 0.13379345871596637, -1.5515593270192602, -0.49760675525740017, -0.09619193350110124, 0.1655799429676614, -0.0852766045570875, -0.06954082978083019, -0.059036062440303794, -0.2807596560206639, -0.14096134835897112, 0.11912551774424174, -0.28834676946307375, 0.13026902975683755, -0.1133186296637567, -0.11402731777706124, -0.2611825418668815, 0.09582907108908112, -0.06465618574981513, -0.5292283108853932, -0.23577988150558588, -0.32090042644309125, 0.10075521027963692, -0.10290951314663807, 0.17586068729304027, -0.07539103404914026, -0.09121341246315334, -0.1814974686688894, -0.5292246922206812, -0.2440434475731969, -0.3343174189852621, 0.18541453341101244, -0.05464143478760647, 0.07964906863636036, 0.15499265866048748, -0.11919634010361982, 0.27367362713473214, -0.11960311638480318, -0.17481508633538975, -0.15877731271724058, -0.525465766868275, -0.2449492092176673, -0.3299598568330846, -0.19989862394564345, -0.14176034075942615, 0.11807202678148031, -0.17634988628071555, -0.14631977152481165, -0.5253397283349293, -0.24560285493606077, -0.31586039738004407, -0.0812614032147555, -0.2785572611464212, 0.2515370949973879, -0.13135964438944753, -0.5292727197956835, -0.3349358726724723, -0.07489984897251992, 0.14477906524425457, -0.5297661554603093]}