{"from": [0, 0, 2, 2, 2, 3, 5, 6, 6, 6, 7, 7, 7, 7, 8, 8, 9, 10, 10, 10, 11, 11, 11, 11, 11, 12, 12, 12, 12, 12, 13, 13, 13, 14, 14, 14, 14, 14, 15, 15, 15, 15, 15, 15, 15, 16, 16, 16, 17, 17, 17, 17, 17, 18, 18, 18, 18, 18, 18, 19, 19, 19, 19, 19, 19, 19, 19, 20, 20, 20, 20, 20, 21, 21, 21, 21, 21, 21, 21, 21, 21, 21, 21, 22, 22, 22, 22, 22, 22, 22, 22, 22, 23, 23, 23, 23, 23, 23, 23, 23, 23, 24, 24, 24, 24], "to": [1, 4, 0, 1, 4, 5, 4, 1, 4, 13, 1, 5, 13, 16, 5, 9, 5, 5, 9, 16, 5, 8, 9, 10, 16, 3, 8, 9, 13, 16, 3, 5, 16, 5, 9, 12, 16, 19, 3, 8, 12, 14, 16, 18, 24, 5, 8, 9, 3, 5, 9, 13, 23, 1, 5, 9, 13, 20, 24, 5, 8, 9, 13, 16, 18, 20, 24, 1, 8, 13, 16, 24, 3, 5, 8, 9, 13, 16, 18, 19, 20, 23, 24, 1, 5, 8, 16, 18, 19, 20, 23, 24, 5, 8, 9, 11, 13, 18, 19, 20, 24, 1, 8, 9, 16], "influence_y": [[0, 4, 5, 8, 9, 11, 12, 16, 18, 21, 22, 23]], "weights": [0.7629343864974412, -0.39646199257349546, -0.7400510189518777, -0.12783501015689935, -0.5312235581718381, 0.3311586740133607, -0.07739213434226068, -0.16211572555789336, 0.05918981919528377, 0.0673359550380601, 0.24941634848325375, -0.09348660715589512, -0.32773671374848584, 0.1562433076385205, 0.3581579571181117, -0.20719420524747115, -1.2564819777795682, -1.022129759937497, -0.6781278463948286, 0.14626379829144323, -0.5890317267856775, 0.15592909189482687, -0.5993707913616462, -0.32444468032754964, 0.24472276563804773, 0.09663577245037479, -0.1631827483582061, 0.081006782621145, -0.08114366960342148, -0.05087539793664444, -1.5940934614637354, -0.11040162482667992, 0.09606581014444616, 0.21370595993840627, -0.061766344444248854, 0.15381527267442496, 0.14153134371999382, -0.07096007407362014, -0.24974454495801587, 0.0850841755039101, -0.22664511792113395, -0.1211591382194465, 0.16383438669146463, 0.09005836698625483, -0.16783031215396246, 0.19466573018217284, 0.050757276663390666, -0.11621236081321887, -0.22536083313610872, 0.24743197661040964, -0.06841996906956427, 0.15268724615723628, -0.3234763468514431, 0.05903930885086793, -0.2346311761538533, 0.10761020477445304, -0.1423139988338047, -0.31006742428176376, -0.5155645582627301, 0.13833732356063513, -0.2860512225928925, 0.06609840318401888, -0.11758546520219926, -0.2280187898633886, -0.20948039703660884, -0.30922517542622413, -0.5211301536504384, 0.15560580339647007, 0.062336538926072785, 0.11556433110214305, 0.06015645424472616, -0.5210062996752421, 0.21609421469967488, -0.24451486504404302, -0.354902190845894, 0.15466439838792662, -0.19504331461069016, -0.1309903603846614, -0.2002282580272227, -0.15949030472106288, -0.2994361974617103, -0.1342175795656282, -0.5212095498655555, -0.1530506172598807, -0.26906345651809027, -0.27104790243770344, -0.07473330182113531, -0.20150920858536064, -0.14369942004673303, -0.29825978897777433, -0.1546405437503555, -0.5138829313933087, -0.340986484573839, -0.20731951262311568, 0.1800277330483576, -0.0740946239768372, -0.18190970375307783, -0.20710925338290925, -0.163088257812686, -0.30736477422973996, -0.5233067807114073, -0.06275801145254266, 0.10413214120518575, 0.024795446442208158, 0.10668837965623562]}