{"from": [0, 0, 2, 2, 2, 3, 3, 5, 6, 6, 6, 7, 7, 7, 8, 8, 9, 10, 10, 10, 10, 11, 11, 11, 11, 11, 12, 12, 12, 12, 12, 13, 13, 14, 14, 14, 14, 15, 15, 15, 15, 15, 16, 16, 16, 17, 17, 18, 18, 18, 18, 18, 18, 19, 19, 19, 19, 19, 19, 19, 20, 21, 21, 21, 21, 21, 21, 21, 21, 21, 21, 22, 22, 22, 22, 22, 22, 22, 22, 23, 23, 23, 23, 23, 23, 23, 23, 23, 23, 24, 24, 24], "to": [1, 4, 0, 1, 4, 5, 9, 4, 1, 4, 13, 1, 13, 16, 5, 9, 5, 5, 9, 13, 16, 5, 8, 9, 10, 16, 3, 8, 9, 13, 16, 3, 16, 5, 12, 16, 19, 3, 12, 16, 18, 24, 5, 8, 9, 3, 23, 5, 9, 13, 19, 20, 24, 5, 8, 9, 13, 16, 20, 24, 1, 3, 8, 9, 13, 16, 18, 19, 20, 23, 24, 1, 8, 16, 18, 19, 20, 23, 24, 5, 8, 9, 11, 13, 16, 18, 19, 20, 24, 1, 16, 20], "influence_y": [[1, 3, 6, 8, 11, 12, 16, 20, 22, 23]], "weights": [0.7825509040464739, -0.3853550327196593, -0.7529691126787769, -0.10238644378204072, -0.5134176756823283, 0.31066862370854814, 0.006776694025340109, -0.05844666515387326, -0.16051785385414458, 0.12775032158462193, 0.028433781670711488, 0.24687261097802568, -0.26653739604731863, 0.19013681107207495, 0.31303491569221353, -0.21067619535692553, -1.3118073620343684, -1.0241113119088143, -0.677801089027877, -0.07188985024929528, 0.14674421880099936, -0.5779549206042521, 0.09017199243948561, -0.5981503232904116, -0.3166146656718172, 0.2152086613545427, 0.0948832535775558, -0.16229376621757693, 0.05995303432803755, -0.049791168317792206, -0.06536549017300251, -1.6123772755789636, 0.12424117882871095, 0.134384870863147, 0.18770093639990562, 0.17076979009211454, -0.08637416590503, -0.24443103428581195, -0.2565364385132363, 0.19828619915984788, 0.08453268234153757, -0.2990378143866331, 0.1665082668567365, 0.11200408748361436, -0.12571010702209237, -0.12041421671265497, -0.27580155998206574, -0.07270334894374127, 0.042187425484802824, -0.10886573770285357, -0.21264971574098263, -0.50338583502366, -0.30442215335986306, 0.24505878473016696, -0.24598369052739022, 0.030002611950235517, -0.1384403034344768, -0.2037330837338764, -0.5031911688107035, -0.3145312246867707, 0.11909381956826857, 0.24179369331276412, -0.31080300950645706, 0.11256762111185405, -0.2197049325791957, -0.2366738904446931, -0.1596048259480025, -0.20868342543009538, -0.4982769861512888, -0.13729110759055516, -0.31666399699576514, -0.14292167815204404, -0.2079357797765089, -0.14411224786965368, -0.15870415199938956, -0.19164963319941603, -0.4962193177448198, -0.15024548840358437, -0.304081515046533, -0.1723611723926549, -0.18968383731365232, 0.16120796854641042, -0.15467141400066942, -0.19809821518558055, -0.11892396004388475, -0.1683796639153416, -0.21319881254899903, -0.5025310129213633, -0.3150279280745929, -0.09935646537344629, 0.0789080576213268, -0.5044409933514888]}