{"from": [0, 0, 0, 2, 2, 2, 3, 4, 6, 7, 7, 7, 8, 8, 9, 10, 10, 10, 10, 11, 11, 11, 11, 11, 12, 12, 12, 12, 13, 13, 14, 14, 14, 14, 14, 15, 15, 15, 15, 15, 16, 16, 16, 17, 17, 17, 18, 18, 18, 18, 18, 18, 19, 19, 19, 19, 19, 19, 19, 19, 20, 20, 20, 20, 21, 21, 21, 21, 21, 21, 21, 21, 21, 21, 21, 22, 22, 22, 22, 22, 22, 22, 22, 22, 22, 23, 23, 23, 23, 23, 23, 23, 23, 23, 24, 24, 24, 24], "to": [1, 4, 5, 0, 1, 4, 5, 5, 1, 1, 13, 16, 5, 9, 5, 5, 9, 13, 16, 5, 8, 9, 10, 16, 3, 8, 9, 16, 3, 16, 5, 9, 12, 16, 19, 3, 12, 16, 18, 24, 5, 8, 9, 3, 9, 23, 5, 9, 12, 13, 20, 24, 5, 8, 9, 16, 18, 20, 23, 24, 1, 8, 16, 24, 3, 5, 8, 9, 13, 16, 18, 19, 20, 23, 24, 1, 5, 8, 9, 16, 18, 19, 20, 23, 24, 5, 8, 9, 11, 13, 16, 18, 20, 24, 1, 8, 9, 16], "influence_y": [[1, 2, 8, 13, 19]], "weights": [0.7870312788447752, -0.30835830252683755, -0.013218424355169489, -0.7626498167979654, -0.09035991892324477, -0.41096426122606067, 0.3207825385280921, -0.06542582203466536, -0.12840960953826186, 0.222975701480969, -0.2459067838826618, 0.17084457727248079, 0.34089967739496585, -0.21826130273533778, -1.207162596862416, -0.9604288438573929, -0.6806859135087419, -0.05836885376299389, 0.13694241920620287, -0.5450367236525252, 0.10959160981171957, -0.5900597358416944, -0.3255537123335903, 0.23604357311069032, 0.12438310740190964, -0.1657810277955309, 0.07609561856537578, -0.09329188356768213, -1.6029876239204386, 0.1019391809571142, 0.1534067234106463, -0.0540293842304019, 0.15915698903321054, 0.15929496075685426, -0.08743544189189131, -0.20390723662951343, -0.23676448755048835, 0.16080237584471954, 0.11226293020474605, -0.20782140249500178, 0.16216023044841793, 0.10914376416092973, -0.11983354216202291, -0.21421563651186343, -0.08330707433070422, -0.2700032420015672, -0.14533876290541112, 0.11603368582916913, 0.062508529605109, -0.06708032412630972, -0.3048517741373581, -0.5267447912564521, 0.08129085653156318, -0.19700729152370963, 0.06891743873892106, -0.1896916737696713, -0.22521745017759848, -0.3034844011498004, -0.16891939209594573, -0.533776189552941, 0.11652158874000389, 0.039504666105224004, 0.07291999839914153, -0.530918330320168, 0.26048049507868004, -0.24861047360085087, -0.2626218949665652, 0.17660221884689098, -0.09117154167384774, -0.21493773843076258, -0.2186031507648287, -0.151721573924798, -0.2925063633091504, -0.160071425014406, -0.537087196085201, -0.07025588715926327, -0.24349546829821564, -0.2391502747703791, 0.04101034431771162, -0.15211760356018783, -0.2217601927728957, -0.13436015190249456, -0.2921690604401453, -0.1644715542390824, -0.5295563604085962, -0.3723873452679251, -0.10966792687715538, 0.21768870033462648, -0.1318762676263932, -0.11773699373387925, -0.062321969224512976, -0.22396421610635936, -0.30314881635668983, -0.536237622251102, -0.05130817241447035, 0.13054470533916968, 0.07340762531798203, 0.09615243769826474]}