{"from": [0, 0, 0, 2, 2, 2, 3, 4, 6, 6, 7, 7, 7, 7, 8, 8, 9, 10, 10, 10, 10, 11, 11, 11, 11, 11, 12, 12, 12, 12, 12, 13, 13, 14, 14, 14, 14, 15, 15, 15, 15, 15, 16, 16, 16, 17, 17, 17, 17, 18, 18, 18, 18, 18, 18, 18, 19, 19, 19, 19, 19, 19, 19, 20, 21, 21, 21, 21, 21, 21, 21, 21, 21, 21, 21, 22, 22, 22, 22, 22, 22, 22, 22, 22, 22, 22, 23, 23, 23, 23, 23, 23, 23, 23, 23, 23, 23, 24, 24], "to": [1, 4, 5, 0, 1, 4, 5, 5, 1, 13, 1, 13, 14, 16, 5, 9, 5, 5, 9, 13, 16, 5, 8, 9, 10, 16, 3, 8, 9, 13, 16, 3, 16, 5, 12, 16, 19, 3, 12, 14, 18, 24, 5, 8, 9, 3, 5, 13, 23, 5, 8, 9, 13, 19, 20, 24, 5, 8, 9, 13, 16, 20, 24, 1, 3, 5, 8, 9, 13, 16, 18, 19, 20, 23, 24, 1, 5, 8, 13, 14, 16, 18, 19, 20, 23, 24, 1, 5, 8, 9, 11, 13, 16, 18, 19, 20, 24, 1, 20], "influence_y": [[0, 3, 4, 5, 6, 11, 12, 13, 16, 17, 18, 22, 23, 24]], "weights": [0.7476576884519933, -0.37801817330404497, -0.013204194976654999, -0.766881350436157, -0.12035852474248682, -0.51381744535563, 0.35352697817183165, -0.044135649322110886, -0.14178244896624223, 0.0576532659930157, 0.20112098975602619, -0.28987435485184887, -0.06888974249093346, 0.16327729258375925, 0.33263455821889715, -0.21262580910783582, -1.216640988417724, -1.0033013395859824, -0.6767338685073544, -0.08404966005175352, 0.15634944433451867, -0.5221666205530211, 0.11696747833335384, -0.5955167188249582, -0.31408103347431204, 0.26343381900566704, 0.123392490263308, -0.15996180266061286, 0.04919465989560757, -0.08224009111037822, -0.08157015886048274, -1.5905667534630785, 0.09023620560989942, 0.21574678539550368, 0.20132969648751617, 0.12649711514413925, -0.10302847260022648, -0.15129765565735617, -0.3021170910033397, -0.14414410735415592, 0.09016394727612709, -0.22719532681183077, 0.1709481374595914, 0.08551778601312626, -0.1212524444371664, -0.2104018925394139, 0.2041585784801772, 0.15525654772389705, -0.3092237176189612, -0.1814660925563674, -0.07115360842764189, 0.04222899308736245, -0.2053642464989294, -0.21828964535860854, -0.5313167682795183, -0.3026624371453562, 0.1634710399705401, -0.28989542717551264, 0.021564485449393402, -0.1552036028546957, -0.22331876686968727, -0.5312819856782501, -0.3102093162287076, 0.11522071720067036, 0.2354651062495536, -0.15619678079351526, -0.3731959227376008, 0.11943648723990949, -0.2521629593876053, -0.20236004474131822, -0.1668633025208766, -0.21376388103803612, -0.5269098327882784, -0.13650719419171028, -0.3070797249099566, -0.18227241319155793, -0.2935868082338128, -0.2876284054595524, -0.12714539125442315, 0.11032402947815564, -0.19448542626706455, -0.16969138902596062, -0.1937582550521198, -0.526630206652342, -0.14203272863689495, -0.29619481307456924, -0.08289398815914413, -0.3556536421587092, -0.21655946867019274, 0.16952446702083598, -0.12251180726863663, -0.23489865134891624, -0.11388925628993, -0.175215276211969, -0.21957570922596054, -0.5310326966547251, -0.3105908421188345, -0.12660300252982587, -0.5323165007501912]}