{"from": [0, 0, 1, 2, 2, 2, 3, 5, 6, 6, 7, 7, 7, 8, 8, 9, 10, 10, 10, 11, 11, 11, 11, 11, 12, 12, 12, 12, 13, 13, 13, 14, 14, 14, 14, 14, 15, 15, 15, 15, 15, 15, 15, 16, 16, 16, 17, 17, 18, 18, 18, 18, 18, 18, 18, 19, 19, 19, 19, 19, 19, 20, 21, 21, 21, 21, 21, 21, 21, 21, 21, 21, 22, 22, 22, 22, 22, 22, 22, 22, 22, 22, 23, 23, 23, 23, 23, 23, 23, 23, 23, 23, 24, 24, 24], "to": [1, 4, 5, 0, 1, 4, 5, 4, 1, 4, 1, 13, 16, 5, 9, 5, 5, 9, 16, 5, 8, 9, 10, 16, 3, 8, 9, 16, 3, 16, 24, 5, 9, 12, 16, 19, 3, 8, 12, 14, 16, 18, 24, 5, 8, 9, 8, 23, 1, 5, 8, 9, 19, 20, 24, 5, 8, 9, 16, 20, 24, 1, 3, 5, 8, 9, 16, 18, 19, 20, 23, 24, 1, 5, 8, 14, 16, 18, 19, 20, 23, 24, 5, 8, 9, 11, 13, 16, 18, 19, 20, 24, 1, 8, 20], "influence_y": [[1, 3, 4, 7, 8, 10, 11, 13, 15, 16, 18, 19, 20, 22, 23, 24]], "weights": [0.7538621066363015, -0.36366392882050524, -0.03337257155449328, -0.762110441452843, -0.12457903045693924, -0.5086039901175426, 0.33229401255774405, -0.06797145213400654, -0.15388832525816382, 0.10895328237976067, 0.255811023112352, -0.14408575322282105, 0.17160841481776956, 0.29362370447047054, -0.2176812204019628, -1.3197114183432954, -1.0399928827461546, -0.6699860266096386, 0.12104783162739373, -0.6259344271823059, 0.1041913018451711, -0.5960705695984393, -0.31614883726312715, 0.22621215177487758, 0.06302412613625313, -0.15219622292858104, 0.0568244757746557, -0.08220824138819414, -1.6377324031752123, 0.10343162796526288, -0.03573067720346499, 0.1489206197440444, -0.021862189607279443, 0.1532310389240897, 0.1427492271344584, -0.10067531396361619, -0.19271902396631516, 0.17697870118478523, -0.24897883810379248, -0.1663168759699061, 0.07222814558957877, 0.07375778449541466, -0.26348943731302615, 0.13802886997203512, 0.11272253330790466, -0.13388956278196884, 0.06453905843313566, -0.29083559219819477, 0.09884848411101436, -0.10018366428143878, -0.06863161278807328, 0.03927778266324329, -0.22459770532907877, -0.541171026379079, -0.3309426697203385, 0.11293155972113841, -0.25394153648798873, 0.029279695513230713, -0.23362732585804072, -0.5413571673465053, -0.33800977158300294, 0.21828302058599733, 0.14060587878824876, -0.1687749717752951, -0.3284220270270388, 0.08942388456839519, -0.26836106238089197, -0.1544956887823517, -0.2208374383437563, -0.5364338354193948, -0.135688078522537, -0.3434748448743436, -0.12387768305239062, -0.22682963843041118, -0.2789717979245249, 0.08846082059665443, -0.16218749933926682, -0.1575043856213216, -0.19596935220239198, -0.5365954771702756, -0.14810432144003943, -0.32812479965503616, -0.33031187142307517, -0.1618338092617504, 0.17354307857236792, -0.11765966877216837, -0.04084688237496282, -0.10595255158099462, -0.16596252626553112, -0.22427283493756525, -0.5408564884418232, -0.3441573611138084, -0.08499169466900111, 0.10796300610153525, -0.5420801806909191]}