{"from": [0, 0, 2, 2, 2, 3, 4, 6, 6, 6, 6, 7, 7, 7, 8, 8, 9, 10, 10, 10, 10, 11, 11, 11, 11, 11, 11, 12, 12, 12, 12, 13, 13, 14, 14, 14, 14, 14, 15, 15, 15, 15, 15, 16, 16, 16, 17, 18, 18, 18, 18, 18, 18, 19, 19, 19, 19, 19, 19, 19, 20, 20, 20, 20, 21, 21, 21, 21, 21, 21, 21, 21, 21, 22, 22, 22, 22, 22, 22, 22, 22, 23, 23, 23, 23, 23, 23, 23, 24, 24], "to": [1, 4, 0, 1, 4, 5, 5, 1, 4, 13, 23, 1, 13, 16, 5, 9, 5, 5, 9, 13, 16, 5, 8, 9, 10, 16, 23, 8, 9, 13, 16, 3, 16, 9, 12, 16, 19, 23, 8, 12, 14, 18, 24, 5, 8, 9, 23, 9, 13, 19, 20, 23, 24, 8, 9, 13, 16, 20, 23, 24, 1, 8, 13, 24, 8, 9, 13, 16, 18, 19, 20, 23, 24, 1, 8, 16, 18, 19, 20, 23, 24, 5, 8, 9, 13, 16, 20, 24, 1, 8], "influence_y": [[0, 1, 2, 6, 8, 16, 22]], "weights": [0.7564106741296737, -0.3881738174506863, -0.7471087457550891, -0.12120019069303539, -0.5213714251021327, 0.30385288333220234, -0.02146114388302494, -0.1636425993654876, 0.10051540199020402, 0.0627887799643378, 0.0339465152198755, 0.1930773626001448, -0.2650703231718948, 0.17134876886507033, 0.40032090972569534, -0.20174452377302787, -1.185155544868734, -0.9092261182912782, -0.6851014160690501, -0.06411501820744807, 0.12022949670033871, -0.5283726332692117, 0.09501284395303158, -0.6108858436103717, -0.32908832077224703, 0.22084816451529915, -0.10357395194377929, -0.1522022710245415, 0.04158155168619239, -0.06757818065345744, -0.05160093944855359, -1.6376205413020397, 0.11986724198253434, -0.023354720159877416, 0.19583990319694003, 0.14676721947418203, -0.112683522327884, -0.04832124302010377, 0.1808488766443362, -0.13687401775008773, -0.18777166134166726, 0.10202743847670703, -0.1897299419595795, 0.13176105053696918, 0.1020028901782879, -0.12238098938651133, -0.2804372193311042, 0.04374617657300134, -0.11490237073900256, -0.19637724877325607, -0.3150466825905634, -0.21473442080488028, -0.525474232480514, -0.16919097633988323, 0.04564436286787428, -0.07645211536955546, -0.2276204675023021, -0.3159055239652719, -0.2265214060825193, -0.5317918716392763, 0.1341385137990583, 0.07719157384913895, 0.07350754508534578, -0.5316016626477306, -0.31950218717147677, 0.11976484252281641, -0.18862391391893701, -0.20714372261665764, -0.13548226378166897, -0.1983171067093937, -0.3084354581575983, -0.22259189610837737, -0.533826407492043, -0.15709543014351118, -0.24603749998735644, -0.16572055191878668, -0.13702911869927878, -0.17715460928453902, -0.30659183352967734, -0.22539245047431186, -0.5267951980350081, -0.27980959063199773, -0.1291440250446646, 0.17759806079948895, -0.2178818847161282, -0.056404655487752565, -0.31524496358811144, -0.5299051499314955, -0.09963509802954533, 0.11039850535192489]}