{"from": [0, 0, 2, 2, 2, 3, 3, 3, 5, 6, 6, 6, 7, 7, 7, 7, 8, 8, 9, 10, 10, 10, 10, 11, 11, 11, 11, 11, 11, 12, 12, 12, 12, 14, 14, 14, 14, 14, 15, 15, 15, 15, 15, 16, 16, 16, 17, 17, 17, 17, 18, 18, 18, 18, 18, 18, 18, 19, 19, 19, 19, 19, 19, 19, 20, 20, 20, 20, 21, 21, 21, 21, 21, 21, 21, 21, 21, 21, 22, 22, 22, 22, 22, 22, 22, 22, 22, 22, 23, 23, 23, 23, 23, 23, 23, 23, 24, 24], "to": [1, 4, 0, 1, 4, 5, 13, 16, 4, 1, 3, 4, 1, 3, 13, 16, 5, 9, 5, 3, 5, 9, 16, 5, 8, 9, 10, 16, 23, 3, 8, 9, 16, 5, 12, 16, 19, 23, 8, 12, 13, 14, 24, 5, 8, 9, 3, 5, 8, 23, 1, 3, 5, 19, 20, 23, 24, 3, 5, 8, 16, 20, 23, 24, 1, 3, 8, 24, 3, 5, 8, 9, 16, 18, 19, 20, 23, 24, 1, 5, 8, 14, 16, 18, 19, 20, 23, 24, 3, 5, 8, 9, 13, 16, 20, 24, 1, 8], "influence_y": [[0, 3, 5, 8, 10, 21, 22]], "weights": [0.7698350007036273, -0.3667889386048858, -0.7538299972807675, -0.11137439229743991, -0.4977052068636287, 0.3508150437756813, -0.3982150821833696, -0.03778990517482649, -0.07642917484154536, -0.13878347693776907, -0.13009328293385872, 0.12470251440132114, 0.18220951430957447, 0.37202980797308594, -0.12314614406088019, 0.15207986262842602, 0.32282967458717254, -0.22253576897366617, -1.296775870085297, 0.16199039222672376, -0.9952864196304434, -0.673277163082126, 0.12280962588370346, -0.636175654508736, 0.1434190232027204, -0.5961734883309338, -0.3152536227569494, 0.22641955961534038, -0.11033876027308157, 0.22178213099033234, -0.15347978337750648, 0.053154613651042244, -0.06652366978394744, 0.20423127507073205, 0.169043161845419, 0.13388219113640207, -0.10360366010349058, -0.0940222426217656, 0.1819677136569394, -0.2175677102804274, -0.099745023726991, -0.1720312392963438, -0.17170044357239658, 0.1879949934966986, 0.10144527141523439, -0.11348578144930754, -0.4449739889052726, 0.16966637274014407, 0.07576620495950862, -0.34002190180867053, 0.03540460178542978, 0.18233155560362038, -0.18886192473024793, -0.18651290532141085, -0.32045255232992753, -0.22915761919135508, -0.5065504062382763, 0.2566668019963713, 0.1455768223777481, -0.1795150957741807, -0.2544506366085003, -0.32097603686403153, -0.24130690554463885, -0.5126731471818637, 0.1690582045026428, -0.1739921667930386, 0.10034207725320282, -0.5128124571761127, 0.5196878420464914, -0.1275547811437021, -0.29608226504948704, 0.07479448172560792, -0.2264534169565721, -0.08400327864631536, -0.1861597493676317, -0.3141945756099129, -0.24120426733352934, -0.5126078792184137, -0.07879027686100075, -0.22224538514324838, -0.20370214564543443, 0.06041387522735025, -0.18540176264355337, -0.07870033927547145, -0.16626042722429793, -0.313156302016623, -0.22104244398547424, -0.5056661606547763, 0.22094529025161092, -0.30580609827519073, -0.09925241186608207, 0.1474617537598766, -0.0591050482650308, -0.09102744421213614, -0.32076724989967575, -0.5147644422546395, -0.07966244996342663, 0.15534339386729318]}