{"from": [0, 0, 2, 2, 2, 2, 2, 3, 5, 6, 6, 7, 7, 7, 8, 9, 9, 10, 10, 10, 10, 11, 11, 11, 11, 11, 12, 12, 12, 12, 13, 13, 14, 14, 14, 14, 14, 15, 15, 15, 15, 15, 15, 15, 16, 16, 17, 17, 17, 18, 18, 18, 18, 18, 18, 19, 19, 19, 19, 19, 19, 20, 20, 20, 21, 21, 21, 21, 21, 21, 21, 21, 21, 21, 22, 22, 22, 22, 22, 22, 22, 22, 22, 22, 22, 23, 23, 23, 23, 23, 23, 23, 24, 24, 24], "to": [1, 4, 0, 1, 4, 5, 9, 5, 4, 1, 4, 1, 13, 16, 5, 5, 8, 5, 8, 9, 16, 5, 8, 9, 10, 16, 3, 8, 9, 16, 3, 16, 5, 9, 12, 16, 19, 3, 8, 12, 14, 16, 18, 24, 5, 9, 3, 9, 23, 5, 9, 19, 20, 23, 24, 5, 8, 9, 16, 20, 24, 1, 8, 24, 3, 5, 8, 9, 16, 18, 19, 20, 23, 24, 1, 5, 8, 9, 14, 16, 18, 19, 20, 23, 24, 5, 9, 11, 13, 19, 20, 24, 8, 9, 16], "influence_y": [[0, 6, 7, 9, 11, 12, 13, 14, 16, 19, 20, 22]], "weights": [0.7782649533919135, -0.4237472719577595, -0.7485088132687565, -0.09622797863583524, -0.5524125557032314, 0.02833551168680669, -0.014668537741008531, 0.338119995248906, -0.05474768518934038, -0.11831636832794377, 0.08576964232689112, 0.1431521917201355, -0.15878251792907425, 0.17447714849972237, 0.316210328398945, -1.277428940917757, -0.45010086196308563, -1.0432721902609237, -0.2758085907605328, -0.6876495072571676, 0.11228147445485417, -0.6105922630408327, -0.04551523811991028, -0.6310626494809127, -0.31255752509382334, 0.22996796399748795, 0.10895047449112563, -0.09635389827124598, 0.12682167253212465, -0.06093988611442707, -1.6235374646579488, 0.10972865832977441, 0.11128298461646854, -0.07821528924592006, 0.10989348413371021, 0.1572912939279661, -0.08052336095119295, -0.2628778109420843, 0.08428614719343384, -0.22325847619789962, -0.15876707738732862, 0.0956667310181576, 0.10092493688645655, -0.18568261587185336, 0.19569834345843962, -0.14547632490217452, -0.24893548679224725, -0.125570258916737, -0.26311428693700123, -0.18397995082248703, 0.1516405749222188, -0.214274462591747, -0.3014731137243072, -0.1551842033757792, -0.5019661456800326, 0.1669936712334857, -0.14798667858375145, 0.15562877493727686, -0.19607688431769307, -0.3016281669172222, -0.508112735616757, 0.13183527888438726, 0.056917753980015855, -0.5077460975871626, 0.2552587327317231, -0.2753390523345758, -0.16092849221026737, 0.273453907934951, -0.1898079425642055, -0.1398481479518244, -0.20983251367807207, -0.2924981914883547, -0.15056357876865678, -0.5105126616173689, -0.1006087285808324, -0.20510886689427033, -0.171052002412826, 0.1579970076921028, 0.050242414230793044, -0.14353422729904255, -0.14018521947397675, -0.18703224820026357, -0.29014268522903064, -0.153035706167124, -0.5038371826442294, -0.4122779379508608, 0.2727752201642363, -0.10999286882193651, -0.06530451208820101, -0.21356928454008817, -0.3005994826194392, -0.5104884955892243, 0.15059048508622924, 0.05040598949093764, 0.058508136543334976]}