{"from": [0, 0, 0, 2, 2, 2, 3, 3, 4, 4, 6, 6, 6, 7, 7, 7, 8, 8, 9, 10, 10, 10, 10, 11, 11, 11, 11, 11, 12, 12, 12, 12, 12, 13, 13, 14, 14, 14, 14, 14, 14, 15, 15, 15, 15, 16, 16, 16, 17, 17, 17, 17, 18, 18, 18, 18, 18, 19, 19, 19, 19, 19, 19, 19, 19, 19, 20, 21, 21, 21, 21, 21, 21, 21, 21, 21, 21, 21, 22, 22, 22, 22, 22, 22, 22, 22, 22, 23, 23, 23, 23, 23, 23, 23, 23, 23, 24, 24], "to": [1, 4, 5, 0, 1, 4, 5, 9, 5, 9, 1, 4, 13, 1, 13, 16, 5, 9, 5, 5, 9, 13, 16, 5, 8, 9, 10, 16, 3, 8, 9, 13, 16, 3, 16, 5, 9, 12, 16, 19, 23, 3, 12, 14, 24, 5, 8, 9, 3, 9, 13, 23, 5, 9, 13, 20, 24, 5, 8, 9, 13, 16, 18, 20, 23, 24, 1, 3, 5, 8, 9, 13, 16, 18, 19, 20, 23, 24, 1, 5, 8, 16, 18, 19, 20, 23, 24, 5, 8, 9, 11, 13, 16, 18, 20, 24, 9, 20], "influence_y": [[0, 2, 4, 5, 8, 12, 13, 14, 19, 20, 21, 22, 23, 24]], "weights": [0.765091631198975, -0.38025392240439937, -0.028461439955283822, -0.7502293037352715, -0.10529532159167074, -0.49927692415826425, 0.33777114460439245, 0.01921627638499572, -0.07114562744096252, 0.007829511372037884, -0.13705331237933294, 0.11104636707596868, 0.06380758355487393, 0.2015925392332677, -0.2783671530136541, 0.15834540062078084, 0.27459847837825974, -0.20599780701716716, -1.2447240500395902, -0.9548677512819111, -0.6853051573663271, -0.08531051042178199, 0.12538646237915352, -0.5221570101976076, 0.09816824369649081, -0.5988320838280787, -0.3190952731137254, 0.21136877796818668, 0.11911641077170457, -0.13674442749788387, 0.07802105058625847, -0.059254199573508734, -0.053024574445244964, -1.6065699721406315, 0.09267276793791153, 0.17274646437349334, -0.04638206541483604, 0.12430538546105888, 0.15211994712781662, -0.10218386585221813, -0.06707431416983985, -0.26362839202375266, -0.2691188641794764, -0.17203777998904432, -0.24628569087466148, 0.19951363931232508, 0.09342515042908647, -0.11747081589534394, -0.24370274980740841, -0.07907386879754602, 0.12876618489464187, -0.33938626119261955, -0.18553281163856217, 0.09132348309022992, -0.15944426139444742, -0.5232940612281641, -0.2975210224519637, 0.14911411846797665, -0.2498908382557508, 0.08121218693411879, -0.13254376295435252, -0.24420746336483476, -0.19906607594967338, -0.5228370354155443, -0.19007726601167096, -0.3051100801457824, 0.17827549636111953, 0.2432205502436039, -0.24721342970766993, -0.35720542539276756, 0.14274099072889732, -0.23520825683594618, -0.2299167165233572, -0.18506959727007707, -0.1616134056952741, -0.5194899836822422, -0.1865066160631904, -0.3029978791249494, -0.08729402358387583, -0.25190935022154637, -0.2017402776915323, -0.1244042627876345, -0.1774891862135222, -0.1488805422984113, -0.5182234144672792, -0.1942762008719968, -0.28940412405557014, -0.37380044240614446, -0.17481807477030575, 0.19124763644177964, -0.13930961242025147, -0.22263805149029273, -0.10611986711228101, -0.19935459963525376, -0.5228339229602228, -0.3084881199730637, 0.03131200627502178, -0.5237169380378304]}