{"from": [0, 0, 2, 2, 2, 3, 5, 6, 7, 7, 7, 8, 8, 9, 10, 10, 10, 10, 11, 11, 11, 11, 11, 12, 12, 12, 12, 13, 13, 14, 14, 14, 14, 14, 15, 15, 15, 15, 15, 16, 16, 16, 17, 17, 17, 18, 18, 18, 18, 18, 18, 18, 19, 19, 19, 19, 19, 19, 19, 20, 20, 21, 21, 21, 21, 21, 21, 21, 21, 21, 21, 21, 22, 22, 22, 22, 22, 22, 22, 22, 22, 23, 23, 23, 23, 23, 23, 23, 23, 23, 23, 24, 24, 24], "to": [1, 4, 0, 1, 4, 5, 4, 1, 1, 13, 16, 5, 9, 5, 5, 9, 13, 16, 5, 8, 9, 10, 16, 3, 8, 9, 16, 3, 16, 5, 9, 12, 16, 19, 8, 12, 14, 16, 24, 5, 8, 9, 3, 9, 23, 1, 5, 9, 13, 19, 20, 24, 5, 8, 9, 13, 16, 20, 24, 1, 24, 3, 5, 8, 9, 13, 16, 18, 19, 20, 23, 24, 1, 5, 8, 16, 18, 19, 20, 23, 24, 5, 8, 9, 11, 13, 16, 18, 19, 20, 24, 1, 8, 16], "influence_y": [[1, 3, 5, 7, 8, 9, 10, 13, 14, 16, 19, 20, 22, 23]], "weights": [0.7469179798310241, -0.37813150703507187, -0.7477890619018795, -0.12652108119873257, -0.5029011313351711, 0.33431744789705425, -0.06501912645885154, -0.1711996825975596, 0.20742965713410402, -0.2485850229389729, 0.18272081687663533, 0.36079298472087845, -0.2221232047554883, -1.2548697342158774, -0.988995036396384, -0.6658390168523077, -0.0895081246029736, 0.092469022805036, -0.5762113200636408, 0.09185904363657284, -0.5810898077158417, -0.31451131923216413, 0.24824708390718933, 0.09390025747293133, -0.17700075269436708, 0.05355753921425578, -0.059539741407982696, -1.591319006201115, 0.09749355826012918, 0.19417044122528143, -0.04871933624107071, 0.14179243077855905, 0.15781478570422325, -0.10369435792549155, 0.11431153925164333, -0.2676938337999746, -0.10445437406704668, 0.08286164294796336, -0.17137618924763073, 0.14115053991146187, 0.10502953610827045, -0.12417709437765405, -0.18773001511787574, -0.06835644068771458, -0.2999179331318578, 0.1331211648035465, -0.16417606266455176, 0.05438243714274854, -0.09504266305902963, -0.22437206739107976, -0.3145211500274371, -0.5056889718215561, 0.14241792620740726, -0.23237791042065992, 0.032878165725130706, -0.08051169865444635, -0.19139031281106633, -0.31407781209492075, -0.5113784429183447, 0.2402486697398736, -0.509534489768337, 0.2150118924895207, -0.213524469673903, -0.32479008214983535, 0.13606428294492423, -0.13160885505323427, -0.2206919965507767, -0.13429141784763352, -0.22486989477459282, -0.30706732712362045, -0.10348174807188054, -0.5122304314276838, -0.1383294647784831, -0.16738147004301193, -0.27843078641934926, -0.08197155165411789, -0.13009940470444867, -0.20573898005415564, -0.3059876484015978, -0.106271385762975, -0.5055834806254369, -0.3165434716090763, -0.16064493284809542, 0.16966173379345184, -0.11799625100495766, -0.21976277290092625, -0.06884423783783279, -0.1483686266245092, -0.22650252540125784, -0.312651651104171, -0.5094428610188076, -0.07002220881074836, 0.038859154055092465, 0.07488472685583739]}