{"from": [0, 0, 0, 1, 2, 2, 2, 3, 4, 6, 7, 7, 7, 8, 8, 9, 10, 10, 10, 11, 11, 11, 11, 11, 12, 12, 12, 13, 13, 14, 14, 14, 14, 14, 15, 15, 15, 15, 16, 16, 16, 17, 18, 18, 18, 18, 19, 19, 19, 19, 19, 19, 20, 21, 21, 21, 21, 21, 21, 21, 21, 22, 22, 22, 22, 22, 22, 22, 22, 22, 22, 23, 23, 23, 23, 23, 23, 23, 23, 23, 23], "to": [1, 4, 20, 20, 0, 1, 4, 5, 5, 1, 1, 13, 16, 5, 9, 5, 5, 9, 16, 5, 8, 9, 10, 16, 8, 9, 16, 3, 16, 5, 12, 16, 19, 20, 12, 14, 20, 24, 5, 8, 9, 23, 9, 19, 20, 24, 5, 8, 9, 16, 20, 24, 24, 8, 9, 16, 18, 19, 20, 23, 24, 1, 5, 8, 14, 16, 18, 19, 20, 23, 24, 5, 8, 9, 11, 13, 16, 18, 19, 20, 24], "influence_y": [[0, 2, 4, 8, 19, 23]], "weights": [0.7308321156186519, -0.3686003333175375, -0.06040627397019905, 0.06803787039360139, -0.7508195765783147, -0.14356137087099313, -0.5044680490833449, 0.30714108206568363, -0.0318244554318225, -0.13928716714035136, 0.17573572657688438, -0.20470383748804744, 0.140563405915441, 0.3368708716335781, -0.2079290691766068, -1.2726686843002903, -0.9961381059871791, -0.6615621708415755, 0.10199450315911039, -0.5629835053338211, 0.0684666357364368, -0.5860561532809957, -0.31648965305375915, 0.2112851339059336, -0.152076822049974, 0.05023202912180069, -0.07220039364013574, -1.6338347588533781, 0.08878694252696955, 0.15073898937492855, 0.10572272216176833, 0.14800657509113543, -0.09715628167362295, 0.03641496713008442, -0.22956115550809797, -0.1999616316784336, 0.05357235553803724, -0.1918321224057284, 0.1884742385171261, 0.1182752229849229, -0.12741884455218763, -0.2755459507409403, 0.05503258984642559, -0.22829625809803855, -0.32038353057893676, -0.5020417345238495, 0.17048755700016727, -0.23449792503346023, 0.044903637496378976, -0.22668571929744225, -0.3094476241492687, -0.5064335175283985, -0.5088196819713817, -0.3802025538749233, 0.12509761319530388, -0.21084361807870108, -0.11687884071613064, -0.21940010965624726, -0.3040105453072191, -0.10846395138163674, -0.5072325451419823, -0.15150689558181674, -0.05748162897378187, -0.26259440433190917, 0.0938047371099586, -0.13900994994275095, -0.11131159450106697, -0.19894855842725082, -0.2960439716681445, -0.11874593752526218, -0.4995056243966574, -0.22399765173932476, -0.166643359389713, 0.17620410065645362, -0.1029076342917652, -0.0865698124200894, -0.10336341520526003, -0.13688876374693365, -0.22679365901362436, -0.30422687748958543, -0.508810601618696]}