{"from": [0, 0, 2, 2, 2, 5, 5, 6, 6, 7, 7, 7, 7, 8, 8, 9, 9, 10, 10, 10, 10, 10, 11, 11, 11, 11, 11, 12, 12, 12, 12, 13, 13, 13, 14, 14, 14, 14, 14, 15, 15, 15, 15, 15, 16, 16, 16, 17, 17, 17, 18, 18, 18, 18, 18, 18, 19, 19, 19, 19, 19, 19, 20, 20, 20, 21, 21, 21, 21, 21, 21, 21, 21, 21, 21, 22, 22, 22, 22, 22, 22, 22, 22, 22, 23, 23, 23, 23, 23, 23, 23, 23, 23, 23, 24, 24, 24, 24], "to": [1, 4, 0, 1, 4, 3, 4, 1, 4, 1, 5, 13, 16, 5, 9, 3, 5, 3, 5, 9, 13, 16, 5, 8, 9, 10, 16, 3, 8, 9, 16, 3, 5, 16, 5, 9, 12, 16, 19, 12, 14, 16, 18, 24, 5, 8, 9, 3, 9, 23, 5, 9, 19, 20, 23, 24, 5, 8, 9, 16, 20, 24, 1, 16, 24, 3, 8, 9, 13, 16, 18, 19, 20, 23, 24, 1, 5, 8, 16, 18, 19, 20, 23, 24, 1, 5, 8, 9, 11, 13, 16, 19, 20, 24, 1, 8, 9, 16], "influence_y": [[6, 10, 12, 13, 14, 19, 23]], "weights": [0.7691950589261262, -0.39719169762273404, -0.7579624130384096, -0.10538403960387155, -0.5072719397631225, 0.12184536350630121, -0.033725061411139914, -0.12166066283238088, 0.12540761529452993, 0.2741771648206245, -0.08605216402117724, -0.24921411885294548, 0.21922543748853657, 0.3304207630733171, -0.20980725828237137, 0.19669044865177782, -1.2330458613888347, 0.11936620419015363, -1.000849937765445, -0.6662209089911877, -0.03442362357509125, 0.17320354995170234, -0.5915520500078512, 0.0803432245049852, -0.5899151080735238, -0.3102263460631218, 0.22176330528315602, 0.0429492310513848, -0.1446909125389985, 0.08830393621063361, -0.06783401774696705, -1.5720520083169676, -0.5737722027717663, 0.13078169191264752, 0.16159188681447048, -0.055076221523103576, 0.1732173584983923, 0.1700317108733301, -0.1054696791364646, -0.2844282938323897, -0.17240801808737669, 0.18002629573142576, 0.10469777097660998, -0.21522413588415162, 0.2402006824067428, 0.09429263684631232, -0.12344043337411227, -0.07880086376629844, -0.08287990718832769, -0.26861501478107636, -0.15960992781853778, 0.08349421011869236, -0.2240659910582661, -0.31162622441203414, -0.16429658343414746, -0.5265672447459128, 0.24969766955646522, -0.25670150325756963, 0.06180601630099984, -0.23802256137309766, -0.31236578870830395, -0.5336132319897392, 0.10735781933258277, 0.054183828656318656, -0.5331065148362296, 0.15052204453676046, -0.3109029410570575, 0.16487731668558347, -0.07944284516541414, -0.20038699413598166, -0.1331026014781089, -0.2208453720470515, -0.302197385143786, -0.16211095246787557, -0.5335577372905987, -0.12975224125467924, -0.14353731139493558, -0.22003813011544368, -0.168785512460089, -0.1336174752890804, -0.20121685658362967, -0.30152837014139555, -0.1729976649707959, -0.5295023600768703, -0.06434429901666568, -0.3687807465979175, -0.14556880494169458, 0.1952185596604775, -0.11124345428704563, -0.09260821257421556, -0.11287899707014999, -0.22393857544316215, -0.31165523812719903, -0.5363407140794414, -0.0837107476795204, 0.022555211515185837, 0.030591173074052964, 0.06818879988152476]}