{"from": [0, 0, 2, 2, 2, 3, 3, 4, 6, 6, 7, 7, 7, 7, 7, 8, 8, 9, 10, 10, 10, 11, 11, 11, 11, 11, 12, 12, 12, 12, 12, 13, 13, 14, 14, 14, 14, 14, 15, 15, 15, 15, 15, 15, 15, 16, 16, 16, 17, 17, 17, 18, 18, 18, 18, 18, 18, 19, 19, 19, 19, 19, 20, 20, 21, 21, 21, 21, 21, 21, 21, 21, 21, 21, 21, 22, 22, 22, 22, 22, 22, 22, 22, 22, 22, 23, 23, 23, 23, 23, 23, 23, 23, 23, 23, 24, 24], "to": [1, 4, 0, 1, 4, 5, 9, 5, 1, 4, 0, 1, 5, 13, 16, 5, 9, 5, 5, 9, 16, 5, 8, 9, 10, 16, 0, 3, 8, 9, 16, 3, 16, 5, 9, 12, 16, 19, 3, 8, 12, 14, 16, 18, 24, 5, 8, 9, 3, 9, 23, 1, 5, 9, 19, 20, 24, 8, 9, 16, 20, 24, 1, 24, 0, 3, 5, 8, 9, 16, 18, 19, 20, 23, 24, 1, 5, 8, 14, 16, 18, 19, 20, 23, 24, 0, 5, 8, 9, 11, 16, 18, 19, 20, 24, 8, 16], "influence_y": [[0, 4, 5, 8, 10, 13, 14, 22]], "weights": [0.7548964030060576, -0.3733774473965838, -0.7461704227567889, -0.12116719599115752, -0.49853235986279376, 0.3245154265389556, 0.011473245842370569, -0.045791366433026046, -0.14446250077888761, 0.11940707243112302, -0.059588328331617445, 0.24122870359329124, -0.0960063296581507, -0.15568740521498275, 0.20546863805784513, 0.3033131015933962, -0.212071817025981, -1.2340877444629983, -0.995042517576899, -0.6741542300416974, 0.15549855098250046, -0.5331722660337179, 0.08687259265827231, -0.5924613852268578, -0.3222112219262034, 0.22322834527427152, -0.11919945947121992, 0.10666218078655147, -0.1622050616243674, 0.07597665066680875, -0.07488612267874793, -1.6213086717037462, 0.11355992751481414, 0.15842528480885476, -0.053735576027261776, 0.13472411946827292, 0.16793780674889003, -0.10163250557099084, -0.2194667773452264, 0.07966171929414596, -0.23283822249737063, -0.1913278208248727, 0.18701129572333022, 0.12008430577482673, -0.1811086693543121, 0.2053279631219445, 0.07771718578490959, -0.11863773379911764, -0.1813900150499923, -0.04612239215068579, -0.26213901620851243, 0.10600508121565252, -0.1307640759817457, 0.06881663670801948, -0.22540794370765152, -0.30799079441604926, -0.5514968181459012, -0.24143630069508157, 0.03575515572877726, -0.24203579138916226, -0.3086753987028038, -0.5574538945065128, 0.21266471988979904, -0.5571113771396334, -0.1256384674488609, 0.19494872660286255, -0.1850117107031122, -0.3418805737728611, 0.1362671941826714, -0.22688438917425063, -0.1724543528719895, -0.22232803552666175, -0.2962675835081194, -0.14562808831594654, -0.5594732264496124, -0.06802258278311626, -0.3026920489788572, -0.26498338174435815, 0.05890854415170457, -0.19347885597381878, -0.17567206563087515, -0.20007870464680227, -0.2950235312472662, -0.15151299668716736, -0.552985153432632, -0.18536690971125372, -0.34775383934937143, -0.1762737771854648, 0.18139242228943367, -0.13526977456183698, -0.12445413018069831, -0.17735563116655836, -0.22736252696992143, -0.3058863226899088, -0.5578628223331988, 0.058451358467921974, 0.05897119170970099]}