{"from": [0, 0, 2, 2, 2, 3, 5, 6, 6, 7, 7, 7, 8, 8, 9, 10, 10, 10, 11, 11, 11, 11, 11, 12, 12, 12, 12, 13, 13, 14, 14, 14, 14, 15, 15, 15, 15, 15, 15, 15, 16, 16, 16, 17, 17, 18, 18, 18, 18, 18, 19, 19, 19, 19, 19, 19, 20, 21, 21, 21, 21, 21, 21, 21, 21, 21, 21, 22, 22, 22, 22, 22, 22, 22, 22, 22, 23, 23, 23, 23, 23, 23, 23, 23, 23, 23, 24, 24, 24], "to": [1, 4, 0, 1, 4, 5, 4, 1, 4, 1, 13, 16, 5, 9, 5, 5, 9, 16, 5, 8, 9, 10, 16, 3, 8, 9, 16, 3, 16, 5, 12, 16, 19, 3, 8, 12, 14, 16, 18, 24, 5, 8, 9, 3, 23, 5, 8, 9, 20, 24, 5, 8, 16, 18, 20, 24, 1, 3, 8, 9, 13, 16, 18, 19, 20, 23, 24, 1, 5, 8, 16, 18, 19, 20, 23, 24, 5, 8, 9, 11, 13, 16, 18, 19, 20, 24, 1, 8, 20], "influence_y": [[0, 4, 6, 7, 8, 10, 11, 12, 15, 16, 18, 19, 21, 23]], "weights": [0.767658695857817, -0.3842069266159177, -0.7489605064330378, -0.11814426213995297, -0.5058215899965275, 0.33186236343847797, -0.056201693833919694, -0.15665337921382497, 0.0832499424764224, 0.14990839138527656, -0.24670958846945285, 0.17946093687902698, 0.36952078574424996, -0.22868364171469094, -1.2829971993395537, -1.0104420687790203, -0.6628068293062822, 0.1405367000997812, -0.5152459823621697, 0.1015869047128608, -0.5770963281410789, -0.2948343257755065, 0.23062288178045903, 0.1180632910811714, -0.12910550234451657, 0.04866591082070613, -0.07174918665568154, -1.6203369504947123, 0.10176442363681992, 0.15798248214087923, 0.16777221340582937, 0.14753409944519125, -0.10648668282967551, -0.2516650835378844, 0.1075418962583588, -0.25739713374297774, -0.18140604859363194, 0.09595986621865028, 0.0852652230417536, -0.25326939405635895, 0.15629119771043135, 0.08425720367988687, -0.14182551047596786, -0.2632906705317216, -0.28505933080789564, -0.10180142746248814, -0.055226118825888564, 0.03596560779682845, -0.5340452788937238, -0.30015879566102815, 0.21145426691428593, -0.30784824560562457, -0.24497119539085577, -0.20653407684228425, -0.5338496896816106, -0.3086080739685478, 0.16169255676199784, 0.2706888240964563, -0.38873344976400526, 0.07949115411356654, -0.08193636732380484, -0.26286566033465897, -0.1978307841632633, -0.18670803960228993, -0.5309317552839616, -0.11802613351887328, -0.3009573642452426, -0.14335393428636506, -0.0956266480632997, -0.3050589554591187, -0.19044053988721568, -0.198231695026153, -0.16934108250581095, -0.5307367422202163, -0.1289759506665463, -0.2934698242421784, -0.24180057220656234, -0.23316960368146925, 0.15524020983381204, -0.1254900997339072, -0.10395623597335912, -0.11484906649212659, -0.20626639551888815, -0.18722222296912955, -0.5336023213115734, -0.3089356049201577, -0.0825562874853746, 0.07848171967497913, -0.5347757205366369]}