{"from": [0, 0, 2, 2, 2, 3, 4, 6, 6, 7, 7, 7, 7, 8, 8, 9, 10, 10, 10, 11, 11, 11, 11, 11, 12, 12, 12, 12, 13, 13, 13, 14, 14, 14, 14, 15, 15, 15, 15, 15, 15, 16, 16, 16, 17, 18, 18, 18, 18, 19, 19, 19, 19, 19, 19, 19, 19, 20, 20, 20, 21, 21, 21, 21, 21, 21, 21, 21, 21, 21, 22, 22, 22, 22, 22, 22, 22, 22, 22, 22, 23, 23, 23, 23, 23, 23, 23, 23, 23, 24, 24], "to": [1, 4, 0, 1, 4, 5, 5, 1, 4, 1, 13, 14, 16, 5, 9, 5, 5, 9, 16, 5, 8, 9, 10, 16, 3, 8, 9, 16, 3, 4, 16, 5, 12, 16, 19, 3, 8, 12, 14, 18, 24, 5, 8, 9, 23, 5, 9, 20, 24, 5, 8, 9, 16, 18, 20, 23, 24, 1, 13, 24, 3, 5, 8, 9, 16, 18, 19, 20, 23, 24, 1, 5, 8, 14, 16, 18, 19, 20, 23, 24, 5, 8, 9, 11, 13, 16, 18, 20, 24, 1, 8], "influence_y": [[1, 3, 4, 5, 7, 8, 9, 12, 13, 15, 19, 20, 22, 23, 24]], "weights": [0.7404840788511171, -0.4060561426179616, -0.7555603835487514, -0.14067919730318285, -0.5470604264488109, 0.3226278287000903, -0.039285629649555676, -0.16613406135168302, 0.14353009984560464, 0.211342732312931, -0.20703689024226576, -0.08575651232054907, 0.12939266673780192, 0.3079457546349409, -0.21577801082195802, -1.2690672394242537, -1.0136574005074366, -0.6654253134038857, 0.10939997609285748, -0.5811396406842353, 0.07787619275658184, -0.5877600943657759, -0.32637563179714163, 0.20488776752200916, 0.10693441310357528, -0.16656632280053127, 0.06494779952235595, -0.08909768774467262, -1.6121459888006222, 0.07397485240173389, 0.0844128444505732, 0.19617179711994936, 0.1553961942627866, 0.12828981361137615, -0.09358459985686762, -0.18581187084637743, 0.06438903277047887, -0.22896333882147857, -0.19246170843925603, 0.13352638085742144, -0.19983036961102452, 0.16819198052096818, 0.0527928938088686, -0.1238362650602049, -0.31786695139106425, -0.16463161142138444, 0.04007793807409887, -0.3143003705551113, -0.5182412572800368, 0.06793208256792448, -0.22107916137884226, 0.05561711031708356, -0.20478539452869424, -0.2243317265984937, -0.31327784627122685, -0.1739776379178905, -0.5226381089940222, 0.18192569090800453, 0.15058607542598967, -0.5244533060694688, 0.1786143754456247, -0.1976090608970487, -0.35582296663127305, 0.134954819191843, -0.2066862344711514, -0.22016552493501437, -0.14492538214701434, -0.30592575345550105, -0.16607088697214614, -0.5229919968360597, -0.10685700749696335, -0.24770047558909364, -0.23391726257109105, 0.16928026442884342, -0.10734108552523794, -0.21997596274649714, -0.12111057318806774, -0.3022542058015126, -0.17244267008520311, -0.5188232452620324, -0.36056631999965777, -0.2063120895831936, 0.18378798891315487, -0.1392907587074858, -0.06009443945552218, -0.09854450806820077, -0.22125524089336351, -0.3131553556915727, -0.5273704328108311, -0.11124274039945456, 0.06811755092432575]}