{"from": [0, 0, 0, 2, 2, 3, 3, 4, 6, 6, 6, 7, 7, 7, 8, 8, 9, 10, 10, 10, 11, 11, 11, 11, 11, 12, 12, 12, 12, 12, 13, 13, 13, 14, 14, 14, 14, 14, 15, 15, 15, 15, 15, 15, 16, 16, 16, 17, 17, 17, 17, 18, 18, 18, 18, 18, 18, 18, 18, 18, 19, 19, 19, 19, 19, 19, 19, 21, 21, 21, 21, 21, 21, 21, 21, 21, 21, 21, 22, 22, 22, 22, 22, 22, 22, 22, 22, 22, 23, 23, 23, 23, 23, 23, 23, 23, 23, 23, 24, 24], "to": [1, 2, 4, 1, 4, 5, 9, 5, 1, 4, 13, 1, 13, 16, 5, 9, 5, 5, 9, 16, 5, 8, 9, 10, 16, 3, 8, 9, 13, 16, 3, 16, 24, 5, 9, 12, 16, 19, 3, 8, 12, 14, 18, 24, 5, 8, 9, 3, 9, 13, 23, 5, 8, 9, 12, 13, 19, 20, 23, 24, 5, 8, 9, 13, 16, 20, 24, 3, 5, 8, 9, 13, 16, 18, 19, 20, 23, 24, 1, 5, 8, 13, 16, 18, 19, 20, 23, 24, 1, 5, 8, 9, 11, 13, 16, 19, 20, 24, 1, 20], "influence_y": [[1, 4, 6, 8, 12, 14, 23]], "weights": [0.7400864653007084, -0.7514425959516693, -0.41018085099756724, -0.13406309063526275, -0.5277186556706631, 0.31946952477901663, 0.00805928289840561, -0.04100489638838652, -0.1446851932164789, 0.15748034739725827, 0.06409111957852247, 0.20028002688466953, -0.286384256205222, 0.12320957894982719, 0.26645340708835275, -0.21051163977158396, -1.2599353662084603, -0.9773942758694155, -0.6745231148072063, 0.11083742424964561, -0.547299867648753, 0.09429270051741223, -0.6037021591819668, -0.3212726757315904, 0.22821202685952977, 0.10519908385570513, -0.14144643008325095, 0.07851616316831146, -0.07422855380214852, -0.0267074823582416, -1.619836795810155, 0.08188305840502964, -0.03393276725583727, 0.17680860209460897, -0.04383225085920593, 0.17034332621944914, 0.13954290594166371, -0.10710633280384191, -0.20190517305563532, 0.0954224577890692, -0.24196125901444482, -0.13542308584430948, 0.081113927864421, -0.23362561731954534, 0.18976084354596556, 0.1015513292032925, -0.10881262855315385, -0.200186102323873, -0.06745088568449026, 0.20301738923652932, -0.261692122998833, -0.1581244051190698, -0.08694752186170308, 0.0983526874529117, 0.09334134987473579, -0.1632720103441964, -0.22350285116543997, -0.5109842256795648, -0.15805208102996024, -0.3173878692307562, 0.12367567574407541, -0.2729303404329332, 0.05575849048369201, -0.14890473235728136, -0.21411155205055793, -0.5110203886440313, -0.32430368925951125, 0.28389248273386014, -0.13995392320803782, -0.40100622769431254, 0.14792721589423052, -0.23798998397363763, -0.18913809222901157, -0.12601700306722097, -0.221282562946392, -0.5032297695288946, -0.14872053036499583, -0.32712250151003236, -0.18238223985173665, -0.15337901954431674, -0.30189296352875467, -0.0793600075294175, -0.10567823991192882, -0.13014117267421915, -0.19945119545996692, -0.502597393595743, -0.15832225691604981, -0.30843069272820234, -0.09404047001472661, -0.30099439282722035, -0.22327643834321897, 0.18630574725671784, -0.12147004667258147, -0.1933210821594975, -0.07999720322954373, -0.22461732252231595, -0.5102225678494272, -0.32908053700570733, -0.17634329740517823, -0.5123076260151481]}