{"from": [0, 0, 0, 0, 1, 1, 2, 2, 2, 3, 6, 7, 7, 7, 7, 8, 8, 9, 10, 10, 10, 10, 11, 11, 11, 11, 11, 12, 12, 12, 12, 12, 13, 13, 13, 14, 14, 14, 14, 14, 15, 15, 15, 15, 15, 15, 16, 16, 16, 17, 17, 17, 17, 18, 18, 18, 18, 18, 18, 19, 19, 19, 19, 19, 19, 19, 21, 21, 21, 21, 21, 21, 21, 21, 21, 21, 21, 22, 22, 22, 22, 22, 22, 22, 22, 22, 23, 23, 23, 23, 23, 23, 23, 23, 23, 23, 24], "to": [1, 2, 4, 24, 5, 24, 1, 4, 24, 5, 1, 1, 5, 13, 16, 5, 9, 5, 5, 9, 13, 16, 5, 8, 9, 10, 16, 3, 8, 9, 13, 16, 3, 8, 16, 5, 9, 12, 16, 19, 3, 8, 12, 14, 18, 24, 5, 8, 9, 3, 5, 8, 23, 5, 8, 9, 13, 20, 24, 5, 8, 13, 16, 18, 20, 24, 3, 5, 8, 9, 13, 16, 18, 19, 20, 23, 24, 1, 5, 8, 16, 18, 19, 20, 23, 24, 5, 8, 9, 11, 13, 16, 18, 19, 20, 24, 20], "influence_y": [[2, 5, 13, 21, 22]], "weights": [0.7660603617880858, -0.7572116358652029, -0.3626034282202235, 0.040630487299147006, -0.02578780284410892, -0.0564999092791418, -0.10547425866760424, -0.4693215602012716, -0.01613604710619776, 0.3697538555979429, -0.13396541093004224, 0.24178429988506744, -0.16248369433924312, -0.2504033005442465, 0.16595380832762716, 0.3073737894575825, -0.2107861325743997, -1.2340418677442286, -1.0208959915451146, -0.6641296163220671, -0.08625394286980717, 0.12596552473255276, -0.5923296853199961, 0.11810185318057491, -0.5852101190214033, -0.33333207285936983, 0.23023079890477766, 0.12862054760271904, -0.17795285271854186, 0.06364049033597723, -0.040937655380791416, -0.07380859661102326, -1.605080531731244, -0.08170861945870886, 0.07807099301514019, 0.20846895837529272, -0.03263563592683762, 0.15990454958128034, 0.12887060687770535, -0.06831432724731291, -0.2177166885182217, 0.13424411267461553, -0.22417641112401854, -0.1016935645221924, 0.0976023474205002, -0.29769609571013506, 0.22717101351506236, 0.10990026501867216, -0.13907097994951226, -0.15195933044390397, 0.2637631194466421, 0.1516178359470403, -0.24009240409812183, -0.19861960502287704, -0.16016235685481964, 0.05815296009900573, -0.10553824226407212, -0.5115997177347967, -0.31130102153561146, 0.1924468107996238, -0.3127727432788463, -0.043524066617757984, -0.22655946764547652, -0.22069439881308794, -0.5104377264961399, -0.3271601641403079, 0.22131088909168772, -0.2235112453126996, -0.4282943925955069, 0.10456459092216211, -0.13514654310923258, -0.20750829170574348, -0.21140487957217174, -0.1601812034862879, -0.5026759727595393, -0.12989562721809622, -0.32211390937593476, -0.1563594635302033, -0.26355017980027984, -0.35613244900766616, -0.125362163100805, -0.21432707924476094, -0.14518366464746593, -0.5021288555159236, -0.13940632393144997, -0.3244991050587946, -0.39553916242934894, -0.2324169055227026, 0.16339745846898757, -0.11624775897560538, -0.14648510989049854, -0.11616118617453472, -0.21856859372780346, -0.16444875902656533, -0.5095614935751971, -0.3381078107532547, -0.5126235297983571]}