{"from": [0, 0, 2, 2, 2, 3, 3, 3, 5, 6, 6, 7, 7, 7, 8, 8, 9, 10, 10, 10, 11, 11, 11, 11, 11, 12, 12, 12, 12, 13, 14, 14, 14, 14, 14, 15, 15, 15, 15, 15, 15, 16, 16, 16, 17, 17, 17, 18, 18, 18, 18, 18, 18, 19, 19, 19, 19, 19, 19, 20, 20, 21, 21, 21, 21, 21, 21, 21, 21, 21, 22, 22, 22, 22, 22, 22, 22, 22, 23, 23, 23, 23, 23, 23, 23, 23, 23, 23, 23, 24], "to": [1, 4, 0, 1, 4, 5, 8, 16, 4, 1, 4, 1, 13, 16, 5, 9, 5, 5, 9, 16, 5, 8, 9, 10, 16, 3, 8, 9, 16, 3, 5, 9, 12, 16, 19, 3, 8, 12, 14, 18, 24, 5, 8, 9, 3, 8, 23, 5, 8, 9, 19, 20, 24, 5, 8, 9, 16, 20, 24, 1, 24, 3, 8, 9, 16, 18, 19, 20, 23, 24, 1, 8, 16, 18, 19, 20, 23, 24, 1, 5, 8, 9, 11, 13, 16, 18, 19, 20, 24, 1], "influence_y": [[0, 1, 8, 19, 20, 22, 23, 24]], "weights": [0.7380108907782401, -0.38515272833340003, -0.7489104493721322, -0.16269556155810122, -0.5053373298865309, 0.32409888160325306, 0.039361352770176404, -0.04891950548190412, -0.06001468572011275, -0.20195011795544415, 0.15623403453666074, 0.2534754966072838, -0.22634078582901396, 0.11559073186026023, 0.3507353262290058, -0.22176263702508175, -1.240993797345968, -0.9823867633508145, -0.6788375033043216, 0.10146187177649968, -0.5061344419420875, 0.09854227146110751, -0.6076884359840873, -0.32757777642141434, 0.21971093912838777, 0.08489890109139787, -0.17934347074825158, 0.0644277066195987, -0.04943419788606043, -1.6265019664408689, 0.13554725677554605, -0.03777217430938344, 0.13885710660246572, 0.14946022675128715, -0.1048333541769651, -0.2821709495768552, 0.15684903996973065, -0.182936646661779, -0.1104619187604418, 0.11616354408634634, -0.22807458039729733, 0.15546459935046442, 0.1126781313133581, -0.11120232374406559, -0.17371116853050134, 0.1672765449004122, -0.21488968325882143, -0.07209700350369384, -0.16117054290443886, 0.06051406826350482, -0.21328975516871032, -0.29259372433233494, -0.5144005146197786, 0.11857719966257484, -0.3897059961183681, 0.0399088469480581, -0.21175390182866616, -0.29208038807335174, -0.5192548990145708, 0.1558751395467787, -0.5191655567171357, 0.20801280682378115, -0.4985356280925982, 0.11260786878265286, -0.2336963085394792, -0.17847308198658798, -0.20774907170601073, -0.2794096837096183, -0.0957507055820219, -0.5203574065495586, -0.21191968856041474, -0.40996996044737505, -0.15811791476443018, -0.1786767550827813, -0.1893209040945451, -0.27604145011096887, -0.10623317829940872, -0.5159386941711238, -0.129454366320097, -0.24996676784517033, -0.3146585179769573, 0.15511711794262997, -0.10417051831007908, -0.05795351422593395, -0.06383428519717024, -0.1812497800936801, -0.21649461763812117, -0.289797784767745, -0.524999723148723, -0.15660393686554638]}