{"from": [0, 0, 2, 2, 2, 3, 4, 6, 6, 6, 6, 7, 7, 7, 8, 8, 9, 10, 10, 10, 10, 11, 11, 11, 11, 11, 11, 12, 12, 12, 12, 12, 13, 13, 14, 14, 14, 14, 14, 15, 15, 15, 15, 16, 16, 16, 17, 17, 18, 18, 18, 18, 18, 18, 18, 19, 19, 19, 19, 19, 19, 19, 19, 20, 20, 21, 21, 21, 21, 21, 21, 21, 21, 21, 21, 21, 22, 22, 22, 22, 22, 22, 22, 22, 22, 23, 23, 23, 23, 23, 23, 23, 24, 24, 24], "to": [1, 4, 0, 1, 4, 5, 5, 1, 4, 13, 23, 1, 13, 16, 5, 9, 5, 5, 9, 13, 16, 5, 8, 9, 10, 16, 23, 3, 8, 9, 13, 16, 3, 16, 5, 12, 16, 19, 23, 3, 12, 18, 24, 5, 8, 9, 3, 23, 5, 9, 13, 19, 20, 23, 24, 5, 8, 9, 13, 16, 20, 23, 24, 1, 24, 3, 5, 8, 9, 13, 16, 18, 19, 20, 23, 24, 1, 5, 8, 16, 18, 19, 20, 23, 24, 5, 8, 9, 13, 16, 20, 24, 1, 8, 16], "influence_y": [[6, 7, 9, 12, 14, 19, 21, 22, 23, 24]], "weights": [0.7669571339895012, -0.36303568867492264, -0.7566995112333921, -0.11216735424839108, -0.5034197603032146, 0.3176285913830224, -0.03910762063936261, -0.1585124995303532, 0.10311612627281509, 0.060003789706980434, 0.04434674876536266, 0.18244105995328946, -0.27811744711697656, 0.18766650034377305, 0.3179982044521033, -0.21930377274083684, -1.177825670948597, -0.9563615506900849, -0.6810232475316276, -0.055995948321410256, 0.11992235649704314, -0.46800633155382343, 0.09662039183707552, -0.5996744054840734, -0.3091750338166207, 0.2620345970450943, -0.11403677194187767, 0.09580875873141907, -0.14931202618757386, 0.05524164038987112, -0.04817397874336625, -0.07355969574134402, -1.6168130907634677, 0.10858249892315207, 0.22515039277933832, 0.1499528645907036, 0.1870229575464536, -0.09991903696136792, -0.07770196099788668, -0.15820093952028422, -0.25663059987755316, 0.0788804714366818, -0.19631659571697666, 0.13922829907123357, 0.08941336024838241, -0.11645156910199504, -0.20105564793368208, -0.27906386167332, -0.14092058940956997, 0.07067417671418688, -0.16642630284195198, -0.18672185075718886, -0.3036929405528202, -0.22439193130022644, -0.5249676145191483, 0.14206725247155486, -0.2737560574515655, 0.02469843955058032, -0.14552612117500377, -0.18384390715546536, -0.3033399186991385, -0.23538619591450294, -0.5316230078251457, 0.14620893101737528, -0.5290834063332454, 0.21905250025520712, -0.18056362169706103, -0.3716000649025615, 0.11285362739367959, -0.22052173045926546, -0.17149715211735314, -0.12814235588785633, -0.19002628607645652, -0.2951823344920432, -0.2423481140710134, -0.5343709995302187, -0.08803049229606336, -0.2390658799397008, -0.2846270588518434, -0.12928626632609438, -0.12859503077394957, -0.16897330792098236, -0.2942273086528275, -0.23725963806254355, -0.5275029329618328, -0.32066567439025134, -0.20290065293063778, 0.1647022816563773, -0.19786963365978466, -0.05795117189657152, -0.3028038890574889, -0.5339199059780918, -0.04110699841450215, 0.0717334729245463, 0.05397696071358609]}