{"from": [0, 0, 0, 1, 2, 2, 3, 4, 6, 6, 6, 6, 7, 7, 7, 8, 8, 9, 10, 10, 10, 10, 11, 11, 11, 11, 11, 11, 12, 12, 12, 12, 13, 13, 14, 14, 14, 14, 14, 14, 15, 15, 15, 15, 16, 16, 16, 17, 17, 18, 18, 18, 18, 18, 18, 19, 19, 19, 19, 19, 19, 19, 19, 20, 20, 20, 21, 21, 21, 21, 21, 21, 21, 21, 21, 21, 21, 22, 22, 22, 22, 22, 22, 22, 22, 22, 23, 23, 23, 23, 23, 23, 23, 24, 24, 24], "to": [1, 2, 4, 9, 1, 4, 5, 5, 1, 4, 13, 23, 1, 13, 16, 5, 9, 5, 5, 9, 13, 16, 5, 8, 9, 10, 16, 23, 3, 8, 9, 16, 3, 16, 5, 9, 12, 16, 19, 23, 8, 12, 18, 24, 5, 8, 9, 8, 23, 5, 9, 13, 20, 23, 24, 8, 9, 13, 16, 18, 20, 23, 24, 1, 8, 24, 3, 5, 8, 9, 13, 16, 18, 19, 20, 23, 24, 1, 5, 8, 16, 18, 19, 20, 23, 24, 5, 8, 9, 13, 16, 20, 24, 1, 8, 9], "influence_y": [[0, 3, 6, 8, 13, 14, 19, 20, 23]], "weights": [0.7624265142096915, -0.7451654162065021, -0.3499432844705921, 0.007639601965536428, -0.11347434793196061, -0.48385629220520876, 0.34237574165483436, -0.0572838286707307, -0.1585431425713464, 0.09269957842195675, 0.03582500131532068, 0.05426992827846155, 0.15243245683885692, -0.26677117872452066, 0.14628266045207766, 0.3319389009800579, -0.21614925752125502, -1.2084367252430979, -0.9867386836059855, -0.682849230596658, -0.09210822642982645, 0.14875893114055025, -0.5480036113962452, 0.10624310203541065, -0.6046939660340385, -0.32080269318263555, 0.23851854741873915, -0.11663597394907613, 0.06354231934729647, -0.15039300717884402, 0.06910560458492675, -0.06976045151953832, -1.6329276209262937, 0.10614501413707268, 0.17444192767446445, -0.030857770555487617, 0.15646117181312097, 0.1335049403727245, -0.07865808091402125, -0.061790895160286095, 0.09555550507271907, -0.1818522035947712, 0.12317536938533, -0.1542408690968468, 0.19188704926451555, 0.08629046312129854, -0.12675525520283748, 0.1821756827655472, -0.27071072429691684, -0.18226663601217544, 0.09286020118869029, -0.09468248387361186, -0.2992316521163545, -0.23231927410577335, -0.5219854947078767, -0.21553940894470366, 0.06641789920819251, -0.0789309539385619, -0.24383618275808083, -0.19028474140102417, -0.2985379184561745, -0.24596929554984923, -0.5268207780675596, 0.1885108692161467, 0.060794264981019544, -0.5254322544850003, 0.22331576226093144, -0.13726278972790348, -0.33964126787389376, 0.14953458418998286, -0.13342082217140958, -0.23423453738506625, -0.18321158881583072, -0.1539010716826758, -0.2867819558295852, -0.24748584589583258, -0.5260401218662492, -0.07990070753132367, -0.19649318309278901, -0.2448327930080304, -0.15366323236271082, -0.18718407243821356, -0.14060277490478298, -0.28705627909236753, -0.25174634189766854, -0.519968168648563, -0.3375556481501734, -0.17498167489898292, 0.19312458331960225, -0.17891226206723698, -0.1016417958136382, -0.29765945783921066, -0.5286063732617707, -0.0528892551091468, 0.09503005948554234, 0.04780192473061044]}