{"from": [0, 0, 2, 2, 2, 3, 5, 6, 7, 7, 7, 8, 8, 9, 10, 10, 10, 10, 11, 11, 11, 11, 11, 12, 12, 12, 12, 12, 13, 13, 14, 14, 14, 14, 14, 14, 14, 15, 15, 15, 15, 15, 15, 16, 16, 16, 17, 17, 17, 18, 18, 18, 18, 19, 19, 19, 19, 19, 19, 19, 19, 19, 20, 21, 21, 21, 21, 21, 21, 21, 21, 21, 21, 22, 22, 22, 22, 22, 22, 22, 22, 23, 23, 23, 23, 23, 23, 23, 23, 23, 24], "to": [1, 4, 0, 1, 4, 5, 4, 1, 1, 13, 16, 5, 9, 5, 5, 9, 13, 16, 5, 8, 9, 10, 16, 3, 8, 9, 13, 16, 3, 16, 5, 9, 12, 16, 18, 19, 23, 3, 8, 12, 14, 18, 24, 5, 8, 9, 3, 9, 23, 9, 13, 20, 24, 5, 8, 9, 13, 16, 18, 20, 23, 24, 1, 3, 8, 9, 13, 16, 18, 19, 20, 23, 24, 1, 8, 16, 18, 19, 20, 23, 24, 5, 8, 9, 11, 13, 16, 18, 20, 24, 20], "influence_y": [[2, 8, 22]], "weights": [0.7747987378265994, -0.3675903062137349, -0.7558620775449761, -0.09464408014212666, -0.5021947631701953, 0.31568526049768253, -0.054848621532768864, -0.168019630951154, 0.20573300294829083, -0.2727300096754636, 0.15568102275971085, 0.3575459081751814, -0.2062694622331667, -1.3290557019160791, -1.0073556663103012, -0.6552870300838923, -0.08318044635622214, 0.12479444925496444, -0.6026820544897867, 0.03248981987455202, -0.5897279195735382, -0.31705552407459436, 0.22739294134359775, 0.1041009155584473, -0.16458871226354402, 0.061204705217952356, -0.05906959767115367, -0.06346833220368324, -1.5884392493050334, 0.07707257649994637, 0.11481129477387267, -0.047442332658946595, 0.1581573232210861, 0.1410891609500603, -0.06502210302880865, -0.0939044092876041, -0.07025678723784713, -0.13503359070620902, 0.12149779600852333, -0.17130034303243447, -0.21509053256151506, 0.09237853825630853, -0.1804474930134545, 0.183658587318308, 0.10532915488577657, -0.12234370260713551, -0.20671087261611099, -0.06428302356846258, -0.363886718815293, 0.07075902931626313, -0.10479253590173321, -0.5349682785891943, -0.30054956396598237, 0.22334293190335291, -0.22971280088076454, 0.047092158820252895, -0.07632726153374618, -0.2096039583369775, -0.23449779330922577, -0.5345064965409464, -0.17482893801424218, -0.30359116122065155, 0.1905378249944376, 0.28014397765548393, -0.3220994489713951, 0.1463329814396899, -0.22832142384642026, -0.27724409486179397, -0.228648658770177, -0.15789636432752696, -0.5316701969644899, -0.1724206067299048, -0.30175999316703367, -0.10170225567728769, -0.285332811279724, -0.1643873279420988, -0.21775411275893894, -0.13870744784620193, -0.5312169861931559, -0.17302882997712182, -0.29115944912438696, -0.27868930263427333, -0.15410939273615784, 0.18340212642542147, -0.12907828872036148, -0.17346840653612122, -0.13140998980529184, -0.22959118724806646, -0.5343552502207927, -0.30832712303536525, -0.5356140139513901]}