{"from": [0, 0, 1, 2, 2, 2, 3, 3, 3, 4, 6, 6, 7, 7, 7, 8, 8, 9, 10, 10, 10, 11, 11, 11, 11, 11, 12, 12, 12, 12, 13, 13, 14, 14, 14, 14, 15, 15, 15, 15, 15, 15, 16, 16, 16, 17, 17, 18, 18, 18, 18, 18, 18, 18, 18, 19, 19, 19, 19, 19, 19, 20, 20, 20, 20, 21, 21, 21, 21, 21, 21, 21, 21, 21, 21, 22, 22, 22, 22, 22, 22, 22, 22, 22, 23, 23, 23, 23, 23, 23, 23, 23, 23, 23, 24, 24], "to": [1, 4, 5, 0, 1, 4, 5, 8, 16, 5, 1, 4, 1, 13, 16, 5, 9, 5, 5, 9, 16, 5, 8, 9, 10, 16, 3, 8, 9, 16, 3, 16, 5, 12, 16, 19, 3, 8, 12, 14, 18, 24, 5, 8, 9, 3, 23, 1, 5, 8, 9, 19, 20, 23, 24, 5, 8, 9, 16, 20, 24, 1, 8, 13, 24, 3, 5, 8, 9, 16, 18, 19, 20, 23, 24, 1, 5, 8, 16, 18, 19, 20, 23, 24, 1, 5, 8, 9, 11, 13, 16, 19, 20, 24, 1, 8], "influence_y": [[0, 3, 9, 10, 11, 13, 14, 16, 19, 23, 24]], "weights": [0.7738598787470593, -0.38162221638041777, -0.014843103727569414, -0.7382232462030156, -0.11476324725978886, -0.5202267454238355, 0.3284480924304021, 0.03268177372690758, -0.032403501301343285, -0.07078263327786005, -0.13733681175356346, 0.09369330551525583, 0.2101605045311277, -0.25255212212730527, 0.1583606794034079, 0.2877915104909517, -0.2122411553028, -1.2733125524444182, -1.0246917573765375, -0.6718703670065616, 0.11008201936505906, -0.5197587510873639, 0.10800755821315286, -0.5828932014026609, -0.3052352414058135, 0.22991070995240154, 0.0891084665979147, -0.16934496932044607, 0.05767523075030545, -0.08817502504429862, -1.6228589494307377, 0.036672853675402746, 0.1833904685149381, 0.14233617708509486, 0.16197130263573883, -0.09572467951313449, -0.26535932759152586, 0.1924908456503949, -0.22920962925742175, -0.1624573555757731, 0.09199335994779272, -0.18230899301844294, 0.1725869251400488, 0.1171899451506183, -0.12036665277111963, -0.18817415176587463, -0.2817765497896802, 0.06401076014941512, -0.14929025594004972, -0.11453745579377664, 0.05582330631378475, -0.2240382242679813, -0.3225599449786285, -0.16180618646828815, -0.5199441780003689, 0.08768612408382943, -0.26667807787649855, 0.04256269583698662, -0.27348915199746693, -0.3229648837559743, -0.526074073992585, 0.16703798869314218, 0.04016139358521667, 0.10781492470666325, -0.5261155888382886, 0.1878926322620429, -0.19322246157599976, -0.3806403525507502, 0.11722747094009152, -0.24474972767784847, -0.1282947022025787, -0.22264576092432606, -0.31392608961092655, -0.1593597921207701, -0.5262959268709271, -0.08804586158727523, -0.16513641274896515, -0.27938962875406526, -0.16264238975714562, -0.13160304290790945, -0.2089852897566197, -0.3122246199773866, -0.15830774576782378, -0.5146824207603786, -0.05717763312355855, -0.34302682661136813, -0.21349890251069958, 0.181683288231332, -0.13350604212791756, -0.11956396098837825, -0.1075520576592109, -0.22634445913029594, -0.3219011384230844, -0.5262432122446195, -0.08977392107756338, 0.10449066071228805]}