{"from": [0, 0, 2, 2, 2, 3, 5, 6, 6, 6, 7, 7, 7, 8, 8, 9, 10, 10, 10, 11, 11, 11, 11, 11, 11, 12, 12, 12, 12, 13, 13, 14, 14, 14, 14, 14, 15, 15, 15, 15, 15, 15, 16, 16, 16, 17, 17, 18, 18, 18, 18, 18, 19, 19, 19, 19, 19, 19, 20, 20, 21, 21, 21, 21, 21, 21, 21, 21, 21, 21, 22, 22, 22, 22, 22, 22, 22, 22, 22, 22, 23, 23, 23, 23, 23, 23, 23, 24, 24, 24], "to": [1, 4, 0, 1, 4, 5, 4, 1, 4, 23, 1, 13, 16, 5, 9, 5, 5, 9, 16, 5, 8, 9, 10, 16, 23, 3, 8, 9, 16, 3, 16, 5, 12, 16, 19, 23, 3, 8, 12, 14, 18, 24, 5, 8, 9, 3, 23, 5, 19, 20, 23, 24, 5, 8, 16, 20, 23, 24, 1, 24, 3, 5, 8, 9, 16, 18, 19, 20, 23, 24, 1, 5, 8, 14, 16, 18, 19, 20, 23, 24, 1, 5, 8, 9, 13, 20, 24, 1, 8, 16], "influence_y": [[3, 6, 8, 12, 13]], "weights": [0.758161055616299, -0.38494471196244634, -0.744712965817946, -0.11538226985586869, -0.5202491172508269, 0.3370368463241345, -0.04356389347530567, -0.13804424894281828, 0.0991493677411913, 0.047142586629199554, 0.22435425383035332, -0.15128981456119997, 0.1262839834974187, 0.3106099922215946, -0.20988751213672566, -1.2481947322681362, -1.0031172277028853, -0.6761539841734191, 0.0933911398789239, -0.5725478561872132, 0.10998227517903479, -0.6029827880446812, -0.3149360772862796, 0.21076228992951798, -0.11295548242841384, 0.1179024739048186, -0.16668726977904014, 0.04899179323410616, -0.04434588497565938, -1.6047135008300704, 0.03341910703920645, 0.1669379159442949, 0.1570394002805391, 0.10718577801290236, -0.08527798860839785, -0.08403569353800161, -0.230577748011347, 0.10888471994313016, -0.19136366540994304, -0.1723878605817885, 0.0626050623935401, -0.18460430659597107, 0.2034419600031322, 0.09154902986246255, -0.10833750544186406, -0.15190136183183892, -0.27762230882693273, -0.2467550637097941, -0.17775570139294716, -0.3121224146400986, -0.22310698468710208, -0.49805074031609636, 0.16195350073462622, -0.22688934791611481, -0.19319355267265986, -0.31241676450710953, -0.23491878964788537, -0.5047030700698728, 0.15053148209126624, -0.5044774090106366, 0.22303701568490247, -0.18597400424556615, -0.36291494470957825, 0.09271129556961565, -0.1983862069276943, -0.11251545026149788, -0.17897210979267109, -0.30579072648627653, -0.24023449338337552, -0.5052210159992973, -0.1289299483788291, -0.27193196089339056, -0.2864660453190295, 0.07682004990450315, -0.060966985972546565, -0.10967446243457776, -0.15945390233187365, -0.3039684511313845, -0.23496606784575771, -0.49764712745233614, -0.05065122749894815, -0.4066254983514542, -0.19662663349681966, 0.14053749099366392, -0.05440108543854799, -0.31216334760462755, -0.5068381844678543, -0.07666482378896018, 0.05752308210917857, 0.056844611989732646]}