{"from": [0, 0, 2, 2, 2, 3, 4, 6, 6, 7, 7, 7, 8, 8, 9, 10, 10, 10, 11, 11, 11, 11, 11, 11, 12, 12, 12, 12, 13, 13, 14, 14, 14, 14, 14, 14, 15, 15, 15, 15, 15, 15, 15, 15, 15, 16, 16, 16, 17, 17, 17, 17, 18, 18, 18, 18, 18, 18, 18, 19, 19, 19, 19, 19, 19, 19, 20, 20, 20, 21, 21, 21, 21, 21, 21, 21, 21, 21, 21, 21, 22, 22, 22, 22, 22, 22, 22, 22, 22, 23, 23, 23, 23, 23, 23, 23, 24, 24], "to": [1, 4, 0, 1, 4, 5, 5, 1, 23, 1, 13, 16, 5, 9, 5, 5, 9, 16, 5, 8, 9, 10, 16, 23, 3, 8, 9, 16, 3, 16, 5, 9, 12, 16, 19, 23, 3, 8, 12, 14, 16, 18, 20, 23, 24, 5, 8, 9, 3, 5, 9, 23, 5, 9, 13, 19, 20, 23, 24, 5, 8, 9, 16, 20, 23, 24, 1, 8, 24, 3, 5, 8, 9, 13, 16, 18, 19, 20, 23, 24, 1, 5, 8, 16, 18, 19, 20, 23, 24, 5, 8, 9, 13, 16, 20, 24, 8, 9], "influence_y": [[0, 2, 3, 5, 6, 9, 10, 13, 15, 17, 19, 20, 24]], "weights": [0.7535364061558206, -0.36303055772093457, -0.7422254918089486, -0.10459396855369972, -0.49585055712969456, 0.338856501879718, -0.05656557814569096, -0.12943460541345755, 0.050457539208450114, 0.22417157353632464, -0.23494248804378004, 0.17133030866585663, 0.32286888516798723, -0.20810614343275316, -1.2332020093017004, -0.9813212844124539, -0.6695846506992706, 0.10433771331315651, -0.5615564730762479, 0.12045157473063257, -0.5900109514630595, -0.31852137812466835, 0.2108146069721203, -0.11847587291147979, 0.09272024539896462, -0.1407681143890715, 0.07847992640951151, -0.06646716281337109, -1.6091903437745478, 0.10057164140129284, 0.19658128278817144, -0.056407063984154224, 0.13561199483184064, 0.15058279580919315, -0.09488248672563096, -0.06817529822512222, -0.23201609827881114, 0.16759556544082516, -0.24432195489417083, -0.1496048883669347, 0.10655083540449647, 0.12028519539010049, 0.05535518753683603, 0.13466231655343666, -0.23178195807548083, 0.1957945573291823, 0.09411237679413105, -0.13362698407778753, -0.1391566082228872, 0.08510709565542898, -0.08313743516502774, -0.29499208929432597, -0.17221697053126547, 0.09499046679314439, -0.04959554437728785, -0.1923573743318852, -0.30890340954679224, -0.22927207670548044, -0.5177417939714334, 0.15164056521842395, -0.17366945465356923, 0.07706338087210382, -0.2348498878064338, -0.3068119365991426, -0.23610043995471142, -0.5253263413527616, 0.19346853817803916, 0.06681959294090696, -0.5226200992031548, 0.15928760845914938, -0.27697559471539385, -0.2562829454248743, 0.16370414386733853, -0.11624083424421335, -0.27682319725088167, -0.14721919796363223, -0.19729324181012628, -0.29331434328531886, -0.23845661413051555, -0.5287588242617901, -0.11985172226243533, -0.20878982692635278, -0.22100355491335272, -0.18952146639643255, -0.1527708854212894, -0.17918259494563157, -0.2981981463837311, -0.24256726325046854, -0.5192445635711563, -0.3116602059446553, -0.1356148361309156, 0.19050051270024052, -0.10677486158226392, -0.11494368221676037, -0.3070860353620802, -0.520233540099707, 0.1389780813492338, 0.028582956242331915]}