{"from": [0, 0, 1, 2, 2, 2, 3, 5, 6, 6, 6, 7, 7, 7, 8, 8, 9, 10, 10, 10, 10, 11, 11, 11, 11, 11, 12, 12, 12, 12, 13, 13, 14, 14, 14, 14, 14, 15, 15, 15, 15, 16, 16, 16, 17, 17, 18, 18, 18, 18, 18, 19, 19, 19, 19, 19, 19, 19, 19, 20, 20, 20, 21, 21, 21, 21, 21, 21, 21, 21, 21, 21, 22, 22, 22, 22, 22, 22, 22, 22, 22, 23, 23, 23, 23, 23, 23, 23, 23, 23, 24, 24], "to": [1, 4, 5, 0, 1, 4, 5, 4, 1, 4, 13, 1, 13, 16, 5, 9, 5, 5, 9, 13, 16, 5, 8, 9, 10, 16, 3, 8, 9, 13, 3, 16, 5, 12, 16, 18, 19, 12, 14, 18, 24, 5, 8, 9, 13, 23, 1, 9, 13, 20, 24, 5, 8, 13, 16, 18, 20, 23, 24, 1, 13, 24, 3, 8, 9, 13, 16, 18, 19, 20, 23, 24, 1, 5, 8, 16, 18, 19, 20, 23, 24, 5, 8, 9, 11, 13, 16, 18, 20, 24, 1, 8], "influence_y": [[0, 1, 6, 9, 13, 16, 21]], "weights": [0.7475849895779653, -0.39271262838123866, -0.037407055095594326, -0.7496534900721963, -0.1325040748530364, -0.5189831907882361, 0.32038623102908687, -0.06310934220749091, -0.16920706510262828, 0.12253096659934869, 0.041687002801181906, 0.281944262380748, -0.2765689000345004, 0.13075322169834927, 0.3317544495329554, -0.22327007646857053, -1.319543869560984, -1.033976772925947, -0.6721501646458746, -0.10740849718321614, 0.07436263408701337, -0.5882255194323575, 0.1209994788586528, -0.596513072573349, -0.3190837005854633, 0.1999713608184892, 0.07412187052951584, -0.16550024343410608, 0.05566443673861799, -0.06252688143104725, -1.631259802847748, 0.09138870440807106, 0.16825236991938725, 0.1608549544472203, 0.12794210847751367, -0.06360706480937613, -0.08704724729131723, -0.21049460518454924, -0.13592457906509536, 0.10579073399344116, -0.1904520159953724, 0.16763172201706397, 0.08358642084404867, -0.11807925795905433, 0.08010400121983213, -0.25673446238258835, 0.10710924232429941, 0.03156389148248126, -0.1269714898906709, -0.3024116908831892, -0.532304081724035, 0.1954669551169199, -0.25322864846695403, -0.08846178837885443, -0.19695718266939982, -0.23854449747969286, -0.30201557778190374, -0.15040632369719786, -0.5364616480610771, 0.18204349438484058, 0.07166949621775626, -0.5362739071456782, 0.2224274859870056, -0.3442991752370294, 0.07617324972631945, -0.16588912636719977, -0.18883666916193775, -0.2309233651241061, -0.16092440932521498, -0.29184090696673726, -0.13829077354455865, -0.5409858343934164, -0.1603270466030298, -0.1408090915846344, -0.2742508090175209, -0.1277550224011938, -0.22162103024446908, -0.14376709233385046, -0.2909591355292819, -0.13953215965455576, -0.5338435383024241, -0.22232443169101862, -0.16387455452568794, 0.14598922435925546, -0.12888337791984364, -0.1759579479299364, -0.03986269552103425, -0.2327382997710572, -0.30081127056779855, -0.5409560828482723, -0.07391459072965345, 0.04401808296207604]}