{"from": [0, 0, 2, 2, 2, 3, 3, 4, 6, 7, 7, 7, 8, 8, 9, 10, 10, 10, 11, 11, 11, 11, 11, 11, 12, 12, 12, 12, 13, 14, 14, 14, 15, 15, 15, 15, 15, 15, 16, 16, 16, 17, 17, 18, 18, 18, 18, 18, 19, 19, 19, 19, 19, 19, 19, 19, 20, 20, 20, 21, 21, 21, 21, 21, 21, 21, 21, 21, 22, 22, 22, 22, 22, 22, 22, 22, 22, 23, 23, 23, 23, 23, 23, 23, 24], "to": [1, 4, 0, 1, 4, 5, 16, 5, 1, 1, 13, 16, 5, 9, 5, 5, 9, 16, 5, 8, 9, 10, 16, 23, 3, 8, 9, 16, 3, 5, 12, 16, 3, 8, 12, 14, 18, 24, 5, 8, 9, 3, 23, 1, 9, 20, 23, 24, 5, 8, 9, 16, 18, 20, 23, 24, 1, 13, 24, 3, 8, 9, 16, 18, 19, 20, 23, 24, 1, 5, 8, 16, 18, 19, 20, 23, 24, 5, 8, 9, 13, 16, 20, 24, 8], "influence_y": [[3, 9, 14, 20, 22]], "weights": [0.7408047115122237, -0.32328908568634274, -0.7540079506996622, -0.13116693436786636, -0.46680777178046273, 0.3118739765576316, -0.05326734244732922, -0.04582944938320716, -0.16414681712954546, 0.23101055456186617, -0.22137357997226095, 0.1415019017126421, 0.3376408305765453, -0.20114675103408355, -1.15771877021518, -0.9041483128350556, -0.6706403646282564, 0.11592952771368777, -0.4589629848395284, 0.10863220143362975, -0.5923343882652571, -0.29999635520287987, 0.21613382285681917, -0.09854145308413219, 0.09781559548004558, -0.17335499994829345, 0.058931608199926475, -0.034021714783067585, -1.5999833820561107, 0.15260139938893008, 0.16928781322924522, 0.130109283155352, -0.24406781483743414, 0.06270101275149766, -0.21444747969398908, -0.11929443733361807, 0.07191254623496557, -0.1393822068156264, 0.20071024419153513, 0.09000845466321362, -0.13479793328812473, -0.20808770793160888, -0.26146108724858547, 0.06344859111707381, 0.05494688264936655, -0.3128316581330667, -0.18811329741371602, -0.5232949989085732, 0.1328172455483161, -0.27026064062924343, 0.036396935109425356, -0.22190646939766948, -0.15758403504159987, -0.31254462952107526, -0.19628097111474474, -0.5264797250866993, 0.2152132873315224, 0.1038035932354334, -0.5284055430737612, 0.15893875471313273, -0.32785050303692204, 0.1192616064140005, -0.24539474929669483, -0.143240026039998, -0.14268594062242843, -0.29997613926540234, -0.19064726155630463, -0.5272008030772148, -0.10180763915017825, -0.10342050027508894, -0.2982407100576466, -0.16998575304779767, -0.14691606168458163, -0.14284966015783973, -0.3017273337586644, -0.1932653666565687, -0.5217577393679098, -0.28474502298881155, -0.2197583717825843, 0.1809936278170745, -0.06332317641002215, -0.12222998438913253, -0.3119023666074674, -0.5298647420315221, 0.07019770290967425]}