{"from": [0, 0, 2, 2, 2, 3, 3, 5, 5, 6, 6, 7, 7, 7, 8, 8, 8, 9, 10, 10, 10, 10, 11, 11, 11, 11, 11, 12, 12, 12, 12, 13, 14, 14, 14, 14, 14, 14, 15, 15, 15, 15, 15, 16, 16, 16, 17, 17, 18, 18, 18, 18, 18, 18, 18, 19, 19, 19, 19, 19, 19, 19, 20, 21, 21, 21, 21, 21, 21, 21, 21, 21, 22, 22, 22, 22, 22, 22, 22, 22, 23, 23, 23, 23, 23, 23, 23, 23, 23, 23, 24, 24, 24, 24], "to": [1, 4, 0, 1, 4, 5, 16, 1, 4, 1, 4, 1, 13, 16, 1, 5, 9, 5, 5, 9, 13, 16, 5, 8, 9, 10, 16, 3, 8, 9, 16, 3, 1, 5, 9, 12, 16, 19, 8, 14, 16, 18, 24, 5, 8, 9, 9, 23, 8, 9, 13, 19, 20, 23, 24, 5, 8, 9, 13, 16, 20, 24, 1, 8, 9, 13, 16, 18, 19, 20, 23, 24, 1, 8, 16, 18, 19, 20, 23, 24, 1, 5, 8, 9, 11, 13, 16, 19, 20, 24, 1, 8, 9, 20], "influence_y": [[0, 3, 5, 13, 24]], "weights": [0.7347346220253609, -0.38354457370649153, -0.7422607955987156, -0.1493523557073548, -0.5236812889411793, 0.3184955087159149, -0.04238820180502063, -0.02049155859378833, -0.0614109663265983, -0.17286789967457644, 0.12726488199519037, 0.23132529280245326, -0.24920767532513785, 0.18480383720424987, 0.08219010750911616, 0.3476578165981027, -0.20530411794440404, -1.2913013690654425, -0.982484910520394, -0.6680736757898904, -0.06611688081777592, 0.1365392999284919, -0.49723011214016133, 0.09225337901337982, -0.5940960830531469, -0.31817335163319355, 0.23931395258294968, 0.07388233828668792, -0.17812015121200067, 0.07042406771821205, -0.07960094360431316, -1.6141005561019817, 0.06124464631906565, 0.11386586934881315, -0.05014750713832513, 0.17510135289609263, 0.1681604221937032, -0.10377045293576379, 0.12758455246475997, -0.20688858198808316, 0.12812579210884242, 0.13293739954947678, -0.18259315243557137, 0.12437660876342055, 0.12527096223349043, -0.1258872327643187, -0.09212347761020732, -0.2751265313331514, -0.1027535262164089, 0.09717257915221979, -0.10918785378343827, -0.23075258373886204, -0.524340092849235, -0.15370829328015617, -0.2909123048988452, 0.10094544900964451, -0.30032734106088305, 0.06673379141267698, -0.07319149613964648, -0.26632594514057156, -0.5243590801916068, -0.29496659323652624, 0.17840611854301966, -0.4191960881613651, 0.14676552944074947, -0.11864679251808162, -0.2334242085575195, -0.15350778276081634, -0.23201335482777247, -0.52130400519195, -0.14906260384254377, -0.28697251706522175, -0.19337086208736337, -0.3346754054559053, -0.19104349929472422, -0.15542887116414655, -0.21378633803376482, -0.52094646059779, -0.1594071761932605, -0.27956205483129537, -0.1081237219761085, -0.24297119960198715, -0.25646473657528923, 0.19623149635128947, -0.11143426520752879, -0.14570143138070069, -0.1293017535193657, -0.2313722273027737, -0.5240653785064855, -0.29946961249091847, -0.14132869932159436, 0.03812491671930315, 0.027095652023808148, -0.5249792750515195]}