{"from": [0, 0, 2, 2, 2, 3, 6, 6, 7, 7, 7, 8, 8, 9, 10, 10, 10, 10, 11, 11, 11, 11, 11, 12, 12, 12, 12, 12, 13, 13, 13, 14, 14, 14, 14, 15, 15, 15, 15, 15, 15, 15, 16, 16, 16, 17, 18, 18, 18, 18, 18, 19, 19, 19, 19, 19, 19, 19, 20, 21, 21, 21, 21, 21, 21, 21, 21, 21, 21, 22, 22, 22, 22, 22, 22, 22, 22, 23, 23, 23, 23, 23, 23, 23, 23, 23, 23, 23, 24, 24, 24], "to": [1, 4, 0, 1, 4, 5, 1, 4, 1, 13, 16, 5, 9, 5, 5, 9, 13, 16, 5, 8, 9, 10, 16, 3, 8, 9, 13, 16, 3, 4, 16, 9, 12, 16, 19, 3, 8, 12, 14, 16, 18, 24, 5, 8, 9, 23, 9, 13, 19, 20, 24, 5, 8, 9, 13, 16, 20, 24, 1, 3, 8, 9, 13, 16, 18, 19, 20, 23, 24, 1, 8, 16, 18, 19, 20, 23, 24, 1, 5, 8, 9, 11, 13, 16, 18, 19, 20, 24, 1, 8, 20], "influence_y": [[2, 5, 6, 11, 13, 16, 23]], "weights": [0.7664295291578671, -0.42400415070272196, -0.7418968945198516, -0.12540580133033058, -0.5350817372962355, 0.3041822673384807, -0.15541036306511855, 0.1503058546985338, 0.2722808305351862, -0.22927995698732984, 0.20588096066691836, 0.3274075221043605, -0.21876629782271856, -1.1906742761987412, -0.9114853036602318, -0.6675831230470248, -0.06034921687909648, 0.1307774323822892, -0.46030194874388275, 0.12239293351564527, -0.5843771738915787, -0.32345935041101986, 0.23710289269182203, 0.09776853268702652, -0.1629631486671286, 0.06550674525850536, -0.05433777066172776, -0.07442445922271101, -1.6120011803036187, 0.08565649180922366, 0.1187150989828476, -0.038697195122696086, 0.16306875052806566, 0.18979580572218097, -0.0835520710068761, -0.24772440153342093, 0.18841868066201592, -0.13024949063242805, -0.19090331334878244, 0.0990231155655931, 0.10450499252198607, -0.2715692803717775, 0.1707987630802756, 0.07673138783200437, -0.14443526489827757, -0.31003574367368814, 0.04746323972821819, -0.09269726075886933, -0.21053063404828212, -0.5385526358944492, -0.3096729926117784, 0.12451398684388885, -0.22445283977420796, 0.019610877925522505, -0.07813307517692106, -0.22802466579370984, -0.5386044211503975, -0.318836631731199, 0.15517698947657746, 0.1347402272641543, -0.31767569179267025, 0.10504498825480658, -0.1474073474469575, -0.21960164583186145, -0.15863307418711295, -0.2023305295504596, -0.5356973439007381, -0.11923237194125816, -0.31775712163132563, -0.21402821620244938, -0.24509430227179974, -0.16104283491181573, -0.1640743866652332, -0.18768416356983034, -0.5354199861565726, -0.1330011594769829, -0.2990322576579587, -0.06517614935475571, -0.3067540556117938, -0.20316067802962712, 0.15015511993114122, -0.11647492613634652, -0.16836420868821841, -0.13825836700469096, -0.16907697736605448, -0.2096764455971851, -0.538022925266091, -0.31553692932750627, -0.1289957447640668, 0.12156682639016252, -0.5392581671712074]}