{"from": [0, 0, 0, 2, 2, 2, 3, 3, 4, 6, 7, 7, 7, 7, 8, 8, 9, 10, 10, 10, 10, 11, 11, 11, 11, 11, 11, 12, 12, 12, 12, 13, 14, 14, 14, 14, 14, 15, 15, 15, 15, 15, 16, 16, 16, 17, 17, 17, 18, 18, 18, 18, 18, 18, 18, 19, 19, 19, 19, 19, 19, 19, 19, 19, 20, 20, 21, 21, 21, 21, 21, 21, 21, 21, 21, 21, 21, 22, 22, 22, 22, 22, 22, 22, 22, 22, 23, 23, 23, 23, 23, 23, 24, 24, 24], "to": [1, 4, 5, 0, 1, 4, 5, 16, 5, 1, 1, 5, 13, 16, 5, 9, 5, 5, 9, 13, 16, 5, 8, 9, 10, 16, 23, 3, 8, 9, 13, 3, 5, 9, 12, 16, 19, 3, 12, 14, 18, 24, 5, 8, 9, 3, 9, 23, 1, 5, 9, 13, 20, 23, 24, 5, 8, 9, 13, 16, 18, 20, 23, 24, 1, 13, 3, 5, 8, 9, 13, 16, 18, 19, 20, 23, 24, 1, 5, 8, 14, 18, 19, 20, 23, 24, 5, 8, 9, 13, 20, 24, 1, 8, 20], "influence_y": [[5, 12, 13, 24]], "weights": [0.7423509581058679, -0.34411232284014165, -0.027251074462281945, -0.7521977436517535, -0.13993264062089986, -0.4631824876841337, 0.3413692710014496, -0.019916238746979613, -0.05179995342446762, -0.1662881948595922, 0.25039439185949597, -0.1382142677337394, -0.27762343296317626, 0.08638923930106275, 0.31275465391463037, -0.20276162998997652, -1.250302584315785, -0.9882562492368758, -0.682960011509035, -0.05831563061665276, 0.07717283844461505, -0.5351838916097612, 0.09661437629817946, -0.6098118874577179, -0.3219702841179209, 0.18434911307703183, -0.08150654542472574, 0.04289248072135777, -0.15733088136531428, 0.07190116957056954, -0.041334765743028974, -1.6109352155355747, 0.22565536513892062, -0.04294151593570895, 0.1659243827242499, 0.06614136328718537, -0.08641394147924622, -0.15595663549395394, -0.27984350396867413, -0.15880554943970862, 0.12150811078143145, -0.26039708382587956, 0.23119890111215832, 0.07356266941568541, -0.12242339203686241, -0.24053636168068787, -0.07999998079243978, -0.2236584477308798, 0.07232233681580306, -0.16875010214346123, 0.07203973030150201, -0.07705313574644436, -0.5353348731177457, -0.19366546260669423, -0.3053893010797558, 0.09027156203892295, -0.25375957135972443, 0.02039175116932862, -0.06772557340469555, -0.15515311898033993, -0.18507359557834982, -0.5352051997049542, -0.19997038597264175, -0.31415280767622206, 0.2163583728842039, 0.06850741505189405, 0.19442723634603884, -0.18949934678950223, -0.3487528346163418, 0.12481671019869167, -0.15016648831633853, -0.11940933531247482, -0.17899727816110678, -0.15782859759004333, -0.5317999294751725, -0.1958587577593919, -0.31424077859079075, -0.1052337099940121, -0.305879923203198, -0.2584780865724738, 0.07411902244675687, -0.1819117310528469, -0.14026796954617687, -0.5308642490689303, -0.197587652371193, -0.30301807823772636, -0.3952896594866842, -0.18737849464842316, 0.17059056999203792, -0.14097610839295813, -0.5352143157057743, -0.317224587114518, -0.034084941825169246, 0.04521150504770568, -0.5358826463269836]}