{"from": [0, 0, 1, 2, 2, 2, 3, 6, 6, 7, 7, 7, 8, 8, 9, 10, 10, 10, 11, 11, 11, 11, 11, 11, 12, 12, 12, 12, 13, 13, 14, 14, 14, 14, 14, 14, 15, 15, 15, 15, 15, 15, 15, 16, 16, 16, 17, 17, 17, 18, 18, 18, 18, 18, 18, 19, 19, 19, 19, 19, 19, 19, 20, 21, 21, 21, 21, 21, 21, 21, 21, 21, 22, 22, 22, 22, 22, 22, 22, 22, 22, 23, 23, 23, 23, 23, 23, 24, 24, 24], "to": [1, 4, 9, 0, 1, 4, 5, 1, 23, 1, 13, 16, 5, 9, 5, 5, 9, 16, 5, 8, 9, 10, 16, 23, 3, 8, 9, 16, 3, 16, 5, 9, 12, 16, 19, 23, 3, 8, 12, 14, 16, 18, 24, 5, 8, 9, 3, 9, 23, 8, 9, 19, 20, 23, 24, 5, 8, 9, 16, 20, 23, 24, 1, 3, 8, 9, 16, 18, 19, 20, 23, 24, 1, 8, 9, 16, 18, 19, 20, 23, 24, 5, 8, 9, 16, 20, 24, 8, 9, 20], "influence_y": [[0, 4, 6, 8, 12, 13, 15, 16, 19, 20, 22, 23, 24]], "weights": [0.7535143840547809, -0.34092435689573575, 0.009321885460173597, -0.7586253756617903, -0.11608120773721577, -0.46797460724960643, 0.3002986631592201, -0.14234547449250604, 0.03536199723799462, 0.22666862498014656, -0.1342048853341053, 0.1748342050372191, 0.3123423986364948, -0.20765839485322748, -1.3319199749903547, -1.0072882216996912, -0.6763490719149005, 0.11869841199725874, -0.5575701365813347, 0.1342298314611335, -0.5855094386500326, -0.3219467211405346, 0.21200926991288555, -0.11482154611854037, 0.09843112727289305, -0.14771307161727049, 0.08008940151134483, -0.0642253953190203, -1.6117996880718874, 0.11824870710730581, 0.05707759645457845, -0.05388944332756464, 0.16353917658411882, 0.16144360573363165, -0.09879132728301972, -0.06965027948130162, -0.30541368576748085, 0.23152095751343152, -0.22280876919410553, -0.19456810996481042, 0.12962508444214618, 0.08932059772271093, -0.26180127564796446, 0.13798535803378453, 0.0920082967627274, -0.12521949517850778, -0.21120624713332645, -0.08379617068478969, -0.30036576347110067, -0.05721087209102291, 0.12943524520425131, -0.19053034350494055, -0.5300008978096018, -0.21965278609776306, -0.2999652548026619, 0.18663344148226402, -0.25318351104366127, 0.09972656345644652, -0.22039926835124282, -0.529997671940721, -0.23082103516338448, -0.308757879396516, 0.18367950316162998, 0.21610906022758006, -0.3601243242181503, 0.18461510238387613, -0.246477334595126, -0.1310113202761892, -0.1943065277642557, -0.5262861486165796, -0.23109187714323032, -0.3072108120863182, -0.06405934836278536, -0.33409677495769147, 0.052950884696459824, -0.14548530113274577, -0.13303391567821765, -0.18057774930393888, -0.5256227768361306, -0.2175327345622914, -0.2939927273913449, -0.25879603904715476, -0.2019458889997831, 0.22590164119622, -0.12575319061681653, -0.5298299118955963, -0.30912166620373427, 0.054507946832061074, 0.07973012934711374, -0.5307335349821164]}