{"from": [0, 0, 0, 2, 2, 2, 3, 4, 6, 6, 7, 7, 7, 8, 8, 9, 10, 10, 10, 10, 11, 11, 11, 11, 11, 11, 12, 12, 12, 12, 12, 13, 13, 13, 14, 14, 14, 14, 14, 14, 15, 15, 15, 15, 15, 15, 16, 16, 16, 17, 17, 17, 17, 18, 18, 18, 18, 18, 18, 18, 19, 19, 19, 19, 19, 19, 19, 19, 20, 21, 21, 21, 21, 21, 21, 21, 21, 21, 21, 21, 22, 22, 22, 22, 22, 22, 22, 22, 22, 23, 23, 23, 23, 23, 23, 23, 24, 24], "to": [1, 4, 5, 0, 1, 4, 5, 5, 1, 13, 1, 13, 16, 5, 9, 5, 5, 9, 13, 16, 5, 8, 9, 10, 16, 23, 3, 8, 9, 13, 16, 3, 16, 24, 5, 9, 12, 16, 19, 23, 3, 12, 14, 16, 18, 24, 5, 8, 9, 3, 9, 13, 23, 5, 9, 13, 19, 20, 23, 24, 5, 8, 9, 13, 16, 20, 23, 24, 1, 3, 5, 8, 9, 13, 16, 18, 19, 20, 23, 24, 1, 5, 8, 16, 18, 19, 20, 23, 24, 5, 8, 9, 13, 16, 20, 24, 1, 20], "influence_y": [[5]], "weights": [0.7444169963530732, -0.37822546384939354, -0.020308326788483332, -0.7551765197726791, -0.1216542729848981, -0.505363519117352, 0.3264499977420236, -0.049131603573824505, -0.16690967877740046, 0.041963786048791814, 0.20619940937606118, -0.28826810826694405, 0.2543387587431014, 0.3458775433012556, -0.2011572655006338, -1.2816770714256758, -0.975438651498595, -0.6816347038368629, -0.1018700724742119, 0.16169039521867576, -0.5853615822403998, 0.10175552666958812, -0.6080564749602863, -0.32356069761648637, 0.25071490227418364, -0.09522701646899395, 0.09341340935191421, -0.130870127896295, 0.04488093832445941, -0.047797835384784555, -0.08933239370444236, -1.6155492667313152, 0.13446779517465157, -0.031713871364064936, 0.18932342452465767, -0.04006162649961792, 0.1992955749496101, 0.18699569511001185, -0.08601713885719671, -0.039091768112140664, -0.2408813007276614, -0.19061192701715815, -0.11794054851420659, 0.1134289673139122, 0.11283528582378169, -0.24383035368578315, 0.14537947188308212, 0.07304427650500545, -0.13343474981170128, -0.16202650177562286, -0.044866648082450104, 0.11107311662232411, -0.2550744591011137, -0.19917770310017058, 0.04629154133490244, -0.1430518837889541, -0.1837199950168168, -0.5154687748238734, -0.20575946983987084, -0.32117840845020323, 0.1537619417041995, -0.2131512713958848, 0.017836607051235725, -0.14162140225659195, -0.22884205959097026, -0.51568220603768, -0.21249377417192325, -0.3262151417887606, 0.20157276181079725, 0.21504477574237713, -0.18304391994594452, -0.35165985286429324, 0.09216085349007301, -0.1460954011079268, -0.2480396492707973, -0.13951447913206297, -0.1793158160496735, -0.5116804509896578, -0.20900715315602397, -0.32949151548926897, -0.12881616859988682, -0.1970000739011955, -0.23120913909044408, -0.171282029979439, -0.14261142338137933, -0.1649168482082301, -0.5107165041947705, -0.20887314030134493, -0.3158718978968113, -0.395178783660178, -0.1735874147046018, 0.16932198683900718, -0.22291673855775818, -0.1079263689532885, -0.5155811383133891, -0.3347650530661533, -0.08526077720250505, -0.5164981190452]}