{"from": [0, 2, 2, 2, 3, 4, 5, 6, 6, 6, 7, 7, 7, 8, 8, 9, 10, 10, 10, 10, 11, 11, 11, 11, 11, 11, 12, 12, 12, 13, 13, 13, 14, 14, 14, 14, 14, 15, 15, 15, 15, 16, 16, 16, 17, 17, 18, 18, 18, 18, 18, 18, 19, 19, 19, 19, 19, 19, 19, 19, 19, 20, 21, 21, 21, 21, 21, 21, 21, 21, 21, 21, 22, 22, 22, 22, 22, 22, 22, 22, 22, 22, 23, 23, 23, 23, 23, 23, 23, 24, 24, 24], "to": [1, 0, 1, 4, 5, 0, 4, 1, 4, 13, 1, 13, 16, 5, 9, 5, 5, 9, 13, 16, 5, 8, 9, 10, 16, 23, 8, 9, 16, 3, 16, 24, 5, 9, 12, 16, 19, 12, 14, 18, 24, 5, 8, 9, 9, 23, 5, 9, 13, 20, 23, 24, 5, 8, 9, 13, 16, 18, 20, 23, 24, 1, 5, 8, 9, 13, 16, 18, 19, 20, 23, 24, 1, 5, 8, 14, 16, 18, 19, 20, 23, 24, 5, 8, 9, 13, 16, 20, 24, 1, 8, 20], "influence_y": [[0, 5, 22]], "weights": [0.7643230295449773, -0.8002339544342697, -0.11140184391866692, -0.23172733970030662, 0.31971008527783207, -0.17517429737623416, -0.07422998669273606, -0.13504879539307368, 0.2273130907605393, 0.049576248300450605, 0.22890553795506244, -0.23118751982794128, 0.14313791690471545, 0.3071066352472014, -0.19933206396841846, -1.2907136279095546, -0.9735453450191738, -0.6753094303613719, -0.06009315870070501, 0.14727042561545226, -0.594416874443285, 0.08187964655879919, -0.6064320137434913, -0.32371709835567203, 0.2169756740163106, -0.08665012106485075, -0.13400975334683218, 0.07888140509990686, -0.09856151140481366, -1.617631913162168, 0.09671252972824632, -0.02840911569627866, 0.2028046089072881, -0.02282961217703506, 0.1502490804952097, 0.1715074182287577, -0.08310290108753661, -0.19074291795766654, -0.18585050915127907, 0.09178037539098989, -0.20902516102072363, 0.19463509234733825, 0.06670755767322317, -0.11815674311480655, -0.06286167096892264, -0.2375492331663487, -0.1819267450568913, 0.06255019697734399, -0.11169123618627258, -0.5370653079379983, -0.19611711620555783, -0.33251493548504335, 0.14320627233088776, -0.27926960200802037, 0.05007288829199553, -0.09019678407604606, -0.28777651757900613, -0.1776065181695501, -0.5368741041993229, -0.1970328893665173, -0.33572920568946707, 0.1760062890928589, -0.19213522398693292, -0.33790805907602417, 0.15304916758224837, -0.17497984727095497, -0.26743180112841664, -0.16667413987194762, -0.15839546111550853, -0.534331013367458, -0.1982060349372198, -0.3412798144931455, -0.09876941534493838, -0.2402801759942584, -0.2945347621252112, 0.053466178987364534, -0.2309673898488197, -0.1684282660140155, -0.1415005884236483, -0.5340295673150574, -0.20151029785465532, -0.32828057627362517, -0.3249424226440044, -0.16554132152790124, 0.1799146270447799, -0.2051176821384514, -0.1518131445906109, -0.5368890489612382, -0.3438341712810343, -0.040691531436071626, 0.09756108679360506, -0.5375381995662403]}