{"from": [0, 0, 2, 2, 2, 3, 5, 6, 6, 6, 7, 7, 7, 8, 8, 8, 9, 10, 10, 10, 11, 11, 11, 11, 11, 11, 12, 12, 12, 12, 12, 13, 13, 14, 14, 14, 14, 14, 14, 15, 15, 15, 15, 15, 15, 15, 16, 16, 16, 17, 18, 18, 18, 18, 18, 19, 19, 19, 19, 19, 19, 19, 19, 20, 20, 20, 21, 21, 21, 21, 21, 21, 21, 21, 21, 21, 21, 22, 22, 22, 22, 22, 22, 22, 22, 22, 23, 23, 23, 23, 23, 23, 23, 23, 24, 24], "to": [1, 4, 0, 1, 4, 5, 4, 1, 4, 23, 1, 13, 16, 1, 5, 9, 5, 5, 9, 16, 5, 8, 9, 10, 16, 23, 3, 8, 9, 16, 20, 3, 16, 1, 5, 12, 16, 20, 23, 3, 8, 12, 14, 18, 20, 24, 5, 8, 9, 23, 5, 12, 20, 23, 24, 5, 8, 14, 16, 18, 20, 23, 24, 8, 13, 24, 3, 5, 8, 9, 13, 16, 18, 19, 20, 23, 24, 1, 5, 8, 16, 18, 19, 20, 23, 24, 1, 5, 8, 9, 13, 16, 20, 24, 1, 8], "influence_y": [[0, 2, 4, 5, 8, 11, 13, 15, 17, 21, 22, 23]], "weights": [0.7747536092045211, -0.3533112083973882, -0.7312439960560574, -0.12212237759977762, -0.4940775989929957, 0.3277107226662389, -0.09206215038411074, -0.13480137077950843, 0.13001710322262788, 0.04779140110759249, 0.24189370662467555, -0.22365381996921366, 0.15637634104977585, 0.06883728461612591, 0.31931643040866087, -0.21485071197245356, -1.3223612839347583, -0.9853244130491001, -0.6775777521889582, 0.13437111320153963, -0.6091064261778377, 0.09828375595627116, -0.6049728796292331, -0.3215645471939254, 0.2141914588823166, -0.11791478498856063, 0.11856104157278166, -0.15718067456676738, 0.05032754284840293, -0.0791543744391266, -0.04892779619867424, -1.6173655051737232, 0.07669642781530991, 0.04914469786931326, 0.20048217166256635, 0.14799718443412854, 0.15189318759124165, 0.0682551783653136, -0.09432713618263705, -0.10947044756435424, 0.12041317221796279, -0.2612651652014629, -0.11217533534690466, 0.13967891238407343, 0.0775925780819005, -0.18967426953040684, 0.13085203714937424, 0.10965077306251012, -0.12572125566125078, -0.29433869502128895, -0.13495356531482175, 0.07308773415753649, -0.32719766963908514, -0.22894348131248832, -0.5484951863476905, 0.13420944519965877, -0.1720762055901144, -0.047097089602462006, -0.20558646259341523, -0.1871214046609243, -0.32581252271129785, -0.2445418737097838, -0.5504366293671564, 0.0787060873861546, 0.09482999238420894, -0.5544622216373466, 0.16931902538171684, -0.10379596864044029, -0.2647897299043663, 0.07587799947389028, -0.06605744170267555, -0.2028285960570226, -0.1769774177400325, -0.11534392314559531, -0.3224704285495101, -0.24616622199271132, -0.556315736894572, -0.2093281451630154, -0.21714858394189418, -0.22364504457835147, -0.1549959642183523, -0.18083317117251282, -0.11276927548166095, -0.337897754371072, -0.2449001117996752, -0.5487909586418471, -0.10249471274610038, -0.2996301606997984, -0.1262826874653057, 0.14437519236691843, -0.0806028326040699, -0.08120984670978748, -0.3263510523211305, -0.5568365174166996, -0.18305888029978212, 0.161775533002046]}