{"from": [0, 0, 2, 2, 2, 3, 4, 6, 6, 7, 7, 7, 8, 8, 8, 9, 10, 10, 10, 11, 11, 11, 11, 11, 11, 12, 12, 12, 12, 13, 13, 14, 14, 14, 14, 14, 14, 15, 15, 15, 15, 15, 15, 15, 16, 16, 16, 17, 17, 18, 18, 18, 18, 18, 18, 18, 19, 19, 19, 19, 19, 19, 20, 20, 20, 21, 21, 21, 21, 21, 21, 21, 21, 21, 21, 22, 22, 22, 22, 22, 22, 22, 22, 22, 23, 23, 23, 23, 23, 23, 23, 23, 24, 24, 24], "to": [1, 4, 0, 1, 4, 5, 5, 1, 23, 1, 13, 16, 1, 5, 9, 5, 5, 9, 16, 5, 8, 9, 10, 16, 23, 3, 8, 9, 16, 3, 16, 5, 12, 16, 19, 20, 23, 3, 8, 12, 14, 16, 18, 24, 5, 8, 9, 3, 23, 1, 5, 9, 19, 20, 23, 24, 5, 8, 16, 20, 23, 24, 1, 16, 24, 3, 5, 8, 9, 16, 18, 19, 20, 23, 24, 1, 5, 8, 16, 18, 19, 20, 23, 24, 1, 5, 8, 9, 13, 16, 20, 24, 1, 8, 16], "influence_y": [[23]], "weights": [0.7365224816965407, -0.37345322763976335, -0.7496326196623937, -0.14513023521301197, -0.51117900195424, 0.3314825163392797, -0.04082775128277534, -0.13574795761066463, 0.04842905248709844, 0.24746011947690666, -0.22489730580778797, 0.20439241636854813, 0.0668494551702405, 0.3115768540064505, -0.21072234002221513, -1.27501629174203, -0.969044432895184, -0.6835828666717294, 0.1589497666444758, -0.5252843597199203, 0.10513916457801188, -0.6021874666439877, -0.32053222342477894, 0.24167581474208796, -0.11920205080005856, 0.11326439679234127, -0.12811153618013862, 0.04714109092875832, -0.10399916087368102, -1.6088438958445512, 0.1181415091395031, 0.17312917320885973, 0.17729333718943405, 0.1743069256767153, -0.10213111840468424, 0.038640132025627334, -0.07292586174943493, -0.2283952905453307, 0.1375777936395236, -0.24575773863686903, -0.116775893728033, 0.16206996736476245, 0.09429691929101927, -0.23958050818937907, 0.1237876633479661, 0.11903242458146987, -0.13268811577006556, -0.19290108617410906, -0.2699151267407818, 0.09365891891452278, -0.23318077114269686, 0.030081735360456958, -0.19821705997873446, -0.31685994834592907, -0.23471597398502533, -0.5249927228800676, 0.07510099052038476, -0.22996753120581284, -0.16693051790163205, -0.3149752428010219, -0.24742279768319064, -0.5326767347994766, 0.16036098227886914, 0.06725944002351775, -0.5322949985859459, 0.17099458643201979, -0.21329013844556222, -0.3260968406716231, 0.08650350447619971, -0.1673128602410056, -0.13104963862848473, -0.2024760986644841, -0.30665372996265594, -0.2524736044003212, -0.5330752080139648, -0.18198994926417186, -0.21634679372147259, -0.25770346460334664, -0.13086038456158408, -0.1336334048822828, -0.18173397749965145, -0.3159938641430319, -0.24840850981071924, -0.5285740776675327, -0.09766945031704112, -0.35014522315367796, -0.16650789330752236, 0.14872048052606301, -0.06153973194434062, -0.06420038287192256, -0.31677402085381834, -0.5355039619777792, -0.10067262736893132, 0.05725657090810422, 0.09974462122792616]}