{"from": [0, 0, 0, 2, 2, 2, 3, 4, 6, 6, 6, 7, 7, 7, 8, 8, 8, 9, 10, 10, 10, 11, 11, 11, 11, 11, 11, 12, 12, 12, 12, 13, 13, 13, 14, 14, 14, 14, 15, 15, 15, 15, 15, 16, 16, 16, 17, 17, 18, 18, 18, 18, 18, 19, 19, 19, 19, 19, 19, 19, 19, 20, 21, 21, 21, 21, 21, 21, 21, 21, 21, 21, 22, 22, 22, 22, 22, 22, 22, 22, 22, 23, 23, 23, 23, 23, 23, 23, 23, 24, 24, 24], "to": [1, 4, 5, 0, 1, 4, 5, 5, 1, 4, 23, 1, 13, 16, 1, 5, 9, 5, 5, 9, 16, 5, 8, 9, 10, 16, 23, 3, 8, 9, 16, 3, 16, 24, 5, 12, 16, 23, 3, 12, 14, 18, 24, 5, 8, 9, 3, 23, 5, 9, 20, 23, 24, 5, 8, 9, 16, 18, 20, 23, 24, 1, 3, 5, 8, 9, 16, 18, 19, 20, 23, 24, 1, 5, 8, 16, 18, 19, 20, 23, 24, 1, 5, 8, 9, 13, 16, 20, 24, 1, 8, 20], "influence_y": [[0, 2, 13, 19, 21, 22, 24]], "weights": [0.7608232041472499, -0.37827236226886624, -0.01447710208069493, -0.7516615436657291, -0.12748536584570036, -0.4975854543467463, 0.3126350541665661, -0.038938771599513256, -0.1443881903113445, 0.08936835923477811, 0.041903866698139405, 0.17846117890685415, -0.16566291663229432, 0.16209123015935192, 0.03201568172995233, 0.3359841745280854, -0.19638175684550446, -1.259914152579037, -0.9565957798592681, -0.6757300937616134, 0.15131764259768943, -0.5642957250700393, 0.09052967673192513, -0.5959797952139925, -0.3227848788047059, 0.25718187715831065, -0.12171233966330651, 0.10878157501200755, -0.16944976303469697, 0.05832361705414422, -0.1170239720190772, -1.6282507566603457, 0.10665409493806446, -0.02768932718256136, 0.144919940881335, 0.17484335912728965, 0.1739741309556519, -0.08575021590857342, -0.2727953060582172, -0.24817755798431362, -0.12096471627750086, 0.13027057935730146, -0.25299764436579875, 0.16562187220669655, 0.10120404830740122, -0.1315880150630442, -0.14461885806789293, -0.2826168036676331, -0.1469840620394775, 0.03161949025473753, -0.5320033040963082, -0.22915516933134072, -0.3184534403285863, 0.1834443078126259, -0.298581290802366, 0.04682847730360665, -0.2363911524371021, -0.18340384506340865, -0.5313050308852101, -0.24544371774673904, -0.3207338445782359, 0.12707191671526177, 0.2398309214643069, -0.16437226475095296, -0.34920259696286554, 0.12916854658491167, -0.2164367755378961, -0.17477700691887346, -0.11859883157516304, -0.5285512274505156, -0.2460596260154664, -0.3280292915060027, -0.1831546072926801, -0.2244312221496847, -0.26819784488672005, -0.17648847694558156, -0.17843650764529248, -0.11719440739294276, -0.5279194161327807, -0.24169905819438348, -0.31411692388087326, -0.06121381882790367, -0.33811164037273184, -0.20358056732230215, 0.1790785290867175, -0.06574013538353102, -0.10286830012329823, -0.5319063925111892, -0.331629827089576, -0.12590501729882786, 0.04708863253846393, -0.5328701533640416]}