{"from": [0, 0, 2, 2, 2, 3, 5, 6, 6, 6, 7, 7, 7, 8, 8, 9, 10, 10, 10, 10, 11, 11, 11, 11, 11, 11, 12, 12, 13, 13, 14, 14, 14, 14, 14, 14, 15, 15, 15, 15, 15, 16, 16, 16, 17, 17, 17, 18, 18, 18, 18, 18, 19, 19, 19, 19, 19, 19, 19, 19, 20, 20, 20, 21, 21, 21, 21, 21, 21, 21, 21, 21, 21, 21, 22, 22, 22, 22, 22, 22, 22, 22, 23, 23, 23, 23, 23, 23, 23, 24, 24], "to": [1, 4, 0, 1, 4, 5, 4, 1, 4, 23, 1, 13, 16, 5, 9, 5, 5, 9, 13, 16, 5, 8, 9, 10, 16, 23, 8, 9, 3, 16, 5, 9, 12, 16, 19, 23, 8, 12, 14, 18, 24, 5, 8, 9, 5, 9, 23, 5, 9, 20, 23, 24, 5, 8, 9, 16, 18, 20, 23, 24, 1, 9, 24, 3, 5, 8, 9, 13, 16, 18, 19, 20, 23, 24, 1, 5, 8, 18, 19, 20, 23, 24, 1, 5, 8, 9, 13, 20, 24, 1, 8], "influence_y": [[1, 2, 3, 11, 16, 19, 21, 22]], "weights": [0.7440942646576646, -0.37485247001907895, -0.7522170494207914, -0.12429246154335467, -0.5174709218196958, 0.33140357701139667, -0.06816728256326746, -0.14463329600023572, 0.10518213270910486, 0.05131876760504897, 0.23430603011567386, -0.23587238266508218, 0.1186082179298369, 0.3493946058753953, -0.20874633797392148, -1.2169728209246, -1.0017282575352764, -0.6744786408974851, -0.03563799555282488, 0.05800200648692482, -0.5838237810178865, 0.10597287801344611, -0.6013538823588999, -0.3099606351010742, 0.1789329171424248, -0.1148312422048363, -0.1458226207388951, 0.07537514194845908, -1.6167809725071645, 0.07781213278124183, 0.2510593599261988, -0.05695356883236009, 0.15429047443010732, 0.08956541459944754, -0.09096476663753715, -0.10064821727829545, 0.11310197649553173, -0.21129465095869876, -0.1299244692426369, 0.08182220016549144, -0.19956536032131378, 0.18581469328640182, 0.09287360662332028, -0.11977377058968008, 0.12024999701421056, -0.05327636638166517, -0.33530568281783407, -0.12660300939493851, 0.052447064528528486, -0.3125997937546046, -0.22939081918265536, -0.5262692240160765, 0.14240826754969246, -0.23468185435473124, 0.021313835115719673, -0.1878469310710786, -0.17046725097555562, -0.3123088492519018, -0.23714198831635494, -0.5306773553161109, 0.21019502749305083, -0.04738607972619567, -0.5323462816559515, 0.11219125747457447, -0.1752261812688463, -0.32339442865391843, 0.1362594804880351, -0.12589850965003774, -0.15827818647987432, -0.156848111851061, -0.15977813432880097, -0.3030044937123254, -0.24231225868416822, -0.5361315694058046, -0.14446061719583292, -0.1992981933687659, -0.26468861654380416, -0.1588529698105381, -0.1451838332643824, -0.30359449563027874, -0.2436279587381382, -0.5285234920168402, -0.060199001593324024, -0.33067300218115603, -0.19478914184211574, 0.15832180812269733, -0.10461903967110983, -0.3117673842170991, -0.5330456014597893, -0.11824082668505943, 0.048415762178742265]}