{"from": [0, 0, 2, 2, 2, 3, 4, 4, 6, 6, 6, 7, 7, 7, 8, 9, 9, 10, 10, 10, 10, 11, 11, 11, 11, 11, 11, 12, 12, 12, 13, 13, 14, 14, 14, 14, 14, 15, 15, 15, 15, 15, 15, 16, 16, 17, 17, 18, 18, 18, 18, 18, 18, 18, 19, 19, 19, 19, 19, 19, 19, 20, 20, 20, 21, 21, 21, 21, 21, 21, 21, 21, 21, 21, 22, 22, 22, 22, 22, 22, 22, 22, 22, 22, 23, 23, 23, 23, 23, 23, 24, 24, 24], "to": [1, 4, 0, 1, 4, 5, 5, 8, 1, 4, 23, 1, 13, 16, 5, 5, 8, 5, 8, 9, 16, 5, 8, 9, 10, 16, 23, 8, 9, 16, 3, 16, 5, 12, 16, 19, 23, 8, 12, 14, 16, 18, 24, 5, 9, 9, 23, 1, 5, 9, 13, 20, 23, 24, 8, 9, 16, 18, 20, 23, 24, 1, 13, 24, 5, 8, 9, 13, 16, 18, 19, 20, 23, 24, 1, 5, 8, 9, 16, 18, 19, 20, 23, 24, 5, 9, 13, 16, 20, 24, 1, 8, 16], "influence_y": [[1, 2, 3, 8, 13, 18, 19, 20, 21, 22, 23]], "weights": [0.738469773821025, -0.4005978380321324, -0.7475931345220954, -0.13499117824309043, -0.5306244331049339, 0.35232694830388767, -0.05449802115331773, -0.02058593431364695, -0.14383798610273457, 0.1462470453342748, 0.03376761605375551, 0.24358904514756666, -0.2160874989885493, 0.148532469576896, 0.2920418512163461, -1.2384507136531546, -0.5085827878341401, -1.0011438212897177, -0.31371458299351396, -0.6884505393048395, 0.13068909062994993, -0.5476325524582155, -0.11901623575188766, -0.6379613965091867, -0.31705951413157063, 0.21559166505464636, -0.12220552771535977, -0.07168668943559771, 0.10405612692757128, -0.07044877652746874, -1.6190970744577031, 0.10649005214129398, 0.1328568048830865, 0.1681319488082054, 0.13226688525687377, -0.0979842180984278, -0.08143633358910549, 0.14636814636018147, -0.24465269343078366, -0.15040698380225212, 0.13296563959583257, 0.09395311783189303, -0.20356410887437054, 0.18696247652711215, -0.13797343218356833, -0.04655454190299809, -0.2824321984131662, 0.08629526210818568, -0.18556603518294737, 0.10274612053655845, -0.04083765485672491, -0.3130174002877557, -0.2286451191016853, -0.5246950402541329, -0.1720154390000425, 0.10614973031050451, -0.22001963861409096, -0.17502343340266446, -0.3125779554535061, -0.2372191266959675, -0.5313492171604972, 0.22562957980297513, 0.09763913480254789, -0.5287895528912537, -0.1432062445374505, -0.1981651718563765, 0.21676494157441836, -0.03225319331458406, -0.22545759926347386, -0.16493917923055085, -0.15490814224357977, -0.3010455160567967, -0.24008320969692593, -0.5311760776784666, -0.18492156236014853, -0.13395210008216657, -0.1455771403966697, 0.06420497284870659, -0.14505689497337634, -0.16427072252027106, -0.13756209944967734, -0.2993389146560744, -0.2395553350561161, -0.5272733442701394, -0.35237244998664685, 0.22586591524389998, -0.0822943791322908, -0.09600503462446687, -0.3118823409541521, -0.5337354406718002, -0.04137344111226679, 0.10355185027637749, 0.07858990164445602]}