{"from": [0, 0, 0, 2, 2, 2, 3, 4, 6, 7, 7, 7, 7, 8, 8, 9, 10, 10, 10, 11, 11, 11, 11, 11, 12, 12, 12, 12, 13, 13, 14, 14, 14, 14, 14, 15, 15, 15, 15, 15, 15, 15, 16, 16, 16, 17, 17, 17, 17, 18, 18, 18, 18, 18, 18, 19, 19, 19, 19, 19, 19, 20, 20, 20, 20, 20, 21, 21, 21, 21, 21, 21, 21, 21, 21, 21, 21, 21, 22, 22, 22, 22, 22, 22, 22, 22, 22, 22, 23, 23, 23, 23, 23, 23, 23, 23, 23, 23, 23, 24, 24], "to": [1, 4, 5, 0, 1, 4, 5, 5, 1, 1, 13, 14, 16, 5, 9, 5, 5, 9, 16, 5, 8, 9, 10, 16, 3, 8, 9, 16, 3, 16, 5, 9, 12, 16, 19, 3, 8, 12, 14, 16, 18, 24, 5, 8, 9, 3, 5, 9, 23, 1, 5, 9, 19, 20, 24, 5, 8, 9, 16, 20, 24, 1, 8, 9, 13, 24, 3, 5, 8, 9, 11, 13, 16, 18, 19, 20, 23, 24, 1, 5, 8, 14, 16, 18, 19, 20, 23, 24, 1, 5, 8, 9, 11, 13, 16, 18, 19, 20, 24, 1, 8], "influence_y": [[0, 1, 4, 6, 8, 9, 11, 12, 14, 15, 16, 19, 23]], "weights": [0.7443864190869438, -0.3830182526408684, -0.031553758856113716, -0.7582951288871399, -0.14105232334874612, -0.4976073034213807, 0.3501906494146982, -0.06760681323198091, -0.16319361395567397, 0.2390174876721696, -0.20333326431155402, -0.07124202714496924, 0.19030686394812085, 0.3180939249895239, -0.19749245537302246, -1.1807331501406235, -0.9669851002667584, -0.6718775115287313, 0.12873982108385454, -0.5452457313941361, 0.0801339930335066, -0.593255606216462, -0.3170058736352267, 0.20987693102430904, 0.08656821319095775, -0.1706225723408682, 0.08143410527651125, -0.04998522957975544, -1.6266163393632447, 0.10081176832455292, 0.16819427179210292, -0.04367467769231397, 0.1273164054276115, 0.1821305769735606, -0.09116461154574934, -0.18223501586687982, 0.133837541017855, -0.23088004131962236, -0.2450088540075518, 0.11196756131552299, 0.11892643353305136, -0.19613780108618883, 0.21239597219009718, 0.11335143699593235, -0.11499769819083457, -0.24237697699384955, 0.16049678397258, -0.05885250891552024, -0.25899918718849424, 0.07937071592249549, -0.183167288937698, 0.05299976399991528, -0.2079175151681109, -0.2957134552499442, -0.502327575191483, 0.16882663367283401, -0.20183723261951367, 0.04909915082658914, -0.22304552316219553, -0.29551275661886084, -0.5088920017217071, 0.23199568032992612, 0.05976184025492257, -0.022242485706982163, 0.12787546368902006, -0.5086730513822278, 0.184180805439473, -0.2559304211789641, -0.31466094689990487, 0.16473805002980177, -0.08520763946472135, -0.05877574713535153, -0.23449654674393372, -0.17344899184426843, -0.2018584750436268, -0.2850120280008723, -0.11513647322115571, -0.5064777889769793, -0.17762422432784558, -0.26058844372719836, -0.21843564193751877, 0.11666645242797931, -0.14105376783347198, -0.17442104431416744, -0.1806693133357399, -0.2844042083362009, -0.11806978709074538, -0.5022504926573147, -0.07071242171804568, -0.40608563914415746, -0.15124580471940116, 0.18360203212372983, -0.1505438383541262, -0.06365214796505536, -0.11764714735038442, -0.17586735278289306, -0.20853080860403836, -0.2945474158944179, -0.5114129422269107, -0.09474477384036259, 0.1180522359539245]}