{"from": [0, 0, 1, 2, 2, 2, 3, 4, 6, 6, 7, 7, 7, 7, 8, 8, 9, 10, 10, 10, 10, 11, 11, 11, 11, 11, 11, 12, 12, 12, 12, 12, 13, 13, 13, 14, 14, 14, 14, 14, 14, 15, 15, 15, 15, 15, 15, 15, 16, 16, 16, 17, 17, 17, 17, 18, 18, 18, 18, 18, 18, 18, 18, 18, 19, 19, 19, 19, 19, 19, 19, 19, 20, 20, 20, 21, 21, 21, 21, 21, 21, 21, 21, 21, 21, 21, 22, 22, 22, 22, 22, 22, 22, 22, 22, 22, 23, 23, 23, 23, 23, 23, 23, 24, 24], "to": [1, 4, 5, 0, 1, 4, 5, 5, 1, 4, 1, 13, 14, 16, 5, 9, 5, 5, 9, 13, 16, 5, 8, 9, 10, 16, 23, 3, 8, 9, 13, 16, 3, 4, 16, 5, 9, 12, 16, 19, 23, 3, 8, 12, 14, 16, 18, 24, 5, 8, 9, 3, 9, 13, 23, 1, 5, 8, 9, 13, 19, 20, 23, 24, 5, 8, 9, 13, 16, 20, 23, 24, 1, 13, 24, 3, 5, 8, 9, 13, 16, 18, 19, 20, 23, 24, 1, 5, 8, 14, 16, 18, 19, 20, 23, 24, 5, 8, 9, 13, 16, 20, 24, 1, 8], "influence_y": [[1, 3, 4, 9, 11, 12, 13, 16, 17, 19, 20, 21, 22, 23, 24]], "weights": [0.7552149104546269, -0.3575944878286011, -0.025355713724400226, -0.7502408904285028, -0.11828624158535347, -0.4829290477925134, 0.3223315144164452, -0.045587894233419766, -0.14941708395322112, 0.18425548786743506, 0.20806271163935908, -0.2855728458567915, -0.07586453193646475, 0.19490180749150346, 0.317322921940645, -0.19654646323328032, -1.2604330666843948, -0.9665614444652648, -0.6781314017374483, -0.06576912874794677, 0.11885609581618596, -0.555742411004225, 0.116172749979352, -0.6024665779845585, -0.32918355227141916, 0.2187875189205164, -0.10845058120515556, 0.11492414948495032, -0.15868152881549272, 0.07220366754749259, -0.05342162472586576, -0.07851424249310547, -1.6099360886952507, 0.10314067170843061, 0.09156160020439891, 0.18277004465702065, -0.0354092143365322, 0.17492455848336602, 0.1930286002292148, -0.09929799058061861, -0.06919929718956691, -0.24230320128066743, 0.13364801362887432, -0.18189674804259706, -0.24820851334546748, 0.11003557808414584, 0.07859105100580163, -0.21684465757572916, 0.17593599387617376, 0.11392973519921824, -0.1065301517284581, -0.18328609933307322, -0.07792728498456014, 0.06306780371088846, -0.24886177666323267, 0.0906015057340884, -0.04939499345388826, -0.07260849945460346, 0.07216898518083494, -0.09285761473491398, -0.18411091579669425, -0.2974165980207331, -0.212730202221549, -0.5167139973486214, 0.08234942527853462, -0.24711367318833619, 0.04423473818052195, -0.05267418580536449, -0.2443638861505746, -0.29808530535663486, -0.22431810920054082, -0.524220309017283, 0.20937577241832464, 0.1169838858976645, -0.5237801647835542, 0.17528857856342087, -0.16829643110651105, -0.3909158433571789, 0.14094420323640122, -0.1362210178163754, -0.2617157702811166, -0.11708076138812257, -0.18564327055650406, -0.28940963151134136, -0.22666914229043322, -0.5227823077879409, -0.05459475864603639, -0.21513153228190054, -0.2872503313856847, 0.11609034971242996, -0.18410282311021928, -0.11702451464484956, -0.16846078407332954, -0.28871036893114527, -0.21688838657190515, -0.5185080018009306, -0.38321706525093435, -0.23676446909081464, 0.17410541319449316, -0.13767365476238616, -0.10597448017288522, -0.29774771462079247, -0.5243304943352145, -0.046861360449393874, 0.0789240116103647]}