{"from": [0, 0, 2, 2, 2, 3, 3, 5, 6, 6, 6, 7, 7, 7, 7, 8, 8, 8, 9, 10, 10, 10, 10, 11, 11, 11, 11, 11, 12, 12, 12, 12, 13, 13, 13, 14, 14, 14, 14, 14, 15, 15, 15, 15, 15, 15, 16, 16, 16, 17, 17, 17, 17, 18, 18, 18, 18, 18, 18, 18, 19, 19, 19, 19, 19, 19, 19, 19, 20, 20, 21, 21, 21, 21, 21, 21, 21, 21, 21, 21, 21, 22, 22, 22, 22, 22, 22, 22, 22, 22, 22, 23, 23, 23, 23, 23, 23, 23, 23, 23, 23, 24], "to": [1, 4, 0, 1, 4, 5, 8, 4, 1, 4, 13, 1, 13, 14, 16, 5, 9, 24, 5, 5, 9, 13, 16, 5, 8, 9, 10, 16, 3, 8, 9, 16, 3, 16, 20, 5, 9, 12, 16, 19, 3, 8, 12, 14, 16, 24, 5, 8, 9, 3, 8, 9, 23, 5, 8, 9, 13, 19, 20, 24, 5, 8, 9, 10, 13, 16, 20, 24, 1, 24, 3, 5, 8, 9, 13, 16, 18, 19, 20, 23, 24, 5, 8, 9, 14, 16, 18, 19, 20, 23, 24, 5, 8, 9, 11, 13, 16, 18, 19, 20, 24, 9], "influence_y": [[2, 3, 4, 5, 6, 8, 12, 13, 14, 16, 18, 20, 21, 22, 23, 24]], "weights": [0.781244690899497, -0.3923506575721555, -0.7575227268756651, -0.09230894957123248, -0.5126018618990106, 0.3602863008673763, 0.024108743458189336, -0.07378510861080488, -0.15231327246902587, 0.0946427678343097, 0.04166499456553208, 0.16997721922040998, -0.22737140807156092, -0.09422945756746653, 0.1698197990231326, 0.3173298034922851, -0.20525538406797778, 0.034604039573466104, -1.2647022095869604, -1.040666788468835, -0.6759941167096608, -0.10327866134367855, 0.12220167433368652, -0.5246425564451671, 0.13112258580782557, -0.5910850316364703, -0.34014103654096095, 0.24171149220741778, 0.08651569131085653, -0.18142522932565266, 0.08002980527975616, -0.06191496692089394, -1.5897939174880698, 0.10459186959731284, 0.04505133406660913, 0.23851178896252243, -0.051922949519670476, 0.16323732133071886, 0.1655698165699413, -0.10290676815628362, -0.1441329419168304, 0.14841840970498094, -0.2655399959257353, -0.21598556687365075, 0.12665224691225452, -0.1614273791319131, 0.1545271822224541, 0.11969551214487152, -0.11089067833743677, -0.2646831994511003, 0.17379183226837672, -0.08854752931569354, -0.2230773127115482, -0.15708573621020988, -0.168734291536933, 0.13201732558062743, -0.11556214437265365, -0.2114524182637311, -0.3169150813491516, -0.5255161773619964, 0.06808837153071208, -0.32616851638550426, 0.11274190953218789, -0.07842421773293276, -0.09980017691411522, -0.2202900642876136, -0.31886377096802354, -0.524710152426386, 0.19107921943222925, -0.5367627979057562, 0.15306339103851582, -0.18439727229129874, -0.4475520315685827, 0.2013781086029427, -0.1327349396204078, -0.22038923966568894, -0.1405731239814539, -0.2073230242625486, -0.31147535389788983, -0.13907974102363257, -0.5225036188214668, -0.2092899269089968, -0.33598262996117634, 0.08212222834065357, 0.12958658212008542, -0.1553443876303698, -0.1354155222411054, -0.18395175022267626, -0.3143779191151524, -0.14743058158787198, -0.5205639396048835, -0.364296749550427, -0.260385528946234, 0.23919043345508162, -0.11242003973527794, -0.16111996586961944, -0.10283697831778132, -0.15173415110680516, -0.21146775764020664, -0.31520722485621827, -0.5283580963160838, 0.08803504709021734]}