{"from": [0, 0, 0, 1, 2, 2, 2, 3, 5, 6, 7, 7, 7, 8, 8, 9, 10, 10, 10, 11, 11, 11, 11, 11, 12, 12, 12, 12, 13, 13, 14, 14, 14, 15, 15, 15, 15, 15, 15, 15, 16, 16, 16, 17, 17, 18, 18, 18, 18, 19, 19, 19, 19, 19, 20, 21, 21, 21, 21, 21, 21, 21, 21, 21, 21, 22, 22, 22, 22, 22, 22, 22, 22, 23, 23, 23, 23, 23, 23, 23, 23, 23, 24], "to": [1, 4, 20, 20, 0, 1, 4, 5, 4, 1, 1, 13, 16, 5, 9, 5, 5, 9, 16, 5, 8, 9, 10, 16, 3, 8, 9, 16, 3, 16, 12, 16, 19, 3, 8, 12, 14, 16, 18, 24, 5, 8, 9, 3, 23, 19, 20, 23, 24, 5, 8, 16, 20, 24, 24, 3, 8, 9, 13, 16, 18, 19, 20, 23, 24, 1, 8, 16, 18, 19, 20, 23, 24, 5, 8, 9, 11, 13, 16, 19, 20, 24, 8], "influence_y": [[0, 1, 2, 4, 8, 10, 13, 18, 19, 20, 22, 23]], "weights": [0.7526865681085363, -0.3645578895977054, -0.05926990334976528, 0.06665594872139344, -0.7630473625973709, -0.11580227525605212, -0.5021490822382512, 0.3071231530354212, -0.04143049943828441, -0.10901198228140967, 0.22131177486477957, -0.16615372243472365, 0.13263112069746447, 0.34333435948629426, -0.2071169726759152, -1.3244964154425383, -0.9916625891813436, -0.6831703725175988, 0.11366742247245355, -0.5979578885009996, 0.08263194932308654, -0.6051529758705303, -0.3260779458287607, 0.24659577950025022, 0.10703918826247938, -0.1673296596933575, 0.04373781907635597, -0.04951079673338977, -1.6369786097007797, 0.09302544407449762, 0.17957444451763968, 0.14844987336672535, -0.0911692795938482, -0.24211060647485771, 0.05636991129828212, -0.2104990907192374, -0.14299973735935514, 0.08683018434205732, 0.09146796369120665, -0.17340829345121692, 0.11989273236638079, 0.08288244096731473, -0.11740274896582005, -0.18988261528660616, -0.22583003906666063, -0.2226822040079051, -0.3253324061800036, -0.15746240560853114, -0.5262180417590216, 0.11720019353002135, -0.21540212744641146, -0.24816306049459338, -0.3148759675076449, -0.5321434644222236, -0.5319497546558428, 0.15973856128028968, -0.2969106694808058, 0.07202854969343572, -0.05682205428868872, -0.2167533136755718, -0.12935410793111876, -0.22017996488491126, -0.308363652796955, -0.15154942499971938, -0.5330742755784905, -0.15971667639074125, -0.2507258374170776, -0.1612214955831805, -0.1317910129746351, -0.2035299162163658, -0.29041506135241946, -0.15924414179535235, -0.5264885725639513, -0.2412641813375378, -0.18880441358667432, 0.1352949373057271, -0.11375918865386413, -0.07702868531485361, -0.08853912184899532, -0.22558422724152277, -0.3103299217632854, -0.5343393699719564, 0.06387261169467393]}