{"from": [0, 0, 0, 2, 2, 3, 3, 5, 6, 7, 7, 7, 7, 8, 8, 9, 10, 10, 10, 10, 11, 11, 11, 11, 11, 12, 12, 12, 12, 13, 13, 13, 14, 14, 14, 14, 14, 15, 15, 15, 15, 15, 15, 15, 16, 16, 16, 17, 17, 17, 18, 18, 18, 18, 18, 18, 18, 18, 19, 19, 19, 19, 19, 19, 19, 20, 21, 21, 21, 21, 21, 21, 21, 21, 21, 21, 22, 22, 22, 22, 22, 22, 22, 22, 22, 22, 23, 23, 23, 23, 23, 23, 23, 23, 23, 24, 24, 24], "to": [1, 2, 4, 1, 4, 5, 9, 4, 1, 1, 13, 14, 16, 5, 9, 5, 5, 9, 13, 16, 5, 8, 9, 10, 16, 3, 8, 9, 16, 3, 16, 24, 5, 9, 12, 16, 19, 3, 8, 12, 14, 16, 18, 24, 5, 8, 9, 3, 9, 23, 1, 8, 9, 13, 19, 20, 23, 24, 5, 8, 9, 13, 16, 20, 24, 1, 3, 8, 9, 13, 16, 18, 19, 20, 23, 24, 1, 8, 9, 14, 16, 18, 19, 20, 23, 24, 5, 8, 9, 11, 13, 16, 19, 20, 24, 1, 9, 20], "influence_y": [[1, 2, 9]], "weights": [0.7608939909590038, -0.7474185625014056, -0.36622511770279653, -0.11744533644577333, -0.4798216406387503, 0.31797247068237505, 0.013210792678976895, -0.04401161654600208, -0.15855609417071528, 0.2329550186742614, -0.2227306076554987, -0.09020281940185855, 0.15397423394416138, 0.35288536644202595, -0.21160495532457763, -1.2999611036099865, -0.9789784377852876, -0.6763748733578975, -0.060347432569665065, 0.1425649327021664, -0.537803772118433, 0.12202358042170974, -0.5893094327164422, -0.31490187228197236, 0.24539570720755025, 0.12166230748360647, -0.14570716738779851, 0.08185999394628955, -0.06920290856892058, -1.6086250011389749, 0.0920437661137426, -0.030897538066206924, 0.18026313143102363, -0.06985359064538367, 0.15061022235100996, 0.16178037464800749, -0.1103676204491061, -0.28726928813284114, 0.1698607768717426, -0.27450667011716245, -0.2518134602843765, 0.092053045338346, 0.11619506390184256, -0.23395984563937525, 0.15556794773309784, 0.07976860188191899, -0.12052499356561898, -0.20835488275700284, -0.0951612145551839, -0.2189037958469273, 0.0814510313082323, -0.0586635528462017, 0.11176530965484582, -0.09012066473319297, -0.21911978422844325, -0.546234076715026, -0.16261042436202006, -0.322331165454076, 0.1679926491929423, -0.27161105395628177, 0.11320516367760276, -0.07205593427341035, -0.2135517779801838, -0.5463613242928527, -0.3295874620223747, 0.23275352534512397, 0.2098349361357462, -0.3586125763442388, 0.1854472321365781, -0.1589977844519976, -0.229442081889119, -0.14391260252650664, -0.2145363260116498, -0.5447336835283796, -0.16027793205407262, -0.32673993953751784, -0.13522439364453415, -0.28658137641763354, 0.07814233116956895, 0.12463138035258932, -0.16810677697211593, -0.1435115292286078, -0.18902424536157494, -0.5439654003721353, -0.16809219805480807, -0.313757205225396, -0.16426456918963664, -0.24363728172325536, 0.21426915544185482, -0.09279156443701678, -0.14397836093198638, -0.08944333547076591, -0.21839486470076613, -0.5462144432960082, -0.3346145263863221, -0.03235482001995527, 0.05847052037802841, -0.5468281253695789]}