{"from": [0, 2, 2, 2, 3, 3, 4, 5, 6, 6, 6, 7, 7, 7, 7, 8, 9, 9, 9, 10, 10, 10, 10, 11, 11, 11, 11, 12, 12, 12, 12, 13, 14, 14, 14, 14, 14, 14, 15, 15, 15, 15, 16, 17, 17, 17, 18, 18, 18, 18, 18, 18, 19, 19, 19, 19, 19, 19, 20, 20, 20, 21, 21, 21, 21, 21, 21, 21, 21, 21, 22, 22, 22, 22, 22, 22, 22, 22, 22, 23, 23, 23, 23, 23, 23, 23, 23, 23, 24, 24, 24], "to": [1, 0, 1, 4, 5, 13, 0, 4, 1, 3, 4, 1, 3, 13, 16, 5, 5, 8, 16, 3, 5, 8, 9, 5, 8, 9, 10, 3, 8, 9, 20, 16, 5, 9, 12, 16, 19, 20, 12, 13, 20, 24, 5, 3, 9, 23, 3, 5, 9, 19, 20, 24, 3, 8, 9, 16, 20, 24, 1, 9, 24, 3, 5, 8, 9, 18, 19, 20, 23, 24, 1, 5, 8, 9, 18, 19, 20, 23, 24, 3, 5, 9, 11, 13, 18, 19, 20, 24, 1, 8, 16], "influence_y": [[0, 1, 4, 5, 7, 8, 9, 11, 13, 16, 17, 19, 22, 23, 24]], "weights": [0.7650653151499416, -0.7986430902653306, -0.10417475136370216, -0.20851182865181064, 0.3377322836240005, -0.39706488932689904, -0.16577448312110438, -0.0672193878865682, -0.1475689167681108, -0.08157257731604257, 0.1568246844360002, 0.19036944816265225, 0.3232313079365964, -0.0847264414655988, 0.11921685396051639, 0.29826006024671053, -1.2936658661766636, -0.4552094591784298, -0.3228111719796267, 0.15063227001160512, -1.0227463408806272, -0.24958555842851218, -0.7171334605024481, -0.6005812979971586, -0.06709934477624757, -0.6879434210568464, -0.3243546170872432, 0.2527168604781194, -0.09049481419759854, 0.13728681788067734, -0.03529190808986103, 0.08392556183542081, 0.20147337545944413, -0.09674167243358993, 0.1646769509194345, 0.10546269090409004, -0.09055374951873996, 0.07560672776482984, -0.304731912453735, -0.07734692238121678, 0.14445948193113328, -0.19631799660980082, 0.14339906907054625, -0.4178733922579443, -0.10874048363055559, -0.2210387734361862, 0.14177219219243617, -0.2492491691159108, 0.09566129972690535, -0.2266087982973275, -0.33736582315386704, -0.531808223855976, 0.25465550115444924, -0.11855372156698925, 0.1490780538183533, -0.09381292419819771, -0.33324203647108663, -0.5382136471278548, 0.167868122949571, -0.08808290007132624, -0.5340041303138203, 0.5735452572212595, -0.2128598182670078, -0.14949481120949673, 0.26250444194554234, -0.13431841660472324, -0.22428141085775735, -0.33272569676755576, -0.13261580526146438, -0.5407269075548562, -0.1395884521717001, -0.2492807691578994, -0.19521264643056557, 0.13053236085468253, -0.12617092781862158, -0.20906655227934856, -0.3434564450006312, -0.14000444196207648, -0.5340158087527596, 0.21819008270063217, -0.38575493842234365, 0.2353581159704243, -0.10649564326300374, -0.0761133969972144, -0.14795238254629708, -0.2278815952913984, -0.3332354361154506, -0.5407486423528366, -0.04250481346288831, 0.13798337696710103, 0.028656558804053683]}