{"from": [0, 0, 2, 2, 2, 3, 3, 5, 6, 6, 6, 7, 7, 7, 8, 8, 9, 10, 10, 10, 10, 11, 11, 11, 11, 11, 11, 12, 12, 12, 12, 14, 14, 14, 14, 14, 15, 15, 15, 15, 15, 16, 16, 16, 16, 17, 17, 18, 18, 18, 18, 18, 18, 19, 19, 19, 19, 19, 19, 20, 20, 20, 21, 21, 21, 21, 21, 21, 21, 21, 21, 22, 22, 22, 22, 22, 22, 22, 22, 22, 23, 23, 23, 23, 23, 23, 23, 23, 24, 24, 24], "to": [1, 4, 0, 1, 4, 5, 13, 4, 1, 4, 23, 1, 3, 16, 5, 9, 5, 3, 5, 9, 16, 5, 8, 9, 10, 16, 23, 3, 8, 9, 16, 5, 12, 16, 19, 23, 8, 12, 14, 18, 24, 3, 5, 8, 9, 3, 23, 1, 3, 19, 20, 23, 24, 5, 8, 16, 20, 23, 24, 1, 3, 8, 3, 8, 9, 16, 18, 19, 20, 23, 24, 1, 8, 14, 16, 18, 19, 20, 23, 24, 1, 3, 5, 8, 9, 16, 20, 24, 1, 8, 20], "influence_y": [[0, 3, 5, 7, 8, 9, 11, 14, 18, 19, 21, 22, 23, 24]], "weights": [0.7422718944380345, -0.38883186354393184, -0.7458871097091555, -0.13512110296404878, -0.5060204753697294, 0.3109241299785498, -0.3964042903238125, -0.06435681710307177, -0.1592033295606223, 0.15634026278622562, 0.04648259820167369, 0.21808951093160722, 0.3520012797742627, 0.0892494359173465, 0.32679443017874826, -0.21735421925468945, -1.2933495887503836, 0.17354077397756779, -0.9753938310067446, -0.677153789924924, 0.09088025976463265, -0.5791024898176117, 0.10654406249371924, -0.6054062099820187, -0.3225193114195811, 0.18612425923462014, -0.11055743035304938, 0.17683543246522127, -0.14617282900206993, 0.037989736591655957, -0.06532085348296338, 0.17251979927786767, 0.1769832065527449, 0.11247096190198362, -0.09731080873880266, -0.06620839702282216, 0.09585543601277684, -0.25434202323079763, -0.16211509099412105, 0.08976852135413417, -0.25135065555170144, -0.16309303057844554, 0.20233780341988658, 0.11593359572597664, -0.10257449049997375, -0.34748614761526964, -0.2815519628118747, 0.07432599737933188, 0.19003077942892388, -0.18985737208799477, -0.5420500332695807, -0.22498356107835246, -0.32151112370136015, 0.19759902227550769, -0.21462284465497186, -0.24050815100844458, -0.5422263658315811, -0.23023560037366345, -0.33042802731048787, 0.1717594933729329, -0.2112633473365772, 0.043516925382556804, 0.4017792431923285, -0.2942455359408869, 0.08172839909132115, -0.2744824078885352, -0.12996026284932122, -0.18890502783987054, -0.5383651403986185, -0.23715787527299467, -0.3306954875016304, -0.16274040020202993, -0.20497373554641482, 0.07986289932963678, -0.15704134336504763, -0.13150248933441636, -0.17023418080677932, -0.5376739304303776, -0.2346527488285541, -0.3199264473780842, -0.05594396603759849, 0.04896592822408545, -0.30189954926497914, -0.1322304045848933, 0.13412024889160676, -0.0854164514952122, -0.5421765924872439, -0.33352306206159676, -0.07137204113882385, 0.13938096935194388, -0.543340101135165]}