{"from": [0, 0, 2, 2, 2, 3, 5, 6, 6, 7, 7, 7, 8, 8, 8, 9, 10, 10, 10, 10, 10, 11, 11, 11, 11, 12, 12, 12, 12, 12, 13, 13, 14, 14, 14, 14, 15, 15, 15, 15, 15, 15, 15, 16, 16, 16, 17, 17, 17, 18, 18, 18, 18, 18, 18, 18, 19, 19, 19, 19, 19, 19, 19, 20, 21, 21, 21, 21, 21, 21, 21, 21, 21, 21, 21, 22, 22, 22, 22, 22, 22, 22, 22, 22, 22, 23, 23, 23, 23, 23, 23, 23, 23, 23, 23, 24, 24, 24], "to": [1, 4, 0, 1, 4, 5, 4, 1, 13, 1, 13, 16, 1, 5, 9, 5, 5, 9, 11, 13, 16, 5, 8, 9, 16, 3, 8, 9, 13, 16, 3, 16, 5, 12, 16, 19, 3, 8, 12, 14, 16, 18, 24, 5, 8, 9, 3, 13, 23, 1, 8, 9, 13, 19, 20, 24, 5, 8, 9, 13, 16, 20, 24, 1, 3, 5, 8, 9, 13, 16, 18, 19, 20, 23, 24, 1, 5, 8, 13, 16, 18, 19, 20, 23, 24, 5, 8, 9, 11, 13, 16, 18, 19, 20, 24, 1, 8, 20], "influence_y": [[0, 1, 4, 6, 8, 9, 12, 13, 14, 16, 19, 20, 21, 23]], "weights": [0.7532844830445296, -0.3647209298375061, -0.7510403443758592, -0.12939987465878497, -0.49672720694658795, 0.3344981484173195, -0.059993580083401214, -0.18873700499949447, 0.05452325793821283, 0.22021860955978506, -0.2902647245584124, 0.18925875710149204, 0.026060645659994275, 0.34214766057610385, -0.2070257460838177, -1.3097541026409742, -0.9951392807872521, -0.6700307060689135, -0.2859941850225393, -0.07166364268824275, 0.1423959967728177, -0.6171791549520662, 0.10197118836744236, -0.5918086265037341, 0.22089358448679994, 0.09251510288851147, -0.1658684047960905, 0.05982474276693023, -0.09096118209859615, -0.062174578546277205, -1.606622829854587, 0.10329466906680017, 0.1863607818777599, 0.1589883383900568, 0.1596386828502735, -0.08820542054315302, -0.14022623345222007, 0.10084927130688136, -0.181973996312831, -0.11939356929203225, 0.12537272725583185, 0.1115715592291952, -0.22857439969354754, 0.1706264863180329, 0.06968680198871001, -0.12660609366567316, -0.21812566337882755, 0.11029019209857177, -0.2496217812838415, 0.11773737085211486, -0.08629737945792657, 0.05473703211622142, -0.16693378442158446, -0.22186699000989296, -0.5546010256627066, -0.31817180045377763, 0.12853024026475282, -0.2967929857164428, 0.04716331439860613, -0.15961399374686522, -0.254814759360244, -0.554592501847169, -0.32582671465981566, 0.24913076320172947, 0.2829012265809266, -0.12043287428150137, -0.3854410899169039, 0.12808905382112978, -0.2961712417416949, -0.23612972787787534, -0.17110781544578854, -0.2172590135942954, -0.5508939900497837, -0.1351526450812429, -0.3239703444271191, -0.12720683607266625, -0.1122221157824295, -0.34563746843377235, -0.09565586980063213, -0.21083304569090427, -0.1751550071896996, -0.19903815599134372, -0.5506555551872698, -0.15067883127161788, -0.3134044666195311, -0.2364482735234047, -0.23444252902803006, 0.17921374617081925, -0.13079648793418727, -0.251659994322478, -0.1332754928750245, -0.1791813726298915, -0.22098000618387165, -0.5543060170380462, -0.3259819055360064, -0.08986018378375919, 0.034430928334949484, -0.5553797157674655]}