{"from": [0, 0, 2, 2, 2, 3, 5, 6, 6, 7, 7, 8, 8, 9, 10, 10, 10, 11, 11, 11, 11, 11, 12, 12, 13, 14, 14, 14, 15, 15, 15, 15, 15, 16, 16, 16, 16, 17, 17, 18, 18, 18, 18, 18, 18, 19, 19, 19, 19, 19, 19, 19, 20, 20, 20, 21, 21, 21, 21, 21, 21, 21, 21, 21, 21, 22, 22, 22, 22, 22, 22, 22, 22, 23, 23, 23, 23, 23, 23, 23, 23, 23, 24, 24], "to": [1, 4, 0, 1, 4, 5, 4, 1, 4, 1, 13, 5, 9, 5, 5, 9, 13, 5, 8, 9, 10, 16, 8, 9, 3, 5, 12, 19, 8, 12, 14, 18, 24, 5, 8, 9, 13, 9, 23, 9, 13, 19, 20, 23, 24, 5, 8, 9, 13, 16, 20, 24, 1, 8, 24, 3, 8, 9, 13, 16, 18, 19, 20, 23, 24, 1, 5, 8, 18, 19, 20, 23, 24, 1, 5, 8, 9, 11, 13, 19, 20, 24, 1, 8], "influence_y": [[1, 3, 4, 7, 8, 19, 23, 24]], "weights": [0.7528729392725716, -0.4029572941574376, -0.748241563929746, -0.13085879025810293, -0.5316255865095519, 0.31711956870280034, -0.05738317349217473, -0.1714047681245747, 0.06830778607725754, 0.2424743230904053, -0.3009920630994222, 0.3653958410901923, -0.2188375859620979, -1.304120972997391, -0.9878519930021477, -0.675372775701521, -0.12105626024516042, -0.5672549654365526, 0.10149386871992291, -0.5901399809406778, -0.315671267067182, 0.15255772416289815, -0.15582204861336285, 0.06044059645687118, -1.6270304604068095, 0.1515062391792571, 0.17755765759340192, -0.07664196328992179, 0.09612347476194189, -0.15427025965083332, -0.1639456026719461, 0.13394329370417202, -0.20294968709879518, 0.15321870476718802, 0.08242599734829634, -0.11829798203178306, 0.11604724305894491, -0.04117635148851783, -0.22290352962162638, 0.05741283178561604, -0.11531015509408125, -0.21371281173707693, -0.30678655075750083, -0.16849501296503833, -0.5114918172156693, 0.12326898991196938, -0.21675612056234886, 0.046806674261070394, -0.05774744302347064, -0.13915876432705146, -0.30705621805044875, -0.5182424701287326, 0.1808031350958123, 0.07154968565821322, -0.5156303724491, 0.15431422130557332, -0.30101705502284515, 0.14149581259730848, -0.1238272185370955, -0.0934459181394975, -0.15239916718963548, -0.20896221833108483, -0.2959641172775641, -0.16683989135541658, -0.5181691696216679, -0.12782384480325648, -0.0739502308170564, -0.2416067352403562, -0.15484755689453847, -0.19584383388736287, -0.29632869690356917, -0.17556955228956292, -0.5143423568364678, -0.07598704598237228, -0.22883048425504146, -0.15005270246096603, 0.1776572804556315, -0.1355982986307968, -0.14523138464521484, -0.21510077335589434, -0.30625931536852635, -0.5207451019133901, -0.12608621050804156, 0.11810743397781423]}