{"from": [0, 0, 0, 2, 2, 3, 4, 6, 7, 7, 7, 7, 8, 8, 9, 10, 10, 10, 10, 11, 11, 11, 11, 11, 12, 12, 12, 12, 13, 13, 14, 14, 14, 14, 14, 15, 15, 15, 15, 15, 15, 16, 16, 16, 17, 17, 18, 18, 18, 18, 18, 19, 19, 19, 19, 19, 19, 20, 20, 20, 21, 21, 21, 21, 21, 21, 21, 21, 21, 21, 21, 22, 22, 22, 22, 22, 22, 22, 22, 22, 23, 23, 23, 23, 23, 23, 23, 23, 23, 23, 24], "to": [1, 2, 4, 1, 4, 5, 5, 1, 1, 13, 14, 16, 5, 9, 5, 5, 9, 13, 16, 5, 8, 9, 10, 16, 3, 8, 9, 16, 3, 16, 5, 9, 12, 16, 19, 3, 8, 12, 14, 16, 24, 5, 8, 9, 9, 23, 5, 9, 19, 20, 24, 5, 8, 9, 16, 20, 24, 1, 13, 24, 3, 5, 8, 9, 13, 16, 18, 19, 20, 23, 24, 5, 8, 14, 16, 18, 19, 20, 23, 24, 5, 8, 9, 11, 13, 16, 18, 19, 20, 24, 8], "influence_y": [[0, 1, 2, 6, 8, 11, 12, 13, 14, 16, 17, 18, 19, 22, 24]], "weights": [0.7738993987370689, -0.7479937691521588, -0.3897392403956441, -0.08497814930234406, -0.5030277622715148, 0.3370052854791935, -0.04865473107315484, -0.12195462585524366, 0.2099302420155766, -0.23238413926652554, -0.08567970183685522, 0.16322688634544694, 0.3212502990817768, -0.2134187136507746, -1.3334442584143333, -1.0393639530636236, -0.6658075635982937, -0.0654953876540191, 0.13647971719786933, -0.560691282616548, 0.09450668734037974, -0.5895050217596145, -0.31773014738752525, 0.23337471802269677, 0.08575683440449709, -0.15644007890724157, 0.06752863954994454, -0.08871838084363932, -1.6265791602733197, 0.10286983977096394, 0.22663085370151023, -0.033241509391837704, 0.177226614798003, 0.203116097290706, -0.09874029008978076, -0.13286227298631578, 0.140262743367401, -0.1974065205428478, -0.242838097184979, 0.17267552037686626, -0.16662055025917485, 0.13422407693213823, 0.08010046154523986, -0.13426950755890094, -0.05454705258667957, -0.3005499742817073, -0.11006033213946953, 0.0720331552829039, -0.23106124023514507, -0.30434690107608403, -0.5075026319438316, 0.16521301024222917, -0.23314267247665102, 0.04785634477468534, -0.23636516504741625, -0.3039367702078985, -0.5127801679136073, 0.19910531902928733, 0.16455708068896005, -0.5126170735096699, 0.11467876497676942, -0.1532803232800608, -0.3631468460834488, 0.13849713777834494, -0.07797661214109401, -0.25182778037333636, -0.13811974199035573, -0.2244195371337153, -0.2928072172631908, -0.14649400868044402, -0.513913581942492, -0.1946418984985789, -0.27009008662886963, 0.09230332901461083, -0.2017710165078764, -0.1317543578570977, -0.2047766002717552, -0.2911820950814995, -0.15978920573069394, -0.5073955650629677, -0.24744526508408807, -0.19922277304406108, 0.17636949519403952, -0.11699856094946402, -0.04830772047358234, -0.12622894518864547, -0.15215286022691485, -0.2266683720080639, -0.3016076022765122, -0.5150818175970789, 0.033465000648888]}