{"from": [0, 0, 2, 2, 2, 3, 5, 6, 6, 7, 7, 7, 8, 8, 9, 10, 10, 10, 10, 11, 11, 11, 11, 11, 11, 12, 12, 12, 13, 13, 14, 14, 14, 14, 14, 15, 15, 15, 15, 15, 16, 16, 16, 17, 18, 18, 18, 18, 18, 19, 19, 19, 19, 19, 19, 19, 19, 19, 20, 21, 21, 21, 21, 21, 21, 21, 21, 21, 21, 22, 22, 22, 22, 22, 22, 22, 22, 22, 23, 23, 23, 23, 23, 23, 23, 24, 24], "to": [1, 4, 0, 1, 4, 5, 4, 1, 23, 1, 13, 16, 5, 9, 5, 5, 9, 13, 16, 5, 8, 9, 10, 16, 23, 8, 9, 16, 3, 16, 5, 12, 16, 19, 23, 8, 12, 14, 18, 24, 5, 8, 9, 23, 9, 13, 20, 23, 24, 5, 8, 9, 13, 16, 18, 20, 23, 24, 1, 3, 8, 9, 13, 16, 18, 19, 20, 23, 24, 1, 5, 8, 16, 18, 19, 20, 23, 24, 5, 8, 9, 13, 16, 20, 24, 8, 20], "influence_y": [[1]], "weights": [0.747113504069345, -0.40227303934627334, -0.7511449347274308, -0.12666884764347738, -0.5235675745936796, 0.3292535953242804, -0.0515151931386321, -0.12453285996677559, 0.04890319450564884, 0.12212982271313798, -0.2624148338243924, 0.1466659954699145, 0.264575093901949, -0.22216416806638817, -1.315846883475602, -1.0476700438966857, -0.6642885007274383, -0.07441806135818183, 0.12173788202425485, -0.5735336008035353, 0.10301513549618577, -0.5839174920602646, -0.31452906652367124, 0.22049492086163555, -0.11215520920628619, -0.14659432064661643, 0.055305352727185876, -0.08813205798897819, -1.6082145633970042, 0.10643941487603666, 0.14373050646580687, 0.16167652543451708, 0.1489984551733274, -0.08082717416786787, -0.07958573028130546, 0.06802798155685635, -0.17372677088821117, -0.1646679709463682, 0.12715705388268334, -0.2131672898458485, 0.23428772171792436, 0.09809376467205312, -0.12332795685887112, -0.29354580416310205, 0.053492990875320175, -0.09660611875779279, -0.5271761365928506, -0.22529723914156483, -0.29307039473542706, 0.14296075156474575, -0.23778983828193184, 0.022796114925554254, -0.0974216746327031, -0.18642334834708826, -0.18161199701190375, -0.5271391260261682, -0.23890971434981484, -0.30044608022607194, 0.20037687793002917, 0.1837385340780411, -0.34170872547390435, 0.1347378145939335, -0.15485744992218303, -0.23340540771435955, -0.17817253852287113, -0.1527911209500182, -0.524420591020383, -0.24382530706226663, -0.29280312912209644, -0.12093046136929766, -0.0955739378822279, -0.25241048563079316, -0.14967897430983837, -0.17911479385339643, -0.13878077267337047, -0.5237659070340515, -0.2389678575541585, -0.2849316513446588, -0.29760729800885655, -0.15299518917650293, 0.1843435735118309, -0.1505265098959493, -0.1097733498743922, -0.5270476703053799, -0.30321115226516904, 0.08202352114233227, -0.527737622832433]}