{"from": [0, 2, 2, 4, 4, 4, 5, 6, 7, 7, 7, 8, 8, 9, 9, 10, 10, 10, 10, 11, 11, 11, 11, 11, 12, 12, 12, 12, 13, 13, 13, 14, 14, 14, 14, 14, 15, 15, 15, 15, 15, 16, 16, 16, 17, 18, 18, 18, 18, 19, 19, 19, 19, 19, 19, 20, 20, 20, 21, 21, 21, 21, 21, 21, 21, 21, 21, 21, 22, 22, 22, 22, 22, 22, 22, 22, 22, 23, 23, 23, 23, 23, 23, 23, 23, 23, 23, 24, 24], "to": [1, 0, 1, 0, 2, 5, 3, 1, 1, 13, 16, 5, 9, 3, 5, 3, 5, 9, 16, 5, 8, 9, 10, 16, 3, 8, 9, 16, 3, 5, 16, 5, 9, 12, 16, 19, 8, 12, 14, 18, 24, 5, 8, 9, 23, 9, 19, 20, 24, 5, 8, 9, 16, 20, 24, 1, 8, 24, 3, 8, 9, 13, 16, 18, 19, 20, 23, 24, 1, 5, 8, 16, 18, 19, 20, 23, 24, 5, 8, 9, 11, 13, 16, 18, 19, 20, 24, 1, 8], "influence_y": [[0, 2, 3, 5, 7, 10, 11, 13, 14, 16, 21, 24]], "weights": [0.7872959744153163, -0.7904457592141533, -0.08284220034360595, -0.1629905541657234, -0.21547916093595829, -0.017359778553225395, 0.13178699275493874, -0.1525344322127868, 0.2461398672981146, -0.1824549085184377, 0.1850074008672701, 0.3642519986902856, -0.20463185491919114, 0.21014982075089034, -1.2470294059632523, 0.16903151872398914, -0.9245904011747254, -0.6843590059807623, 0.13293637334047828, -0.5311787602964883, 0.10112055514196518, -0.6070134168142107, -0.31614656820169296, 0.25822175839685585, 0.10464033909206331, -0.1667704018612727, 0.07384877086392266, -0.06435747723053865, -1.5458271595294955, -0.5697900122574922, 0.10352723918944069, 0.16948969397823724, -0.04033437942635544, 0.15754728705968785, 0.1736243444902489, -0.07295448315702488, 0.08253432359824033, -0.16838026725473926, -0.14742869296097522, 0.07900136369912937, -0.1609725596524298, 0.16085913444778, 0.11268057761554746, -0.12313979418716078, -0.28667657044445954, 0.0708235796502428, -0.20953869824856622, -0.30688550752650984, -0.517348614975702, 0.1886002231223369, -0.19857827518828478, 0.0620615626974875, -0.24218766562995794, -0.30743905957683954, -0.5228456250743778, 0.14190790553426139, 0.1058464169631441, -0.522768559336785, 0.19794229536316382, -0.2930594224006835, 0.14177939457274144, -0.07644142053224524, -0.19876239066165888, -0.15530223051882844, -0.20498348261620622, -0.2998416607198723, -0.14491753558839293, -0.5234828242108887, -0.07921729228373864, -0.09838873898438304, -0.22173506270862103, -0.1967798390819413, -0.15617920488597928, -0.1901764187672099, -0.2984798518168453, -0.1516575403293588, -0.5170374428497464, -0.26547307185662344, -0.10642897188709434, 0.1899479791982159, -0.0926082888658443, -0.059801852526327255, -0.13131492778278217, -0.16280009222674827, -0.21065098283838787, -0.30569420672803793, -0.5230309993105035, -0.050748016492226926, 0.10347028177337628]}