{"from": [0, 0, 2, 2, 2, 3, 3, 4, 4, 6, 6, 6, 7, 7, 7, 8, 8, 9, 10, 10, 10, 10, 11, 11, 11, 11, 11, 12, 12, 12, 12, 14, 14, 14, 14, 15, 15, 15, 15, 15, 16, 16, 16, 16, 17, 17, 17, 18, 18, 18, 18, 18, 18, 19, 19, 19, 19, 19, 19, 20, 20, 21, 21, 21, 21, 21, 21, 21, 21, 21, 22, 22, 22, 22, 22, 22, 22, 22, 22, 22, 23, 23, 23, 23, 23, 23, 23, 23, 23, 23, 24, 24], "to": [1, 4, 0, 1, 4, 5, 13, 5, 8, 1, 3, 4, 1, 3, 16, 5, 9, 5, 3, 5, 9, 16, 5, 8, 9, 10, 16, 3, 8, 9, 16, 5, 12, 16, 19, 8, 12, 14, 16, 24, 3, 5, 8, 9, 3, 8, 23, 3, 8, 9, 19, 20, 24, 3, 5, 8, 16, 20, 24, 1, 24, 3, 8, 9, 16, 18, 19, 20, 23, 24, 1, 5, 8, 14, 16, 18, 19, 20, 23, 24, 3, 5, 8, 9, 11, 16, 18, 19, 20, 24, 8, 16], "influence_y": [[0, 5, 8, 9, 10, 11, 13, 14, 18, 19, 20]], "weights": [0.7606566365243528, -0.4125507929475865, -0.7642959706722762, -0.10980706706756747, -0.531976691755412, 0.3130710802787071, -0.39857228476013434, -0.04538018678617724, -0.015306409843208288, -0.14926162477359192, -0.0818297670438889, 0.21738049215059907, 0.18883281558631604, 0.3717948850500083, 0.1675852604217837, 0.3425071567748534, -0.223326633928846, -1.2922114001657141, 0.22778236135745086, -1.0028670203411123, -0.6707323443548547, 0.07779311252249296, -0.5495372900863231, 0.1300158175164407, -0.5908518753171104, -0.3080797328532818, 0.18507077847184863, 0.2698237380762537, -0.1716007627063511, 0.0452896495101712, -0.08876006835463551, 0.1618560524833336, 0.17519729667828152, 0.15238204586367607, -0.09002078801963206, 0.17577148193511424, -0.1692687215343114, -0.21089520515754537, 0.11051479749717032, -0.212602775927976, -0.1521189631233601, 0.15898538611661908, 0.08484783125915364, -0.12082567927111129, -0.3829683105599787, 0.0870956741365449, -0.2999047115207411, 0.17475624233272724, -0.05969420053051966, 0.027538179619231336, -0.2131793913633816, -0.311365648113314, -0.5475650545794191, 0.25901100998886456, 0.18484827660601597, -0.24954618090048947, -0.25188411332339883, -0.3112712788609984, -0.5522144335298291, 0.18832403855363494, -0.5517579997889626, 0.5577240237603782, -0.38005199092161773, 0.08597777938401147, -0.24734864915481616, -0.13028526433981963, -0.20788600773620605, -0.30060151920457806, -0.13604839690880807, -0.5579267731207271, -0.09948049385119527, -0.06850646258058776, -0.2581027779614537, 0.0678939115585555, -0.16125421935416204, -0.12480095815638245, -0.18610684446109124, -0.29895166012288993, -0.14222462003273492, -0.5508031654354173, 0.2181781462553487, -0.21070514918806213, -0.21525088673484888, 0.13524621273573512, -0.11816873038986028, -0.1309586625348253, -0.14484980298077751, -0.21179903207915385, -0.30916591781336783, -0.5525942115648552, 0.07997807831185104, 0.04234225310434492]}