{"from": [0, 0, 2, 2, 2, 3, 5, 6, 6, 6, 7, 7, 7, 8, 8, 9, 10, 10, 10, 10, 11, 11, 11, 11, 11, 12, 12, 12, 12, 12, 13, 13, 13, 14, 14, 14, 14, 15, 15, 15, 15, 15, 16, 16, 16, 17, 18, 18, 18, 18, 18, 18, 19, 19, 19, 19, 19, 19, 19, 20, 21, 21, 21, 21, 21, 21, 21, 21, 21, 22, 22, 22, 22, 22, 22, 22, 22, 22, 23, 23, 23, 23, 23, 23, 23, 23, 24, 24], "to": [1, 4, 0, 1, 4, 5, 4, 1, 4, 23, 1, 13, 16, 5, 9, 5, 5, 9, 13, 16, 5, 9, 10, 16, 23, 3, 8, 9, 13, 16, 3, 16, 24, 12, 16, 19, 23, 12, 14, 16, 18, 24, 5, 8, 9, 23, 9, 13, 19, 20, 23, 24, 5, 8, 13, 16, 20, 23, 24, 1, 8, 9, 13, 16, 18, 19, 20, 23, 24, 1, 8, 14, 16, 18, 19, 20, 23, 24, 1, 5, 8, 9, 13, 16, 20, 24, 1, 20], "influence_y": [[2, 3, 13, 16, 22]], "weights": [0.735056186815543, -0.42715806359672187, -0.7529223579552378, -0.14351281748507166, -0.551396016073333, 0.3247996581129061, -0.061439147740607075, -0.16439962504471803, 0.108018921152893, 0.03586226336593116, 0.24663535027545216, -0.23879566986438697, 0.15349992883575048, 0.3230360062520366, -0.2175189093600825, -1.2620754115142576, -0.9241140612689128, -0.6694829806743785, -0.04062051797399361, 0.11249766043149151, -0.5265822929708979, -0.5903033425900523, -0.31888359534614463, 0.2570972176625928, -0.10792140017859134, 0.097652712431286, -0.12467737257047136, 0.05472011464707468, -0.046017618517983604, -0.06548745687020921, -1.616509582109835, 0.10043787689711825, -0.04310515098942524, 0.14790762387061018, 0.1601504453614025, -0.06779368351780163, -0.09087177012417576, -0.3222300210529537, -0.17938694519425985, 0.13855480045288307, 0.10192062042682618, -0.2952924371059898, 0.18810206058390666, 0.12317417926884523, -0.12814889617585987, -0.2525612475783642, 0.02236640418226994, -0.12050970052910942, -0.17802367299179686, -0.5193506541048979, -0.21750270357285678, -0.32772821913149763, 0.08926665515071394, -0.23316412027009145, -0.0712339313637059, -0.2475375881130227, -0.5193389105700821, -0.2288473218795595, -0.33159416445380147, 0.19666965670995595, -0.3330744954113655, 0.09641039540363217, -0.1222068573239674, -0.20809149943477473, -0.13508622624401428, -0.1744975882192222, -0.5133764214901271, -0.2318957505262571, -0.3410123221138256, -0.17136921841333563, -0.23824961003636136, 0.09719944981286813, -0.13815008752321323, -0.1392409433357676, -0.15944712441392903, -0.5133805735579408, -0.22424453429650004, -0.32389301349705885, -0.08691293193274416, -0.31825402088091276, -0.1754044941374226, 0.14729809301760086, -0.1945770608480777, -0.10282614942242851, -0.5191165271098812, -0.34359045667351945, -0.10869452435398169, -0.5207071661690094]}