{"from": [0, 0, 2, 2, 2, 3, 3, 4, 6, 6, 7, 7, 7, 8, 8, 9, 10, 10, 10, 11, 11, 11, 11, 11, 12, 12, 12, 13, 13, 13, 14, 14, 14, 14, 14, 15, 15, 15, 15, 16, 16, 16, 17, 17, 18, 18, 18, 18, 18, 19, 19, 19, 19, 19, 19, 19, 20, 20, 20, 21, 21, 21, 21, 21, 21, 21, 21, 21, 21, 22, 22, 22, 22, 22, 22, 22, 22, 22, 22, 23, 23, 23, 23, 23, 23, 23, 23, 23, 23, 24, 24, 24], "to": [1, 4, 0, 1, 4, 5, 9, 5, 1, 4, 1, 13, 16, 5, 9, 5, 5, 9, 16, 5, 8, 9, 10, 16, 8, 9, 16, 3, 5, 16, 5, 9, 12, 16, 19, 12, 14, 18, 24, 5, 8, 9, 5, 23, 5, 9, 13, 20, 24, 5, 8, 9, 16, 18, 20, 24, 1, 13, 24, 5, 8, 9, 13, 16, 18, 19, 20, 23, 24, 1, 5, 8, 14, 16, 18, 19, 20, 23, 24, 5, 8, 9, 11, 13, 16, 18, 19, 20, 24, 1, 8, 16], "influence_y": [[0, 6, 9, 13, 14, 16, 18, 19, 20, 21, 22]], "weights": [0.7544681429233477, -0.3946287642867061, -0.7679117094316003, -0.10716172941757629, -0.5070325515572814, 0.2955625393266619, 0.011710722222989236, -0.06329032672756328, -0.16488454192955918, 0.11938962851100823, 0.22606385232818554, -0.24276084399329748, 0.160224449403217, 0.28311494817958094, -0.20952309006361933, -1.290147610710811, -1.0224058521134267, -0.68006795697134, 0.11648182379543408, -0.5818547774222396, 0.10819486828478184, -0.6069329091411042, -0.33451497595069424, 0.2270454927159587, -0.1709869295608455, 0.07131290493491164, -0.060729683427912545, -1.6261228389509381, -0.07174660150920995, 0.07275038429024047, 0.15007787852753188, -0.03258956399658218, 0.1256990838208221, 0.14615134100373828, -0.06791680550555523, -0.22499073655393695, -0.18952510743008563, 0.10189870919616441, -0.2052764772503345, 0.19214940726931265, 0.09941102315301123, -0.12867395569225284, 0.16214179674437276, -0.3057252578076505, -0.19303882818392532, 0.05291512243214094, -0.03363150743966566, -0.3096079253938525, -0.5115367196454296, 0.16003955188990843, -0.21349842832198582, 0.03376964582805014, -0.201900216788178, -0.21097365785623992, -0.3090582098707069, -0.5183932337338494, 0.1952091028287109, 0.11025277160421997, -0.5179508020431185, -0.2870625354993165, -0.29545303874217155, 0.09521228858257265, -0.07414335881443762, -0.16159996210820374, -0.20171279306701784, -0.16691025402005374, -0.2963958004562872, -0.12343382631362317, -0.5160723748895537, -0.13801120379183393, -0.21859547556455483, -0.20653619612690172, 0.09155511522917753, -0.14355195388770647, -0.20239457757814802, -0.14751080046235118, -0.2970358480601093, -0.1429472554248386, -0.5115348839308389, -0.3183979736622851, -0.10222095708545215, 0.17247684308390482, -0.1247999918301626, -0.10545520570701387, -0.03935596214750713, -0.21110298658622267, -0.16898960474999383, -0.3074970521789101, -0.5161115468272036, -0.03863789814343894, 0.08204432363088429, 0.04126746860607824]}