{"from": [0, 0, 1, 1, 2, 2, 2, 3, 4, 4, 6, 6, 7, 7, 7, 8, 9, 9, 10, 10, 10, 10, 11, 11, 11, 11, 11, 11, 12, 12, 12, 12, 13, 13, 14, 14, 14, 14, 14, 14, 15, 15, 15, 15, 15, 15, 16, 16, 17, 17, 18, 18, 18, 18, 18, 18, 18, 19, 19, 19, 19, 19, 19, 19, 20, 20, 20, 20, 20, 21, 21, 21, 21, 21, 21, 21, 21, 21, 21, 21, 22, 22, 22, 22, 22, 22, 22, 22, 22, 22, 23, 23, 23, 23, 23, 23, 24, 24, 24], "to": [1, 4, 5, 8, 0, 1, 4, 5, 5, 8, 1, 23, 1, 13, 16, 5, 5, 8, 5, 8, 9, 16, 5, 8, 9, 10, 16, 23, 3, 8, 9, 16, 3, 16, 5, 9, 12, 16, 19, 23, 3, 8, 12, 14, 16, 24, 5, 9, 9, 23, 5, 9, 12, 19, 20, 23, 24, 5, 8, 9, 16, 20, 23, 24, 1, 8, 13, 16, 24, 3, 5, 8, 9, 13, 16, 18, 19, 20, 23, 24, 1, 5, 8, 9, 16, 18, 19, 20, 23, 24, 1, 5, 9, 13, 20, 24, 1, 8, 16], "influence_y": [[0, 3, 8, 13, 19, 21]], "weights": [0.7415775229500919, -0.3807890573958594, -0.04419898024701453, 0.008723621292111898, -0.7611721992856041, -0.14451499024738537, -0.5223121296194163, 0.3575628507182136, -0.07731110269613152, -0.025170091899418386, -0.14020418793694225, 0.041871437174150955, 0.20853081665535092, -0.24388983774035486, 0.18388803793560515, 0.28848478282175277, -1.185345551244816, -0.48465975850436754, -0.9819585705730475, -0.31536554304675096, -0.6786491493955268, 0.13385539287395956, -0.5230437060351464, -0.11908150738314174, -0.6286451077170182, -0.32779433868703917, 0.25050989299133647, -0.11597060347050343, 0.06780160076938975, -0.10420569148978595, 0.10307798825181998, -0.047379755317067694, -1.6305519895902998, 0.10261739225451988, 0.18346715960479712, -0.03294601649281526, 0.19362965102103635, 0.15622816598101805, -0.11656874135141736, -0.08880710649087428, -0.22614051085320186, 0.18278620119641084, -0.2833679970563367, -0.13741790629836678, 0.14566919938601555, -0.1769283279688597, 0.18844860939430408, -0.14710717641355708, -0.07250163686203528, -0.26845623721539874, -0.24999675712673367, 0.10545454087035407, 0.09828094810322179, -0.19054600320462528, -0.326442620179959, -0.22742828689917538, -0.5387214675669297, 0.0842833675019681, -0.0910661927322917, 0.11624463349123444, -0.12446236162234628, -0.32632438263688684, -0.2344328479398749, -0.5447158496058603, 0.1616165291783108, 0.04980147960603397, 0.15743822485897255, 0.04816602367656839, -0.5441868548352736, 0.17418230509390617, -0.3057447248552184, -0.1522279553072063, 0.22948600895197552, -0.08670769011654528, -0.10622189516556135, -0.08831437359861925, -0.19245748028264612, -0.31941578308199203, -0.2362760523151365, -0.5467635136007563, -0.1626110650155666, -0.3290523737162357, -0.15461964958084523, 0.05994630525501241, -0.04512915993054646, -0.08880026019346676, -0.1742401597363681, -0.3196390236878368, -0.23382484094822728, -0.5401241486500945, -0.04991942596096927, -0.5055319342775466, 0.2246291523108582, -0.054802244043256676, -0.32611720130560734, -0.5447844002713625, -0.10281816356227357, 0.17945846494850917, 0.1282573097230238]}