{"from": [0, 0, 2, 2, 2, 3, 5, 6, 6, 6, 7, 7, 7, 7, 8, 8, 8, 8, 9, 10, 10, 10, 10, 11, 11, 11, 11, 11, 11, 12, 12, 12, 12, 12, 13, 13, 14, 14, 14, 14, 14, 15, 15, 15, 16, 16, 16, 16, 16, 17, 17, 17, 18, 18, 18, 18, 18, 18, 19, 19, 19, 19, 19, 19, 19, 20, 20, 20, 20, 20, 20, 20, 21, 21, 21, 21, 21, 21, 21, 21, 21, 21, 22, 22, 22, 22, 22, 22, 22, 22, 22, 22, 23, 23, 23, 24], "to": [1, 4, 0, 1, 4, 5, 4, 1, 4, 23, 1, 13, 14, 16, 5, 9, 23, 24, 5, 5, 9, 13, 16, 5, 8, 9, 10, 16, 23, 3, 8, 9, 16, 23, 3, 23, 5, 9, 12, 16, 19, 12, 14, 24, 5, 8, 9, 13, 23, 8, 9, 23, 1, 9, 19, 20, 23, 24, 5, 8, 9, 16, 20, 23, 24, 1, 8, 9, 13, 16, 23, 24, 3, 8, 9, 13, 16, 18, 19, 20, 23, 24, 1, 5, 8, 14, 16, 18, 19, 20, 23, 24, 5, 9, 24, 1], "influence_y": [[8, 19]], "weights": [0.7778981787736479, -0.38127078364675715, -0.7496952929651604, -0.10494685087887831, -0.5000312687986691, 0.31830450453755676, -0.05111334331205599, -0.1439327356574234, 0.13699220333915701, 0.051832096129169974, 0.17807152120484437, -0.254944549326164, -0.07714458238180116, 0.16008359153498006, 0.31846309384344146, -0.20156917933318172, -0.10350713628304957, 0.039717664439993, -1.3628944117647106, -1.0559090377324156, -0.6792761881434791, -0.07674293500785646, 0.132786583113407, -0.5935108281691474, 0.13088018509081628, -0.5976693080219402, -0.32025741518739115, 0.24094985614902686, -0.06781744003504288, 0.0845510951806623, -0.15235282918052198, 0.07503700793799649, -0.08482130783468839, -0.05261579790509656, -1.6356249584956057, -0.07044714717622091, 0.16093836766436637, -0.04645428681518199, 0.17569955040607652, 0.17250742897608573, -0.08922098431040636, -0.279683346509596, -0.07667142695966889, -0.19133826603912493, 0.12720678244500744, 0.10977247387500426, -0.12455786767865766, 0.08952558915563473, -0.04994035604724625, 0.07473191352927953, -0.08162214513627475, -0.18160017205234272, 0.051512378850999865, 0.06145092053481528, -0.18863363305579495, -0.21556204269483625, -0.31609302414166707, -0.5050172847667328, 0.1698680002570007, -0.18769984008565452, 0.026575834223177636, -0.2171927711508167, -0.2154034073947994, -0.35142307863469585, -0.5031807033578435, 0.17308760047268493, 0.07535016737316169, -0.03714056556853209, 0.1824123634128813, 0.07099694936430535, -0.2582929822487452, -0.5178130964609687, 0.2025954200408735, -0.27009720626284095, 0.13191423362693244, -0.06522874210999913, -0.1757164807069101, -0.09446356810011798, -0.19062086296101538, -0.2009442990328863, -0.3718275562608755, -0.5019642786580266, -0.12490323988865991, -0.09092264684421206, -0.19445906002837082, 0.09755441869821291, -0.11846348909890601, -0.08772688871423248, -0.17045868086798216, -0.19808915176901715, -0.35519528459633815, -0.49704157574341407, -0.2633603876257107, 0.16783242443384766, -0.5071633487878446, -0.08663047617819901]}