{"from": [0, 0, 2, 2, 2, 3, 4, 6, 6, 7, 7, 7, 8, 8, 9, 10, 10, 10, 10, 11, 11, 11, 11, 11, 12, 12, 12, 12, 13, 13, 14, 14, 14, 14, 15, 15, 15, 15, 15, 15, 16, 16, 16, 17, 17, 17, 18, 18, 18, 18, 18, 18, 19, 19, 19, 19, 19, 19, 19, 19, 19, 20, 21, 21, 21, 21, 21, 21, 21, 21, 21, 21, 21, 22, 22, 22, 22, 22, 22, 22, 22, 22, 23, 23, 23, 23, 23, 23, 23, 23, 23, 24], "to": [1, 4, 0, 1, 4, 5, 5, 1, 4, 1, 13, 16, 5, 9, 5, 5, 9, 13, 16, 5, 8, 9, 10, 16, 3, 8, 9, 16, 3, 16, 5, 9, 12, 16, 3, 8, 12, 14, 18, 24, 5, 8, 9, 3, 9, 23, 5, 8, 9, 13, 20, 24, 5, 8, 9, 13, 16, 18, 20, 23, 24, 1, 3, 5, 8, 9, 13, 16, 18, 19, 20, 23, 24, 1, 5, 8, 16, 18, 19, 20, 23, 24, 5, 8, 9, 11, 13, 16, 18, 20, 24, 20], "influence_y": [[0, 5, 6, 7, 14, 19, 22, 24]], "weights": [0.7807838823206923, -0.3582297575027295, -0.7523248122903646, -0.10081988765854796, -0.48926841714730246, 0.33060088252434133, -0.04205558285101949, -0.10993397624342109, 0.09179958265751309, 0.21768577114421125, -0.21019919268924023, 0.1766160586297845, 0.34228612104585043, -0.21111084327505628, -1.2193890765805107, -0.9861439063484073, -0.6844318900837155, -0.03083027532115059, 0.11144374362506358, -0.5417955719114379, 0.10335213615174445, -0.5954190955751946, -0.31493647161448474, 0.21735229138632534, 0.12083034324229724, -0.1769281455513535, 0.09994990359714864, -0.034757558948172326, -1.6234146148318813, 0.10845143478413524, 0.19118227904599536, -0.04232661148481328, 0.19592280967982786, 0.10555368455464648, -0.23241015541903257, 0.0855429618320321, -0.19926704944492743, -0.13519887229317262, 0.08186838833834939, -0.24389943693614635, 0.17834160539177155, 0.0813669432111931, -0.10666711777012211, -0.14796377323263843, -0.06467549964564698, -0.2172603176236842, -0.22218078413392311, -0.04425769554709329, 0.0852467714889459, -0.10284029478526543, -0.5168876480582897, -0.3158886639905723, 0.13055478830836204, -0.2795766012586262, 0.06915499062168459, -0.06547535085450111, -0.19772608903813305, -0.2139110533427533, -0.516395926206309, -0.161362536201737, -0.32417164206777016, 0.11445164983540478, 0.19832720966895376, -0.17755158087833872, -0.36177892468321654, 0.15511277071560506, -0.13094323096201158, -0.18491741218711566, -0.20591051573798197, -0.14769000751131153, -0.5124842269250722, -0.15029044885764506, -0.3254001212299155, -0.08703935607924942, -0.1993840793952602, -0.2580514263888357, -0.08830582815857381, -0.20669477459105107, -0.14726224456610648, -0.5115867997803154, -0.157027401328438, -0.31581079161830833, -0.35342160579793086, -0.21220072709522533, 0.175490718859311, -0.12221830529679056, -0.16609552669932554, -0.07710107116089945, -0.21324578987552226, -0.5164058884484515, -0.32714115694757134, -0.5178552753008052]}