{"from": [0, 0, 2, 2, 2, 3, 3, 4, 6, 6, 6, 7, 7, 7, 8, 8, 9, 9, 10, 10, 10, 10, 10, 11, 11, 11, 11, 11, 12, 12, 12, 13, 13, 13, 14, 14, 14, 14, 14, 14, 15, 15, 15, 15, 15, 16, 16, 17, 17, 18, 18, 18, 18, 18, 18, 18, 18, 19, 19, 19, 19, 19, 19, 19, 20, 20, 21, 21, 21, 21, 21, 21, 21, 21, 21, 21, 22, 22, 22, 22, 22, 22, 22, 22, 22, 22, 23, 23, 23, 23, 23, 23, 23, 23, 23, 24, 24, 24], "to": [1, 4, 0, 1, 4, 5, 8, 5, 1, 4, 13, 1, 13, 16, 1, 5, 5, 8, 5, 8, 9, 13, 16, 5, 8, 9, 10, 16, 8, 9, 16, 3, 16, 24, 5, 9, 12, 16, 19, 24, 8, 12, 16, 18, 24, 5, 9, 9, 23, 5, 9, 12, 13, 19, 20, 23, 24, 5, 8, 9, 13, 16, 20, 24, 1, 8, 5, 8, 9, 13, 16, 18, 19, 20, 23, 24, 1, 5, 8, 9, 16, 18, 19, 20, 23, 24, 1, 5, 9, 11, 13, 16, 19, 20, 24, 1, 8, 20], "influence_y": [[0, 3, 19, 22]], "weights": [0.7408201770305336, -0.39024395945977414, -0.7483267034822273, -0.14633116405026148, -0.4973763674891278, 0.33247597972597187, 0.02017123641909043, -0.061294833075185004, -0.16131403425556531, 0.16469170679374226, 0.03249102208765549, 0.21983577053338554, -0.2512039680881604, 0.14195249352026457, 0.041264831121118256, 0.3138857647042627, -1.2213475867308037, -0.5488572630926275, -0.9550855456056223, -0.33770064201346817, -0.6757932363394981, -0.0678313978467001, 0.15710274990013734, -0.48463559434775305, -0.17421413189655893, -0.6275812347322274, -0.31420371053540036, 0.22349791161065677, -0.09838767143149321, 0.12330581140944774, -0.08401923315440718, -1.6168479557114, 0.0788480822233534, -0.036048649254686135, 0.22116172353669933, -0.04057284078074508, 0.11816240050660182, 0.17997312839839236, -0.0848416235496245, -0.05120284922426847, 0.1213590319741453, -0.20785839449777088, 0.124436391543892, 0.0863529833508824, -0.2833864408100682, 0.15256644913896222, -0.15152746336098455, -0.09086472840531887, -0.28965625663836697, -0.11901651603825678, 0.08252397966187565, 0.056587046640882356, -0.13987711344353354, -0.21678878206207067, -0.543506285366331, -0.17034057110382556, -0.3339318739286969, 0.08982861606495046, -0.09588483591390473, 0.13528447103695765, -0.11504026899544731, -0.270350170053843, -0.5436163806545028, -0.34102945300964504, 0.15898052543664268, 0.06941040363376194, -0.15423636306010752, -0.16598721992955864, 0.23396164383475662, -0.17945515440170784, -0.26596573580571437, -0.13385231090881988, -0.2086003680746659, -0.5409603711150889, -0.1643480381308531, -0.3415268401828695, -0.17447278568787308, -0.25238537174671655, -0.17898891800427208, 0.06625426599718394, -0.2240201611384088, -0.13151488178611193, -0.18842511312681462, -0.5399662433594224, -0.1753502746969442, -0.3216591010925034, -0.07400124319175228, -0.306877676270915, 0.22364531002237537, -0.09449643010664228, -0.20854501132610828, -0.1800424883413265, -0.2153327230328795, -0.5434195101308831, -0.3439072815498864, -0.08918585856610596, 0.20573890153489202, -0.544203222659247]}