{"from": [0, 0, 2, 2, 2, 3, 4, 6, 7, 7, 7, 8, 8, 9, 10, 10, 10, 11, 11, 11, 11, 12, 12, 12, 12, 13, 13, 14, 14, 14, 14, 14, 14, 14, 15, 15, 15, 15, 15, 16, 16, 16, 17, 17, 17, 18, 18, 18, 18, 18, 19, 19, 19, 19, 19, 19, 19, 19, 20, 20, 21, 21, 21, 21, 21, 21, 21, 21, 21, 21, 22, 22, 22, 22, 22, 22, 22, 22, 22, 23, 23, 23, 23, 23, 23, 23, 23, 23, 24, 24], "to": [1, 4, 0, 1, 4, 5, 5, 1, 1, 13, 16, 5, 9, 5, 5, 9, 16, 5, 9, 10, 16, 3, 8, 9, 16, 3, 16, 5, 9, 11, 12, 16, 19, 23, 3, 12, 14, 18, 24, 5, 8, 9, 3, 9, 23, 1, 5, 9, 20, 24, 5, 8, 9, 16, 18, 20, 23, 24, 1, 24, 3, 5, 8, 9, 16, 18, 19, 20, 23, 24, 1, 5, 8, 14, 18, 19, 20, 23, 24, 1, 5, 8, 9, 11, 13, 18, 20, 24, 1, 8], "influence_y": [[2, 3, 5, 6, 8, 9, 10, 13, 19, 21, 23, 24]], "weights": [0.7377883829547665, -0.3419419466538551, -0.7538696376003041, -0.1324384755736306, -0.48596066092791507, 0.3346076172147517, -0.0689389164217351, -0.16616753524592495, 0.29124336270491186, -0.19163494121524782, 0.08052571354163662, 0.3328161328709953, -0.2151294128754629, -1.2459938689874543, -0.9639244525040844, -0.6545404335694679, 0.09097997917000848, -0.521199013984638, -0.5915112563280431, -0.300537291860358, 0.21681224375735558, 0.09780952092077264, -0.1563086436471095, 0.0674993191558771, -0.03483584333333775, -1.6159905975170916, 0.10038628735047435, 0.1195174334749097, -0.04544754167946408, -0.06799977661745804, 0.13815646899533987, 0.05317942093334656, -0.08665200704553375, -0.0644627087661342, -0.18545479103464146, -0.2814825395255729, -0.17536887908043453, 0.1003786556245499, -0.21666845253620998, 0.1410317560492442, 0.1302926546061823, -0.1272554431971406, -0.27928490363267383, -0.0807494557873241, -0.3299106562749759, 0.049474458093927205, -0.1695282586989902, 0.07802582911538854, -0.30789420541225626, -0.5226315015535409, 0.061025063882837564, -0.1773503642350675, 0.06017861516012422, -0.17538956710054818, -0.21244107453943248, -0.30699568984628395, -0.17122968922146167, -0.5298835880655682, 0.18946340650475943, -0.5290603676758857, 0.2055729403861755, -0.2678020895574837, -0.23542411887470663, 0.13010546640175394, -0.24559362774627672, -0.20143421533706926, -0.1585315994501205, -0.29654554315799775, -0.17324221901286832, -0.5339141083289171, -0.19171410482860585, -0.25360740456783754, -0.23046610799365402, 0.05938768151827909, -0.20379127788953103, -0.14162104119137883, -0.29649318016384923, -0.1679868315844832, -0.5253865395308037, -0.08251852623517447, -0.398868695703919, -0.1813125679129102, 0.16989056335541142, -0.12807280349969755, -0.08122162323608256, -0.21184636282063832, -0.3060910552447259, -0.530216084761632, -0.10868121963827958, 0.061578229444123896]}