{"from": [0, 0, 2, 2, 2, 3, 4, 4, 6, 6, 7, 7, 7, 7, 8, 8, 9, 10, 10, 10, 11, 11, 11, 11, 11, 12, 12, 12, 12, 13, 13, 13, 13, 13, 14, 14, 14, 14, 15, 15, 15, 15, 15, 15, 16, 16, 16, 17, 17, 17, 17, 18, 18, 18, 18, 18, 18, 18, 19, 19, 19, 19, 19, 19, 21, 21, 21, 21, 21, 21, 21, 21, 21, 21, 21, 21, 22, 22, 22, 22, 22, 22, 22, 22, 22, 22, 23, 23, 23, 23, 23, 23, 23, 23, 23, 23, 24, 24, 24, 24], "to": [1, 4, 0, 1, 4, 5, 5, 8, 1, 4, 1, 5, 13, 16, 5, 9, 5, 5, 9, 16, 5, 8, 9, 10, 16, 3, 8, 9, 16, 3, 4, 10, 16, 24, 5, 12, 16, 19, 3, 8, 12, 14, 16, 24, 5, 8, 9, 3, 9, 10, 23, 5, 8, 9, 19, 20, 23, 24, 8, 9, 10, 16, 20, 24, 3, 5, 8, 9, 10, 13, 16, 18, 19, 20, 23, 24, 1, 5, 8, 14, 16, 18, 19, 20, 23, 24, 1, 5, 8, 9, 11, 13, 16, 19, 20, 24, 1, 8, 16, 20], "influence_y": [[0, 3, 4, 8, 15, 16, 19, 22, 23, 24]], "weights": [0.7256438797099736, -0.3848358392298353, -0.7590159638032029, -0.15619242233378586, -0.5321103506026345, 0.3293841548590702, -0.057765055149490104, -0.02553535433626603, -0.16870965493204865, 0.17898535175898606, 0.24342824161793458, -0.062006397435606604, -0.1769072374183471, 0.17936490890974388, 0.2418326222378016, -0.22029343888564276, -1.2604393497004263, -1.0152658243117645, -0.6621589454906593, 0.15843155093591962, -0.568459292858632, 0.11739695564228715, -0.5881249660395811, -0.3395824836624193, 0.23592106167876492, 0.08491210203145633, -0.16351756902527548, 0.07379604325206181, -0.08630237369893431, -1.6128611070652237, 0.08688261593844791, -0.060560333729028415, 0.12022824414706489, -0.036340535881823455, 0.22309737014915548, 0.19150277207599437, 0.17585856056413443, -0.10689012621609907, -0.20601413479977734, 0.07832003105122885, -0.23027157853626487, -0.1872950316816968, 0.22310304935927536, -0.23231370870106785, 0.2001184669749503, 0.10248026766563395, -0.1276499210368101, -0.18115892821308047, -0.05500419884954124, 0.13705819367704916, -0.25797765745629064, -0.18641386642115654, -0.0306574135175153, 0.04779364572280154, -0.21605025789605525, -0.524887367317144, -0.1492432550453911, -0.31961548507735515, -0.2448677265084586, 0.0572694736568598, -0.12125432944006262, -0.20229157921581065, -0.5249620223309857, -0.3244092022242138, 0.22638085874164435, -0.1884357767196293, -0.3096422860412564, 0.14984856262844742, -0.07237924971255164, -0.07563707068403995, -0.17090407809058952, -0.09979083011634349, -0.2112155731960557, -0.5216377024544862, -0.1436164463354011, -0.33131869805194974, -0.26120684099907104, -0.29246613554693957, -0.2452177572874832, 0.09217283033874536, -0.16323233338749557, -0.0966359408754142, -0.18936476853708953, -0.5208425601113709, -0.15247213963926531, -0.31669275729726537, -0.09485603411471831, -0.37435375079958405, -0.14087682371421797, 0.16672100299369913, -0.1427673990016758, -0.0867271122975505, -0.09519483162798006, -0.2176334389255352, -0.5245899196920951, -0.32979820371912233, -0.21355939712677624, 0.11574595974227701, 0.104350320130196, -0.5256256530165112]}