{"from": [0, 0, 2, 2, 2, 3, 6, 6, 7, 7, 7, 7, 8, 8, 9, 10, 10, 10, 10, 11, 11, 11, 11, 11, 12, 12, 12, 12, 12, 13, 13, 14, 14, 14, 15, 15, 15, 15, 15, 16, 16, 16, 17, 17, 18, 18, 18, 18, 18, 19, 19, 19, 19, 19, 20, 21, 21, 21, 21, 21, 21, 21, 21, 21, 21, 22, 22, 22, 22, 22, 22, 22, 22, 22, 22, 23, 23, 23, 23, 23, 23, 23, 23, 23, 23, 24, 24, 24], "to": [1, 4, 0, 1, 4, 5, 1, 13, 1, 13, 14, 16, 5, 9, 5, 5, 9, 13, 16, 5, 8, 9, 10, 16, 3, 8, 9, 13, 16, 3, 16, 12, 16, 19, 3, 12, 14, 18, 24, 5, 8, 9, 13, 23, 9, 13, 19, 20, 24, 8, 13, 16, 20, 24, 1, 3, 8, 9, 13, 16, 18, 19, 20, 23, 24, 1, 8, 13, 14, 16, 18, 19, 20, 23, 24, 5, 8, 9, 11, 13, 16, 18, 19, 20, 24, 1, 8, 20], "influence_y": [[0, 1, 2, 9, 13, 16, 19, 21, 22, 23, 24]], "weights": [0.7312097997460397, -0.3627709871806717, -0.7571748042760801, -0.13175710922173642, -0.4846875143360495, 0.29522296913594614, -0.18711374927652238, 0.09291269932811155, 0.20136994330800603, -0.24712316094367628, -0.07258091521247853, 0.2049111187014427, 0.2865761042585132, -0.20734209288189587, -1.3178347087170936, -0.9838282509855236, -0.6806616957022713, -0.10711352018149818, 0.11974189427088483, -0.5057648033185611, 0.11067005320534856, -0.5995667210575354, -0.314092152700001, 0.23016509045733663, 0.09552717478282374, -0.16012415670180974, 0.06554866532000414, -0.06345581082219938, -0.04019743309518414, -1.6387999384108531, 0.09610112470789975, 0.17069354042551338, 0.10728750798864303, -0.09195772380427919, -0.11435898014854778, -0.1992654838427289, -0.20689768505368547, 0.08925699815904622, -0.25229509354582236, 0.03883477853801126, 0.04846678431782431, -0.1363597471732211, 0.11043106053621132, -0.26518551840422677, 0.020708932443775297, -0.18050784996201172, -0.21590734084930516, -0.513227360224735, -0.2879919908065598, -0.21790140759045654, -0.20420824370191068, -0.18682987572438586, -0.5129965392242382, -0.2964023324448076, 0.1872213706258066, 0.244631367017558, -0.35127434491136517, 0.09451800671043445, -0.26026017197115203, -0.19045557688622397, -0.16202124418820874, -0.2099355410080283, -0.5081741423360848, -0.1338090434114123, -0.28771841026321243, -0.16247966199166367, -0.26812204770854325, -0.1284229341809379, 0.1139771418783726, -0.12686219659809142, -0.1619324352028986, -0.19200774773048035, -0.5077609993356874, -0.1447807584018499, -0.279628842954925, -0.22699634141412467, -0.15566812165579832, 0.14953897084026296, -0.11993432451995398, -0.252906838186495, -0.08074592136151909, -0.16999995859459624, -0.21571646651338747, -0.5125661081580244, -0.29934521759371896, -0.09921046399330102, 0.0687312197951289, -0.5139827501441422]}