{"from": [1, 1, 1, 1, 1, 2, 2, 2, 5, 5, 5, 5, 5, 5, 7, 7, 8, 8, 8, 9, 9, 9, 9, 9, 9, 10, 11, 12, 12, 13, 13, 13, 13, 15, 16, 16, 16, 17, 17, 18, 18, 18, 18, 18, 18, 18, 19, 19, 19, 19, 19, 19, 19, 19, 19, 20, 20, 20, 20, 20, 20, 23, 23, 23, 23, 24, 24, 25, 25, 25, 25, 25, 25, 25, 25, 25, 25, 25], "to": [0, 2, 6, 7, 20, 0, 4, 23, 3, 8, 14, 21, 22, 23, 13, 16, 12, 21, 22, 3, 5, 8, 10, 11, 12, 11, 5, 3, 14, 0, 3, 15, 25, 12, 3, 5, 9, 9, 23, 5, 13, 21, 22, 23, 24, 25, 8, 13, 14, 16, 18, 21, 22, 23, 24, 18, 19, 21, 22, 23, 24, 8, 21, 22, 24, 8, 15, 0, 2, 4, 5, 6, 8, 10, 12, 14, 16, 17], "influence_y": [[0, 2, 4, 5, 6, 8, 10, 12, 14, 16, 17]], "weights": [[0.01282051282051282], [0.01282051282051282], [0.01282051282051282], [0.01282051282051282], [0.01282051282051282], [0.01282051282051282], [0.01282051282051282], [0.01282051282051282], [0.01282051282051282], [0.01282051282051282], [0.01282051282051282], [0.01282051282051282], [0.01282051282051282], [0.01282051282051282], [0.01282051282051282], [0.01282051282051282], [0.01282051282051282], [0.01282051282051282], [0.01282051282051282], [0.01282051282051282], [0.01282051282051282], [0.01282051282051282], [0.01282051282051282], [0.01282051282051282], [0.01282051282051282], [0.01282051282051282], [0.01282051282051282], [0.01282051282051282], [0.01282051282051282], [0.01282051282051282], [0.01282051282051282], [0.01282051282051282], [0.01282051282051282], [0.01282051282051282], [0.01282051282051282], [0.01282051282051282], [0.01282051282051282], [0.01282051282051282], [0.01282051282051282], [0.01282051282051282], [0.01282051282051282], [0.01282051282051282], [0.01282051282051282], [0.01282051282051282], [0.01282051282051282], [0.01282051282051282], [0.01282051282051282], [0.01282051282051282], [0.01282051282051282], [0.01282051282051282], [0.01282051282051282], [0.01282051282051282], [0.01282051282051282], [0.01282051282051282], [0.01282051282051282], [0.01282051282051282], [0.01282051282051282], [0.01282051282051282], [0.01282051282051282], [0.01282051282051282], [0.01282051282051282], [0.01282051282051282], [0.01282051282051282], [0.01282051282051282], [0.01282051282051282], [0.01282051282051282], [0.01282051282051282], [0.01282051282051282], [0.01282051282051282], [0.01282051282051282], [0.01282051282051282], [0.01282051282051282], [0.01282051282051282], [0.01282051282051282], [0.01282051282051282], [0.01282051282051282], [0.01282051282051282], [0.01282051282051282]]}