{"from": [1, 1, 1, 1, 1, 1, 2, 2, 3, 3, 5, 5, 5, 5, 5, 7, 8, 8, 8, 9, 9, 9, 9, 9, 9, 11, 11, 12, 12, 13, 14, 15, 16, 16, 16, 16, 17, 17, 17, 18, 18, 18, 19, 19, 19, 19, 19, 19, 20, 20, 20, 20, 20, 20, 21, 21, 23, 23, 23, 23, 23, 23, 23, 23, 23, 24, 24, 25, 25, 25, 25, 25, 25, 25, 25, 25, 25, 25, 25], "to": [0, 2, 6, 7, 18, 20, 0, 4, 13, 15, 3, 8, 11, 14, 19, 13, 12, 21, 22, 3, 5, 8, 10, 11, 19, 8, 10, 3, 14, 7, 15, 14, 5, 9, 13, 19, 3, 9, 23, 21, 22, 24, 8, 14, 18, 21, 22, 24, 18, 19, 21, 22, 23, 24, 0, 3, 5, 9, 10, 13, 18, 19, 21, 22, 24, 8, 15, 0, 1, 2, 5, 6, 8, 9, 12, 14, 18, 20, 24], "influence_y": [[0, 1, 2, 5, 6, 8, 9, 12, 14, 18, 20, 24]], "weights": [[0.012658227848101266], [0.012658227848101266], [0.012658227848101266], [0.012658227848101266], [0.012658227848101266], [0.012658227848101266], [0.012658227848101266], [0.012658227848101266], [0.012658227848101266], [0.012658227848101266], [0.012658227848101266], [0.012658227848101266], [0.012658227848101266], [0.012658227848101266], [0.012658227848101266], [0.012658227848101266], [0.012658227848101266], [0.012658227848101266], [0.012658227848101266], [0.012658227848101266], [0.012658227848101266], [0.012658227848101266], [0.012658227848101266], [0.012658227848101266], [0.012658227848101266], [0.012658227848101266], [0.012658227848101266], [0.012658227848101266], [0.012658227848101266], [0.012658227848101266], [0.012658227848101266], [0.012658227848101266], [0.012658227848101266], [0.012658227848101266], [0.012658227848101266], [0.012658227848101266], [0.012658227848101266], [0.012658227848101266], [0.012658227848101266], [0.012658227848101266], [0.012658227848101266], [0.012658227848101266], [0.012658227848101266], [0.012658227848101266], [0.012658227848101266], [0.012658227848101266], [0.012658227848101266], [0.012658227848101266], [0.012658227848101266], [0.012658227848101266], [0.012658227848101266], [0.012658227848101266], [0.012658227848101266], [0.012658227848101266], [0.012658227848101266], [0.012658227848101266], [0.012658227848101266], [0.012658227848101266], [0.012658227848101266], [0.012658227848101266], [0.012658227848101266], [0.012658227848101266], [0.012658227848101266], [0.012658227848101266], [0.012658227848101266], [0.012658227848101266], [0.012658227848101266], [0.012658227848101266], [0.012658227848101266], [0.012658227848101266], [0.012658227848101266], [0.012658227848101266], [0.012658227848101266], [0.012658227848101266], [0.012658227848101266], [0.012658227848101266], [0.012658227848101266], [0.012658227848101266], [0.012658227848101266]]}