{"from": [1, 1, 1, 1, 1, 2, 2, 3, 4, 5, 5, 5, 5, 5, 6, 7, 7, 8, 8, 8, 8, 9, 9, 9, 9, 10, 11, 12, 12, 12, 13, 14, 15, 15, 15, 15, 16, 16, 16, 17, 17, 17, 18, 18, 18, 19, 19, 20, 20, 20, 20, 20, 20, 21, 21, 21, 21, 21, 21, 21, 22, 23, 23, 23, 23, 23, 23, 23, 23, 23, 23, 23, 24, 24, 24, 24, 24, 24, 24, 25, 25, 25, 25, 25, 25, 25, 25, 25, 25, 25, 25, 25, 25], "to": [0, 2, 6, 7, 20, 0, 4, 13, 6, 3, 4, 11, 14, 22, 4, 13, 16, 5, 9, 10, 19, 3, 5, 10, 11, 11, 10, 3, 8, 14, 3, 22, 8, 12, 14, 24, 3, 5, 9, 3, 9, 23, 13, 19, 22, 16, 22, 9, 13, 18, 19, 21, 22, 3, 8, 9, 12, 18, 19, 22, 14, 5, 6, 9, 13, 18, 19, 20, 21, 22, 24, 25, 5, 8, 18, 19, 20, 21, 22, 0, 1, 2, 4, 5, 6, 8, 11, 12, 16, 18, 21, 22, 24], "influence_y": [[0, 1, 2, 4, 5, 6, 8, 11, 12, 16, 18, 21, 22, 24]], "weights": [[0.010752688172043012], [0.010752688172043012], [0.010752688172043012], [0.010752688172043012], [0.010752688172043012], [0.010752688172043012], [0.010752688172043012], [0.010752688172043012], [0.010752688172043012], [0.010752688172043012], [0.010752688172043012], [0.010752688172043012], [0.010752688172043012], [0.010752688172043012], [0.010752688172043012], [0.010752688172043012], [0.010752688172043012], [0.010752688172043012], [0.010752688172043012], [0.010752688172043012], [0.010752688172043012], [0.010752688172043012], [0.010752688172043012], [0.010752688172043012], [0.010752688172043012], [0.010752688172043012], [0.010752688172043012], [0.010752688172043012], [0.010752688172043012], [0.010752688172043012], [0.010752688172043012], [0.010752688172043012], [0.010752688172043012], [0.010752688172043012], [0.010752688172043012], [0.010752688172043012], [0.010752688172043012], [0.010752688172043012], [0.010752688172043012], [0.010752688172043012], [0.010752688172043012], [0.010752688172043012], [0.010752688172043012], [0.010752688172043012], [0.010752688172043012], [0.010752688172043012], [0.010752688172043012], [0.010752688172043012], [0.010752688172043012], [0.010752688172043012], [0.010752688172043012], [0.010752688172043012], [0.010752688172043012], [0.010752688172043012], [0.010752688172043012], [0.010752688172043012], [0.010752688172043012], [0.010752688172043012], [0.010752688172043012], [0.010752688172043012], [0.010752688172043012], [0.010752688172043012], [0.010752688172043012], [0.010752688172043012], [0.010752688172043012], [0.010752688172043012], [0.010752688172043012], [0.010752688172043012], [0.010752688172043012], [0.010752688172043012], [0.010752688172043012], [0.010752688172043012], [0.010752688172043012], [0.010752688172043012], [0.010752688172043012], [0.010752688172043012], [0.010752688172043012], [0.010752688172043012], [0.010752688172043012], [0.010752688172043012], [0.010752688172043012], [0.010752688172043012], [0.010752688172043012], [0.010752688172043012], [0.010752688172043012], [0.010752688172043012], [0.010752688172043012], [0.010752688172043012], [0.010752688172043012], [0.010752688172043012], [0.010752688172043012], [0.010752688172043012], [0.010752688172043012]]}