{"from": [0, 1, 1, 1, 1, 1, 1, 2, 2, 2, 2, 2, 2, 2, 3, 4, 5, 5, 5, 5, 6, 7, 7, 8, 9, 9, 9, 9, 9, 9, 10, 11, 11, 12, 12, 13, 13, 16, 16, 16, 17, 17, 17, 18, 18, 18, 18, 18, 18, 18, 19, 19, 19, 19, 19, 19, 19, 19, 19, 20, 20, 20, 20, 20, 20, 20, 21, 21, 21, 21, 21, 22, 22, 22, 22, 22, 23, 23, 23, 24, 24, 24, 25, 25, 25, 25, 25], "to": [12, 0, 2, 6, 7, 18, 20, 0, 4, 5, 6, 14, 19, 25, 13, 5, 0, 10, 13, 25, 4, 13, 16, 12, 3, 5, 8, 10, 11, 12, 13, 10, 25, 3, 14, 3, 10, 3, 9, 25, 3, 23, 25, 3, 5, 19, 21, 22, 23, 24, 5, 8, 9, 14, 16, 21, 22, 23, 24, 18, 19, 21, 22, 23, 24, 25, 0, 9, 23, 24, 25, 14, 21, 23, 24, 25, 5, 9, 13, 8, 15, 23, 0, 3, 8, 13, 14], "influence_y": [[0, 3, 8, 13, 14]], "weights": [[0.011494252873563218], [0.011494252873563218], [0.011494252873563218], [0.011494252873563218], [0.011494252873563218], [0.011494252873563218], [0.011494252873563218], [0.011494252873563218], [0.011494252873563218], [0.011494252873563218], [0.011494252873563218], [0.011494252873563218], [0.011494252873563218], [0.011494252873563218], [0.011494252873563218], [0.011494252873563218], [0.011494252873563218], [0.011494252873563218], [0.011494252873563218], [0.011494252873563218], [0.011494252873563218], [0.011494252873563218], [0.011494252873563218], [0.011494252873563218], [0.011494252873563218], [0.011494252873563218], [0.011494252873563218], [0.011494252873563218], [0.011494252873563218], [0.011494252873563218], [0.011494252873563218], [0.011494252873563218], [0.011494252873563218], [0.011494252873563218], [0.011494252873563218], [0.011494252873563218], [0.011494252873563218], [0.011494252873563218], [0.011494252873563218], [0.011494252873563218], [0.011494252873563218], [0.011494252873563218], [0.011494252873563218], [0.011494252873563218], [0.011494252873563218], [0.011494252873563218], [0.011494252873563218], [0.011494252873563218], [0.011494252873563218], [0.011494252873563218], [0.011494252873563218], [0.011494252873563218], [0.011494252873563218], [0.011494252873563218], [0.011494252873563218], [0.011494252873563218], [0.011494252873563218], [0.011494252873563218], [0.011494252873563218], [0.011494252873563218], [0.011494252873563218], [0.011494252873563218], [0.011494252873563218], [0.011494252873563218], [0.011494252873563218], [0.011494252873563218], [0.011494252873563218], [0.011494252873563218], [0.011494252873563218], [0.011494252873563218], [0.011494252873563218], [0.011494252873563218], [0.011494252873563218], [0.011494252873563218], [0.011494252873563218], [0.011494252873563218], [0.011494252873563218], [0.011494252873563218], [0.011494252873563218], [0.011494252873563218], [0.011494252873563218], [0.011494252873563218], [0.011494252873563218], [0.011494252873563218], [0.011494252873563218], [0.011494252873563218], [0.011494252873563218]]}