{"from": [1, 1, 1, 1, 1, 1, 2, 2, 3, 3, 3, 4, 5, 5, 5, 5, 5, 5, 5, 5, 6, 7, 7, 8, 8, 8, 8, 8, 9, 9, 9, 9, 9, 9, 11, 11, 12, 12, 12, 13, 15, 15, 15, 18, 18, 18, 18, 18, 19, 19, 20, 20, 20, 20, 20, 20, 21, 21, 21, 21, 21, 21, 21, 21, 23, 23, 23, 23, 23, 24, 24, 24, 24, 25, 25, 25, 25, 25, 25, 25, 25, 25, 25, 25], "to": [0, 2, 6, 7, 18, 20, 0, 4, 10, 16, 17, 6, 0, 2, 3, 4, 6, 18, 23, 25, 4, 13, 16, 5, 9, 10, 11, 24, 3, 5, 10, 11, 16, 19, 10, 16, 8, 14, 25, 3, 12, 14, 24, 13, 19, 22, 23, 24, 16, 22, 18, 19, 21, 22, 23, 24, 3, 5, 9, 18, 19, 22, 23, 24, 11, 16, 17, 19, 22, 2, 19, 22, 23, 0, 2, 3, 6, 7, 11, 13, 14, 16, 22, 24], "influence_y": [[0, 2, 3, 6, 7, 11, 13, 14, 16, 22, 24]], "weights": [[0.011904761904761904], [0.011904761904761904], [0.011904761904761904], [0.011904761904761904], [0.011904761904761904], [0.011904761904761904], [0.011904761904761904], [0.011904761904761904], [0.011904761904761904], [0.011904761904761904], [0.011904761904761904], [0.011904761904761904], [0.011904761904761904], [0.011904761904761904], [0.011904761904761904], [0.011904761904761904], [0.011904761904761904], [0.011904761904761904], [0.011904761904761904], [0.011904761904761904], [0.011904761904761904], [0.011904761904761904], [0.011904761904761904], [0.011904761904761904], [0.011904761904761904], [0.011904761904761904], [0.011904761904761904], [0.011904761904761904], [0.011904761904761904], [0.011904761904761904], [0.011904761904761904], [0.011904761904761904], [0.011904761904761904], [0.011904761904761904], [0.011904761904761904], [0.011904761904761904], [0.011904761904761904], [0.011904761904761904], [0.011904761904761904], [0.011904761904761904], [0.011904761904761904], [0.011904761904761904], [0.011904761904761904], [0.011904761904761904], [0.011904761904761904], [0.011904761904761904], [0.011904761904761904], [0.011904761904761904], [0.011904761904761904], [0.011904761904761904], [0.011904761904761904], [0.011904761904761904], [0.011904761904761904], [0.011904761904761904], [0.011904761904761904], [0.011904761904761904], [0.011904761904761904], [0.011904761904761904], [0.011904761904761904], [0.011904761904761904], [0.011904761904761904], [0.011904761904761904], [0.011904761904761904], [0.011904761904761904], [0.011904761904761904], [0.011904761904761904], [0.011904761904761904], [0.011904761904761904], [0.011904761904761904], [0.011904761904761904], [0.011904761904761904], [0.011904761904761904], [0.011904761904761904], [0.011904761904761904], [0.011904761904761904], [0.011904761904761904], [0.011904761904761904], [0.011904761904761904], [0.011904761904761904], [0.011904761904761904], [0.011904761904761904], [0.011904761904761904], [0.011904761904761904], [0.011904761904761904]]}