{"from": [1, 1, 1, 1, 1, 2, 2, 3, 3, 3, 3, 3, 3, 4, 5, 5, 5, 6, 7, 7, 8, 8, 8, 8, 8, 8, 8, 8, 9, 9, 9, 9, 9, 9, 9, 9, 10, 11, 12, 13, 13, 13, 13, 13, 14, 14, 14, 15, 16, 16, 16, 16, 16, 16, 17, 17, 18, 18, 18, 19, 19, 19, 19, 19, 19, 20, 20, 20, 23, 23, 23, 23, 23, 24, 24, 24, 24, 24, 24, 25, 25, 25, 25, 25, 25, 25, 25], "to": [0, 2, 6, 18, 20, 0, 4, 0, 6, 17, 20, 21, 25, 6, 4, 20, 21, 4, 13, 16, 0, 9, 10, 12, 19, 21, 22, 25, 3, 5, 10, 11, 12, 19, 21, 23, 11, 5, 15, 1, 3, 9, 23, 25, 12, 15, 16, 24, 1, 3, 9, 10, 19, 25, 22, 23, 20, 21, 22, 18, 20, 21, 22, 23, 24, 18, 21, 22, 5, 18, 20, 21, 22, 18, 19, 20, 21, 22, 23, 0, 1, 2, 5, 6, 10, 12, 23], "influence_y": [[0, 1, 2, 5, 6, 10, 12, 23]], "weights": [[0.011494252873563218], [0.011494252873563218], [0.011494252873563218], [0.011494252873563218], [0.011494252873563218], [0.011494252873563218], [0.011494252873563218], [0.011494252873563218], [0.011494252873563218], [0.011494252873563218], [0.011494252873563218], [0.011494252873563218], [0.011494252873563218], [0.011494252873563218], [0.011494252873563218], [0.011494252873563218], [0.011494252873563218], [0.011494252873563218], [0.011494252873563218], [0.011494252873563218], [0.011494252873563218], [0.011494252873563218], [0.011494252873563218], [0.011494252873563218], [0.011494252873563218], [0.011494252873563218], [0.011494252873563218], [0.011494252873563218], [0.011494252873563218], [0.011494252873563218], [0.011494252873563218], [0.011494252873563218], [0.011494252873563218], [0.011494252873563218], [0.011494252873563218], [0.011494252873563218], [0.011494252873563218], [0.011494252873563218], [0.011494252873563218], [0.011494252873563218], [0.011494252873563218], [0.011494252873563218], [0.011494252873563218], [0.011494252873563218], [0.011494252873563218], [0.011494252873563218], [0.011494252873563218], [0.011494252873563218], [0.011494252873563218], [0.011494252873563218], [0.011494252873563218], [0.011494252873563218], [0.011494252873563218], [0.011494252873563218], [0.011494252873563218], [0.011494252873563218], [0.011494252873563218], [0.011494252873563218], [0.011494252873563218], [0.011494252873563218], [0.011494252873563218], [0.011494252873563218], [0.011494252873563218], [0.011494252873563218], [0.011494252873563218], [0.011494252873563218], [0.011494252873563218], [0.011494252873563218], [0.011494252873563218], [0.011494252873563218], [0.011494252873563218], [0.011494252873563218], [0.011494252873563218], [0.011494252873563218], [0.011494252873563218], [0.011494252873563218], [0.011494252873563218], [0.011494252873563218], [0.011494252873563218], [0.011494252873563218], [0.011494252873563218], [0.011494252873563218], [0.011494252873563218], [0.011494252873563218], [0.011494252873563218], [0.011494252873563218], [0.011494252873563218]]}