{"from": [1, 1, 1, 1, 1, 2, 2, 3, 3, 3, 4, 5, 5, 5, 5, 5, 5, 6, 7, 8, 8, 8, 8, 8, 9, 9, 9, 9, 9, 9, 9, 9, 10, 11, 11, 13, 13, 14, 14, 14, 15, 15, 16, 16, 16, 17, 17, 18, 18, 18, 18, 19, 19, 19, 19, 20, 20, 20, 20, 20, 20, 23, 23, 23, 23, 23, 23, 23, 23, 23, 23, 24, 24, 24, 24, 25, 25, 25, 25, 25, 25, 25, 25, 25, 25, 25, 25, 25, 25], "to": [0, 2, 6, 20, 22, 0, 4, 12, 20, 21, 6, 3, 8, 11, 14, 19, 20, 4, 13, 12, 19, 21, 22, 24, 3, 5, 8, 10, 11, 12, 19, 20, 13, 8, 10, 3, 15, 12, 20, 22, 8, 24, 9, 10, 24, 9, 23, 19, 21, 22, 24, 18, 21, 22, 24, 8, 18, 19, 21, 22, 24, 5, 9, 12, 13, 18, 19, 20, 21, 22, 24, 18, 19, 21, 22, 0, 1, 2, 3, 5, 6, 7, 8, 12, 13, 18, 20, 22, 24], "influence_y": [[0, 1, 2, 3, 5, 6, 7, 8, 12, 13, 18, 20, 22, 24]], "weights": [[0.011235955056179775], [0.011235955056179775], [0.011235955056179775], [0.011235955056179775], [0.011235955056179775], [0.011235955056179775], [0.011235955056179775], [0.011235955056179775], [0.011235955056179775], [0.011235955056179775], [0.011235955056179775], [0.011235955056179775], [0.011235955056179775], [0.011235955056179775], [0.011235955056179775], [0.011235955056179775], [0.011235955056179775], [0.011235955056179775], [0.011235955056179775], [0.011235955056179775], [0.011235955056179775], [0.011235955056179775], [0.011235955056179775], [0.011235955056179775], [0.011235955056179775], [0.011235955056179775], [0.011235955056179775], [0.011235955056179775], [0.011235955056179775], [0.011235955056179775], [0.011235955056179775], [0.011235955056179775], [0.011235955056179775], [0.011235955056179775], [0.011235955056179775], [0.011235955056179775], [0.011235955056179775], [0.011235955056179775], [0.011235955056179775], [0.011235955056179775], [0.011235955056179775], [0.011235955056179775], [0.011235955056179775], [0.011235955056179775], [0.011235955056179775], [0.011235955056179775], [0.011235955056179775], [0.011235955056179775], [0.011235955056179775], [0.011235955056179775], [0.011235955056179775], [0.011235955056179775], [0.011235955056179775], [0.011235955056179775], [0.011235955056179775], [0.011235955056179775], [0.011235955056179775], [0.011235955056179775], [0.011235955056179775], [0.011235955056179775], [0.011235955056179775], [0.011235955056179775], [0.011235955056179775], [0.011235955056179775], [0.011235955056179775], [0.011235955056179775], [0.011235955056179775], [0.011235955056179775], [0.011235955056179775], [0.011235955056179775], [0.011235955056179775], [0.011235955056179775], [0.011235955056179775], [0.011235955056179775], [0.011235955056179775], [0.011235955056179775], [0.011235955056179775], [0.011235955056179775], [0.011235955056179775], [0.011235955056179775], [0.011235955056179775], [0.011235955056179775], [0.011235955056179775], [0.011235955056179775], [0.011235955056179775], [0.011235955056179775], [0.011235955056179775], [0.011235955056179775], [0.011235955056179775]]}