{"from": [1, 1, 1, 1, 1, 1, 2, 2, 2, 2, 2, 3, 4, 4, 4, 5, 5, 5, 6, 7, 7, 8, 8, 9, 9, 9, 9, 9, 9, 10, 11, 12, 12, 13, 14, 15, 16, 16, 16, 17, 17, 17, 18, 18, 18, 18, 18, 18, 18, 19, 19, 19, 19, 19, 19, 19, 20, 20, 20, 20, 20, 20, 21, 21, 21, 21, 21, 21, 22, 22, 23, 23, 23, 23, 24, 24, 24, 24, 25, 25, 25, 25, 25, 25, 25, 25, 25], "to": [0, 2, 6, 7, 20, 25, 0, 3, 4, 16, 25, 13, 5, 8, 11, 3, 8, 11, 4, 13, 16, 11, 12, 3, 5, 8, 10, 11, 12, 11, 10, 14, 15, 3, 12, 12, 3, 5, 9, 3, 9, 14, 5, 13, 19, 21, 22, 23, 24, 8, 12, 16, 21, 22, 23, 24, 18, 19, 21, 22, 23, 24, 0, 3, 9, 22, 23, 24, 5, 14, 5, 13, 17, 22, 8, 15, 22, 23, 3, 4, 8, 11, 12, 13, 16, 18, 19], "influence_y": [[3, 4, 8, 11, 12, 13, 16, 18, 19]], "weights": [[0.011494252873563218], [0.011494252873563218], [0.011494252873563218], [0.011494252873563218], [0.011494252873563218], [0.011494252873563218], [0.011494252873563218], [0.011494252873563218], [0.011494252873563218], [0.011494252873563218], [0.011494252873563218], [0.011494252873563218], [0.011494252873563218], [0.011494252873563218], [0.011494252873563218], [0.011494252873563218], [0.011494252873563218], [0.011494252873563218], [0.011494252873563218], [0.011494252873563218], [0.011494252873563218], [0.011494252873563218], [0.011494252873563218], [0.011494252873563218], [0.011494252873563218], [0.011494252873563218], [0.011494252873563218], [0.011494252873563218], [0.011494252873563218], [0.011494252873563218], [0.011494252873563218], [0.011494252873563218], [0.011494252873563218], [0.011494252873563218], [0.011494252873563218], [0.011494252873563218], [0.011494252873563218], [0.011494252873563218], [0.011494252873563218], [0.011494252873563218], [0.011494252873563218], [0.011494252873563218], [0.011494252873563218], [0.011494252873563218], [0.011494252873563218], [0.011494252873563218], [0.011494252873563218], [0.011494252873563218], [0.011494252873563218], [0.011494252873563218], [0.011494252873563218], [0.011494252873563218], [0.011494252873563218], [0.011494252873563218], [0.011494252873563218], [0.011494252873563218], [0.011494252873563218], [0.011494252873563218], [0.011494252873563218], [0.011494252873563218], [0.011494252873563218], [0.011494252873563218], [0.011494252873563218], [0.011494252873563218], [0.011494252873563218], [0.011494252873563218], [0.011494252873563218], [0.011494252873563218], [0.011494252873563218], [0.011494252873563218], [0.011494252873563218], [0.011494252873563218], [0.011494252873563218], [0.011494252873563218], [0.011494252873563218], [0.011494252873563218], [0.011494252873563218], [0.011494252873563218], [0.011494252873563218], [0.011494252873563218], [0.011494252873563218], [0.011494252873563218], [0.011494252873563218], [0.011494252873563218], [0.011494252873563218], [0.011494252873563218], [0.011494252873563218]]}