{"from": [1, 1, 1, 1, 2, 2, 2, 2, 2, 2, 3, 4, 5, 5, 5, 7, 7, 7, 8, 8, 9, 9, 9, 9, 9, 10, 11, 12, 13, 13, 14, 14, 14, 15, 15, 16, 16, 16, 16, 16, 17, 17, 18, 18, 18, 18, 19, 19, 19, 19, 19, 19, 20, 20, 20, 20, 20, 20, 21, 21, 22, 23, 23, 23, 23, 23, 23, 23, 23, 23, 24, 25, 25, 25, 25, 25, 25, 25], "to": [0, 6, 18, 20, 0, 1, 4, 14, 22, 25, 12, 5, 3, 6, 8, 13, 14, 25, 12, 24, 3, 5, 8, 10, 11, 11, 5, 3, 3, 25, 12, 15, 25, 12, 24, 3, 9, 10, 19, 25, 3, 9, 19, 21, 22, 24, 5, 8, 9, 21, 22, 24, 18, 19, 21, 22, 23, 24, 9, 10, 24, 3, 5, 6, 9, 18, 19, 21, 22, 24, 22, 1, 4, 5, 6, 10, 12, 18], "influence_y": [[1, 4, 5, 6, 10, 12, 18]], "weights": [[0.01282051282051282], [0.01282051282051282], [0.01282051282051282], [0.01282051282051282], [0.01282051282051282], [0.01282051282051282], [0.01282051282051282], [0.01282051282051282], [0.01282051282051282], [0.01282051282051282], [0.01282051282051282], [0.01282051282051282], [0.01282051282051282], [0.01282051282051282], [0.01282051282051282], [0.01282051282051282], [0.01282051282051282], [0.01282051282051282], [0.01282051282051282], [0.01282051282051282], [0.01282051282051282], [0.01282051282051282], [0.01282051282051282], [0.01282051282051282], [0.01282051282051282], [0.01282051282051282], [0.01282051282051282], [0.01282051282051282], [0.01282051282051282], [0.01282051282051282], [0.01282051282051282], [0.01282051282051282], [0.01282051282051282], [0.01282051282051282], [0.01282051282051282], [0.01282051282051282], [0.01282051282051282], [0.01282051282051282], [0.01282051282051282], [0.01282051282051282], [0.01282051282051282], [0.01282051282051282], [0.01282051282051282], [0.01282051282051282], [0.01282051282051282], [0.01282051282051282], [0.01282051282051282], [0.01282051282051282], [0.01282051282051282], [0.01282051282051282], [0.01282051282051282], [0.01282051282051282], [0.01282051282051282], [0.01282051282051282], [0.01282051282051282], [0.01282051282051282], [0.01282051282051282], [0.01282051282051282], [0.01282051282051282], [0.01282051282051282], [0.01282051282051282], [0.01282051282051282], [0.01282051282051282], [0.01282051282051282], [0.01282051282051282], [0.01282051282051282], [0.01282051282051282], [0.01282051282051282], [0.01282051282051282], [0.01282051282051282], [0.01282051282051282], [0.01282051282051282], [0.01282051282051282], [0.01282051282051282], [0.01282051282051282], [0.01282051282051282], [0.01282051282051282], [0.01282051282051282]]}