{"from": [0, 0, 0, 0, 0, 0, 0, 2, 2, 2, 2, 2, 2, 3, 3, 3, 3, 3, 5, 5, 5, 5, 7, 7, 8, 8, 8, 8, 9, 9, 9, 9, 9, 9, 9, 9, 10, 11, 12, 12, 14, 14, 15, 16, 16, 16, 16, 16, 17, 17, 17, 19, 19, 19, 19, 20, 20, 20, 20, 20, 20, 20, 21, 21, 21, 21, 21, 21, 21, 21, 23, 23, 23, 23, 23, 23, 23, 23, 23, 24, 24, 25, 25, 25, 25, 25, 25, 25], "to": [1, 4, 7, 12, 22, 24, 25, 0, 1, 4, 19, 23, 25, 0, 6, 10, 13, 25, 3, 8, 11, 14, 13, 25, 4, 12, 22, 24, 0, 5, 7, 8, 10, 11, 13, 25, 11, 8, 14, 15, 12, 15, 24, 1, 3, 5, 9, 25, 3, 9, 23, 16, 18, 22, 24, 6, 18, 19, 21, 22, 23, 24, 3, 9, 13, 18, 19, 22, 24, 25, 5, 9, 10, 13, 18, 19, 21, 22, 24, 18, 22, 1, 4, 6, 8, 10, 11, 12], "influence_y": [[1, 4, 6, 8, 10, 11, 12]], "weights": [[0.011363636363636364], [0.011363636363636364], [0.011363636363636364], [0.011363636363636364], [0.011363636363636364], [0.011363636363636364], [0.011363636363636364], [0.011363636363636364], [0.011363636363636364], [0.011363636363636364], [0.011363636363636364], [0.011363636363636364], [0.011363636363636364], [0.011363636363636364], [0.011363636363636364], [0.011363636363636364], [0.011363636363636364], [0.011363636363636364], [0.011363636363636364], [0.011363636363636364], [0.011363636363636364], [0.011363636363636364], [0.011363636363636364], [0.011363636363636364], [0.011363636363636364], [0.011363636363636364], [0.011363636363636364], [0.011363636363636364], [0.011363636363636364], [0.011363636363636364], [0.011363636363636364], [0.011363636363636364], [0.011363636363636364], [0.011363636363636364], [0.011363636363636364], [0.011363636363636364], [0.011363636363636364], [0.011363636363636364], [0.011363636363636364], [0.011363636363636364], [0.011363636363636364], [0.011363636363636364], [0.011363636363636364], [0.011363636363636364], [0.011363636363636364], [0.011363636363636364], [0.011363636363636364], [0.011363636363636364], [0.011363636363636364], [0.011363636363636364], [0.011363636363636364], [0.011363636363636364], [0.011363636363636364], [0.011363636363636364], [0.011363636363636364], [0.011363636363636364], [0.011363636363636364], [0.011363636363636364], [0.011363636363636364], [0.011363636363636364], [0.011363636363636364], [0.011363636363636364], [0.011363636363636364], [0.011363636363636364], [0.011363636363636364], [0.011363636363636364], [0.011363636363636364], [0.011363636363636364], [0.011363636363636364], [0.011363636363636364], [0.011363636363636364], [0.011363636363636364], [0.011363636363636364], [0.011363636363636364], [0.011363636363636364], [0.011363636363636364], [0.011363636363636364], [0.011363636363636364], [0.011363636363636364], [0.011363636363636364], [0.011363636363636364], [0.011363636363636364], [0.011363636363636364], [0.011363636363636364], [0.011363636363636364], [0.011363636363636364], [0.011363636363636364], [0.011363636363636364]]}