{"from": [1, 1, 1, 1, 1, 2, 2, 3, 3, 4, 5, 5, 5, 5, 5, 6, 8, 8, 9, 9, 9, 9, 9, 9, 9, 9, 9, 10, 10, 11, 12, 13, 13, 14, 14, 14, 15, 16, 16, 16, 16, 16, 17, 18, 18, 18, 19, 19, 19, 19, 19, 19, 19, 20, 20, 21, 21, 21, 21, 21, 21, 21, 21, 21, 23, 23, 23, 24, 24, 24, 24, 24, 24, 24, 25, 25, 25, 25, 25, 25, 25, 25, 25, 25], "to": [0, 4, 6, 7, 20, 0, 4, 13, 15, 6, 3, 8, 18, 22, 23, 5, 12, 22, 0, 3, 5, 8, 10, 11, 20, 23, 25, 11, 13, 25, 15, 7, 20, 7, 22, 25, 12, 3, 9, 12, 17, 25, 3, 20, 22, 23, 8, 18, 20, 22, 23, 24, 25, 8, 22, 3, 9, 18, 19, 20, 22, 23, 24, 25, 17, 20, 22, 8, 15, 16, 18, 20, 22, 23, 0, 2, 4, 5, 6, 7, 8, 12, 13, 18], "influence_y": [[0, 2, 4, 5, 6, 7, 8, 12, 13, 18]], "weights": [[0.011904761904761904], [0.011904761904761904], [0.011904761904761904], [0.011904761904761904], [0.011904761904761904], [0.011904761904761904], [0.011904761904761904], [0.011904761904761904], [0.011904761904761904], [0.011904761904761904], [0.011904761904761904], [0.011904761904761904], [0.011904761904761904], [0.011904761904761904], [0.011904761904761904], [0.011904761904761904], [0.011904761904761904], [0.011904761904761904], [0.011904761904761904], [0.011904761904761904], [0.011904761904761904], [0.011904761904761904], [0.011904761904761904], [0.011904761904761904], [0.011904761904761904], [0.011904761904761904], [0.011904761904761904], [0.011904761904761904], [0.011904761904761904], [0.011904761904761904], [0.011904761904761904], [0.011904761904761904], [0.011904761904761904], [0.011904761904761904], [0.011904761904761904], [0.011904761904761904], [0.011904761904761904], [0.011904761904761904], [0.011904761904761904], [0.011904761904761904], [0.011904761904761904], [0.011904761904761904], [0.011904761904761904], [0.011904761904761904], [0.011904761904761904], [0.011904761904761904], [0.011904761904761904], [0.011904761904761904], [0.011904761904761904], [0.011904761904761904], [0.011904761904761904], [0.011904761904761904], [0.011904761904761904], [0.011904761904761904], [0.011904761904761904], [0.011904761904761904], [0.011904761904761904], [0.011904761904761904], [0.011904761904761904], [0.011904761904761904], [0.011904761904761904], [0.011904761904761904], [0.011904761904761904], [0.011904761904761904], [0.011904761904761904], [0.011904761904761904], [0.011904761904761904], [0.011904761904761904], [0.011904761904761904], [0.011904761904761904], [0.011904761904761904], [0.011904761904761904], [0.011904761904761904], [0.011904761904761904], [0.011904761904761904], [0.011904761904761904], [0.011904761904761904], [0.011904761904761904], [0.011904761904761904], [0.011904761904761904], [0.011904761904761904], [0.011904761904761904], [0.011904761904761904], [0.011904761904761904]]}