{"from": [1, 1, 1, 1, 1, 2, 2, 2, 2, 2, 2, 2, 2, 2, 2, 2, 2, 3, 3, 3, 3, 3, 4, 5, 5, 6, 7, 8, 8, 8, 8, 8, 8, 9, 9, 9, 9, 9, 9, 10, 11, 12, 12, 12, 12, 12, 13, 13, 14, 14, 14, 14, 15, 15, 16, 16, 16, 16, 16, 17, 18, 19, 19, 19, 19, 19, 19, 19, 20, 20, 20, 20, 20, 20, 21, 21, 21, 21, 22, 23, 23, 23, 23, 24, 24, 24, 24, 25, 25, 25, 25, 25], "to": [0, 6, 7, 20, 22, 0, 1, 4, 5, 6, 7, 12, 14, 16, 21, 24, 25, 5, 10, 17, 20, 21, 6, 4, 11, 4, 13, 5, 9, 10, 18, 20, 24, 3, 5, 7, 10, 11, 20, 11, 10, 8, 15, 16, 21, 25, 3, 25, 12, 20, 22, 25, 8, 24, 3, 9, 17, 19, 25, 23, 22, 8, 18, 20, 21, 22, 23, 24, 18, 21, 22, 23, 24, 25, 5, 18, 22, 23, 18, 5, 18, 21, 22, 18, 21, 22, 23, 0, 4, 5, 6, 23], "influence_y": [[0, 4, 5, 6, 23]], "weights": [[0.010869565217391304], [0.010869565217391304], [0.010869565217391304], [0.010869565217391304], [0.010869565217391304], [0.010869565217391304], [0.010869565217391304], [0.010869565217391304], [0.010869565217391304], [0.010869565217391304], [0.010869565217391304], [0.010869565217391304], [0.010869565217391304], [0.010869565217391304], [0.010869565217391304], [0.010869565217391304], [0.010869565217391304], [0.010869565217391304], [0.010869565217391304], [0.010869565217391304], [0.010869565217391304], [0.010869565217391304], [0.010869565217391304], [0.010869565217391304], [0.010869565217391304], [0.010869565217391304], [0.010869565217391304], [0.010869565217391304], [0.010869565217391304], [0.010869565217391304], [0.010869565217391304], [0.010869565217391304], [0.010869565217391304], [0.010869565217391304], [0.010869565217391304], [0.010869565217391304], [0.010869565217391304], [0.010869565217391304], [0.010869565217391304], [0.010869565217391304], [0.010869565217391304], [0.010869565217391304], [0.010869565217391304], [0.010869565217391304], [0.010869565217391304], [0.010869565217391304], [0.010869565217391304], [0.010869565217391304], [0.010869565217391304], [0.010869565217391304], [0.010869565217391304], [0.010869565217391304], [0.010869565217391304], [0.010869565217391304], [0.010869565217391304], [0.010869565217391304], [0.010869565217391304], [0.010869565217391304], [0.010869565217391304], [0.010869565217391304], [0.010869565217391304], [0.010869565217391304], [0.010869565217391304], [0.010869565217391304], [0.010869565217391304], [0.010869565217391304], [0.010869565217391304], [0.010869565217391304], [0.010869565217391304], [0.010869565217391304], [0.010869565217391304], [0.010869565217391304], [0.010869565217391304], [0.010869565217391304], [0.010869565217391304], [0.010869565217391304], [0.010869565217391304], [0.010869565217391304], [0.010869565217391304], [0.010869565217391304], [0.010869565217391304], [0.010869565217391304], [0.010869565217391304], [0.010869565217391304], [0.010869565217391304], [0.010869565217391304], [0.010869565217391304], [0.010869565217391304], [0.010869565217391304], [0.010869565217391304], [0.010869565217391304], [0.010869565217391304]]}