{"from": [0, 0, 0, 0, 0, 0, 2, 2, 2, 2, 2, 2, 2, 2, 2, 2, 2, 3, 3, 3, 3, 4, 5, 5, 5, 5, 5, 6, 7, 7, 7, 7, 8, 8, 8, 8, 8, 8, 8, 9, 9, 9, 9, 9, 9, 10, 11, 12, 12, 12, 12, 12, 12, 13, 15, 15, 15, 16, 16, 16, 16, 17, 17, 18, 18, 18, 19, 19, 19, 20, 20, 20, 20, 20, 20, 22, 23, 23, 23, 23, 23, 23, 23, 24, 24, 24, 24, 24, 24, 25, 25], "to": [1, 5, 6, 7, 20, 25, 0, 1, 3, 4, 5, 6, 12, 16, 18, 19, 25, 17, 20, 21, 25, 6, 4, 11, 18, 21, 25, 4, 3, 5, 13, 25, 9, 10, 11, 19, 21, 22, 25, 3, 5, 7, 10, 11, 20, 11, 10, 1, 5, 8, 14, 21, 25, 3, 8, 14, 24, 3, 9, 19, 25, 23, 25, 19, 21, 22, 10, 14, 21, 18, 19, 21, 22, 23, 24, 19, 5, 6, 11, 18, 19, 21, 22, 18, 19, 20, 21, 22, 23, 14, 22], "influence_y": [[14, 22]], "weights": [[0.01098901098901099], [0.01098901098901099], [0.01098901098901099], [0.01098901098901099], [0.01098901098901099], [0.01098901098901099], [0.01098901098901099], [0.01098901098901099], [0.01098901098901099], [0.01098901098901099], [0.01098901098901099], [0.01098901098901099], [0.01098901098901099], [0.01098901098901099], [0.01098901098901099], [0.01098901098901099], [0.01098901098901099], [0.01098901098901099], [0.01098901098901099], [0.01098901098901099], [0.01098901098901099], [0.01098901098901099], [0.01098901098901099], [0.01098901098901099], [0.01098901098901099], [0.01098901098901099], [0.01098901098901099], [0.01098901098901099], [0.01098901098901099], [0.01098901098901099], [0.01098901098901099], [0.01098901098901099], [0.01098901098901099], [0.01098901098901099], [0.01098901098901099], [0.01098901098901099], [0.01098901098901099], [0.01098901098901099], [0.01098901098901099], [0.01098901098901099], [0.01098901098901099], [0.01098901098901099], [0.01098901098901099], [0.01098901098901099], [0.01098901098901099], [0.01098901098901099], [0.01098901098901099], [0.01098901098901099], [0.01098901098901099], [0.01098901098901099], [0.01098901098901099], [0.01098901098901099], [0.01098901098901099], [0.01098901098901099], [0.01098901098901099], [0.01098901098901099], [0.01098901098901099], [0.01098901098901099], [0.01098901098901099], [0.01098901098901099], [0.01098901098901099], [0.01098901098901099], [0.01098901098901099], [0.01098901098901099], [0.01098901098901099], [0.01098901098901099], [0.01098901098901099], [0.01098901098901099], [0.01098901098901099], [0.01098901098901099], [0.01098901098901099], [0.01098901098901099], [0.01098901098901099], [0.01098901098901099], [0.01098901098901099], [0.01098901098901099], [0.01098901098901099], [0.01098901098901099], [0.01098901098901099], [0.01098901098901099], [0.01098901098901099], [0.01098901098901099], [0.01098901098901099], [0.01098901098901099], [0.01098901098901099], [0.01098901098901099], [0.01098901098901099], [0.01098901098901099], [0.01098901098901099], [0.01098901098901099], [0.01098901098901099]]}