{"from": [2, 1, 0, 2, 18, 0, 1, 4, 5, 13, 17, 21, 5, 2, 3, 8, 9, 14, 4, 13, 5, 20, 22, 9, 24, 12, 16, 21, 20, 8, 5, 17, 23, 11, 10, 16, 9, 11, 10, 9, 8, 15, 14, 7, 3, 5, 15, 12, 24, 14, 12, 9, 8, 3, 9, 20, 1, 23, 24, 19, 21, 23, 20, 18, 24, 8, 18, 23, 9, 24, 19, 3, 8, 18, 8, 20, 18, 9, 24, 19, 20, 8, 18, 23, 19, 15], "to": [0, 0, 1, 1, 1, 2, 2, 2, 3, 3, 3, 3, 4, 4, 5, 5, 5, 5, 5, 7, 8, 8, 8, 8, 8, 8, 8, 8, 9, 9, 9, 9, 9, 9, 9, 9, 10, 10, 11, 11, 12, 12, 12, 13, 13, 14, 14, 14, 15, 15, 15, 16, 16, 17, 17, 18, 18, 18, 18, 18, 18, 19, 19, 19, 19, 20, 20, 20, 20, 20, 20, 21, 21, 21, 22, 23, 23, 23, 23, 23, 24, 24, 24, 24, 24, 24], "influence_y": [4, 3, 1], "weights": [[0.011627906976744186], [0.011627906976744186], [0.011627906976744186], [0.011627906976744186], [0.011627906976744186], [0.011627906976744186], [0.011627906976744186], [0.011627906976744186], [0.011627906976744186], [0.011627906976744186], [0.011627906976744186], [0.011627906976744186], [0.011627906976744186], [0.011627906976744186], [0.011627906976744186], [0.011627906976744186], [0.011627906976744186], [0.011627906976744186], [0.011627906976744186], [0.011627906976744186], [0.011627906976744186], [0.011627906976744186], [0.011627906976744186], [0.011627906976744186], [0.011627906976744186], [0.011627906976744186], [0.011627906976744186], [0.011627906976744186], [0.011627906976744186], [0.011627906976744186], [0.011627906976744186], [0.011627906976744186], [0.011627906976744186], [0.011627906976744186], [0.011627906976744186], [0.011627906976744186], [0.011627906976744186], [0.011627906976744186], [0.011627906976744186], [0.011627906976744186], [0.011627906976744186], [0.011627906976744186], [0.011627906976744186], [0.011627906976744186], [0.011627906976744186], [0.011627906976744186], [0.011627906976744186], [0.011627906976744186], [0.011627906976744186], [0.011627906976744186], [0.011627906976744186], [0.011627906976744186], [0.011627906976744186], [0.011627906976744186], [0.011627906976744186], [0.011627906976744186], [0.011627906976744186], [0.011627906976744186], [0.011627906976744186], [0.011627906976744186], [0.011627906976744186], [0.011627906976744186], [0.011627906976744186], [0.011627906976744186], [0.011627906976744186], [0.011627906976744186], [0.011627906976744186], [0.011627906976744186], [0.011627906976744186], [0.011627906976744186], [0.011627906976744186], [0.011627906976744186], [0.011627906976744186], [0.011627906976744186], [0.011627906976744186], [0.011627906976744186], [0.011627906976744186], [0.011627906976744186], [0.011627906976744186], [0.011627906976744186], [0.011627906976744186], [0.011627906976744186], [0.011627906976744186], [0.011627906976744186], [0.011627906976744186], [0.011627906976744186]]}