{"from": [2, 1, 0, 2, 0, 1, 4, 13, 2, 9, 8, 13, 5, 9, 24, 19, 12, 16, 20, 8, 5, 17, 23, 11, 10, 16, 21, 9, 11, 10, 9, 8, 15, 14, 3, 7, 19, 12, 24, 12, 9, 8, 23, 9, 23, 20, 19, 24, 20, 8, 18, 23, 22, 24, 14, 18, 23, 9, 24, 19, 9, 23, 19, 20, 18, 17, 22, 9, 24, 19, 20, 8, 18, 23, 19, 15], "to": [0, 0, 1, 1, 2, 2, 2, 3, 4, 5, 5, 7, 8, 8, 8, 8, 8, 8, 9, 9, 9, 9, 9, 9, 9, 9, 9, 10, 10, 11, 11, 12, 12, 12, 13, 13, 14, 14, 15, 15, 16, 16, 17, 17, 18, 18, 18, 18, 19, 19, 19, 19, 19, 19, 19, 20, 20, 20, 20, 20, 21, 22, 22, 23, 23, 23, 23, 23, 23, 23, 24, 24, 24, 24, 24, 24], "influence_y": [5, 4, 1, 16, 3, 24, 7, 12], "weights": [[0.013157894736842105], [0.013157894736842105], [0.013157894736842105], [0.013157894736842105], [0.013157894736842105], [0.013157894736842105], [0.013157894736842105], [0.013157894736842105], [0.013157894736842105], [0.013157894736842105], [0.013157894736842105], [0.013157894736842105], [0.013157894736842105], [0.013157894736842105], [0.013157894736842105], [0.013157894736842105], [0.013157894736842105], [0.013157894736842105], [0.013157894736842105], [0.013157894736842105], [0.013157894736842105], [0.013157894736842105], [0.013157894736842105], [0.013157894736842105], [0.013157894736842105], [0.013157894736842105], [0.013157894736842105], [0.013157894736842105], [0.013157894736842105], [0.013157894736842105], [0.013157894736842105], [0.013157894736842105], [0.013157894736842105], [0.013157894736842105], [0.013157894736842105], [0.013157894736842105], [0.013157894736842105], [0.013157894736842105], [0.013157894736842105], [0.013157894736842105], [0.013157894736842105], [0.013157894736842105], [0.013157894736842105], [0.013157894736842105], [0.013157894736842105], [0.013157894736842105], [0.013157894736842105], [0.013157894736842105], [0.013157894736842105], [0.013157894736842105], [0.013157894736842105], [0.013157894736842105], [0.013157894736842105], [0.013157894736842105], [0.013157894736842105], [0.013157894736842105], [0.013157894736842105], [0.013157894736842105], [0.013157894736842105], [0.013157894736842105], [0.013157894736842105], [0.013157894736842105], [0.013157894736842105], [0.013157894736842105], [0.013157894736842105], [0.013157894736842105], [0.013157894736842105], [0.013157894736842105], [0.013157894736842105], [0.013157894736842105], [0.013157894736842105], [0.013157894736842105], [0.013157894736842105], [0.013157894736842105], [0.013157894736842105], [0.013157894736842105]]}