{"from": [2, 1, 0, 2, 6, 0, 1, 4, 5, 13, 5, 2, 3, 8, 9, 23, 4, 1, 16, 13, 20, 5, 22, 9, 24, 12, 21, 5, 8, 23, 11, 10, 16, 21, 9, 11, 10, 9, 8, 15, 14, 3, 7, 15, 12, 24, 14, 12, 7, 9, 19, 24, 23, 20, 23, 24, 19, 21, 20, 18, 23, 24, 16, 21, 8, 18, 23, 24, 19, 8, 18, 23, 9, 19, 8, 5, 20, 18, 17, 9, 24, 19, 21, 20, 8, 18, 23, 19, 16, 15], "to": [0, 0, 1, 1, 1, 2, 2, 2, 3, 3, 4, 4, 5, 5, 5, 5, 5, 6, 7, 7, 8, 8, 8, 8, 8, 8, 8, 9, 9, 9, 9, 9, 9, 9, 10, 10, 11, 11, 12, 12, 12, 13, 13, 14, 14, 15, 15, 15, 16, 16, 16, 16, 17, 18, 18, 18, 18, 18, 19, 19, 19, 19, 19, 19, 20, 20, 20, 20, 20, 21, 21, 21, 21, 21, 22, 23, 23, 23, 23, 23, 23, 23, 23, 24, 24, 24, 24, 24, 24, 24], "influence_y": [5, 1, 0, 10, 3], "weights": [[0.011111111111111112], [0.011111111111111112], [0.011111111111111112], [0.011111111111111112], [0.011111111111111112], [0.011111111111111112], [0.011111111111111112], [0.011111111111111112], [0.011111111111111112], [0.011111111111111112], [0.011111111111111112], [0.011111111111111112], [0.011111111111111112], [0.011111111111111112], [0.011111111111111112], [0.011111111111111112], [0.011111111111111112], [0.011111111111111112], [0.011111111111111112], [0.011111111111111112], [0.011111111111111112], [0.011111111111111112], [0.011111111111111112], [0.011111111111111112], [0.011111111111111112], [0.011111111111111112], [0.011111111111111112], [0.011111111111111112], [0.011111111111111112], [0.011111111111111112], [0.011111111111111112], [0.011111111111111112], [0.011111111111111112], [0.011111111111111112], [0.011111111111111112], [0.011111111111111112], [0.011111111111111112], [0.011111111111111112], [0.011111111111111112], [0.011111111111111112], [0.011111111111111112], [0.011111111111111112], [0.011111111111111112], [0.011111111111111112], [0.011111111111111112], [0.011111111111111112], [0.011111111111111112], [0.011111111111111112], [0.011111111111111112], [0.011111111111111112], [0.011111111111111112], [0.011111111111111112], [0.011111111111111112], [0.011111111111111112], [0.011111111111111112], [0.011111111111111112], [0.011111111111111112], [0.011111111111111112], [0.011111111111111112], [0.011111111111111112], [0.011111111111111112], [0.011111111111111112], [0.011111111111111112], [0.011111111111111112], [0.011111111111111112], [0.011111111111111112], [0.011111111111111112], [0.011111111111111112], [0.011111111111111112], [0.011111111111111112], [0.011111111111111112], [0.011111111111111112], [0.011111111111111112], [0.011111111111111112], [0.011111111111111112], [0.011111111111111112], [0.011111111111111112], [0.011111111111111112], [0.011111111111111112], [0.011111111111111112], [0.011111111111111112], [0.011111111111111112], [0.011111111111111112], [0.011111111111111112], [0.011111111111111112], [0.011111111111111112], [0.011111111111111112], [0.011111111111111112], [0.011111111111111112], [0.011111111111111112]]}