{"from": [2, 1, 0, 2, 6, 0, 1, 4, 5, 13, 21, 2, 6, 3, 9, 8, 16, 1, 4, 5, 9, 24, 12, 21, 20, 8, 5, 23, 11, 10, 16, 9, 11, 10, 9, 8, 14, 3, 12, 24, 5, 9, 23, 20, 23, 22, 24, 19, 23, 20, 18, 24, 9, 19, 18, 24, 3, 8, 18, 18, 17, 9, 24, 19, 20, 8, 18, 23, 19, 15], "to": [0, 0, 1, 1, 1, 2, 2, 2, 3, 3, 3, 4, 4, 5, 5, 5, 5, 6, 6, 8, 8, 8, 8, 8, 9, 9, 9, 9, 9, 9, 9, 10, 10, 11, 11, 12, 12, 13, 14, 15, 16, 16, 17, 18, 18, 18, 18, 18, 19, 19, 19, 19, 20, 20, 20, 20, 21, 21, 22, 23, 23, 23, 23, 23, 24, 24, 24, 24, 24, 24], "influence_y": [5, 1, 8, 2, 23], "weights": [[0.014285714285714285], [0.014285714285714285], [0.014285714285714285], [0.014285714285714285], [0.014285714285714285], [0.014285714285714285], [0.014285714285714285], [0.014285714285714285], [0.014285714285714285], [0.014285714285714285], [0.014285714285714285], [0.014285714285714285], [0.014285714285714285], [0.014285714285714285], [0.014285714285714285], [0.014285714285714285], [0.014285714285714285], [0.014285714285714285], [0.014285714285714285], [0.014285714285714285], [0.014285714285714285], [0.014285714285714285], [0.014285714285714285], [0.014285714285714285], [0.014285714285714285], [0.014285714285714285], [0.014285714285714285], [0.014285714285714285], [0.014285714285714285], [0.014285714285714285], [0.014285714285714285], [0.014285714285714285], [0.014285714285714285], [0.014285714285714285], [0.014285714285714285], [0.014285714285714285], [0.014285714285714285], [0.014285714285714285], [0.014285714285714285], [0.014285714285714285], [0.014285714285714285], [0.014285714285714285], [0.014285714285714285], [0.014285714285714285], [0.014285714285714285], [0.014285714285714285], [0.014285714285714285], [0.014285714285714285], [0.014285714285714285], [0.014285714285714285], [0.014285714285714285], [0.014285714285714285], [0.014285714285714285], [0.014285714285714285], [0.014285714285714285], [0.014285714285714285], [0.014285714285714285], [0.014285714285714285], [0.014285714285714285], [0.014285714285714285], [0.014285714285714285], [0.014285714285714285], [0.014285714285714285], [0.014285714285714285], [0.014285714285714285], [0.014285714285714285], [0.014285714285714285], [0.014285714285714285], [0.014285714285714285], [0.014285714285714285]]}