{"from": [2, 1, 0, 2, 0, 1, 4, 5, 13, 21, 2, 6, 3, 9, 8, 23, 4, 13, 5, 20, 9, 19, 12, 20, 8, 5, 11, 10, 16, 21, 9, 11, 10, 9, 8, 15, 14, 7, 3, 22, 15, 12, 24, 14, 12, 9, 23, 20, 23, 22, 24, 19, 20, 8, 18, 23, 22, 24, 21, 8, 18, 23, 9, 24, 19, 3, 9, 19, 23, 19, 18, 14, 5, 20, 18, 17, 22, 24, 19, 20, 18, 23, 19, 15], "to": [0, 0, 1, 1, 2, 2, 2, 3, 3, 3, 4, 4, 5, 5, 5, 5, 6, 7, 8, 8, 8, 8, 8, 9, 9, 9, 9, 9, 9, 9, 10, 10, 11, 11, 12, 12, 12, 13, 13, 14, 14, 14, 15, 15, 15, 16, 17, 18, 18, 18, 18, 18, 19, 19, 19, 19, 19, 19, 19, 20, 20, 20, 20, 20, 20, 21, 21, 21, 22, 22, 22, 22, 23, 23, 23, 23, 23, 23, 23, 24, 24, 24, 24, 24], "influence_y": [8, 3, 4, 5, 24, 0, 1], "weights": [[0.011904761904761904], [0.011904761904761904], [0.011904761904761904], [0.011904761904761904], [0.011904761904761904], [0.011904761904761904], [0.011904761904761904], [0.011904761904761904], [0.011904761904761904], [0.011904761904761904], [0.011904761904761904], [0.011904761904761904], [0.011904761904761904], [0.011904761904761904], [0.011904761904761904], [0.011904761904761904], [0.011904761904761904], [0.011904761904761904], [0.011904761904761904], [0.011904761904761904], [0.011904761904761904], [0.011904761904761904], [0.011904761904761904], [0.011904761904761904], [0.011904761904761904], [0.011904761904761904], [0.011904761904761904], [0.011904761904761904], [0.011904761904761904], [0.011904761904761904], [0.011904761904761904], [0.011904761904761904], [0.011904761904761904], [0.011904761904761904], [0.011904761904761904], [0.011904761904761904], [0.011904761904761904], [0.011904761904761904], [0.011904761904761904], [0.011904761904761904], [0.011904761904761904], [0.011904761904761904], [0.011904761904761904], [0.011904761904761904], [0.011904761904761904], [0.011904761904761904], [0.011904761904761904], [0.011904761904761904], [0.011904761904761904], [0.011904761904761904], [0.011904761904761904], [0.011904761904761904], [0.011904761904761904], [0.011904761904761904], [0.011904761904761904], [0.011904761904761904], [0.011904761904761904], [0.011904761904761904], [0.011904761904761904], [0.011904761904761904], [0.011904761904761904], [0.011904761904761904], [0.011904761904761904], [0.011904761904761904], [0.011904761904761904], [0.011904761904761904], [0.011904761904761904], [0.011904761904761904], [0.011904761904761904], [0.011904761904761904], [0.011904761904761904], [0.011904761904761904], [0.011904761904761904], [0.011904761904761904], [0.011904761904761904], [0.011904761904761904], [0.011904761904761904], [0.011904761904761904], [0.011904761904761904], [0.011904761904761904], [0.011904761904761904], [0.011904761904761904], [0.011904761904761904], [0.011904761904761904]]}