{"from": [2, 1, 0, 2, 6, 0, 1, 4, 13, 2, 8, 23, 9, 16, 14, 1, 13, 5, 20, 9, 12, 21, 5, 8, 17, 11, 10, 16, 9, 11, 10, 9, 8, 15, 14, 3, 7, 5, 12, 24, 12, 5, 19, 9, 23, 9, 20, 23, 22, 24, 19, 20, 18, 23, 22, 24, 16, 21, 8, 18, 23, 22, 24, 19, 19, 8, 19, 20, 18, 24, 5, 20, 18, 17, 24, 19, 20, 18, 23, 22, 19, 15], "to": [0, 0, 1, 1, 1, 2, 2, 2, 3, 4, 5, 5, 5, 5, 5, 6, 7, 8, 8, 8, 8, 8, 9, 9, 9, 9, 9, 9, 10, 10, 11, 11, 12, 12, 12, 13, 13, 14, 14, 15, 15, 16, 16, 16, 17, 17, 18, 18, 18, 18, 18, 19, 19, 19, 19, 19, 19, 19, 20, 20, 20, 20, 20, 20, 21, 21, 22, 22, 22, 22, 23, 23, 23, 23, 23, 23, 24, 24, 24, 24, 24, 24], "influence_y": [4, 6, 16, 0], "weights": [[0.012195121951219513], [0.012195121951219513], [0.012195121951219513], [0.012195121951219513], [0.012195121951219513], [0.012195121951219513], [0.012195121951219513], [0.012195121951219513], [0.012195121951219513], [0.012195121951219513], [0.012195121951219513], [0.012195121951219513], [0.012195121951219513], [0.012195121951219513], [0.012195121951219513], [0.012195121951219513], [0.012195121951219513], [0.012195121951219513], [0.012195121951219513], [0.012195121951219513], [0.012195121951219513], [0.012195121951219513], [0.012195121951219513], [0.012195121951219513], [0.012195121951219513], [0.012195121951219513], [0.012195121951219513], [0.012195121951219513], [0.012195121951219513], [0.012195121951219513], [0.012195121951219513], [0.012195121951219513], [0.012195121951219513], [0.012195121951219513], [0.012195121951219513], [0.012195121951219513], [0.012195121951219513], [0.012195121951219513], [0.012195121951219513], [0.012195121951219513], [0.012195121951219513], [0.012195121951219513], [0.012195121951219513], [0.012195121951219513], [0.012195121951219513], [0.012195121951219513], [0.012195121951219513], [0.012195121951219513], [0.012195121951219513], [0.012195121951219513], [0.012195121951219513], [0.012195121951219513], [0.012195121951219513], [0.012195121951219513], [0.012195121951219513], [0.012195121951219513], [0.012195121951219513], [0.012195121951219513], [0.012195121951219513], [0.012195121951219513], [0.012195121951219513], [0.012195121951219513], [0.012195121951219513], [0.012195121951219513], [0.012195121951219513], [0.012195121951219513], [0.012195121951219513], [0.012195121951219513], [0.012195121951219513], [0.012195121951219513], [0.012195121951219513], [0.012195121951219513], [0.012195121951219513], [0.012195121951219513], [0.012195121951219513], [0.012195121951219513], [0.012195121951219513], [0.012195121951219513], [0.012195121951219513], [0.012195121951219513], [0.012195121951219513], [0.012195121951219513]]}