{"from": [2, 1, 0, 2, 0, 1, 4, 5, 13, 2, 6, 3, 9, 4, 13, 9, 12, 20, 8, 5, 23, 11, 10, 16, 9, 11, 10, 9, 8, 15, 14, 3, 7, 22, 15, 12, 24, 14, 12, 9, 19, 23, 23, 20, 19, 24, 20, 18, 23, 24, 16, 21, 9, 19, 18, 24, 23, 19, 14, 18, 17, 9, 24, 19, 21, 20, 18, 23, 19, 15], "to": [0, 0, 1, 1, 2, 2, 2, 3, 3, 4, 4, 5, 5, 6, 7, 8, 8, 9, 9, 9, 9, 9, 9, 9, 10, 10, 11, 11, 12, 12, 12, 13, 13, 14, 14, 14, 15, 15, 15, 16, 16, 17, 18, 18, 18, 18, 19, 19, 19, 19, 19, 19, 20, 20, 20, 20, 21, 21, 22, 23, 23, 23, 23, 23, 23, 24, 24, 24, 24, 24], "influence_y": [5, 8, 6, 16, 1, 7], "weights": [[0.014285714285714285], [0.014285714285714285], [0.014285714285714285], [0.014285714285714285], [0.014285714285714285], [0.014285714285714285], [0.014285714285714285], [0.014285714285714285], [0.014285714285714285], [0.014285714285714285], [0.014285714285714285], [0.014285714285714285], [0.014285714285714285], [0.014285714285714285], [0.014285714285714285], [0.014285714285714285], [0.014285714285714285], [0.014285714285714285], [0.014285714285714285], [0.014285714285714285], [0.014285714285714285], [0.014285714285714285], [0.014285714285714285], [0.014285714285714285], [0.014285714285714285], [0.014285714285714285], [0.014285714285714285], [0.014285714285714285], [0.014285714285714285], [0.014285714285714285], [0.014285714285714285], [0.014285714285714285], [0.014285714285714285], [0.014285714285714285], [0.014285714285714285], [0.014285714285714285], [0.014285714285714285], [0.014285714285714285], [0.014285714285714285], [0.014285714285714285], [0.014285714285714285], [0.014285714285714285], [0.014285714285714285], [0.014285714285714285], [0.014285714285714285], [0.014285714285714285], [0.014285714285714285], [0.014285714285714285], [0.014285714285714285], [0.014285714285714285], [0.014285714285714285], [0.014285714285714285], [0.014285714285714285], [0.014285714285714285], [0.014285714285714285], [0.014285714285714285], [0.014285714285714285], [0.014285714285714285], [0.014285714285714285], [0.014285714285714285], [0.014285714285714285], [0.014285714285714285], [0.014285714285714285], [0.014285714285714285], [0.014285714285714285], [0.014285714285714285], [0.014285714285714285], [0.014285714285714285], [0.014285714285714285], [0.014285714285714285]]}