{"from": [2, 1, 0, 2, 0, 1, 4, 21, 13, 12, 5, 2, 8, 23, 9, 16, 4, 16, 5, 9, 24, 12, 21, 20, 8, 5, 17, 11, 10, 16, 9, 11, 10, 9, 3, 8, 15, 14, 3, 12, 24, 12, 7, 5, 19, 9, 23, 9, 20, 23, 24, 19, 21, 20, 18, 23, 22, 24, 16, 21, 18, 23, 9, 24, 19, 3, 19, 8, 18, 19, 5, 20, 18, 17, 24, 19, 20, 8, 18, 23, 19, 15], "to": [0, 0, 1, 1, 2, 2, 2, 3, 3, 3, 4, 4, 5, 5, 5, 5, 5, 7, 8, 8, 8, 8, 8, 9, 9, 9, 9, 9, 9, 9, 10, 10, 11, 11, 12, 12, 12, 12, 13, 14, 15, 15, 16, 16, 16, 16, 17, 17, 18, 18, 18, 18, 18, 19, 19, 19, 19, 19, 19, 19, 20, 20, 20, 20, 20, 21, 21, 21, 21, 22, 23, 23, 23, 23, 23, 23, 24, 24, 24, 24, 24, 24], "influence_y": [4, 3, 5, 2], "weights": [[0.012195121951219513], [0.012195121951219513], [0.012195121951219513], [0.012195121951219513], [0.012195121951219513], [0.012195121951219513], [0.012195121951219513], [0.012195121951219513], [0.012195121951219513], [0.012195121951219513], [0.012195121951219513], [0.012195121951219513], [0.012195121951219513], [0.012195121951219513], [0.012195121951219513], [0.012195121951219513], [0.012195121951219513], [0.012195121951219513], [0.012195121951219513], [0.012195121951219513], [0.012195121951219513], [0.012195121951219513], [0.012195121951219513], [0.012195121951219513], [0.012195121951219513], [0.012195121951219513], [0.012195121951219513], [0.012195121951219513], [0.012195121951219513], [0.012195121951219513], [0.012195121951219513], [0.012195121951219513], [0.012195121951219513], [0.012195121951219513], [0.012195121951219513], [0.012195121951219513], [0.012195121951219513], [0.012195121951219513], [0.012195121951219513], [0.012195121951219513], [0.012195121951219513], [0.012195121951219513], [0.012195121951219513], [0.012195121951219513], [0.012195121951219513], [0.012195121951219513], [0.012195121951219513], [0.012195121951219513], [0.012195121951219513], [0.012195121951219513], [0.012195121951219513], [0.012195121951219513], [0.012195121951219513], [0.012195121951219513], [0.012195121951219513], [0.012195121951219513], [0.012195121951219513], [0.012195121951219513], [0.012195121951219513], [0.012195121951219513], [0.012195121951219513], [0.012195121951219513], [0.012195121951219513], [0.012195121951219513], [0.012195121951219513], [0.012195121951219513], [0.012195121951219513], [0.012195121951219513], [0.012195121951219513], [0.012195121951219513], [0.012195121951219513], [0.012195121951219513], [0.012195121951219513], [0.012195121951219513], [0.012195121951219513], [0.012195121951219513], [0.012195121951219513], [0.012195121951219513], [0.012195121951219513], [0.012195121951219513], [0.012195121951219513], [0.012195121951219513]]}