{"from": [2, 1, 0, 2, 0, 1, 4, 13, 2, 6, 23, 8, 9, 6, 5, 4, 13, 5, 9, 24, 21, 20, 8, 5, 11, 10, 16, 9, 11, 10, 9, 15, 14, 3, 7, 19, 15, 12, 24, 14, 12, 9, 19, 23, 20, 19, 24, 20, 18, 23, 24, 16, 14, 21, 18, 23, 9, 24, 19, 19, 8, 24, 20, 5, 18, 24, 19, 20, 8, 18, 23, 22, 19, 15], "to": [0, 0, 1, 1, 2, 2, 2, 3, 4, 4, 5, 5, 5, 5, 6, 6, 7, 8, 8, 8, 8, 9, 9, 9, 9, 9, 9, 10, 10, 11, 11, 12, 12, 13, 13, 14, 14, 14, 15, 15, 15, 16, 16, 18, 18, 18, 18, 19, 19, 19, 19, 19, 19, 19, 20, 20, 20, 20, 20, 21, 21, 22, 23, 23, 23, 23, 23, 24, 24, 24, 24, 24, 24, 24], "influence_y": [8, 5, 3, 1, 16, 4, 12], "weights": [[0.013513513513513514], [0.013513513513513514], [0.013513513513513514], [0.013513513513513514], [0.013513513513513514], [0.013513513513513514], [0.013513513513513514], [0.013513513513513514], [0.013513513513513514], [0.013513513513513514], [0.013513513513513514], [0.013513513513513514], [0.013513513513513514], [0.013513513513513514], [0.013513513513513514], [0.013513513513513514], [0.013513513513513514], [0.013513513513513514], [0.013513513513513514], [0.013513513513513514], [0.013513513513513514], [0.013513513513513514], [0.013513513513513514], [0.013513513513513514], [0.013513513513513514], [0.013513513513513514], [0.013513513513513514], [0.013513513513513514], [0.013513513513513514], [0.013513513513513514], [0.013513513513513514], [0.013513513513513514], [0.013513513513513514], [0.013513513513513514], [0.013513513513513514], [0.013513513513513514], [0.013513513513513514], [0.013513513513513514], [0.013513513513513514], [0.013513513513513514], [0.013513513513513514], [0.013513513513513514], [0.013513513513513514], [0.013513513513513514], [0.013513513513513514], [0.013513513513513514], [0.013513513513513514], [0.013513513513513514], [0.013513513513513514], [0.013513513513513514], [0.013513513513513514], [0.013513513513513514], [0.013513513513513514], [0.013513513513513514], [0.013513513513513514], [0.013513513513513514], [0.013513513513513514], [0.013513513513513514], [0.013513513513513514], [0.013513513513513514], [0.013513513513513514], [0.013513513513513514], [0.013513513513513514], [0.013513513513513514], [0.013513513513513514], [0.013513513513513514], [0.013513513513513514], [0.013513513513513514], [0.013513513513513514], [0.013513513513513514], [0.013513513513513514], [0.013513513513513514], [0.013513513513513514], [0.013513513513513514]]}