{"from": [2, 1, 0, 2, 0, 1, 4, 5, 13, 5, 2, 6, 3, 8, 9, 23, 4, 4, 5, 9, 24, 12, 21, 20, 8, 5, 23, 11, 10, 16, 9, 11, 10, 9, 8, 15, 14, 3, 15, 12, 24, 14, 12, 9, 23, 20, 19, 24, 20, 18, 23, 24, 21, 18, 23, 22, 9, 24, 19, 19, 8, 20, 24, 5, 20, 18, 9, 24, 19, 20, 8, 18, 23, 22, 19, 15], "to": [0, 0, 1, 1, 2, 2, 2, 3, 3, 4, 4, 4, 5, 5, 5, 5, 5, 6, 8, 8, 8, 8, 8, 9, 9, 9, 9, 9, 9, 9, 10, 10, 11, 11, 12, 12, 12, 13, 14, 14, 15, 15, 15, 16, 18, 18, 18, 18, 19, 19, 19, 19, 19, 20, 20, 20, 20, 20, 20, 21, 21, 22, 22, 23, 23, 23, 23, 23, 23, 24, 24, 24, 24, 24, 24, 24], "influence_y": [5, 2, 12, 14], "weights": [[0.013157894736842105], [0.013157894736842105], [0.013157894736842105], [0.013157894736842105], [0.013157894736842105], [0.013157894736842105], [0.013157894736842105], [0.013157894736842105], [0.013157894736842105], [0.013157894736842105], [0.013157894736842105], [0.013157894736842105], [0.013157894736842105], [0.013157894736842105], [0.013157894736842105], [0.013157894736842105], [0.013157894736842105], [0.013157894736842105], [0.013157894736842105], [0.013157894736842105], [0.013157894736842105], [0.013157894736842105], [0.013157894736842105], [0.013157894736842105], [0.013157894736842105], [0.013157894736842105], [0.013157894736842105], [0.013157894736842105], [0.013157894736842105], [0.013157894736842105], [0.013157894736842105], [0.013157894736842105], [0.013157894736842105], [0.013157894736842105], [0.013157894736842105], [0.013157894736842105], [0.013157894736842105], [0.013157894736842105], [0.013157894736842105], [0.013157894736842105], [0.013157894736842105], [0.013157894736842105], [0.013157894736842105], [0.013157894736842105], [0.013157894736842105], [0.013157894736842105], [0.013157894736842105], [0.013157894736842105], [0.013157894736842105], [0.013157894736842105], [0.013157894736842105], [0.013157894736842105], [0.013157894736842105], [0.013157894736842105], [0.013157894736842105], [0.013157894736842105], [0.013157894736842105], [0.013157894736842105], [0.013157894736842105], [0.013157894736842105], [0.013157894736842105], [0.013157894736842105], [0.013157894736842105], [0.013157894736842105], [0.013157894736842105], [0.013157894736842105], [0.013157894736842105], [0.013157894736842105], [0.013157894736842105], [0.013157894736842105], [0.013157894736842105], [0.013157894736842105], [0.013157894736842105], [0.013157894736842105], [0.013157894736842105], [0.013157894736842105]]}