{"from": [2, 1, 0, 2, 0, 1, 4, 13, 21, 5, 2, 8, 23, 9, 14, 4, 12, 5, 24, 9, 5, 8, 11, 10, 16, 21, 9, 11, 10, 9, 8, 15, 14, 3, 5, 15, 12, 24, 14, 12, 9, 23, 20, 23, 24, 19, 21, 20, 18, 23, 24, 21, 19, 18, 24, 3, 18, 9, 23, 24, 19, 5, 18, 17, 24, 19, 21, 20, 8, 18, 23, 19, 15, 21], "to": [0, 0, 1, 1, 2, 2, 2, 3, 3, 4, 4, 5, 5, 5, 5, 5, 8, 8, 8, 8, 9, 9, 9, 9, 9, 9, 10, 10, 11, 11, 12, 12, 12, 13, 14, 14, 14, 15, 15, 15, 16, 17, 18, 18, 18, 18, 18, 19, 19, 19, 19, 19, 20, 20, 20, 21, 21, 21, 21, 21, 21, 23, 23, 23, 23, 23, 23, 24, 24, 24, 24, 24, 24, 24], "influence_y": [5, 3, 0, 6], "weights": [[0.013513513513513514], [0.013513513513513514], [0.013513513513513514], [0.013513513513513514], [0.013513513513513514], [0.013513513513513514], [0.013513513513513514], [0.013513513513513514], [0.013513513513513514], [0.013513513513513514], [0.013513513513513514], [0.013513513513513514], [0.013513513513513514], [0.013513513513513514], [0.013513513513513514], [0.013513513513513514], [0.013513513513513514], [0.013513513513513514], [0.013513513513513514], [0.013513513513513514], [0.013513513513513514], [0.013513513513513514], [0.013513513513513514], [0.013513513513513514], [0.013513513513513514], [0.013513513513513514], [0.013513513513513514], [0.013513513513513514], [0.013513513513513514], [0.013513513513513514], [0.013513513513513514], [0.013513513513513514], [0.013513513513513514], [0.013513513513513514], [0.013513513513513514], [0.013513513513513514], [0.013513513513513514], [0.013513513513513514], [0.013513513513513514], [0.013513513513513514], [0.013513513513513514], [0.013513513513513514], [0.013513513513513514], [0.013513513513513514], [0.013513513513513514], [0.013513513513513514], [0.013513513513513514], [0.013513513513513514], [0.013513513513513514], [0.013513513513513514], [0.013513513513513514], [0.013513513513513514], [0.013513513513513514], [0.013513513513513514], [0.013513513513513514], [0.013513513513513514], [0.013513513513513514], [0.013513513513513514], [0.013513513513513514], [0.013513513513513514], [0.013513513513513514], [0.013513513513513514], [0.013513513513513514], [0.013513513513513514], [0.013513513513513514], [0.013513513513513514], [0.013513513513513514], [0.013513513513513514], [0.013513513513513514], [0.013513513513513514], [0.013513513513513514], [0.013513513513513514], [0.013513513513513514], [0.013513513513513514]]}