{"from": [2, 1, 0, 2, 0, 1, 4, 5, 13, 17, 21, 2, 3, 9, 8, 13, 12, 5, 24, 9, 5, 8, 17, 23, 11, 10, 16, 21, 9, 11, 10, 9, 8, 14, 7, 3, 12, 24, 9, 19, 3, 9, 23, 20, 23, 22, 24, 19, 20, 18, 23, 22, 24, 16, 18, 23, 22, 24, 19, 3, 9, 23, 20, 19, 18, 20, 18, 17, 22, 9, 24, 19, 20, 8, 18, 23, 19, 15], "to": [0, 0, 1, 1, 2, 2, 2, 3, 3, 3, 3, 4, 5, 5, 5, 7, 8, 8, 8, 8, 9, 9, 9, 9, 9, 9, 9, 9, 10, 10, 11, 11, 12, 12, 13, 13, 14, 15, 16, 16, 17, 17, 17, 18, 18, 18, 18, 18, 19, 19, 19, 19, 19, 19, 20, 20, 20, 20, 20, 21, 21, 22, 22, 22, 22, 23, 23, 23, 23, 23, 23, 23, 24, 24, 24, 24, 24, 24], "influence_y": [1, 5, 11, 23], "weights": [[0.01282051282051282], [0.01282051282051282], [0.01282051282051282], [0.01282051282051282], [0.01282051282051282], [0.01282051282051282], [0.01282051282051282], [0.01282051282051282], [0.01282051282051282], [0.01282051282051282], [0.01282051282051282], [0.01282051282051282], [0.01282051282051282], [0.01282051282051282], [0.01282051282051282], [0.01282051282051282], [0.01282051282051282], [0.01282051282051282], [0.01282051282051282], [0.01282051282051282], [0.01282051282051282], [0.01282051282051282], [0.01282051282051282], [0.01282051282051282], [0.01282051282051282], [0.01282051282051282], [0.01282051282051282], [0.01282051282051282], [0.01282051282051282], [0.01282051282051282], [0.01282051282051282], [0.01282051282051282], [0.01282051282051282], [0.01282051282051282], [0.01282051282051282], [0.01282051282051282], [0.01282051282051282], [0.01282051282051282], [0.01282051282051282], [0.01282051282051282], [0.01282051282051282], [0.01282051282051282], [0.01282051282051282], [0.01282051282051282], [0.01282051282051282], [0.01282051282051282], [0.01282051282051282], [0.01282051282051282], [0.01282051282051282], [0.01282051282051282], [0.01282051282051282], [0.01282051282051282], [0.01282051282051282], [0.01282051282051282], [0.01282051282051282], [0.01282051282051282], [0.01282051282051282], [0.01282051282051282], [0.01282051282051282], [0.01282051282051282], [0.01282051282051282], [0.01282051282051282], [0.01282051282051282], [0.01282051282051282], [0.01282051282051282], [0.01282051282051282], [0.01282051282051282], [0.01282051282051282], [0.01282051282051282], [0.01282051282051282], [0.01282051282051282], [0.01282051282051282], [0.01282051282051282], [0.01282051282051282], [0.01282051282051282], [0.01282051282051282], [0.01282051282051282], [0.01282051282051282]]}