{"from": [2, 1, 0, 2, 6, 0, 1, 4, 13, 17, 21, 5, 2, 23, 8, 9, 4, 1, 13, 12, 5, 9, 20, 8, 5, 17, 11, 10, 16, 21, 9, 11, 10, 9, 8, 15, 3, 7, 15, 24, 14, 12, 9, 24, 3, 9, 23, 20, 23, 22, 24, 19, 21, 23, 20, 18, 24, 18, 23, 9, 24, 19, 3, 9, 18, 18, 20, 5, 18, 17, 24, 19, 20, 18, 23, 19, 16, 15], "to": [0, 0, 1, 1, 1, 2, 2, 2, 3, 3, 3, 4, 4, 5, 5, 5, 5, 6, 7, 8, 8, 8, 9, 9, 9, 9, 9, 9, 9, 9, 10, 10, 11, 11, 12, 12, 13, 13, 14, 15, 15, 15, 16, 16, 17, 17, 17, 18, 18, 18, 18, 18, 18, 19, 19, 19, 19, 20, 20, 20, 20, 20, 21, 21, 21, 22, 23, 23, 23, 23, 23, 23, 24, 24, 24, 24, 24, 24], "influence_y": [4, 6, 3, 16, 14, 12, 7], "weights": [[0.01282051282051282], [0.01282051282051282], [0.01282051282051282], [0.01282051282051282], [0.01282051282051282], [0.01282051282051282], [0.01282051282051282], [0.01282051282051282], [0.01282051282051282], [0.01282051282051282], [0.01282051282051282], [0.01282051282051282], [0.01282051282051282], [0.01282051282051282], [0.01282051282051282], [0.01282051282051282], [0.01282051282051282], [0.01282051282051282], [0.01282051282051282], [0.01282051282051282], [0.01282051282051282], [0.01282051282051282], [0.01282051282051282], [0.01282051282051282], [0.01282051282051282], [0.01282051282051282], [0.01282051282051282], [0.01282051282051282], [0.01282051282051282], [0.01282051282051282], [0.01282051282051282], [0.01282051282051282], [0.01282051282051282], [0.01282051282051282], [0.01282051282051282], [0.01282051282051282], [0.01282051282051282], [0.01282051282051282], [0.01282051282051282], [0.01282051282051282], [0.01282051282051282], [0.01282051282051282], [0.01282051282051282], [0.01282051282051282], [0.01282051282051282], [0.01282051282051282], [0.01282051282051282], [0.01282051282051282], [0.01282051282051282], [0.01282051282051282], [0.01282051282051282], [0.01282051282051282], [0.01282051282051282], [0.01282051282051282], [0.01282051282051282], [0.01282051282051282], [0.01282051282051282], [0.01282051282051282], [0.01282051282051282], [0.01282051282051282], [0.01282051282051282], [0.01282051282051282], [0.01282051282051282], [0.01282051282051282], [0.01282051282051282], [0.01282051282051282], [0.01282051282051282], [0.01282051282051282], [0.01282051282051282], [0.01282051282051282], [0.01282051282051282], [0.01282051282051282], [0.01282051282051282], [0.01282051282051282], [0.01282051282051282], [0.01282051282051282], [0.01282051282051282], [0.01282051282051282]]}