{"from": [2, 1, 0, 2, 6, 0, 1, 4, 10, 5, 13, 21, 2, 3, 9, 8, 23, 1, 16, 13, 5, 20, 9, 12, 5, 8, 17, 11, 10, 16, 21, 3, 9, 11, 10, 9, 8, 14, 3, 23, 7, 15, 12, 24, 14, 7, 9, 19, 9, 23, 20, 19, 24, 20, 18, 23, 22, 24, 16, 21, 8, 18, 23, 24, 19, 3, 9, 19, 24, 19, 5, 20, 13, 18, 24, 19, 20, 18, 23, 19, 15, 21], "to": [0, 0, 1, 1, 1, 2, 2, 2, 3, 3, 3, 3, 4, 5, 5, 5, 5, 6, 7, 7, 8, 8, 8, 8, 9, 9, 9, 9, 9, 9, 9, 10, 10, 10, 11, 11, 12, 12, 13, 13, 13, 14, 14, 15, 15, 16, 16, 16, 17, 18, 18, 18, 18, 19, 19, 19, 19, 19, 19, 19, 20, 20, 20, 20, 20, 21, 21, 21, 21, 22, 23, 23, 23, 23, 23, 23, 24, 24, 24, 24, 24, 24], "influence_y": [12, 5, 4, 8], "weights": [[0.012195121951219513], [0.012195121951219513], [0.012195121951219513], [0.012195121951219513], [0.012195121951219513], [0.012195121951219513], [0.012195121951219513], [0.012195121951219513], [0.012195121951219513], [0.012195121951219513], [0.012195121951219513], [0.012195121951219513], [0.012195121951219513], [0.012195121951219513], [0.012195121951219513], [0.012195121951219513], [0.012195121951219513], [0.012195121951219513], [0.012195121951219513], [0.012195121951219513], [0.012195121951219513], [0.012195121951219513], [0.012195121951219513], [0.012195121951219513], [0.012195121951219513], [0.012195121951219513], [0.012195121951219513], [0.012195121951219513], [0.012195121951219513], [0.012195121951219513], [0.012195121951219513], [0.012195121951219513], [0.012195121951219513], [0.012195121951219513], [0.012195121951219513], [0.012195121951219513], [0.012195121951219513], [0.012195121951219513], [0.012195121951219513], [0.012195121951219513], [0.012195121951219513], [0.012195121951219513], [0.012195121951219513], [0.012195121951219513], [0.012195121951219513], [0.012195121951219513], [0.012195121951219513], [0.012195121951219513], [0.012195121951219513], [0.012195121951219513], [0.012195121951219513], [0.012195121951219513], [0.012195121951219513], [0.012195121951219513], [0.012195121951219513], [0.012195121951219513], [0.012195121951219513], [0.012195121951219513], [0.012195121951219513], [0.012195121951219513], [0.012195121951219513], [0.012195121951219513], [0.012195121951219513], [0.012195121951219513], [0.012195121951219513], [0.012195121951219513], [0.012195121951219513], [0.012195121951219513], [0.012195121951219513], [0.012195121951219513], [0.012195121951219513], [0.012195121951219513], [0.012195121951219513], [0.012195121951219513], [0.012195121951219513], [0.012195121951219513], [0.012195121951219513], [0.012195121951219513], [0.012195121951219513], [0.012195121951219513], [0.012195121951219513], [0.012195121951219513]]}