{"from": [2, 0, 2, 6, 7, 20, 13, 2, 0, 9, 10, 3, 11, 8, 16, 21, 12, 19, 22, 23, 16, 10, 11, 8, 23, 16, 21, 12, 11, 23, 14, 7, 16, 15, 11, 22, 21, 23, 18, 21, 22, 14, 19, 18, 23, 21, 22, 18, 22, 21, 17, 20, 19, 23, 18, 21, 22, 15], "to": [0, 1, 1, 1, 1, 1, 3, 4, 4, 5, 5, 5, 5, 5, 5, 8, 8, 8, 8, 8, 8, 9, 9, 9, 9, 9, 9, 9, 10, 11, 12, 13, 13, 14, 16, 18, 18, 19, 19, 19, 19, 19, 20, 20, 20, 20, 20, 23, 23, 23, 23, 24, 24, 24, 24, 24, 24, 24], "influence_y": [1, 24, 4], "weights": [[0.017241379310344827], [0.017241379310344827], [0.017241379310344827], [0.017241379310344827], [0.017241379310344827], [0.017241379310344827], [0.017241379310344827], [0.017241379310344827], [0.017241379310344827], [0.017241379310344827], [0.017241379310344827], [0.017241379310344827], [0.017241379310344827], [0.017241379310344827], [0.017241379310344827], [0.017241379310344827], [0.017241379310344827], [0.017241379310344827], [0.017241379310344827], [0.017241379310344827], [0.017241379310344827], [0.017241379310344827], [0.017241379310344827], [0.017241379310344827], [0.017241379310344827], [0.017241379310344827], [0.017241379310344827], [0.017241379310344827], [0.017241379310344827], [0.017241379310344827], [0.017241379310344827], [0.017241379310344827], [0.017241379310344827], [0.017241379310344827], [0.017241379310344827], [0.017241379310344827], [0.017241379310344827], [0.017241379310344827], [0.017241379310344827], [0.017241379310344827], [0.017241379310344827], [0.017241379310344827], [0.017241379310344827], [0.017241379310344827], [0.017241379310344827], [0.017241379310344827], [0.017241379310344827], [0.017241379310344827], [0.017241379310344827], [0.017241379310344827], [0.017241379310344827], [0.017241379310344827], [0.017241379310344827], [0.017241379310344827], [0.017241379310344827], [0.017241379310344827], [0.017241379310344827], [0.017241379310344827]]}