{"from": [2, 0, 2, 6, 7, 20, 13, 2, 0, 9, 10, 3, 11, 8, 23, 19, 21, 12, 22, 23, 16, 10, 11, 8, 16, 23, 12, 21, 11, 14, 15, 7, 15, 11, 19, 21, 14, 7, 12, 23, 21, 22, 18, 23, 21, 22, 14, 19, 18, 23, 21, 22, 22, 21, 17, 20, 19, 18, 23, 21, 22, 15], "to": [0, 1, 1, 1, 1, 1, 3, 4, 4, 5, 5, 5, 5, 5, 5, 8, 8, 8, 8, 8, 8, 9, 9, 9, 9, 9, 9, 9, 10, 12, 12, 13, 14, 16, 16, 16, 16, 16, 16, 18, 18, 18, 19, 19, 19, 19, 19, 20, 20, 20, 20, 20, 23, 23, 23, 24, 24, 24, 24, 24, 24, 24], "influence_y": [5, 24, 6, 10, 17, 19], "weights": [[0.016129032258064516], [0.016129032258064516], [0.016129032258064516], [0.016129032258064516], [0.016129032258064516], [0.016129032258064516], [0.016129032258064516], [0.016129032258064516], [0.016129032258064516], [0.016129032258064516], [0.016129032258064516], [0.016129032258064516], [0.016129032258064516], [0.016129032258064516], [0.016129032258064516], [0.016129032258064516], [0.016129032258064516], [0.016129032258064516], [0.016129032258064516], [0.016129032258064516], [0.016129032258064516], [0.016129032258064516], [0.016129032258064516], [0.016129032258064516], [0.016129032258064516], [0.016129032258064516], [0.016129032258064516], [0.016129032258064516], [0.016129032258064516], [0.016129032258064516], [0.016129032258064516], [0.016129032258064516], [0.016129032258064516], [0.016129032258064516], [0.016129032258064516], [0.016129032258064516], [0.016129032258064516], [0.016129032258064516], [0.016129032258064516], [0.016129032258064516], [0.016129032258064516], [0.016129032258064516], [0.016129032258064516], [0.016129032258064516], [0.016129032258064516], [0.016129032258064516], [0.016129032258064516], [0.016129032258064516], [0.016129032258064516], [0.016129032258064516], [0.016129032258064516], [0.016129032258064516], [0.016129032258064516], [0.016129032258064516], [0.016129032258064516], [0.016129032258064516], [0.016129032258064516], [0.016129032258064516], [0.016129032258064516], [0.016129032258064516], [0.016129032258064516], [0.016129032258064516]]}