{"from": [2, 0, 2, 20, 6, 7, 13, 2, 0, 9, 10, 3, 11, 8, 23, 16, 21, 19, 22, 12, 23, 16, 10, 11, 8, 16, 23, 21, 12, 11, 23, 14, 15, 7, 23, 21, 11, 19, 21, 7, 14, 22, 21, 22, 23, 18, 21, 22, 14, 24, 19, 23, 18, 21, 22, 18, 22, 21, 17, 23, 19, 18, 21, 22, 15], "to": [0, 1, 1, 1, 1, 1, 3, 4, 4, 5, 5, 5, 5, 5, 5, 5, 8, 8, 8, 8, 8, 8, 9, 9, 9, 9, 9, 9, 9, 10, 11, 12, 12, 13, 13, 13, 16, 16, 16, 16, 16, 16, 18, 18, 19, 19, 19, 19, 19, 20, 20, 20, 20, 20, 20, 23, 23, 23, 23, 24, 24, 24, 24, 24, 24], "influence_y": [0, 12, 6, 23, 19], "weights": [[0.015384615384615385], [0.015384615384615385], [0.015384615384615385], [0.015384615384615385], [0.015384615384615385], [0.015384615384615385], [0.015384615384615385], [0.015384615384615385], [0.015384615384615385], [0.015384615384615385], [0.015384615384615385], [0.015384615384615385], [0.015384615384615385], [0.015384615384615385], [0.015384615384615385], [0.015384615384615385], [0.015384615384615385], [0.015384615384615385], [0.015384615384615385], [0.015384615384615385], [0.015384615384615385], [0.015384615384615385], [0.015384615384615385], [0.015384615384615385], [0.015384615384615385], [0.015384615384615385], [0.015384615384615385], [0.015384615384615385], [0.015384615384615385], [0.015384615384615385], [0.015384615384615385], [0.015384615384615385], [0.015384615384615385], [0.015384615384615385], [0.015384615384615385], [0.015384615384615385], [0.015384615384615385], [0.015384615384615385], [0.015384615384615385], [0.015384615384615385], [0.015384615384615385], [0.015384615384615385], [0.015384615384615385], [0.015384615384615385], [0.015384615384615385], [0.015384615384615385], [0.015384615384615385], [0.015384615384615385], [0.015384615384615385], [0.015384615384615385], [0.015384615384615385], [0.015384615384615385], [0.015384615384615385], [0.015384615384615385], [0.015384615384615385], [0.015384615384615385], [0.015384615384615385], [0.015384615384615385], [0.015384615384615385], [0.015384615384615385], [0.015384615384615385], [0.015384615384615385], [0.015384615384615385], [0.015384615384615385], [0.015384615384615385]]}