{"from": [2, 0, 2, 6, 20, 7, 13, 21, 15, 2, 0, 9, 10, 3, 11, 8, 23, 16, 21, 12, 23, 19, 22, 16, 10, 11, 8, 16, 23, 21, 11, 14, 15, 7, 21, 23, 18, 15, 11, 19, 21, 10, 14, 22, 7, 12, 19, 23, 21, 22, 23, 21, 22, 14, 24, 18, 19, 23, 21, 22, 17, 21, 22, 19, 18, 23, 21, 22, 15], "to": [0, 1, 1, 1, 1, 1, 3, 3, 3, 4, 4, 5, 5, 5, 5, 5, 5, 5, 8, 8, 8, 8, 8, 8, 9, 9, 9, 9, 9, 9, 10, 12, 12, 13, 13, 13, 13, 14, 16, 16, 16, 16, 16, 16, 16, 16, 18, 18, 18, 18, 19, 19, 19, 19, 20, 20, 20, 20, 20, 20, 23, 23, 23, 24, 24, 24, 24, 24, 24], "influence_y": [3, 8, 9, 7, 13, 23], "weights": [[0.014492753623188406], [0.014492753623188406], [0.014492753623188406], [0.014492753623188406], [0.014492753623188406], [0.014492753623188406], [0.014492753623188406], [0.014492753623188406], [0.014492753623188406], [0.014492753623188406], [0.014492753623188406], [0.014492753623188406], [0.014492753623188406], [0.014492753623188406], [0.014492753623188406], [0.014492753623188406], [0.014492753623188406], [0.014492753623188406], [0.014492753623188406], [0.014492753623188406], [0.014492753623188406], [0.014492753623188406], [0.014492753623188406], [0.014492753623188406], [0.014492753623188406], [0.014492753623188406], [0.014492753623188406], [0.014492753623188406], [0.014492753623188406], [0.014492753623188406], [0.014492753623188406], [0.014492753623188406], [0.014492753623188406], [0.014492753623188406], [0.014492753623188406], [0.014492753623188406], [0.014492753623188406], [0.014492753623188406], [0.014492753623188406], [0.014492753623188406], [0.014492753623188406], [0.014492753623188406], [0.014492753623188406], [0.014492753623188406], [0.014492753623188406], [0.014492753623188406], [0.014492753623188406], [0.014492753623188406], [0.014492753623188406], [0.014492753623188406], [0.014492753623188406], [0.014492753623188406], [0.014492753623188406], [0.014492753623188406], [0.014492753623188406], [0.014492753623188406], [0.014492753623188406], [0.014492753623188406], [0.014492753623188406], [0.014492753623188406], [0.014492753623188406], [0.014492753623188406], [0.014492753623188406], [0.014492753623188406], [0.014492753623188406], [0.014492753623188406], [0.014492753623188406], [0.014492753623188406], [0.014492753623188406]]}