{"from": [2, 0, 2, 6, 20, 7, 13, 5, 15, 12, 2, 0, 9, 10, 13, 11, 8, 23, 21, 19, 12, 23, 22, 16, 10, 11, 8, 23, 16, 21, 18, 12, 19, 14, 11, 14, 7, 15, 11, 19, 14, 10, 21, 7, 22, 15, 19, 22, 21, 21, 22, 14, 18, 23, 19, 21, 22, 19, 18, 21, 22, 11, 17, 14, 20, 23, 19, 18, 21, 22, 15], "to": [0, 1, 1, 1, 1, 1, 3, 3, 3, 3, 4, 4, 5, 5, 5, 5, 5, 5, 8, 8, 8, 8, 8, 8, 9, 9, 9, 9, 9, 9, 9, 9, 9, 9, 10, 12, 13, 14, 16, 16, 16, 16, 16, 16, 16, 16, 18, 18, 18, 19, 19, 19, 20, 20, 20, 20, 20, 23, 23, 23, 23, 23, 23, 23, 24, 24, 24, 24, 24, 24, 24], "influence_y": [1, 2, 13, 12, 7, 18, 8, 19], "weights": [[0.014084507042253521], [0.014084507042253521], [0.014084507042253521], [0.014084507042253521], [0.014084507042253521], [0.014084507042253521], [0.014084507042253521], [0.014084507042253521], [0.014084507042253521], [0.014084507042253521], [0.014084507042253521], [0.014084507042253521], [0.014084507042253521], [0.014084507042253521], [0.014084507042253521], [0.014084507042253521], [0.014084507042253521], [0.014084507042253521], [0.014084507042253521], [0.014084507042253521], [0.014084507042253521], [0.014084507042253521], [0.014084507042253521], [0.014084507042253521], [0.014084507042253521], [0.014084507042253521], [0.014084507042253521], [0.014084507042253521], [0.014084507042253521], [0.014084507042253521], [0.014084507042253521], [0.014084507042253521], [0.014084507042253521], [0.014084507042253521], [0.014084507042253521], [0.014084507042253521], [0.014084507042253521], [0.014084507042253521], [0.014084507042253521], [0.014084507042253521], [0.014084507042253521], [0.014084507042253521], [0.014084507042253521], [0.014084507042253521], [0.014084507042253521], [0.014084507042253521], [0.014084507042253521], [0.014084507042253521], [0.014084507042253521], [0.014084507042253521], [0.014084507042253521], [0.014084507042253521], [0.014084507042253521], [0.014084507042253521], [0.014084507042253521], [0.014084507042253521], [0.014084507042253521], [0.014084507042253521], [0.014084507042253521], [0.014084507042253521], [0.014084507042253521], [0.014084507042253521], [0.014084507042253521], [0.014084507042253521], [0.014084507042253521], [0.014084507042253521], [0.014084507042253521], [0.014084507042253521], [0.014084507042253521], [0.014084507042253521], [0.014084507042253521]]}