{"from": [2, 0, 2, 6, 20, 7, 13, 21, 12, 2, 0, 9, 10, 3, 11, 8, 23, 21, 19, 12, 22, 23, 16, 18, 17, 10, 11, 8, 16, 23, 12, 11, 14, 15, 11, 19, 21, 7, 14, 23, 21, 22, 18, 23, 21, 22, 14, 18, 19, 23, 21, 22, 17, 21, 22, 20, 18, 19, 23, 21, 22, 15], "to": [0, 1, 1, 1, 1, 1, 3, 3, 3, 4, 4, 5, 5, 5, 5, 5, 5, 8, 8, 8, 8, 8, 8, 8, 8, 9, 9, 9, 9, 9, 9, 10, 12, 12, 16, 16, 16, 16, 16, 18, 18, 18, 19, 19, 19, 19, 19, 20, 20, 20, 20, 20, 23, 23, 23, 24, 24, 24, 24, 24, 24, 24], "influence_y": [8, 4, 22, 11, 6], "weights": [[0.016129032258064516], [0.016129032258064516], [0.016129032258064516], [0.016129032258064516], [0.016129032258064516], [0.016129032258064516], [0.016129032258064516], [0.016129032258064516], [0.016129032258064516], [0.016129032258064516], [0.016129032258064516], [0.016129032258064516], [0.016129032258064516], [0.016129032258064516], [0.016129032258064516], [0.016129032258064516], [0.016129032258064516], [0.016129032258064516], [0.016129032258064516], [0.016129032258064516], [0.016129032258064516], [0.016129032258064516], [0.016129032258064516], [0.016129032258064516], [0.016129032258064516], [0.016129032258064516], [0.016129032258064516], [0.016129032258064516], [0.016129032258064516], [0.016129032258064516], [0.016129032258064516], [0.016129032258064516], [0.016129032258064516], [0.016129032258064516], [0.016129032258064516], [0.016129032258064516], [0.016129032258064516], [0.016129032258064516], [0.016129032258064516], [0.016129032258064516], [0.016129032258064516], [0.016129032258064516], [0.016129032258064516], [0.016129032258064516], [0.016129032258064516], [0.016129032258064516], [0.016129032258064516], [0.016129032258064516], [0.016129032258064516], [0.016129032258064516], [0.016129032258064516], [0.016129032258064516], [0.016129032258064516], [0.016129032258064516], [0.016129032258064516], [0.016129032258064516], [0.016129032258064516], [0.016129032258064516], [0.016129032258064516], [0.016129032258064516], [0.016129032258064516], [0.016129032258064516]]}