{"from": [2, 0, 2, 6, 20, 7, 13, 2, 0, 9, 10, 3, 11, 8, 23, 16, 9, 10, 24, 19, 11, 21, 22, 12, 15, 10, 11, 23, 21, 16, 12, 19, 18, 22, 11, 14, 15, 7, 15, 22, 11, 19, 21, 23, 18, 21, 22, 19, 23, 18, 21, 22, 17, 18, 22, 21, 20, 19, 23, 18, 21, 22, 15], "to": [0, 1, 1, 1, 1, 1, 3, 4, 4, 5, 5, 5, 5, 5, 5, 5, 8, 8, 8, 8, 8, 8, 8, 8, 8, 9, 9, 9, 9, 9, 9, 9, 9, 9, 10, 12, 12, 13, 14, 14, 16, 16, 16, 19, 19, 19, 19, 20, 20, 20, 20, 20, 23, 23, 23, 23, 24, 24, 24, 24, 24, 24, 24], "influence_y": [0, 6], "weights": [[0.015873015873015872], [0.015873015873015872], [0.015873015873015872], [0.015873015873015872], [0.015873015873015872], [0.015873015873015872], [0.015873015873015872], [0.015873015873015872], [0.015873015873015872], [0.015873015873015872], [0.015873015873015872], [0.015873015873015872], [0.015873015873015872], [0.015873015873015872], [0.015873015873015872], [0.015873015873015872], [0.015873015873015872], [0.015873015873015872], [0.015873015873015872], [0.015873015873015872], [0.015873015873015872], [0.015873015873015872], [0.015873015873015872], [0.015873015873015872], [0.015873015873015872], [0.015873015873015872], [0.015873015873015872], [0.015873015873015872], [0.015873015873015872], [0.015873015873015872], [0.015873015873015872], [0.015873015873015872], [0.015873015873015872], [0.015873015873015872], [0.015873015873015872], [0.015873015873015872], [0.015873015873015872], [0.015873015873015872], [0.015873015873015872], [0.015873015873015872], [0.015873015873015872], [0.015873015873015872], [0.015873015873015872], [0.015873015873015872], [0.015873015873015872], [0.015873015873015872], [0.015873015873015872], [0.015873015873015872], [0.015873015873015872], [0.015873015873015872], [0.015873015873015872], [0.015873015873015872], [0.015873015873015872], [0.015873015873015872], [0.015873015873015872], [0.015873015873015872], [0.015873015873015872], [0.015873015873015872], [0.015873015873015872], [0.015873015873015872], [0.015873015873015872], [0.015873015873015872], [0.015873015873015872]]}