{"from": [2, 0, 2, 6, 7, 20, 13, 2, 0, 9, 10, 3, 11, 8, 23, 21, 12, 19, 11, 22, 10, 11, 8, 16, 23, 11, 14, 7, 11, 19, 10, 14, 21, 7, 18, 21, 22, 14, 24, 19, 18, 23, 21, 22, 19, 18, 24, 21, 22, 13, 8, 17, 19, 18, 21, 22, 15], "to": [0, 1, 1, 1, 1, 1, 3, 4, 4, 5, 5, 5, 5, 5, 5, 8, 8, 8, 8, 8, 9, 9, 9, 9, 9, 10, 12, 13, 16, 16, 16, 16, 16, 16, 19, 19, 19, 19, 20, 20, 20, 20, 20, 20, 23, 23, 23, 23, 23, 23, 23, 23, 24, 24, 24, 24, 24], "influence_y": [3, 13, 16, 8, 23, 9, 6, 7, 17], "weights": [[0.017543859649122806], [0.017543859649122806], [0.017543859649122806], [0.017543859649122806], [0.017543859649122806], [0.017543859649122806], [0.017543859649122806], [0.017543859649122806], [0.017543859649122806], [0.017543859649122806], [0.017543859649122806], [0.017543859649122806], [0.017543859649122806], [0.017543859649122806], [0.017543859649122806], [0.017543859649122806], [0.017543859649122806], [0.017543859649122806], [0.017543859649122806], [0.017543859649122806], [0.017543859649122806], [0.017543859649122806], [0.017543859649122806], [0.017543859649122806], [0.017543859649122806], [0.017543859649122806], [0.017543859649122806], [0.017543859649122806], [0.017543859649122806], [0.017543859649122806], [0.017543859649122806], [0.017543859649122806], [0.017543859649122806], [0.017543859649122806], [0.017543859649122806], [0.017543859649122806], [0.017543859649122806], [0.017543859649122806], [0.017543859649122806], [0.017543859649122806], [0.017543859649122806], [0.017543859649122806], [0.017543859649122806], [0.017543859649122806], [0.017543859649122806], [0.017543859649122806], [0.017543859649122806], [0.017543859649122806], [0.017543859649122806], [0.017543859649122806], [0.017543859649122806], [0.017543859649122806], [0.017543859649122806], [0.017543859649122806], [0.017543859649122806], [0.017543859649122806], [0.017543859649122806]]}