{"from": [2, 0, 2, 6, 20, 7, 13, 21, 2, 0, 9, 10, 3, 11, 8, 21, 12, 19, 22, 23, 10, 11, 8, 16, 23, 12, 11, 14, 15, 23, 21, 7, 19, 18, 6, 15, 11, 19, 7, 21, 23, 21, 22, 18, 23, 21, 22, 14, 24, 18, 19, 23, 21, 22, 17, 22, 21, 19, 23, 18, 21, 22, 15], "to": [0, 1, 1, 1, 1, 1, 3, 3, 4, 4, 5, 5, 5, 5, 5, 8, 8, 8, 8, 8, 9, 9, 9, 9, 9, 9, 10, 12, 12, 13, 13, 13, 13, 13, 13, 14, 16, 16, 16, 16, 18, 18, 18, 19, 19, 19, 19, 19, 20, 20, 20, 20, 20, 20, 23, 23, 23, 24, 24, 24, 24, 24, 24], "influence_y": [0, 13, 1, 9, 16, 22, 21, 24, 19], "weights": [[0.015873015873015872], [0.015873015873015872], [0.015873015873015872], [0.015873015873015872], [0.015873015873015872], [0.015873015873015872], [0.015873015873015872], [0.015873015873015872], [0.015873015873015872], [0.015873015873015872], [0.015873015873015872], [0.015873015873015872], [0.015873015873015872], [0.015873015873015872], [0.015873015873015872], [0.015873015873015872], [0.015873015873015872], [0.015873015873015872], [0.015873015873015872], [0.015873015873015872], [0.015873015873015872], [0.015873015873015872], [0.015873015873015872], [0.015873015873015872], [0.015873015873015872], [0.015873015873015872], [0.015873015873015872], [0.015873015873015872], [0.015873015873015872], [0.015873015873015872], [0.015873015873015872], [0.015873015873015872], [0.015873015873015872], [0.015873015873015872], [0.015873015873015872], [0.015873015873015872], [0.015873015873015872], [0.015873015873015872], [0.015873015873015872], [0.015873015873015872], [0.015873015873015872], [0.015873015873015872], [0.015873015873015872], [0.015873015873015872], [0.015873015873015872], [0.015873015873015872], [0.015873015873015872], [0.015873015873015872], [0.015873015873015872], [0.015873015873015872], [0.015873015873015872], [0.015873015873015872], [0.015873015873015872], [0.015873015873015872], [0.015873015873015872], [0.015873015873015872], [0.015873015873015872], [0.015873015873015872], [0.015873015873015872], [0.015873015873015872], [0.015873015873015872], [0.015873015873015872], [0.015873015873015872]]}