{"from": [2, 0, 2, 6, 7, 20, 13, 21, 2, 0, 9, 10, 3, 11, 8, 16, 21, 19, 12, 22, 23, 10, 11, 8, 16, 23, 12, 11, 14, 15, 7, 23, 11, 19, 21, 14, 7, 19, 23, 21, 22, 21, 22, 14, 18, 19, 23, 21, 22, 19, 17, 21, 22, 20, 18, 19, 23, 21, 22, 15], "to": [0, 1, 1, 1, 1, 1, 3, 3, 4, 4, 5, 5, 5, 5, 5, 5, 8, 8, 8, 8, 8, 9, 9, 9, 9, 9, 9, 10, 12, 12, 13, 13, 16, 16, 16, 16, 16, 18, 18, 18, 18, 19, 19, 19, 20, 20, 20, 20, 20, 23, 23, 23, 23, 24, 24, 24, 24, 24, 24, 24], "influence_y": [1, 0, 16, 6, 13, 9, 21], "weights": [[0.016666666666666666], [0.016666666666666666], [0.016666666666666666], [0.016666666666666666], [0.016666666666666666], [0.016666666666666666], [0.016666666666666666], [0.016666666666666666], [0.016666666666666666], [0.016666666666666666], [0.016666666666666666], [0.016666666666666666], [0.016666666666666666], [0.016666666666666666], [0.016666666666666666], [0.016666666666666666], [0.016666666666666666], [0.016666666666666666], [0.016666666666666666], [0.016666666666666666], [0.016666666666666666], [0.016666666666666666], [0.016666666666666666], [0.016666666666666666], [0.016666666666666666], [0.016666666666666666], [0.016666666666666666], [0.016666666666666666], [0.016666666666666666], [0.016666666666666666], [0.016666666666666666], [0.016666666666666666], [0.016666666666666666], [0.016666666666666666], [0.016666666666666666], [0.016666666666666666], [0.016666666666666666], [0.016666666666666666], [0.016666666666666666], [0.016666666666666666], [0.016666666666666666], [0.016666666666666666], [0.016666666666666666], [0.016666666666666666], [0.016666666666666666], [0.016666666666666666], [0.016666666666666666], [0.016666666666666666], [0.016666666666666666], [0.016666666666666666], [0.016666666666666666], [0.016666666666666666], [0.016666666666666666], [0.016666666666666666], [0.016666666666666666], [0.016666666666666666], [0.016666666666666666], [0.016666666666666666], [0.016666666666666666], [0.016666666666666666]]}