{"from": [2, 0, 2, 6, 7, 13, 17, 12, 2, 0, 9, 10, 3, 11, 8, 23, 16, 4, 21, 12, 19, 11, 24, 22, 16, 23, 10, 11, 8, 16, 23, 21, 12, 11, 15, 14, 7, 11, 19, 23, 21, 22, 23, 18, 21, 22, 14, 24, 19, 18, 23, 21, 22, 17, 21, 22, 19, 23, 18, 21, 22, 15], "to": [0, 1, 1, 1, 1, 3, 3, 3, 4, 4, 5, 5, 5, 5, 5, 5, 5, 5, 8, 8, 8, 8, 8, 8, 8, 8, 9, 9, 9, 9, 9, 9, 9, 10, 12, 12, 13, 16, 16, 18, 18, 18, 19, 19, 19, 19, 19, 20, 20, 20, 20, 20, 20, 23, 23, 23, 24, 24, 24, 24, 24, 24], "influence_y": [4, 22], "weights": [[0.016129032258064516], [0.016129032258064516], [0.016129032258064516], [0.016129032258064516], [0.016129032258064516], [0.016129032258064516], [0.016129032258064516], [0.016129032258064516], [0.016129032258064516], [0.016129032258064516], [0.016129032258064516], [0.016129032258064516], [0.016129032258064516], [0.016129032258064516], [0.016129032258064516], [0.016129032258064516], [0.016129032258064516], [0.016129032258064516], [0.016129032258064516], [0.016129032258064516], [0.016129032258064516], [0.016129032258064516], [0.016129032258064516], [0.016129032258064516], [0.016129032258064516], [0.016129032258064516], [0.016129032258064516], [0.016129032258064516], [0.016129032258064516], [0.016129032258064516], [0.016129032258064516], [0.016129032258064516], [0.016129032258064516], [0.016129032258064516], [0.016129032258064516], [0.016129032258064516], [0.016129032258064516], [0.016129032258064516], [0.016129032258064516], [0.016129032258064516], [0.016129032258064516], [0.016129032258064516], [0.016129032258064516], [0.016129032258064516], [0.016129032258064516], [0.016129032258064516], [0.016129032258064516], [0.016129032258064516], [0.016129032258064516], [0.016129032258064516], [0.016129032258064516], [0.016129032258064516], [0.016129032258064516], [0.016129032258064516], [0.016129032258064516], [0.016129032258064516], [0.016129032258064516], [0.016129032258064516], [0.016129032258064516], [0.016129032258064516], [0.016129032258064516], [0.016129032258064516]]}