{"from": [2, 0, 2, 20, 6, 13, 2, 0, 9, 10, 3, 11, 8, 23, 16, 21, 19, 22, 12, 16, 23, 10, 11, 8, 16, 23, 12, 21, 11, 15, 14, 7, 11, 19, 10, 21, 7, 14, 23, 21, 22, 18, 23, 21, 22, 14, 24, 19, 18, 23, 21, 22, 17, 22, 21, 19, 23, 18, 21, 22, 15], "to": [0, 1, 1, 1, 1, 3, 4, 4, 5, 5, 5, 5, 5, 5, 5, 8, 8, 8, 8, 8, 8, 9, 9, 9, 9, 9, 9, 9, 10, 12, 12, 13, 16, 16, 16, 16, 16, 16, 18, 18, 18, 19, 19, 19, 19, 19, 20, 20, 20, 20, 20, 20, 23, 23, 23, 24, 24, 24, 24, 24, 24], "influence_y": [8, 0, 24, 11, 20, 3, 14, 19, 13, 23], "weights": [[0.01639344262295082], [0.01639344262295082], [0.01639344262295082], [0.01639344262295082], [0.01639344262295082], [0.01639344262295082], [0.01639344262295082], [0.01639344262295082], [0.01639344262295082], [0.01639344262295082], [0.01639344262295082], [0.01639344262295082], [0.01639344262295082], [0.01639344262295082], [0.01639344262295082], [0.01639344262295082], [0.01639344262295082], [0.01639344262295082], [0.01639344262295082], [0.01639344262295082], [0.01639344262295082], [0.01639344262295082], [0.01639344262295082], [0.01639344262295082], [0.01639344262295082], [0.01639344262295082], [0.01639344262295082], [0.01639344262295082], [0.01639344262295082], [0.01639344262295082], [0.01639344262295082], [0.01639344262295082], [0.01639344262295082], [0.01639344262295082], [0.01639344262295082], [0.01639344262295082], [0.01639344262295082], [0.01639344262295082], [0.01639344262295082], [0.01639344262295082], [0.01639344262295082], [0.01639344262295082], [0.01639344262295082], [0.01639344262295082], [0.01639344262295082], [0.01639344262295082], [0.01639344262295082], [0.01639344262295082], [0.01639344262295082], [0.01639344262295082], [0.01639344262295082], [0.01639344262295082], [0.01639344262295082], [0.01639344262295082], [0.01639344262295082], [0.01639344262295082], [0.01639344262295082], [0.01639344262295082], [0.01639344262295082], [0.01639344262295082], [0.01639344262295082]]}