{"from": [2, 0, 2, 6, 7, 20, 22, 13, 17, 2, 0, 9, 10, 3, 11, 8, 23, 16, 4, 12, 16, 21, 19, 23, 22, 10, 11, 8, 16, 23, 21, 12, 11, 15, 14, 7, 15, 11, 21, 19, 19, 23, 21, 22, 21, 22, 14, 18, 19, 23, 21, 22, 17, 19, 21, 22, 20, 18, 19, 23, 21, 22, 15], "to": [0, 1, 1, 1, 1, 1, 1, 3, 3, 4, 4, 5, 5, 5, 5, 5, 5, 5, 5, 8, 8, 8, 8, 8, 8, 9, 9, 9, 9, 9, 9, 9, 10, 12, 12, 13, 14, 16, 16, 16, 18, 18, 18, 18, 19, 19, 19, 20, 20, 20, 20, 20, 23, 23, 23, 23, 24, 24, 24, 24, 24, 24, 24], "influence_y": [3, 5, 2, 9, 6, 8, 13, 24, 10, 19, 23, 21], "weights": [[0.015873015873015872], [0.015873015873015872], [0.015873015873015872], [0.015873015873015872], [0.015873015873015872], [0.015873015873015872], [0.015873015873015872], [0.015873015873015872], [0.015873015873015872], [0.015873015873015872], [0.015873015873015872], [0.015873015873015872], [0.015873015873015872], [0.015873015873015872], [0.015873015873015872], [0.015873015873015872], [0.015873015873015872], [0.015873015873015872], [0.015873015873015872], [0.015873015873015872], [0.015873015873015872], [0.015873015873015872], [0.015873015873015872], [0.015873015873015872], [0.015873015873015872], [0.015873015873015872], [0.015873015873015872], [0.015873015873015872], [0.015873015873015872], [0.015873015873015872], [0.015873015873015872], [0.015873015873015872], [0.015873015873015872], [0.015873015873015872], [0.015873015873015872], [0.015873015873015872], [0.015873015873015872], [0.015873015873015872], [0.015873015873015872], [0.015873015873015872], [0.015873015873015872], [0.015873015873015872], [0.015873015873015872], [0.015873015873015872], [0.015873015873015872], [0.015873015873015872], [0.015873015873015872], [0.015873015873015872], [0.015873015873015872], [0.015873015873015872], [0.015873015873015872], [0.015873015873015872], [0.015873015873015872], [0.015873015873015872], [0.015873015873015872], [0.015873015873015872], [0.015873015873015872], [0.015873015873015872], [0.015873015873015872], [0.015873015873015872], [0.015873015873015872], [0.015873015873015872], [0.015873015873015872]]}