{"from": [2, 0, 2, 20, 6, 7, 13, 2, 0, 9, 10, 3, 11, 8, 23, 16, 14, 21, 19, 22, 12, 23, 16, 10, 11, 8, 16, 23, 21, 12, 11, 14, 15, 7, 11, 19, 19, 22, 21, 21, 22, 14, 18, 19, 23, 21, 22, 19, 18, 21, 22, 17, 11, 14, 6, 20, 19, 18, 23, 21, 22, 15], "to": [0, 1, 1, 1, 1, 1, 3, 4, 4, 5, 5, 5, 5, 5, 5, 5, 5, 8, 8, 8, 8, 8, 8, 9, 9, 9, 9, 9, 9, 9, 10, 12, 12, 13, 16, 16, 18, 18, 18, 19, 19, 19, 20, 20, 20, 20, 20, 23, 23, 23, 23, 23, 23, 23, 23, 24, 24, 24, 24, 24, 24, 24], "influence_y": [1, 16, 3, 2, 22], "weights": [[0.016129032258064516], [0.016129032258064516], [0.016129032258064516], [0.016129032258064516], [0.016129032258064516], [0.016129032258064516], [0.016129032258064516], [0.016129032258064516], [0.016129032258064516], [0.016129032258064516], [0.016129032258064516], [0.016129032258064516], [0.016129032258064516], [0.016129032258064516], [0.016129032258064516], [0.016129032258064516], [0.016129032258064516], [0.016129032258064516], [0.016129032258064516], [0.016129032258064516], [0.016129032258064516], [0.016129032258064516], [0.016129032258064516], [0.016129032258064516], [0.016129032258064516], [0.016129032258064516], [0.016129032258064516], [0.016129032258064516], [0.016129032258064516], [0.016129032258064516], [0.016129032258064516], [0.016129032258064516], [0.016129032258064516], [0.016129032258064516], [0.016129032258064516], [0.016129032258064516], [0.016129032258064516], [0.016129032258064516], [0.016129032258064516], [0.016129032258064516], [0.016129032258064516], [0.016129032258064516], [0.016129032258064516], [0.016129032258064516], [0.016129032258064516], [0.016129032258064516], [0.016129032258064516], [0.016129032258064516], [0.016129032258064516], [0.016129032258064516], [0.016129032258064516], [0.016129032258064516], [0.016129032258064516], [0.016129032258064516], [0.016129032258064516], [0.016129032258064516], [0.016129032258064516], [0.016129032258064516], [0.016129032258064516], [0.016129032258064516], [0.016129032258064516], [0.016129032258064516]]}