{"from": [2, 0, 2, 6, 20, 7, 13, 15, 21, 12, 2, 0, 9, 10, 3, 11, 8, 23, 16, 21, 19, 12, 22, 16, 10, 11, 8, 16, 23, 21, 12, 11, 14, 15, 7, 11, 19, 21, 14, 7, 12, 23, 21, 22, 18, 23, 21, 22, 14, 19, 18, 23, 21, 22, 17, 22, 21, 20, 19, 18, 23, 21, 22, 15], "to": [0, 1, 1, 1, 1, 1, 3, 3, 3, 3, 4, 4, 5, 5, 5, 5, 5, 5, 5, 8, 8, 8, 8, 8, 9, 9, 9, 9, 9, 9, 9, 10, 12, 12, 13, 16, 16, 16, 16, 16, 16, 18, 18, 18, 19, 19, 19, 19, 19, 20, 20, 20, 20, 20, 23, 23, 23, 24, 24, 24, 24, 24, 24, 24], "influence_y": [1, 4, 22, 21, 14], "weights": [[0.015625], [0.015625], [0.015625], [0.015625], [0.015625], [0.015625], [0.015625], [0.015625], [0.015625], [0.015625], [0.015625], [0.015625], [0.015625], [0.015625], [0.015625], [0.015625], [0.015625], [0.015625], [0.015625], [0.015625], [0.015625], [0.015625], [0.015625], [0.015625], [0.015625], [0.015625], [0.015625], [0.015625], [0.015625], [0.015625], [0.015625], [0.015625], [0.015625], [0.015625], [0.015625], [0.015625], [0.015625], [0.015625], [0.015625], [0.015625], [0.015625], [0.015625], [0.015625], [0.015625], [0.015625], [0.015625], [0.015625], [0.015625], [0.015625], [0.015625], [0.015625], [0.015625], [0.015625], [0.015625], [0.015625], [0.015625], [0.015625], [0.015625], [0.015625], [0.015625], [0.015625], [0.015625], [0.015625], [0.015625]]}