{"from": [2, 0, 2, 7, 6, 20, 13, 21, 12, 2, 0, 9, 10, 3, 11, 8, 23, 16, 12, 21, 19, 16, 22, 10, 11, 8, 16, 23, 21, 12, 11, 15, 14, 7, 15, 11, 19, 21, 14, 7, 23, 23, 18, 21, 22, 14, 19, 18, 23, 21, 22, 17, 22, 21, 20, 19, 23, 18, 21, 22, 15], "to": [0, 1, 1, 1, 1, 1, 3, 3, 3, 4, 4, 5, 5, 5, 5, 5, 5, 5, 8, 8, 8, 8, 8, 9, 9, 9, 9, 9, 9, 9, 10, 12, 12, 13, 14, 16, 16, 16, 16, 16, 18, 19, 19, 19, 19, 19, 20, 20, 20, 20, 20, 23, 23, 23, 24, 24, 24, 24, 24, 24, 24], "influence_y": [11, 12, 19, 22, 21, 3], "weights": [[0.01639344262295082], [0.01639344262295082], [0.01639344262295082], [0.01639344262295082], [0.01639344262295082], [0.01639344262295082], [0.01639344262295082], [0.01639344262295082], [0.01639344262295082], [0.01639344262295082], [0.01639344262295082], [0.01639344262295082], [0.01639344262295082], [0.01639344262295082], [0.01639344262295082], [0.01639344262295082], [0.01639344262295082], [0.01639344262295082], [0.01639344262295082], [0.01639344262295082], [0.01639344262295082], [0.01639344262295082], [0.01639344262295082], [0.01639344262295082], [0.01639344262295082], [0.01639344262295082], [0.01639344262295082], [0.01639344262295082], [0.01639344262295082], [0.01639344262295082], [0.01639344262295082], [0.01639344262295082], [0.01639344262295082], [0.01639344262295082], [0.01639344262295082], [0.01639344262295082], [0.01639344262295082], [0.01639344262295082], [0.01639344262295082], [0.01639344262295082], [0.01639344262295082], [0.01639344262295082], [0.01639344262295082], [0.01639344262295082], [0.01639344262295082], [0.01639344262295082], [0.01639344262295082], [0.01639344262295082], [0.01639344262295082], [0.01639344262295082], [0.01639344262295082], [0.01639344262295082], [0.01639344262295082], [0.01639344262295082], [0.01639344262295082], [0.01639344262295082], [0.01639344262295082], [0.01639344262295082], [0.01639344262295082], [0.01639344262295082], [0.01639344262295082]]}