{"from": [2, 0, 2, 6, 7, 20, 13, 21, 15, 2, 0, 9, 10, 3, 11, 8, 23, 16, 18, 14, 22, 19, 21, 12, 22, 23, 11, 10, 11, 8, 23, 16, 21, 12, 18, 11, 14, 15, 7, 23, 21, 11, 19, 10, 14, 7, 19, 23, 21, 22, 23, 21, 22, 18, 19, 23, 21, 22, 17, 22, 21, 20, 18, 19, 23, 21, 22, 15], "to": [0, 1, 1, 1, 1, 1, 3, 3, 3, 4, 4, 5, 5, 5, 5, 5, 5, 5, 5, 5, 5, 8, 8, 8, 8, 8, 8, 9, 9, 9, 9, 9, 9, 9, 9, 10, 12, 12, 13, 13, 13, 16, 16, 16, 16, 16, 18, 18, 18, 18, 19, 19, 19, 20, 20, 20, 20, 20, 23, 23, 23, 24, 24, 24, 24, 24, 24, 24], "influence_y": [9, 8, 4, 12], "weights": [[0.014705882352941176], [0.014705882352941176], [0.014705882352941176], [0.014705882352941176], [0.014705882352941176], [0.014705882352941176], [0.014705882352941176], [0.014705882352941176], [0.014705882352941176], [0.014705882352941176], [0.014705882352941176], [0.014705882352941176], [0.014705882352941176], [0.014705882352941176], [0.014705882352941176], [0.014705882352941176], [0.014705882352941176], [0.014705882352941176], [0.014705882352941176], [0.014705882352941176], [0.014705882352941176], [0.014705882352941176], [0.014705882352941176], [0.014705882352941176], [0.014705882352941176], [0.014705882352941176], [0.014705882352941176], [0.014705882352941176], [0.014705882352941176], [0.014705882352941176], [0.014705882352941176], [0.014705882352941176], [0.014705882352941176], [0.014705882352941176], [0.014705882352941176], [0.014705882352941176], [0.014705882352941176], [0.014705882352941176], [0.014705882352941176], [0.014705882352941176], [0.014705882352941176], [0.014705882352941176], [0.014705882352941176], [0.014705882352941176], [0.014705882352941176], [0.014705882352941176], [0.014705882352941176], [0.014705882352941176], [0.014705882352941176], [0.014705882352941176], [0.014705882352941176], [0.014705882352941176], [0.014705882352941176], [0.014705882352941176], [0.014705882352941176], [0.014705882352941176], [0.014705882352941176], [0.014705882352941176], [0.014705882352941176], [0.014705882352941176], [0.014705882352941176], [0.014705882352941176], [0.014705882352941176], [0.014705882352941176], [0.014705882352941176], [0.014705882352941176], [0.014705882352941176], [0.014705882352941176]]}