{"from": [0, 2, 20, 6, 7, 0, 13, 21, 15, 2, 0, 9, 10, 3, 11, 8, 23, 16, 22, 14, 21, 19, 22, 12, 23, 16, 10, 11, 8, 23, 16, 12, 21, 11, 14, 15, 7, 15, 11, 19, 21, 14, 21, 22, 18, 21, 22, 14, 24, 23, 18, 19, 21, 22, 19, 18, 21, 22, 17, 11, 14, 23, 19, 18, 21, 22, 15], "to": [1, 1, 1, 1, 1, 2, 3, 3, 3, 4, 4, 5, 5, 5, 5, 5, 5, 5, 5, 5, 8, 8, 8, 8, 8, 8, 9, 9, 9, 9, 9, 9, 9, 10, 12, 12, 13, 14, 16, 16, 16, 16, 18, 18, 19, 19, 19, 19, 20, 20, 20, 20, 20, 20, 23, 23, 23, 23, 23, 23, 23, 24, 24, 24, 24, 24, 24], "influence_y": [24, 5], "weights": [[0.014925373134328358], [0.014925373134328358], [0.014925373134328358], [0.014925373134328358], [0.014925373134328358], [0.014925373134328358], [0.014925373134328358], [0.014925373134328358], [0.014925373134328358], [0.014925373134328358], [0.014925373134328358], [0.014925373134328358], [0.014925373134328358], [0.014925373134328358], [0.014925373134328358], [0.014925373134328358], [0.014925373134328358], [0.014925373134328358], [0.014925373134328358], [0.014925373134328358], [0.014925373134328358], [0.014925373134328358], [0.014925373134328358], [0.014925373134328358], [0.014925373134328358], [0.014925373134328358], [0.014925373134328358], [0.014925373134328358], [0.014925373134328358], [0.014925373134328358], [0.014925373134328358], [0.014925373134328358], [0.014925373134328358], [0.014925373134328358], [0.014925373134328358], [0.014925373134328358], [0.014925373134328358], [0.014925373134328358], [0.014925373134328358], [0.014925373134328358], [0.014925373134328358], [0.014925373134328358], [0.014925373134328358], [0.014925373134328358], [0.014925373134328358], [0.014925373134328358], [0.014925373134328358], [0.014925373134328358], [0.014925373134328358], [0.014925373134328358], [0.014925373134328358], [0.014925373134328358], [0.014925373134328358], [0.014925373134328358], [0.014925373134328358], [0.014925373134328358], [0.014925373134328358], [0.014925373134328358], [0.014925373134328358], [0.014925373134328358], [0.014925373134328358], [0.014925373134328358], [0.014925373134328358], [0.014925373134328358], [0.014925373134328358], [0.014925373134328358], [0.014925373134328358]]}