{"from": [2, 0, 2, 20, 6, 7, 13, 12, 15, 2, 0, 6, 9, 10, 3, 11, 8, 23, 16, 14, 21, 19, 23, 12, 22, 16, 10, 11, 8, 23, 16, 21, 12, 11, 14, 7, 15, 11, 19, 21, 14, 7, 22, 18, 21, 22, 14, 19, 23, 18, 21, 22, 19, 18, 21, 22, 17, 11, 20, 19, 23, 18, 21, 22, 15], "to": [0, 1, 1, 1, 1, 1, 3, 3, 3, 4, 4, 4, 5, 5, 5, 5, 5, 5, 5, 5, 8, 8, 8, 8, 8, 8, 9, 9, 9, 9, 9, 9, 9, 10, 12, 13, 14, 16, 16, 16, 16, 16, 16, 19, 19, 19, 19, 20, 20, 20, 20, 20, 23, 23, 23, 23, 23, 23, 24, 24, 24, 24, 24, 24, 24], "influence_y": [4, 24, 16, 12, 1, 23, 13, 17, 3, 22, 21, 19, 20], "weights": [[0.015384615384615385], [0.015384615384615385], [0.015384615384615385], [0.015384615384615385], [0.015384615384615385], [0.015384615384615385], [0.015384615384615385], [0.015384615384615385], [0.015384615384615385], [0.015384615384615385], [0.015384615384615385], [0.015384615384615385], [0.015384615384615385], [0.015384615384615385], [0.015384615384615385], [0.015384615384615385], [0.015384615384615385], [0.015384615384615385], [0.015384615384615385], [0.015384615384615385], [0.015384615384615385], [0.015384615384615385], [0.015384615384615385], [0.015384615384615385], [0.015384615384615385], [0.015384615384615385], [0.015384615384615385], [0.015384615384615385], [0.015384615384615385], [0.015384615384615385], [0.015384615384615385], [0.015384615384615385], [0.015384615384615385], [0.015384615384615385], [0.015384615384615385], [0.015384615384615385], [0.015384615384615385], [0.015384615384615385], [0.015384615384615385], [0.015384615384615385], [0.015384615384615385], [0.015384615384615385], [0.015384615384615385], [0.015384615384615385], [0.015384615384615385], [0.015384615384615385], [0.015384615384615385], [0.015384615384615385], [0.015384615384615385], [0.015384615384615385], [0.015384615384615385], [0.015384615384615385], [0.015384615384615385], [0.015384615384615385], [0.015384615384615385], [0.015384615384615385], [0.015384615384615385], [0.015384615384615385], [0.015384615384615385], [0.015384615384615385], [0.015384615384615385], [0.015384615384615385], [0.015384615384615385], [0.015384615384615385], [0.015384615384615385]]}