{"from": [2, 4, 0, 2, 6, 7, 20, 13, 12, 21, 2, 9, 10, 3, 11, 8, 23, 16, 14, 21, 19, 12, 22, 23, 16, 10, 11, 8, 16, 23, 12, 21, 11, 14, 15, 7, 11, 19, 21, 14, 22, 21, 22, 18, 23, 21, 22, 14, 19, 18, 23, 21, 22, 18, 17, 21, 22, 20, 19, 18, 23, 21, 22, 15], "to": [0, 0, 1, 1, 1, 1, 1, 3, 3, 3, 4, 5, 5, 5, 5, 5, 5, 5, 5, 8, 8, 8, 8, 8, 8, 9, 9, 9, 9, 9, 9, 9, 10, 12, 12, 13, 16, 16, 16, 16, 16, 18, 18, 19, 19, 19, 19, 19, 20, 20, 20, 20, 20, 23, 23, 23, 23, 24, 24, 24, 24, 24, 24, 24], "influence_y": [13, 1, 24, 11, 6, 19, 4, 22], "weights": [[0.015625], [0.015625], [0.015625], [0.015625], [0.015625], [0.015625], [0.015625], [0.015625], [0.015625], [0.015625], [0.015625], [0.015625], [0.015625], [0.015625], [0.015625], [0.015625], [0.015625], [0.015625], [0.015625], [0.015625], [0.015625], [0.015625], [0.015625], [0.015625], [0.015625], [0.015625], [0.015625], [0.015625], [0.015625], [0.015625], [0.015625], [0.015625], [0.015625], [0.015625], [0.015625], [0.015625], [0.015625], [0.015625], [0.015625], [0.015625], [0.015625], [0.015625], [0.015625], [0.015625], [0.015625], [0.015625], [0.015625], [0.015625], [0.015625], [0.015625], [0.015625], [0.015625], [0.015625], [0.015625], [0.015625], [0.015625], [0.015625], [0.015625], [0.015625], [0.015625], [0.015625], [0.015625], [0.015625], [0.015625]]}