{"from": [2, 0, 2, 6, 7, 20, 13, 21, 12, 15, 2, 0, 9, 10, 3, 11, 8, 23, 16, 18, 22, 21, 12, 19, 22, 23, 16, 10, 11, 8, 16, 23, 11, 14, 15, 7, 15, 11, 19, 21, 14, 18, 21, 22, 14, 23, 19, 18, 21, 22, 19, 18, 21, 22, 17, 11, 14, 20, 23, 19, 18, 21, 22, 15], "to": [0, 1, 1, 1, 1, 1, 3, 3, 3, 3, 4, 4, 5, 5, 5, 5, 5, 5, 5, 5, 5, 8, 8, 8, 8, 8, 8, 9, 9, 9, 9, 9, 10, 12, 12, 13, 14, 16, 16, 16, 16, 19, 19, 19, 19, 20, 20, 20, 20, 20, 23, 23, 23, 23, 23, 23, 23, 24, 24, 24, 24, 24, 24, 24], "influence_y": [13, 12, 6, 8], "weights": [[0.015625], [0.015625], [0.015625], [0.015625], [0.015625], [0.015625], [0.015625], [0.015625], [0.015625], [0.015625], [0.015625], [0.015625], [0.015625], [0.015625], [0.015625], [0.015625], [0.015625], [0.015625], [0.015625], [0.015625], [0.015625], [0.015625], [0.015625], [0.015625], [0.015625], [0.015625], [0.015625], [0.015625], [0.015625], [0.015625], [0.015625], [0.015625], [0.015625], [0.015625], [0.015625], [0.015625], [0.015625], [0.015625], [0.015625], [0.015625], [0.015625], [0.015625], [0.015625], [0.015625], [0.015625], [0.015625], [0.015625], [0.015625], [0.015625], [0.015625], [0.015625], [0.015625], [0.015625], [0.015625], [0.015625], [0.015625], [0.015625], [0.015625], [0.015625], [0.015625], [0.015625], [0.015625], [0.015625], [0.015625]]}