{"from": [2, 0, 2, 7, 24, 6, 22, 13, 12, 2, 0, 9, 10, 3, 11, 8, 23, 14, 16, 12, 21, 24, 22, 19, 16, 10, 11, 8, 16, 23, 12, 11, 15, 14, 7, 11, 19, 10, 21, 14, 7, 19, 21, 22, 15, 18, 23, 19, 22, 21, 19, 18, 21, 22, 17, 11, 14, 20, 23, 18, 19, 21, 22, 15], "to": [0, 1, 1, 1, 1, 1, 1, 3, 3, 4, 4, 5, 5, 5, 5, 5, 5, 5, 5, 8, 8, 8, 8, 8, 8, 9, 9, 9, 9, 9, 9, 10, 12, 12, 13, 16, 16, 16, 16, 16, 16, 18, 18, 18, 18, 20, 20, 20, 20, 20, 23, 23, 23, 23, 23, 23, 23, 24, 24, 24, 24, 24, 24, 24], "influence_y": [2, 5, 0, 4, 11, 8], "weights": [[0.015625], [0.015625], [0.015625], [0.015625], [0.015625], [0.015625], [0.015625], [0.015625], [0.015625], [0.015625], [0.015625], [0.015625], [0.015625], [0.015625], [0.015625], [0.015625], [0.015625], [0.015625], [0.015625], [0.015625], [0.015625], [0.015625], [0.015625], [0.015625], [0.015625], [0.015625], [0.015625], [0.015625], [0.015625], [0.015625], [0.015625], [0.015625], [0.015625], [0.015625], [0.015625], [0.015625], [0.015625], [0.015625], [0.015625], [0.015625], [0.015625], [0.015625], [0.015625], [0.015625], [0.015625], [0.015625], [0.015625], [0.015625], [0.015625], [0.015625], [0.015625], [0.015625], [0.015625], [0.015625], [0.015625], [0.015625], [0.015625], [0.015625], [0.015625], [0.015625], [0.015625], [0.015625], [0.015625], [0.015625]]}