{"from": [2, 0, 2, 20, 6, 7, 13, 2, 0, 9, 10, 3, 11, 8, 23, 16, 4, 22, 21, 12, 19, 22, 16, 23, 10, 11, 8, 23, 16, 21, 12, 11, 23, 15, 14, 7, 15, 11, 19, 21, 14, 7, 23, 21, 22, 18, 23, 21, 22, 14, 18, 19, 23, 21, 22, 17, 20, 19, 18, 23, 21, 22, 15], "to": [0, 1, 1, 1, 1, 1, 3, 4, 4, 5, 5, 5, 5, 5, 5, 5, 5, 5, 8, 8, 8, 8, 8, 8, 9, 9, 9, 9, 9, 9, 9, 10, 11, 12, 12, 13, 14, 16, 16, 16, 16, 16, 18, 18, 18, 19, 19, 19, 19, 19, 20, 20, 20, 20, 20, 23, 24, 24, 24, 24, 24, 24, 24], "influence_y": [0, 1, 11, 9, 14, 4, 12, 23, 19, 6], "weights": [[0.015873015873015872], [0.015873015873015872], [0.015873015873015872], [0.015873015873015872], [0.015873015873015872], [0.015873015873015872], [0.015873015873015872], [0.015873015873015872], [0.015873015873015872], [0.015873015873015872], [0.015873015873015872], [0.015873015873015872], [0.015873015873015872], [0.015873015873015872], [0.015873015873015872], [0.015873015873015872], [0.015873015873015872], [0.015873015873015872], [0.015873015873015872], [0.015873015873015872], [0.015873015873015872], [0.015873015873015872], [0.015873015873015872], [0.015873015873015872], [0.015873015873015872], [0.015873015873015872], [0.015873015873015872], [0.015873015873015872], [0.015873015873015872], [0.015873015873015872], [0.015873015873015872], [0.015873015873015872], [0.015873015873015872], [0.015873015873015872], [0.015873015873015872], [0.015873015873015872], [0.015873015873015872], [0.015873015873015872], [0.015873015873015872], [0.015873015873015872], [0.015873015873015872], [0.015873015873015872], [0.015873015873015872], [0.015873015873015872], [0.015873015873015872], [0.015873015873015872], [0.015873015873015872], [0.015873015873015872], [0.015873015873015872], [0.015873015873015872], [0.015873015873015872], [0.015873015873015872], [0.015873015873015872], [0.015873015873015872], [0.015873015873015872], [0.015873015873015872], [0.015873015873015872], [0.015873015873015872], [0.015873015873015872], [0.015873015873015872], [0.015873015873015872], [0.015873015873015872], [0.015873015873015872]]}