{"from": [2, 0, 2, 6, 20, 7, 13, 2, 0, 9, 10, 3, 11, 8, 23, 21, 12, 19, 11, 16, 22, 10, 11, 8, 16, 23, 21, 12, 11, 14, 15, 7, 20, 16, 11, 19, 14, 21, 7, 12, 18, 21, 22, 14, 19, 18, 21, 22, 19, 18, 21, 22, 20, 8, 17, 6, 12, 20, 23, 19, 18, 21, 22, 15], "to": [0, 1, 1, 1, 1, 1, 3, 4, 4, 5, 5, 5, 5, 5, 5, 8, 8, 8, 8, 8, 8, 9, 9, 9, 9, 9, 9, 9, 10, 12, 12, 13, 13, 13, 16, 16, 16, 16, 16, 16, 19, 19, 19, 19, 20, 20, 20, 20, 23, 23, 23, 23, 23, 23, 23, 23, 23, 24, 24, 24, 24, 24, 24, 24], "influence_y": [8], "weights": [[0.015625], [0.015625], [0.015625], [0.015625], [0.015625], [0.015625], [0.015625], [0.015625], [0.015625], [0.015625], [0.015625], [0.015625], [0.015625], [0.015625], [0.015625], [0.015625], [0.015625], [0.015625], [0.015625], [0.015625], [0.015625], [0.015625], [0.015625], [0.015625], [0.015625], [0.015625], [0.015625], [0.015625], [0.015625], [0.015625], [0.015625], [0.015625], [0.015625], [0.015625], [0.015625], [0.015625], [0.015625], [0.015625], [0.015625], [0.015625], [0.015625], [0.015625], [0.015625], [0.015625], [0.015625], [0.015625], [0.015625], [0.015625], [0.015625], [0.015625], [0.015625], [0.015625], [0.015625], [0.015625], [0.015625], [0.015625], [0.015625], [0.015625], [0.015625], [0.015625], [0.015625], [0.015625], [0.015625], [0.015625]]}