{"from": [0, 2, 7, 6, 0, 13, 12, 21, 2, 0, 9, 10, 3, 11, 8, 23, 16, 14, 21, 19, 22, 12, 23, 18, 16, 10, 11, 8, 16, 23, 12, 21, 11, 14, 15, 7, 11, 19, 21, 7, 14, 19, 23, 21, 22, 23, 21, 22, 24, 18, 19, 23, 21, 22, 17, 22, 21, 23, 19, 18, 21, 22, 15, 1], "to": [1, 1, 1, 1, 2, 3, 3, 3, 4, 4, 5, 5, 5, 5, 5, 5, 5, 5, 8, 8, 8, 8, 8, 8, 8, 9, 9, 9, 9, 9, 9, 9, 10, 12, 12, 13, 16, 16, 16, 16, 16, 18, 18, 18, 18, 19, 19, 19, 20, 20, 20, 20, 20, 20, 23, 23, 23, 24, 24, 24, 24, 24, 24, 24], "influence_y": [5], "weights": [[0.015625], [0.015625], [0.015625], [0.015625], [0.015625], [0.015625], [0.015625], [0.015625], [0.015625], [0.015625], [0.015625], [0.015625], [0.015625], [0.015625], [0.015625], [0.015625], [0.015625], [0.015625], [0.015625], [0.015625], [0.015625], [0.015625], [0.015625], [0.015625], [0.015625], [0.015625], [0.015625], [0.015625], [0.015625], [0.015625], [0.015625], [0.015625], [0.015625], [0.015625], [0.015625], [0.015625], [0.015625], [0.015625], [0.015625], [0.015625], [0.015625], [0.015625], [0.015625], [0.015625], [0.015625], [0.015625], [0.015625], [0.015625], [0.015625], [0.015625], [0.015625], [0.015625], [0.015625], [0.015625], [0.015625], [0.015625], [0.015625], [0.015625], [0.015625], [0.015625], [0.015625], [0.015625], [0.015625], [0.015625]]}