{"from": [0, 2, 20, 6, 7, 0, 13, 2, 0, 9, 10, 3, 11, 8, 23, 14, 21, 19, 12, 22, 23, 10, 11, 8, 16, 23, 21, 12, 11, 14, 15, 7, 20, 15, 11, 19, 14, 21, 10, 22, 7, 12, 23, 21, 22, 18, 23, 21, 22, 14, 18, 19, 23, 21, 22, 17, 22, 21, 20, 19, 18, 23, 21, 22, 15], "to": [1, 1, 1, 1, 1, 2, 3, 4, 4, 5, 5, 5, 5, 5, 5, 5, 8, 8, 8, 8, 8, 9, 9, 9, 9, 9, 9, 9, 10, 12, 12, 13, 13, 14, 16, 16, 16, 16, 16, 16, 16, 16, 18, 18, 18, 19, 19, 19, 19, 19, 20, 20, 20, 20, 20, 23, 23, 23, 24, 24, 24, 24, 24, 24, 24], "influence_y": [0, 2, 16, 24, 6, 13, 12, 19, 18, 11, 17, 8], "weights": [[0.015384615384615385], [0.015384615384615385], [0.015384615384615385], [0.015384615384615385], [0.015384615384615385], [0.015384615384615385], [0.015384615384615385], [0.015384615384615385], [0.015384615384615385], [0.015384615384615385], [0.015384615384615385], [0.015384615384615385], [0.015384615384615385], [0.015384615384615385], [0.015384615384615385], [0.015384615384615385], [0.015384615384615385], [0.015384615384615385], [0.015384615384615385], [0.015384615384615385], [0.015384615384615385], [0.015384615384615385], [0.015384615384615385], [0.015384615384615385], [0.015384615384615385], [0.015384615384615385], [0.015384615384615385], [0.015384615384615385], [0.015384615384615385], [0.015384615384615385], [0.015384615384615385], [0.015384615384615385], [0.015384615384615385], [0.015384615384615385], [0.015384615384615385], [0.015384615384615385], [0.015384615384615385], [0.015384615384615385], [0.015384615384615385], [0.015384615384615385], [0.015384615384615385], [0.015384615384615385], [0.015384615384615385], [0.015384615384615385], [0.015384615384615385], [0.015384615384615385], [0.015384615384615385], [0.015384615384615385], [0.015384615384615385], [0.015384615384615385], [0.015384615384615385], [0.015384615384615385], [0.015384615384615385], [0.015384615384615385], [0.015384615384615385], [0.015384615384615385], [0.015384615384615385], [0.015384615384615385], [0.015384615384615385], [0.015384615384615385], [0.015384615384615385], [0.015384615384615385], [0.015384615384615385], [0.015384615384615385], [0.015384615384615385]]}