{"from": [0, 2, 6, 20, 7, 0, 13, 21, 12, 2, 0, 9, 10, 3, 11, 8, 23, 16, 4, 14, 21, 19, 12, 22, 23, 16, 10, 11, 8, 23, 16, 12, 11, 23, 14, 15, 7, 23, 11, 19, 23, 22, 21, 22, 21, 18, 19, 23, 22, 21, 17, 19, 22, 21, 20, 18, 19, 23, 22, 21, 15], "to": [1, 1, 1, 1, 1, 2, 3, 3, 3, 4, 4, 5, 5, 5, 5, 5, 5, 5, 5, 5, 8, 8, 8, 8, 8, 8, 9, 9, 9, 9, 9, 9, 10, 11, 12, 12, 13, 13, 16, 18, 18, 18, 18, 19, 19, 20, 20, 20, 20, 20, 23, 23, 23, 23, 24, 24, 24, 24, 24, 24, 24], "influence_y": [0, 17], "weights": [[0.01639344262295082], [0.01639344262295082], [0.01639344262295082], [0.01639344262295082], [0.01639344262295082], [0.01639344262295082], [0.01639344262295082], [0.01639344262295082], [0.01639344262295082], [0.01639344262295082], [0.01639344262295082], [0.01639344262295082], [0.01639344262295082], [0.01639344262295082], [0.01639344262295082], [0.01639344262295082], [0.01639344262295082], [0.01639344262295082], [0.01639344262295082], [0.01639344262295082], [0.01639344262295082], [0.01639344262295082], [0.01639344262295082], [0.01639344262295082], [0.01639344262295082], [0.01639344262295082], [0.01639344262295082], [0.01639344262295082], [0.01639344262295082], [0.01639344262295082], [0.01639344262295082], [0.01639344262295082], [0.01639344262295082], [0.01639344262295082], [0.01639344262295082], [0.01639344262295082], [0.01639344262295082], [0.01639344262295082], [0.01639344262295082], [0.01639344262295082], [0.01639344262295082], [0.01639344262295082], [0.01639344262295082], [0.01639344262295082], [0.01639344262295082], [0.01639344262295082], [0.01639344262295082], [0.01639344262295082], [0.01639344262295082], [0.01639344262295082], [0.01639344262295082], [0.01639344262295082], [0.01639344262295082], [0.01639344262295082], [0.01639344262295082], [0.01639344262295082], [0.01639344262295082], [0.01639344262295082], [0.01639344262295082], [0.01639344262295082], [0.01639344262295082]]}