time,model_name,dataset,cdm,defaults,mean_train,std_train,mean_test,std_test,ate_mean_train,std_mean_train,ate_mean_test,std_mean_test,tuner,comments,emissions_train,emissions_test,total_emissions_test,total_emission_train,params
11:01:53,GNNTARnet,jobs,lingam_salesforce,True,0.2244086283445358,0.0017277989252552,0.2367273670434951,0.0158820409923908,0.1274276,0.0017708933426177,0.14200997,0.0152353571235401,random,graph infly true,1.3101688340559596e-05 +- 1.4312188863883261e-06,0.00018361376299146876 +- 5.6573166050524085e-06,0.0013101688340559,0.0183613762991468," gnn_n_fc = 2 gnn_hidden_units = 16
             n_hidden_0 = 5 n_hidden_1 = 6
             hidden_y0 = 240  hidden_y1 = 176"
11:06:14,GNNTARnet,jobs,pc,True,0.2244086283445358,0.0017277989252552,0.2367273670434951,0.0158820409923908,0.1266579180955886,0.0017600274199032,0.1413413137197494,0.0152190848498914,random,graph infly true,1.1577204154409492e-05 +- 1.672469479439638e-06,0.0001831489918696643 +- 7.719260020128531e-06,0.0011577204154409,0.0183148991869664," gnn_n_fc = 2 gnn_hidden_units = 16
             n_hidden_0 = 5 n_hidden_1 = 6
             hidden_y0 = 240  hidden_y1 = 176"
11:23:24,GNNTARnet,jobs,ges,True,0.22440862834453582,0.001727798925255271,0.23672736704349517,0.01588204099239088,0.12690529227256775,0.001766617380276043,0.1415976881980896,0.015210927276893035,random,graph infly true,1.2808863208409083e-05 +- 2.3445851568044673e-06,0.0001583949082950833 +- 6.9478169208525964e-06,0.0012808863208409083,0.01583949082950833," gnn_n_fc = 2 gnn_hidden_units = 16
             n_hidden_0 = 5 n_hidden_1 = 6
             hidden_y0 = 240  hidden_y1 = 176"
