{"from": [2, 0, 2, 6, 20, 7, 13, 2, 0, 9, 10, 3, 11, 23, 8, 21, 12, 16, 10, 11, 8, 16, 23, 11, 14, 7, 15, 11, 7, 14, 23, 21, 18, 20, 22, 8, 23, 18, 21, 22, 17, 18, 21, 22, 20, 19, 23, 18, 21, 22, 15], "to": [0, 1, 1, 1, 1, 1, 3, 4, 4, 5, 5, 5, 5, 5, 5, 5, 8, 8, 9, 9, 9, 9, 9, 10, 12, 13, 14, 16, 16, 16, 19, 19, 19, 19, 19, 19, 20, 20, 20, 20, 23, 23, 23, 23, 24, 24, 24, 24, 24, 24, 24], "influence_y": [5, 0, 2, 6, 8, 12, 3, 7, 14, 24], "weights": [[0.0196078431372549], [0.0196078431372549], [0.0196078431372549], [0.0196078431372549], [0.0196078431372549], [0.0196078431372549], [0.0196078431372549], [0.0196078431372549], [0.0196078431372549], [0.0196078431372549], [0.0196078431372549], [0.0196078431372549], [0.0196078431372549], [0.0196078431372549], [0.0196078431372549], [0.0196078431372549], [0.0196078431372549], [0.0196078431372549], [0.0196078431372549], [0.0196078431372549], [0.0196078431372549], [0.0196078431372549], [0.0196078431372549], [0.0196078431372549], [0.0196078431372549], [0.0196078431372549], [0.0196078431372549], [0.0196078431372549], [0.0196078431372549], [0.0196078431372549], [0.0196078431372549], [0.0196078431372549], [0.0196078431372549], [0.0196078431372549], [0.0196078431372549], [0.0196078431372549], [0.0196078431372549], [0.0196078431372549], [0.0196078431372549], [0.0196078431372549], [0.0196078431372549], [0.0196078431372549], [0.0196078431372549], [0.0196078431372549], [0.0196078431372549], [0.0196078431372549], [0.0196078431372549], [0.0196078431372549], [0.0196078431372549], [0.0196078431372549], [0.0196078431372549]]}