{"from": [2, 0, 2, 22, 6, 13, 15, 2, 0, 9, 10, 3, 11, 8, 23, 16, 21, 23, 12, 22, 19, 10, 11, 8, 16, 23, 11, 14, 23, 7, 11, 21, 19, 22, 19, 23, 18, 19, 22, 21, 14, 19, 18, 22, 21, 17, 16, 20, 23, 18, 19, 22, 21, 15], "to": [0, 1, 1, 1, 1, 3, 3, 4, 4, 5, 5, 5, 5, 5, 5, 5, 8, 8, 8, 8, 8, 9, 9, 9, 9, 9, 10, 12, 13, 13, 16, 16, 16, 16, 18, 20, 20, 20, 20, 20, 20, 23, 23, 23, 23, 23, 23, 24, 24, 24, 24, 24, 24, 24], "influence_y": [1, 2, 5, 8, 0, 3, 12, 22, 13, 6, 20, 7, 10, 24, 14], "weights": [[0.018518518518518517], [0.018518518518518517], [0.018518518518518517], [0.018518518518518517], [0.018518518518518517], [0.018518518518518517], [0.018518518518518517], [0.018518518518518517], [0.018518518518518517], [0.018518518518518517], [0.018518518518518517], [0.018518518518518517], [0.018518518518518517], [0.018518518518518517], [0.018518518518518517], [0.018518518518518517], [0.018518518518518517], [0.018518518518518517], [0.018518518518518517], [0.018518518518518517], [0.018518518518518517], [0.018518518518518517], [0.018518518518518517], [0.018518518518518517], [0.018518518518518517], [0.018518518518518517], [0.018518518518518517], [0.018518518518518517], [0.018518518518518517], [0.018518518518518517], [0.018518518518518517], [0.018518518518518517], [0.018518518518518517], [0.018518518518518517], [0.018518518518518517], [0.018518518518518517], [0.018518518518518517], [0.018518518518518517], [0.018518518518518517], [0.018518518518518517], [0.018518518518518517], [0.018518518518518517], [0.018518518518518517], [0.018518518518518517], [0.018518518518518517], [0.018518518518518517], [0.018518518518518517], [0.018518518518518517], [0.018518518518518517], [0.018518518518518517], [0.018518518518518517], [0.018518518518518517], [0.018518518518518517], [0.018518518518518517]]}