{"from": [2, 0, 7, 13, 2, 0, 9, 10, 3, 11, 8, 9, 10, 19, 12, 10, 11, 12, 21, 14, 11, 15, 7, 9, 18, 21, 24, 23, 19, 18, 21, 22, 19, 24, 18, 21, 9, 22, 13, 19, 18, 15, 21, 22], "to": [0, 1, 1, 3, 4, 4, 5, 5, 5, 5, 5, 8, 8, 8, 8, 9, 9, 9, 9, 9, 10, 12, 13, 16, 19, 19, 20, 20, 20, 20, 20, 20, 23, 23, 23, 23, 23, 23, 23, 24, 24, 24, 24, 24], "influence_y": [1, 5, 2, 6, 4, 0, 13, 10, 24, 14, 12], "weights": [[0.022727272727272728], [0.022727272727272728], [0.022727272727272728], [0.022727272727272728], [0.022727272727272728], [0.022727272727272728], [0.022727272727272728], [0.022727272727272728], [0.022727272727272728], [0.022727272727272728], [0.022727272727272728], [0.022727272727272728], [0.022727272727272728], [0.022727272727272728], [0.022727272727272728], [0.022727272727272728], [0.022727272727272728], [0.022727272727272728], [0.022727272727272728], [0.022727272727272728], [0.022727272727272728], [0.022727272727272728], [0.022727272727272728], [0.022727272727272728], [0.022727272727272728], [0.022727272727272728], [0.022727272727272728], [0.022727272727272728], [0.022727272727272728], [0.022727272727272728], [0.022727272727272728], [0.022727272727272728], [0.022727272727272728], [0.022727272727272728], [0.022727272727272728], [0.022727272727272728], [0.022727272727272728], [0.022727272727272728], [0.022727272727272728], [0.022727272727272728], [0.022727272727272728], [0.022727272727272728], [0.022727272727272728], [0.022727272727272728]]}