{"from": [2, 0, 2, 6, 7, 13, 2, 0, 9, 10, 3, 11, 8, 23, 22, 12, 21, 22, 19, 23, 10, 11, 8, 16, 23, 12, 11, 15, 14, 7, 11, 21, 19, 7, 22, 14, 19, 23, 21, 22, 23, 21, 14, 18, 19, 23, 21, 22, 17, 21, 20, 18, 19, 23, 21, 22], "to": [0, 1, 1, 1, 1, 3, 4, 4, 5, 5, 5, 5, 5, 5, 5, 8, 8, 8, 8, 8, 9, 9, 9, 9, 9, 9, 10, 12, 12, 13, 16, 16, 16, 16, 16, 16, 18, 18, 18, 18, 19, 19, 19, 20, 20, 20, 20, 20, 23, 23, 24, 24, 24, 24, 24, 24], "influence_y": [0, 3, 2, 4, 16, 1, 9, 6, 14, 8, 7, 13, 24, 18, 17, 23, 5, 11, 15], "weights": [[0.017857142857142856], [0.017857142857142856], [0.017857142857142856], [0.017857142857142856], [0.017857142857142856], [0.017857142857142856], [0.017857142857142856], [0.017857142857142856], [0.017857142857142856], [0.017857142857142856], [0.017857142857142856], [0.017857142857142856], [0.017857142857142856], [0.017857142857142856], [0.017857142857142856], [0.017857142857142856], [0.017857142857142856], [0.017857142857142856], [0.017857142857142856], [0.017857142857142856], [0.017857142857142856], [0.017857142857142856], [0.017857142857142856], [0.017857142857142856], [0.017857142857142856], [0.017857142857142856], [0.017857142857142856], [0.017857142857142856], [0.017857142857142856], [0.017857142857142856], [0.017857142857142856], [0.017857142857142856], [0.017857142857142856], [0.017857142857142856], [0.017857142857142856], [0.017857142857142856], [0.017857142857142856], [0.017857142857142856], [0.017857142857142856], [0.017857142857142856], [0.017857142857142856], [0.017857142857142856], [0.017857142857142856], [0.017857142857142856], [0.017857142857142856], [0.017857142857142856], [0.017857142857142856], [0.017857142857142856], [0.017857142857142856], [0.017857142857142856], [0.017857142857142856], [0.017857142857142856], [0.017857142857142856], [0.017857142857142856], [0.017857142857142856], [0.017857142857142856]]}