{"from": [2, 0, 2, 6, 20, 7, 13, 2, 0, 9, 10, 3, 11, 8, 23, 16, 22, 12, 21, 22, 19, 16, 23, 10, 11, 8, 16, 23, 12, 21, 14, 11, 14, 7, 21, 15, 19, 11, 14, 21, 12, 19, 23, 21, 22, 23, 21, 22, 14, 18, 19, 23, 21, 22, 17, 20, 19, 18, 23, 21, 22, 15], "to": [0, 1, 1, 1, 1, 1, 3, 4, 4, 5, 5, 5, 5, 5, 5, 5, 5, 8, 8, 8, 8, 8, 8, 9, 9, 9, 9, 9, 9, 9, 9, 10, 12, 13, 13, 14, 16, 16, 16, 16, 16, 18, 18, 18, 18, 19, 19, 19, 19, 20, 20, 20, 20, 20, 23, 24, 24, 24, 24, 24, 24, 24], "influence_y": [5, 1, 8, 6, 12, 16], "weights": [[0.016129032258064516], [0.016129032258064516], [0.016129032258064516], [0.016129032258064516], [0.016129032258064516], [0.016129032258064516], [0.016129032258064516], [0.016129032258064516], [0.016129032258064516], [0.016129032258064516], [0.016129032258064516], [0.016129032258064516], [0.016129032258064516], [0.016129032258064516], [0.016129032258064516], [0.016129032258064516], [0.016129032258064516], [0.016129032258064516], [0.016129032258064516], [0.016129032258064516], [0.016129032258064516], [0.016129032258064516], [0.016129032258064516], [0.016129032258064516], [0.016129032258064516], [0.016129032258064516], [0.016129032258064516], [0.016129032258064516], [0.016129032258064516], [0.016129032258064516], [0.016129032258064516], [0.016129032258064516], [0.016129032258064516], [0.016129032258064516], [0.016129032258064516], [0.016129032258064516], [0.016129032258064516], [0.016129032258064516], [0.016129032258064516], [0.016129032258064516], [0.016129032258064516], [0.016129032258064516], [0.016129032258064516], [0.016129032258064516], [0.016129032258064516], [0.016129032258064516], [0.016129032258064516], [0.016129032258064516], [0.016129032258064516], [0.016129032258064516], [0.016129032258064516], [0.016129032258064516], [0.016129032258064516], [0.016129032258064516], [0.016129032258064516], [0.016129032258064516], [0.016129032258064516], [0.016129032258064516], [0.016129032258064516], [0.016129032258064516], [0.016129032258064516], [0.016129032258064516]]}