{"from": [2, 4, 21, 0, 2, 6, 20, 7, 13, 2, 6, 9, 10, 3, 11, 8, 16, 19, 21, 12, 23, 22, 10, 11, 8, 16, 23, 12, 21, 11, 14, 15, 22, 17, 15, 11, 19, 21, 22, 19, 23, 21, 22, 23, 21, 18, 19, 23, 21, 22, 17, 21, 20, 19, 18, 23, 21, 22, 15], "to": [0, 0, 0, 1, 1, 1, 1, 1, 3, 4, 4, 5, 5, 5, 5, 5, 5, 8, 8, 8, 8, 8, 9, 9, 9, 9, 9, 9, 9, 10, 12, 12, 14, 14, 14, 16, 16, 16, 16, 18, 18, 18, 18, 19, 19, 20, 20, 20, 20, 20, 23, 23, 24, 24, 24, 24, 24, 24, 24], "influence_y": [2, 4, 0, 16, 3, 8, 10, 9, 1, 12, 19, 5, 18, 6], "weights": [[0.01694915254237288], [0.01694915254237288], [0.01694915254237288], [0.01694915254237288], [0.01694915254237288], [0.01694915254237288], [0.01694915254237288], [0.01694915254237288], [0.01694915254237288], [0.01694915254237288], [0.01694915254237288], [0.01694915254237288], [0.01694915254237288], [0.01694915254237288], [0.01694915254237288], [0.01694915254237288], [0.01694915254237288], [0.01694915254237288], [0.01694915254237288], [0.01694915254237288], [0.01694915254237288], [0.01694915254237288], [0.01694915254237288], [0.01694915254237288], [0.01694915254237288], [0.01694915254237288], [0.01694915254237288], [0.01694915254237288], [0.01694915254237288], [0.01694915254237288], [0.01694915254237288], [0.01694915254237288], [0.01694915254237288], [0.01694915254237288], [0.01694915254237288], [0.01694915254237288], [0.01694915254237288], [0.01694915254237288], [0.01694915254237288], [0.01694915254237288], [0.01694915254237288], [0.01694915254237288], [0.01694915254237288], [0.01694915254237288], [0.01694915254237288], [0.01694915254237288], [0.01694915254237288], [0.01694915254237288], [0.01694915254237288], [0.01694915254237288], [0.01694915254237288], [0.01694915254237288], [0.01694915254237288], [0.01694915254237288], [0.01694915254237288], [0.01694915254237288], [0.01694915254237288], [0.01694915254237288], [0.01694915254237288]]}