{"from": [2, 0, 2, 7, 22, 6, 13, 21, 2, 0, 9, 10, 3, 8, 11, 21, 19, 16, 12, 22, 11, 10, 11, 8, 23, 16, 21, 11, 23, 14, 14, 7, 15, 11, 19, 23, 21, 22, 18, 19, 23, 21, 22, 17, 19, 21, 22, 20, 18, 23, 19, 21, 22, 15], "to": [0, 1, 1, 1, 1, 1, 3, 3, 4, 4, 5, 5, 5, 5, 5, 8, 8, 8, 8, 8, 8, 9, 9, 9, 9, 9, 9, 10, 11, 11, 12, 13, 14, 16, 18, 18, 18, 18, 20, 20, 20, 20, 20, 23, 23, 23, 23, 24, 24, 24, 24, 24, 24, 24], "influence_y": [3, 5, 0, 1, 13, 4, 2, 12, 20, 16, 9, 18], "weights": [[0.018518518518518517], [0.018518518518518517], [0.018518518518518517], [0.018518518518518517], [0.018518518518518517], [0.018518518518518517], [0.018518518518518517], [0.018518518518518517], [0.018518518518518517], [0.018518518518518517], [0.018518518518518517], [0.018518518518518517], [0.018518518518518517], [0.018518518518518517], [0.018518518518518517], [0.018518518518518517], [0.018518518518518517], [0.018518518518518517], [0.018518518518518517], [0.018518518518518517], [0.018518518518518517], [0.018518518518518517], [0.018518518518518517], [0.018518518518518517], [0.018518518518518517], [0.018518518518518517], [0.018518518518518517], [0.018518518518518517], [0.018518518518518517], [0.018518518518518517], [0.018518518518518517], [0.018518518518518517], [0.018518518518518517], [0.018518518518518517], [0.018518518518518517], [0.018518518518518517], [0.018518518518518517], [0.018518518518518517], [0.018518518518518517], [0.018518518518518517], [0.018518518518518517], [0.018518518518518517], [0.018518518518518517], [0.018518518518518517], [0.018518518518518517], [0.018518518518518517], [0.018518518518518517], [0.018518518518518517], [0.018518518518518517], [0.018518518518518517], [0.018518518518518517], [0.018518518518518517], [0.018518518518518517], [0.018518518518518517]]}