{"from": [2, 0, 2, 7, 21, 7, 12, 16, 17, 2, 0, 9, 10, 3, 11, 8, 12, 16, 22, 21, 10, 11, 8, 16, 23, 12, 10, 14, 15, 3, 7, 15, 11, 21, 7, 14, 15, 21, 22, 23, 18, 21, 24, 22, 8, 16, 19, 24, 23, 18, 21, 22, 18, 21, 22, 17, 23, 18, 21, 15, 22], "to": [0, 1, 1, 1, 3, 3, 3, 3, 3, 4, 4, 5, 5, 5, 5, 5, 8, 8, 8, 8, 9, 9, 9, 9, 9, 9, 11, 12, 12, 13, 13, 14, 16, 16, 16, 16, 16, 18, 18, 19, 19, 19, 19, 19, 19, 19, 20, 20, 20, 20, 20, 20, 23, 23, 23, 23, 24, 24, 24, 24, 24], "influence_y": [16, 6, 1, 8, 4, 2, 3, 5, 23, 12, 0, 13, 11, 7], "weights": [[0.01639344262295082], [0.01639344262295082], [0.01639344262295082], [0.01639344262295082], [0.01639344262295082], [0.01639344262295082], [0.01639344262295082], [0.01639344262295082], [0.01639344262295082], [0.01639344262295082], [0.01639344262295082], [0.01639344262295082], [0.01639344262295082], [0.01639344262295082], [0.01639344262295082], [0.01639344262295082], [0.01639344262295082], [0.01639344262295082], [0.01639344262295082], [0.01639344262295082], [0.01639344262295082], [0.01639344262295082], [0.01639344262295082], [0.01639344262295082], [0.01639344262295082], [0.01639344262295082], [0.01639344262295082], [0.01639344262295082], [0.01639344262295082], [0.01639344262295082], [0.01639344262295082], [0.01639344262295082], [0.01639344262295082], [0.01639344262295082], [0.01639344262295082], [0.01639344262295082], [0.01639344262295082], [0.01639344262295082], [0.01639344262295082], [0.01639344262295082], [0.01639344262295082], [0.01639344262295082], [0.01639344262295082], [0.01639344262295082], [0.01639344262295082], [0.01639344262295082], [0.01639344262295082], [0.01639344262295082], [0.01639344262295082], [0.01639344262295082], [0.01639344262295082], [0.01639344262295082], [0.01639344262295082], [0.01639344262295082], [0.01639344262295082], [0.01639344262295082], [0.01639344262295082], [0.01639344262295082], [0.01639344262295082], [0.01639344262295082], [0.01639344262295082]]}