{"from": [2, 0, 2, 20, 6, 21, 19, 17, 7, 6, 2, 0, 9, 10, 3, 11, 8, 23, 14, 11, 12, 19, 21, 22, 10, 11, 8, 23, 16, 21, 11, 14, 3, 11, 19, 14, 19, 22, 21, 22, 21, 18, 23, 19, 22, 21, 19, 18, 21, 22, 11, 17, 14, 20, 23, 18, 19, 21, 22], "to": [0, 1, 1, 1, 1, 3, 3, 3, 3, 3, 4, 4, 5, 5, 5, 5, 5, 5, 5, 8, 8, 8, 8, 8, 9, 9, 9, 9, 9, 9, 10, 12, 13, 16, 16, 16, 18, 18, 18, 19, 19, 20, 20, 20, 20, 20, 23, 23, 23, 23, 23, 23, 23, 24, 24, 24, 24, 24, 24], "influence_y": [3, 0, 6, 1, 5, 8, 14, 12], "weights": [[0.01694915254237288], [0.01694915254237288], [0.01694915254237288], [0.01694915254237288], [0.01694915254237288], [0.01694915254237288], [0.01694915254237288], [0.01694915254237288], [0.01694915254237288], [0.01694915254237288], [0.01694915254237288], [0.01694915254237288], [0.01694915254237288], [0.01694915254237288], [0.01694915254237288], [0.01694915254237288], [0.01694915254237288], [0.01694915254237288], [0.01694915254237288], [0.01694915254237288], [0.01694915254237288], [0.01694915254237288], [0.01694915254237288], [0.01694915254237288], [0.01694915254237288], [0.01694915254237288], [0.01694915254237288], [0.01694915254237288], [0.01694915254237288], [0.01694915254237288], [0.01694915254237288], [0.01694915254237288], [0.01694915254237288], [0.01694915254237288], [0.01694915254237288], [0.01694915254237288], [0.01694915254237288], [0.01694915254237288], [0.01694915254237288], [0.01694915254237288], [0.01694915254237288], [0.01694915254237288], [0.01694915254237288], [0.01694915254237288], [0.01694915254237288], [0.01694915254237288], [0.01694915254237288], [0.01694915254237288], [0.01694915254237288], [0.01694915254237288], [0.01694915254237288], [0.01694915254237288], [0.01694915254237288], [0.01694915254237288], [0.01694915254237288], [0.01694915254237288], [0.01694915254237288], [0.01694915254237288], [0.01694915254237288]]}