{"from": [0, 2, 6, 7, 20, 0, 13, 2, 0, 9, 10, 3, 11, 8, 19, 21, 19, 23, 22, 12, 16, 10, 11, 8, 23, 16, 12, 21, 11, 15, 14, 7, 16, 15, 23, 19, 21, 22, 24, 18, 23, 19, 22, 21, 17, 19, 22, 21, 18, 23, 19, 21, 22, 15], "to": [1, 1, 1, 1, 1, 2, 3, 4, 4, 5, 5, 5, 5, 5, 5, 8, 8, 8, 8, 8, 8, 9, 9, 9, 9, 9, 9, 9, 10, 12, 12, 13, 13, 14, 18, 18, 18, 18, 20, 20, 20, 20, 20, 20, 23, 23, 23, 23, 24, 24, 24, 24, 24, 24], "influence_y": [3, 13, 0, 4, 6, 5, 10, 2, 16, 7, 12, 11, 14, 17, 23], "weights": [[0.018518518518518517], [0.018518518518518517], [0.018518518518518517], [0.018518518518518517], [0.018518518518518517], [0.018518518518518517], [0.018518518518518517], [0.018518518518518517], [0.018518518518518517], [0.018518518518518517], [0.018518518518518517], [0.018518518518518517], [0.018518518518518517], [0.018518518518518517], [0.018518518518518517], [0.018518518518518517], [0.018518518518518517], [0.018518518518518517], [0.018518518518518517], [0.018518518518518517], [0.018518518518518517], [0.018518518518518517], [0.018518518518518517], [0.018518518518518517], [0.018518518518518517], [0.018518518518518517], [0.018518518518518517], [0.018518518518518517], [0.018518518518518517], [0.018518518518518517], [0.018518518518518517], [0.018518518518518517], [0.018518518518518517], [0.018518518518518517], [0.018518518518518517], [0.018518518518518517], [0.018518518518518517], [0.018518518518518517], [0.018518518518518517], [0.018518518518518517], [0.018518518518518517], [0.018518518518518517], [0.018518518518518517], [0.018518518518518517], [0.018518518518518517], [0.018518518518518517], [0.018518518518518517], [0.018518518518518517], [0.018518518518518517], [0.018518518518518517], [0.018518518518518517], [0.018518518518518517], [0.018518518518518517], [0.018518518518518517]]}