{"from": [0, 6, 7, 0, 13, 2, 0, 6, 9, 10, 13, 11, 23, 8, 21, 12, 23, 19, 22, 16, 15, 10, 11, 8, 16, 23, 10, 23, 14, 23, 7, 18, 21, 15, 11, 23, 18, 23, 21, 22, 24, 19, 18, 23, 21, 22, 17, 19, 18, 23, 21, 22, 15], "to": [1, 1, 1, 2, 3, 4, 4, 4, 5, 5, 5, 5, 5, 5, 8, 8, 8, 8, 8, 8, 8, 9, 9, 9, 9, 9, 11, 11, 12, 13, 13, 13, 13, 14, 16, 18, 19, 19, 19, 19, 20, 20, 20, 20, 20, 20, 23, 24, 24, 24, 24, 24, 24], "influence_y": [3, 2, 8, 12, 14, 5, 4, 1, 16], "weights": [[0.018867924528301886], [0.018867924528301886], [0.018867924528301886], [0.018867924528301886], [0.018867924528301886], [0.018867924528301886], [0.018867924528301886], [0.018867924528301886], [0.018867924528301886], [0.018867924528301886], [0.018867924528301886], [0.018867924528301886], [0.018867924528301886], [0.018867924528301886], [0.018867924528301886], [0.018867924528301886], [0.018867924528301886], [0.018867924528301886], [0.018867924528301886], [0.018867924528301886], [0.018867924528301886], [0.018867924528301886], [0.018867924528301886], [0.018867924528301886], [0.018867924528301886], [0.018867924528301886], [0.018867924528301886], [0.018867924528301886], [0.018867924528301886], [0.018867924528301886], [0.018867924528301886], [0.018867924528301886], [0.018867924528301886], [0.018867924528301886], [0.018867924528301886], [0.018867924528301886], [0.018867924528301886], [0.018867924528301886], [0.018867924528301886], [0.018867924528301886], [0.018867924528301886], [0.018867924528301886], [0.018867924528301886], [0.018867924528301886], [0.018867924528301886], [0.018867924528301886], [0.018867924528301886], [0.018867924528301886], [0.018867924528301886], [0.018867924528301886], [0.018867924528301886], [0.018867924528301886], [0.018867924528301886]]}