{"from": [2, 0, 7, 6, 13, 2, 0, 9, 10, 3, 11, 8, 23, 22, 16, 12, 19, 21, 16, 10, 11, 8, 23, 21, 12, 18, 16, 14, 11, 14, 15, 7, 11, 14, 19, 23, 21, 22, 23, 21, 22, 24, 18, 19, 23, 21, 22, 17, 21, 22, 18, 19, 23, 21, 22, 15], "to": [0, 1, 1, 1, 3, 4, 4, 5, 5, 5, 5, 5, 5, 5, 5, 8, 8, 8, 8, 9, 9, 9, 9, 9, 9, 9, 9, 9, 10, 12, 12, 13, 16, 16, 18, 18, 18, 18, 19, 19, 19, 20, 20, 20, 20, 20, 20, 23, 23, 23, 24, 24, 24, 24, 24, 24], "influence_y": [0, 2, 3, 9, 4, 6, 16, 12, 14], "weights": [[0.017857142857142856], [0.017857142857142856], [0.017857142857142856], [0.017857142857142856], [0.017857142857142856], [0.017857142857142856], [0.017857142857142856], [0.017857142857142856], [0.017857142857142856], [0.017857142857142856], [0.017857142857142856], [0.017857142857142856], [0.017857142857142856], [0.017857142857142856], [0.017857142857142856], [0.017857142857142856], [0.017857142857142856], [0.017857142857142856], [0.017857142857142856], [0.017857142857142856], [0.017857142857142856], [0.017857142857142856], [0.017857142857142856], [0.017857142857142856], [0.017857142857142856], [0.017857142857142856], [0.017857142857142856], [0.017857142857142856], [0.017857142857142856], [0.017857142857142856], [0.017857142857142856], [0.017857142857142856], [0.017857142857142856], [0.017857142857142856], [0.017857142857142856], [0.017857142857142856], [0.017857142857142856], [0.017857142857142856], [0.017857142857142856], [0.017857142857142856], [0.017857142857142856], [0.017857142857142856], [0.017857142857142856], [0.017857142857142856], [0.017857142857142856], [0.017857142857142856], [0.017857142857142856], [0.017857142857142856], [0.017857142857142856], [0.017857142857142856], [0.017857142857142856], [0.017857142857142856], [0.017857142857142856], [0.017857142857142856], [0.017857142857142856], [0.017857142857142856]]}