{"from": [2, 0, 2, 6, 7, 13, 2, 0, 9, 10, 3, 11, 8, 19, 14, 12, 24, 21, 16, 19, 22, 15, 10, 11, 8, 23, 16, 21, 18, 12, 11, 14, 11, 19, 14, 7, 18, 21, 22, 14, 24, 23, 19, 18, 21, 22, 19, 21, 18, 24, 22, 8, 17, 19, 18, 21, 22, 15], "to": [0, 1, 1, 1, 1, 3, 4, 4, 5, 5, 5, 5, 5, 5, 5, 8, 8, 8, 8, 8, 8, 8, 9, 9, 9, 9, 9, 9, 9, 9, 10, 12, 16, 16, 16, 16, 19, 19, 19, 19, 20, 20, 20, 20, 20, 20, 23, 23, 23, 23, 23, 23, 23, 24, 24, 24, 24, 24], "influence_y": [6, 8, 1, 4, 5, 16, 12, 2], "weights": [[0.017241379310344827], [0.017241379310344827], [0.017241379310344827], [0.017241379310344827], [0.017241379310344827], [0.017241379310344827], [0.017241379310344827], [0.017241379310344827], [0.017241379310344827], [0.017241379310344827], [0.017241379310344827], [0.017241379310344827], [0.017241379310344827], [0.017241379310344827], [0.017241379310344827], [0.017241379310344827], [0.017241379310344827], [0.017241379310344827], [0.017241379310344827], [0.017241379310344827], [0.017241379310344827], [0.017241379310344827], [0.017241379310344827], [0.017241379310344827], [0.017241379310344827], [0.017241379310344827], [0.017241379310344827], [0.017241379310344827], [0.017241379310344827], [0.017241379310344827], [0.017241379310344827], [0.017241379310344827], [0.017241379310344827], [0.017241379310344827], [0.017241379310344827], [0.017241379310344827], [0.017241379310344827], [0.017241379310344827], [0.017241379310344827], [0.017241379310344827], [0.017241379310344827], [0.017241379310344827], [0.017241379310344827], [0.017241379310344827], [0.017241379310344827], [0.017241379310344827], [0.017241379310344827], [0.017241379310344827], [0.017241379310344827], [0.017241379310344827], [0.017241379310344827], [0.017241379310344827], [0.017241379310344827], [0.017241379310344827], [0.017241379310344827], [0.017241379310344827], [0.017241379310344827], [0.017241379310344827]]}