{"from": [0, 7, 6, 0, 13, 5, 2, 0, 9, 10, 13, 11, 8, 23, 9, 10, 19, 12, 21, 22, 10, 11, 16, 12, 21, 17, 11, 7, 11, 14, 19, 22, 21, 21, 22, 14, 24, 23, 18, 19, 22, 21, 19, 18, 21, 9, 24, 22, 17, 18, 19, 21, 22], "to": [1, 1, 1, 2, 3, 3, 4, 4, 5, 5, 5, 5, 5, 5, 8, 8, 8, 8, 8, 8, 9, 9, 9, 9, 9, 9, 10, 13, 16, 16, 18, 18, 18, 19, 19, 19, 20, 20, 20, 20, 20, 20, 23, 23, 23, 23, 23, 23, 23, 24, 24, 24, 24], "influence_y": [5, 0, 12, 2, 8, 9, 16, 4, 7, 11, 18, 6], "weights": [[0.018867924528301886], [0.018867924528301886], [0.018867924528301886], [0.018867924528301886], [0.018867924528301886], [0.018867924528301886], [0.018867924528301886], [0.018867924528301886], [0.018867924528301886], [0.018867924528301886], [0.018867924528301886], [0.018867924528301886], [0.018867924528301886], [0.018867924528301886], [0.018867924528301886], [0.018867924528301886], [0.018867924528301886], [0.018867924528301886], [0.018867924528301886], [0.018867924528301886], [0.018867924528301886], [0.018867924528301886], [0.018867924528301886], [0.018867924528301886], [0.018867924528301886], [0.018867924528301886], [0.018867924528301886], [0.018867924528301886], [0.018867924528301886], [0.018867924528301886], [0.018867924528301886], [0.018867924528301886], [0.018867924528301886], [0.018867924528301886], [0.018867924528301886], [0.018867924528301886], [0.018867924528301886], [0.018867924528301886], [0.018867924528301886], [0.018867924528301886], [0.018867924528301886], [0.018867924528301886], [0.018867924528301886], [0.018867924528301886], [0.018867924528301886], [0.018867924528301886], [0.018867924528301886], [0.018867924528301886], [0.018867924528301886], [0.018867924528301886], [0.018867924528301886], [0.018867924528301886], [0.018867924528301886]]}