{"from": [0, 2, 6, 0, 13, 5, 2, 0, 9, 10, 13, 11, 8, 16, 12, 21, 19, 22, 10, 11, 8, 16, 23, 21, 11, 19, 11, 14, 21, 12, 7, 19, 23, 21, 22, 21, 22, 24, 18, 19, 23, 21, 22, 19, 17, 22, 21, 18, 23, 19, 21, 22, 15], "to": [1, 1, 1, 2, 3, 3, 4, 4, 5, 5, 5, 5, 5, 5, 8, 8, 8, 8, 9, 9, 9, 9, 9, 9, 10, 16, 16, 16, 16, 16, 16, 18, 18, 18, 18, 19, 19, 20, 20, 20, 20, 20, 20, 23, 23, 23, 23, 24, 24, 24, 24, 24, 24], "influence_y": [0, 4, 13, 6, 3, 9, 2, 12, 16, 5, 14, 11, 8, 18, 17, 7], "weights": [[0.018867924528301886], [0.018867924528301886], [0.018867924528301886], [0.018867924528301886], [0.018867924528301886], [0.018867924528301886], [0.018867924528301886], [0.018867924528301886], [0.018867924528301886], [0.018867924528301886], [0.018867924528301886], [0.018867924528301886], [0.018867924528301886], [0.018867924528301886], [0.018867924528301886], [0.018867924528301886], [0.018867924528301886], [0.018867924528301886], [0.018867924528301886], [0.018867924528301886], [0.018867924528301886], [0.018867924528301886], [0.018867924528301886], [0.018867924528301886], [0.018867924528301886], [0.018867924528301886], [0.018867924528301886], [0.018867924528301886], [0.018867924528301886], [0.018867924528301886], [0.018867924528301886], [0.018867924528301886], [0.018867924528301886], [0.018867924528301886], [0.018867924528301886], [0.018867924528301886], [0.018867924528301886], [0.018867924528301886], [0.018867924528301886], [0.018867924528301886], [0.018867924528301886], [0.018867924528301886], [0.018867924528301886], [0.018867924528301886], [0.018867924528301886], [0.018867924528301886], [0.018867924528301886], [0.018867924528301886], [0.018867924528301886], [0.018867924528301886], [0.018867924528301886], [0.018867924528301886], [0.018867924528301886]]}