{"from": [2, 0, 2, 22, 6, 7, 21, 12, 19, 7, 2, 0, 9, 10, 3, 11, 8, 23, 9, 10, 24, 19, 22, 10, 11, 23, 16, 21, 12, 20, 19, 11, 15, 14, 3, 19, 23, 19, 21, 22, 18, 23, 19, 22, 21, 15, 19, 17, 22, 21, 20, 18, 23, 19, 21, 22, 15], "to": [0, 1, 1, 1, 1, 1, 3, 3, 3, 3, 4, 4, 5, 5, 5, 5, 5, 5, 8, 8, 8, 8, 8, 9, 9, 9, 9, 9, 9, 9, 9, 10, 12, 12, 13, 16, 18, 18, 18, 18, 20, 20, 20, 20, 20, 20, 23, 23, 23, 23, 24, 24, 24, 24, 24, 24, 24], "influence_y": [5, 3, 12, 10, 16, 9, 18, 7, 24, 6, 13, 2, 4, 8, 0, 14, 19], "weights": [[0.017543859649122806], [0.017543859649122806], [0.017543859649122806], [0.017543859649122806], [0.017543859649122806], [0.017543859649122806], [0.017543859649122806], [0.017543859649122806], [0.017543859649122806], [0.017543859649122806], [0.017543859649122806], [0.017543859649122806], [0.017543859649122806], [0.017543859649122806], [0.017543859649122806], [0.017543859649122806], [0.017543859649122806], [0.017543859649122806], [0.017543859649122806], [0.017543859649122806], [0.017543859649122806], [0.017543859649122806], [0.017543859649122806], [0.017543859649122806], [0.017543859649122806], [0.017543859649122806], [0.017543859649122806], [0.017543859649122806], [0.017543859649122806], [0.017543859649122806], [0.017543859649122806], [0.017543859649122806], [0.017543859649122806], [0.017543859649122806], [0.017543859649122806], [0.017543859649122806], [0.017543859649122806], [0.017543859649122806], [0.017543859649122806], [0.017543859649122806], [0.017543859649122806], [0.017543859649122806], [0.017543859649122806], [0.017543859649122806], [0.017543859649122806], [0.017543859649122806], [0.017543859649122806], [0.017543859649122806], [0.017543859649122806], [0.017543859649122806], [0.017543859649122806], [0.017543859649122806], [0.017543859649122806], [0.017543859649122806], [0.017543859649122806], [0.017543859649122806], [0.017543859649122806]]}