{"from": [2, 0, 2, 24, 7, 22, 6, 13, 2, 0, 6, 9, 10, 11, 13, 8, 23, 16, 9, 10, 24, 11, 19, 21, 15, 10, 11, 12, 21, 14, 11, 15, 14, 7, 9, 19, 24, 18, 23, 19, 21, 22, 19, 18, 24, 21, 9, 22, 17, 18, 19, 21, 22, 15], "to": [0, 1, 1, 1, 1, 1, 1, 3, 4, 4, 4, 5, 5, 5, 5, 5, 5, 5, 8, 8, 8, 8, 8, 8, 8, 9, 9, 9, 9, 9, 10, 12, 12, 13, 16, 18, 20, 20, 20, 20, 20, 20, 23, 23, 23, 23, 23, 23, 23, 24, 24, 24, 24, 24], "influence_y": [1, 4, 0, 2, 6, 24, 16, 8, 22, 12], "weights": [[0.018518518518518517], [0.018518518518518517], [0.018518518518518517], [0.018518518518518517], [0.018518518518518517], [0.018518518518518517], [0.018518518518518517], [0.018518518518518517], [0.018518518518518517], [0.018518518518518517], [0.018518518518518517], [0.018518518518518517], [0.018518518518518517], [0.018518518518518517], [0.018518518518518517], [0.018518518518518517], [0.018518518518518517], [0.018518518518518517], [0.018518518518518517], [0.018518518518518517], [0.018518518518518517], [0.018518518518518517], [0.018518518518518517], [0.018518518518518517], [0.018518518518518517], [0.018518518518518517], [0.018518518518518517], [0.018518518518518517], [0.018518518518518517], [0.018518518518518517], [0.018518518518518517], [0.018518518518518517], [0.018518518518518517], [0.018518518518518517], [0.018518518518518517], [0.018518518518518517], [0.018518518518518517], [0.018518518518518517], [0.018518518518518517], [0.018518518518518517], [0.018518518518518517], [0.018518518518518517], [0.018518518518518517], [0.018518518518518517], [0.018518518518518517], [0.018518518518518517], [0.018518518518518517], [0.018518518518518517], [0.018518518518518517], [0.018518518518518517], [0.018518518518518517], [0.018518518518518517], [0.018518518518518517], [0.018518518518518517]]}