{"from": [2, 0, 2, 6, 13, 2, 0, 9, 10, 3, 8, 11, 23, 16, 14, 12, 21, 22, 10, 11, 8, 16, 23, 21, 11, 14, 20, 7, 15, 22, 11, 18, 23, 21, 22, 19, 18, 23, 22, 21, 17, 18, 20, 19, 18, 23, 21, 22, 15], "to": [0, 1, 1, 1, 3, 4, 4, 5, 5, 5, 5, 5, 5, 5, 5, 8, 8, 8, 9, 9, 9, 9, 9, 9, 10, 12, 13, 13, 14, 14, 16, 19, 19, 19, 19, 20, 20, 20, 20, 20, 23, 23, 24, 24, 24, 24, 24, 24, 24], "influence_y": [5, 3, 9, 2, 13, 10, 14, 8, 1, 0, 4, 11, 16, 17, 18, 12, 20, 6, 23], "weights": [[0.02040816326530612], [0.02040816326530612], [0.02040816326530612], [0.02040816326530612], [0.02040816326530612], [0.02040816326530612], [0.02040816326530612], [0.02040816326530612], [0.02040816326530612], [0.02040816326530612], [0.02040816326530612], [0.02040816326530612], [0.02040816326530612], [0.02040816326530612], [0.02040816326530612], [0.02040816326530612], [0.02040816326530612], [0.02040816326530612], [0.02040816326530612], [0.02040816326530612], [0.02040816326530612], [0.02040816326530612], [0.02040816326530612], [0.02040816326530612], [0.02040816326530612], [0.02040816326530612], [0.02040816326530612], [0.02040816326530612], [0.02040816326530612], [0.02040816326530612], [0.02040816326530612], [0.02040816326530612], [0.02040816326530612], [0.02040816326530612], [0.02040816326530612], [0.02040816326530612], [0.02040816326530612], [0.02040816326530612], [0.02040816326530612], [0.02040816326530612], [0.02040816326530612], [0.02040816326530612], [0.02040816326530612], [0.02040816326530612], [0.02040816326530612], [0.02040816326530612], [0.02040816326530612], [0.02040816326530612], [0.02040816326530612]]}