{"from": [0, 2, 24, 6, 22, 23, 0, 13, 2, 0, 6, 9, 10, 3, 11, 8, 23, 16, 16, 24, 21, 19, 12, 10, 11, 8, 16, 23, 12, 11, 14, 15, 11, 19, 14, 19, 22, 21, 22, 21, 24, 23, 18, 19, 22, 21, 19, 18, 24, 21, 22, 13, 19, 18, 22, 21, 15], "to": [1, 1, 1, 1, 1, 1, 2, 3, 4, 4, 4, 5, 5, 5, 5, 5, 5, 5, 8, 8, 8, 8, 8, 9, 9, 9, 9, 9, 9, 10, 12, 14, 16, 16, 16, 18, 18, 18, 19, 19, 20, 20, 20, 20, 20, 20, 23, 23, 23, 23, 23, 23, 24, 24, 24, 24, 24], "influence_y": [4, 3, 8, 2, 13, 16, 0, 5, 1, 9, 24, 18, 10, 12, 20, 17], "weights": [[0.017543859649122806], [0.017543859649122806], [0.017543859649122806], [0.017543859649122806], [0.017543859649122806], [0.017543859649122806], [0.017543859649122806], [0.017543859649122806], [0.017543859649122806], [0.017543859649122806], [0.017543859649122806], [0.017543859649122806], [0.017543859649122806], [0.017543859649122806], [0.017543859649122806], [0.017543859649122806], [0.017543859649122806], [0.017543859649122806], [0.017543859649122806], [0.017543859649122806], [0.017543859649122806], [0.017543859649122806], [0.017543859649122806], [0.017543859649122806], [0.017543859649122806], [0.017543859649122806], [0.017543859649122806], [0.017543859649122806], [0.017543859649122806], [0.017543859649122806], [0.017543859649122806], [0.017543859649122806], [0.017543859649122806], [0.017543859649122806], [0.017543859649122806], [0.017543859649122806], [0.017543859649122806], [0.017543859649122806], [0.017543859649122806], [0.017543859649122806], [0.017543859649122806], [0.017543859649122806], [0.017543859649122806], [0.017543859649122806], [0.017543859649122806], [0.017543859649122806], [0.017543859649122806], [0.017543859649122806], [0.017543859649122806], [0.017543859649122806], [0.017543859649122806], [0.017543859649122806], [0.017543859649122806], [0.017543859649122806], [0.017543859649122806], [0.017543859649122806], [0.017543859649122806]]}