{"from": [2, 12, 0, 2, 6, 20, 10, 7, 21, 12, 2, 0, 9, 10, 3, 11, 8, 23, 14, 16, 12, 21, 23, 19, 22, 16, 10, 11, 8, 16, 23, 11, 14, 15, 3, 15, 11, 21, 7, 19, 23, 21, 22, 21, 18, 19, 23, 21, 22, 19, 17, 21, 22, 20, 19, 18, 23, 21, 22, 15], "to": [0, 0, 1, 1, 1, 1, 3, 3, 3, 3, 4, 4, 5, 5, 5, 5, 5, 5, 5, 5, 8, 8, 8, 8, 8, 8, 9, 9, 9, 9, 9, 10, 12, 12, 13, 14, 16, 16, 16, 18, 18, 18, 18, 19, 20, 20, 20, 20, 20, 23, 23, 23, 23, 24, 24, 24, 24, 24, 24, 24], "influence_y": [3, 0, 5, 2, 6, 16, 13, 24, 12, 7], "weights": [[0.016666666666666666], [0.016666666666666666], [0.016666666666666666], [0.016666666666666666], [0.016666666666666666], [0.016666666666666666], [0.016666666666666666], [0.016666666666666666], [0.016666666666666666], [0.016666666666666666], [0.016666666666666666], [0.016666666666666666], [0.016666666666666666], [0.016666666666666666], [0.016666666666666666], [0.016666666666666666], [0.016666666666666666], [0.016666666666666666], [0.016666666666666666], [0.016666666666666666], [0.016666666666666666], [0.016666666666666666], [0.016666666666666666], [0.016666666666666666], [0.016666666666666666], [0.016666666666666666], [0.016666666666666666], [0.016666666666666666], [0.016666666666666666], [0.016666666666666666], [0.016666666666666666], [0.016666666666666666], [0.016666666666666666], [0.016666666666666666], [0.016666666666666666], [0.016666666666666666], [0.016666666666666666], [0.016666666666666666], [0.016666666666666666], [0.016666666666666666], [0.016666666666666666], [0.016666666666666666], [0.016666666666666666], [0.016666666666666666], [0.016666666666666666], [0.016666666666666666], [0.016666666666666666], [0.016666666666666666], [0.016666666666666666], [0.016666666666666666], [0.016666666666666666], [0.016666666666666666], [0.016666666666666666], [0.016666666666666666], [0.016666666666666666], [0.016666666666666666], [0.016666666666666666], [0.016666666666666666], [0.016666666666666666], [0.016666666666666666]]}