{"from": [2, 0, 2, 6, 7, 13, 2, 0, 9, 10, 3, 8, 11, 16, 19, 12, 11, 22, 21, 10, 11, 8, 16, 23, 21, 11, 14, 20, 7, 11, 19, 7, 21, 14, 15, 18, 22, 21, 14, 19, 18, 22, 21, 19, 18, 20, 22, 21, 17, 8, 20, 19, 23, 18, 22, 21, 15], "to": [0, 1, 1, 1, 1, 3, 4, 4, 5, 5, 5, 5, 5, 8, 8, 8, 8, 8, 8, 9, 9, 9, 9, 9, 9, 10, 12, 13, 13, 16, 16, 16, 16, 16, 16, 19, 19, 19, 19, 20, 20, 20, 20, 23, 23, 23, 23, 23, 23, 23, 24, 24, 24, 24, 24, 24, 24], "influence_y": [1, 4, 5, 0, 2, 12, 3, 16, 24, 7, 6], "weights": [[0.017543859649122806], [0.017543859649122806], [0.017543859649122806], [0.017543859649122806], [0.017543859649122806], [0.017543859649122806], [0.017543859649122806], [0.017543859649122806], [0.017543859649122806], [0.017543859649122806], [0.017543859649122806], [0.017543859649122806], [0.017543859649122806], [0.017543859649122806], [0.017543859649122806], [0.017543859649122806], [0.017543859649122806], [0.017543859649122806], [0.017543859649122806], [0.017543859649122806], [0.017543859649122806], [0.017543859649122806], [0.017543859649122806], [0.017543859649122806], [0.017543859649122806], [0.017543859649122806], [0.017543859649122806], [0.017543859649122806], [0.017543859649122806], [0.017543859649122806], [0.017543859649122806], [0.017543859649122806], [0.017543859649122806], [0.017543859649122806], [0.017543859649122806], [0.017543859649122806], [0.017543859649122806], [0.017543859649122806], [0.017543859649122806], [0.017543859649122806], [0.017543859649122806], [0.017543859649122806], [0.017543859649122806], [0.017543859649122806], [0.017543859649122806], [0.017543859649122806], [0.017543859649122806], [0.017543859649122806], [0.017543859649122806], [0.017543859649122806], [0.017543859649122806], [0.017543859649122806], [0.017543859649122806], [0.017543859649122806], [0.017543859649122806], [0.017543859649122806], [0.017543859649122806]]}