{"from": [2, 0, 2, 6, 13, 15, 2, 0, 9, 10, 3, 11, 8, 16, 16, 12, 21, 22, 10, 11, 8, 16, 23, 11, 14, 15, 11, 19, 12, 21, 14, 19, 20, 23, 22, 21, 15, 23, 21, 22, 19, 23, 22, 21, 17, 18, 20, 19, 23, 22, 21, 15], "to": [0, 1, 1, 1, 3, 3, 4, 4, 5, 5, 5, 5, 5, 5, 8, 8, 8, 8, 9, 9, 9, 9, 9, 10, 12, 14, 16, 16, 16, 16, 16, 18, 18, 18, 18, 18, 18, 19, 19, 19, 20, 20, 20, 20, 23, 24, 24, 24, 24, 24, 24, 24], "influence_y": [3, 1, 5, 13, 6, 9, 15], "weights": [[0.019230769230769232], [0.019230769230769232], [0.019230769230769232], [0.019230769230769232], [0.019230769230769232], [0.019230769230769232], [0.019230769230769232], [0.019230769230769232], [0.019230769230769232], [0.019230769230769232], [0.019230769230769232], [0.019230769230769232], [0.019230769230769232], [0.019230769230769232], [0.019230769230769232], [0.019230769230769232], [0.019230769230769232], [0.019230769230769232], [0.019230769230769232], [0.019230769230769232], [0.019230769230769232], [0.019230769230769232], [0.019230769230769232], [0.019230769230769232], [0.019230769230769232], [0.019230769230769232], [0.019230769230769232], [0.019230769230769232], [0.019230769230769232], [0.019230769230769232], [0.019230769230769232], [0.019230769230769232], [0.019230769230769232], [0.019230769230769232], [0.019230769230769232], [0.019230769230769232], [0.019230769230769232], [0.019230769230769232], [0.019230769230769232], [0.019230769230769232], [0.019230769230769232], [0.019230769230769232], [0.019230769230769232], [0.019230769230769232], [0.019230769230769232], [0.019230769230769232], [0.019230769230769232], [0.019230769230769232], [0.019230769230769232], [0.019230769230769232], [0.019230769230769232], [0.019230769230769232]]}