{"from": [2, 4, 0, 6, 13, 2, 9, 10, 3, 11, 8, 23, 14, 9, 10, 11, 21, 22, 10, 11, 12, 21, 11, 7, 9, 18, 21, 22, 24, 23, 19, 18, 21, 22, 19, 9, 21, 24, 18, 22, 19, 18, 21, 15, 22], "to": [0, 0, 1, 1, 3, 4, 5, 5, 5, 5, 5, 5, 5, 8, 8, 8, 8, 8, 9, 9, 9, 9, 10, 13, 16, 19, 19, 19, 20, 20, 20, 20, 20, 20, 23, 23, 23, 23, 23, 23, 24, 24, 24, 24, 24], "influence_y": [3, 13, 5, 1, 8, 2, 20, 17], "weights": [[0.022222222222222223], [0.022222222222222223], [0.022222222222222223], [0.022222222222222223], [0.022222222222222223], [0.022222222222222223], [0.022222222222222223], [0.022222222222222223], [0.022222222222222223], [0.022222222222222223], [0.022222222222222223], [0.022222222222222223], [0.022222222222222223], [0.022222222222222223], [0.022222222222222223], [0.022222222222222223], [0.022222222222222223], [0.022222222222222223], [0.022222222222222223], [0.022222222222222223], [0.022222222222222223], [0.022222222222222223], [0.022222222222222223], [0.022222222222222223], [0.022222222222222223], [0.022222222222222223], [0.022222222222222223], [0.022222222222222223], [0.022222222222222223], [0.022222222222222223], [0.022222222222222223], [0.022222222222222223], [0.022222222222222223], [0.022222222222222223], [0.022222222222222223], [0.022222222222222223], [0.022222222222222223], [0.022222222222222223], [0.022222222222222223], [0.022222222222222223], [0.022222222222222223], [0.022222222222222223], [0.022222222222222223], [0.022222222222222223], [0.022222222222222223]]}