{"from": [2, 0, 2, 6, 2, 0, 9, 10, 3, 11, 8, 21, 19, 22, 12, 16, 23, 18, 10, 11, 8, 16, 23, 12, 10, 15, 3, 11, 19, 21, 24, 12, 22, 14, 15, 7, 23, 21, 22, 18, 23, 21, 22, 14, 19, 18, 23, 21, 22, 17, 22, 21, 20, 19, 18, 23, 21, 22, 15], "to": [0, 1, 1, 1, 4, 4, 5, 5, 5, 5, 5, 8, 8, 8, 8, 8, 8, 8, 9, 9, 9, 9, 9, 9, 11, 12, 13, 16, 16, 16, 16, 16, 16, 16, 16, 16, 18, 18, 18, 19, 19, 19, 19, 19, 20, 20, 20, 20, 20, 23, 23, 23, 24, 24, 24, 24, 24, 24, 24], "influence_y": [3, 0, 13, 16, 8, 10, 2, 5, 9, 14, 19, 6, 1, 21, 24, 7, 20, 18, 11, 4], "weights": [[0.01694915254237288], [0.01694915254237288], [0.01694915254237288], [0.01694915254237288], [0.01694915254237288], [0.01694915254237288], [0.01694915254237288], [0.01694915254237288], [0.01694915254237288], [0.01694915254237288], [0.01694915254237288], [0.01694915254237288], [0.01694915254237288], [0.01694915254237288], [0.01694915254237288], [0.01694915254237288], [0.01694915254237288], [0.01694915254237288], [0.01694915254237288], [0.01694915254237288], [0.01694915254237288], [0.01694915254237288], [0.01694915254237288], [0.01694915254237288], [0.01694915254237288], [0.01694915254237288], [0.01694915254237288], [0.01694915254237288], [0.01694915254237288], [0.01694915254237288], [0.01694915254237288], [0.01694915254237288], [0.01694915254237288], [0.01694915254237288], [0.01694915254237288], [0.01694915254237288], [0.01694915254237288], [0.01694915254237288], [0.01694915254237288], [0.01694915254237288], [0.01694915254237288], [0.01694915254237288], [0.01694915254237288], [0.01694915254237288], [0.01694915254237288], [0.01694915254237288], [0.01694915254237288], [0.01694915254237288], [0.01694915254237288], [0.01694915254237288], [0.01694915254237288], [0.01694915254237288], [0.01694915254237288], [0.01694915254237288], [0.01694915254237288], [0.01694915254237288], [0.01694915254237288], [0.01694915254237288], [0.01694915254237288]]}