{"from": [0, 2, 20, 6, 0, 13, 2, 0, 9, 10, 3, 11, 8, 9, 10, 11, 24, 22, 19, 21, 10, 11, 23, 16, 21, 12, 18, 19, 11, 23, 14, 14, 15, 7, 11, 21, 19, 14, 7, 12, 23, 18, 21, 22, 24, 19, 23, 18, 21, 22, 18, 22, 21, 17, 19, 23, 18, 21, 22, 15], "to": [1, 1, 1, 1, 2, 3, 4, 4, 5, 5, 5, 5, 5, 8, 8, 8, 8, 8, 8, 8, 9, 9, 9, 9, 9, 9, 9, 9, 10, 11, 11, 12, 12, 13, 16, 16, 16, 16, 16, 16, 19, 19, 19, 19, 20, 20, 20, 20, 20, 20, 23, 23, 23, 23, 24, 24, 24, 24, 24, 24], "influence_y": [3, 1, 8, 16, 5, 2, 13, 10, 17, 4, 12, 7, 6], "weights": [[0.016666666666666666], [0.016666666666666666], [0.016666666666666666], [0.016666666666666666], [0.016666666666666666], [0.016666666666666666], [0.016666666666666666], [0.016666666666666666], [0.016666666666666666], [0.016666666666666666], [0.016666666666666666], [0.016666666666666666], [0.016666666666666666], [0.016666666666666666], [0.016666666666666666], [0.016666666666666666], [0.016666666666666666], [0.016666666666666666], [0.016666666666666666], [0.016666666666666666], [0.016666666666666666], [0.016666666666666666], [0.016666666666666666], [0.016666666666666666], [0.016666666666666666], [0.016666666666666666], [0.016666666666666666], [0.016666666666666666], [0.016666666666666666], [0.016666666666666666], [0.016666666666666666], [0.016666666666666666], [0.016666666666666666], [0.016666666666666666], [0.016666666666666666], [0.016666666666666666], [0.016666666666666666], [0.016666666666666666], [0.016666666666666666], [0.016666666666666666], [0.016666666666666666], [0.016666666666666666], [0.016666666666666666], [0.016666666666666666], [0.016666666666666666], [0.016666666666666666], [0.016666666666666666], [0.016666666666666666], [0.016666666666666666], [0.016666666666666666], [0.016666666666666666], [0.016666666666666666], [0.016666666666666666], [0.016666666666666666], [0.016666666666666666], [0.016666666666666666], [0.016666666666666666], [0.016666666666666666], [0.016666666666666666], [0.016666666666666666]]}