{"from": [2, 0, 7, 13, 5, 9, 21, 17, 2, 0, 9, 10, 13, 11, 8, 16, 23, 24, 12, 16, 23, 21, 22, 10, 11, 8, 16, 23, 14, 11, 11, 21, 14, 23, 21, 22, 23, 18, 21, 24, 22, 8, 16, 19, 24, 18, 23, 21, 22, 17, 23, 18, 21, 15, 22], "to": [0, 1, 1, 3, 3, 3, 3, 3, 4, 4, 5, 5, 5, 5, 5, 5, 5, 8, 8, 8, 8, 8, 8, 9, 9, 9, 9, 9, 9, 10, 16, 16, 16, 18, 18, 18, 19, 19, 19, 19, 19, 19, 19, 20, 20, 20, 20, 20, 20, 23, 24, 24, 24, 24, 24], "influence_y": [0, 4, 24, 16, 12, 2, 11, 3, 8, 20, 14, 6], "weights": [[0.01818181818181818], [0.01818181818181818], [0.01818181818181818], [0.01818181818181818], [0.01818181818181818], [0.01818181818181818], [0.01818181818181818], [0.01818181818181818], [0.01818181818181818], [0.01818181818181818], [0.01818181818181818], [0.01818181818181818], [0.01818181818181818], [0.01818181818181818], [0.01818181818181818], [0.01818181818181818], [0.01818181818181818], [0.01818181818181818], [0.01818181818181818], [0.01818181818181818], [0.01818181818181818], [0.01818181818181818], [0.01818181818181818], [0.01818181818181818], [0.01818181818181818], [0.01818181818181818], [0.01818181818181818], [0.01818181818181818], [0.01818181818181818], [0.01818181818181818], [0.01818181818181818], [0.01818181818181818], [0.01818181818181818], [0.01818181818181818], [0.01818181818181818], [0.01818181818181818], [0.01818181818181818], [0.01818181818181818], [0.01818181818181818], [0.01818181818181818], [0.01818181818181818], [0.01818181818181818], [0.01818181818181818], [0.01818181818181818], [0.01818181818181818], [0.01818181818181818], [0.01818181818181818], [0.01818181818181818], [0.01818181818181818], [0.01818181818181818], [0.01818181818181818], [0.01818181818181818], [0.01818181818181818], [0.01818181818181818], [0.01818181818181818]]}