{"from": [2, 0, 2, 6, 20, 7, 13, 2, 0, 9, 10, 3, 11, 8, 19, 12, 21, 22, 16, 10, 11, 8, 23, 16, 21, 18, 12, 11, 15, 14, 7, 20, 15, 11, 23, 23, 18, 21, 22, 20, 8, 16, 23, 18, 22, 21, 22, 21, 17, 19, 20, 23, 18, 21, 22, 15], "to": [0, 1, 1, 1, 1, 1, 3, 4, 4, 5, 5, 5, 5, 5, 5, 8, 8, 8, 8, 9, 9, 9, 9, 9, 9, 9, 9, 10, 12, 12, 13, 13, 14, 16, 18, 19, 19, 19, 19, 19, 19, 19, 20, 20, 20, 20, 23, 23, 23, 24, 24, 24, 24, 24, 24, 24], "influence_y": [2, 1, 0, 8, 4, 6, 3, 14, 16], "weights": [[0.017857142857142856], [0.017857142857142856], [0.017857142857142856], [0.017857142857142856], [0.017857142857142856], [0.017857142857142856], [0.017857142857142856], [0.017857142857142856], [0.017857142857142856], [0.017857142857142856], [0.017857142857142856], [0.017857142857142856], [0.017857142857142856], [0.017857142857142856], [0.017857142857142856], [0.017857142857142856], [0.017857142857142856], [0.017857142857142856], [0.017857142857142856], [0.017857142857142856], [0.017857142857142856], [0.017857142857142856], [0.017857142857142856], [0.017857142857142856], [0.017857142857142856], [0.017857142857142856], [0.017857142857142856], [0.017857142857142856], [0.017857142857142856], [0.017857142857142856], [0.017857142857142856], [0.017857142857142856], [0.017857142857142856], [0.017857142857142856], [0.017857142857142856], [0.017857142857142856], [0.017857142857142856], [0.017857142857142856], [0.017857142857142856], [0.017857142857142856], [0.017857142857142856], [0.017857142857142856], [0.017857142857142856], [0.017857142857142856], [0.017857142857142856], [0.017857142857142856], [0.017857142857142856], [0.017857142857142856], [0.017857142857142856], [0.017857142857142856], [0.017857142857142856], [0.017857142857142856], [0.017857142857142856], [0.017857142857142856], [0.017857142857142856], [0.017857142857142856]]}