{"from": [2, 22, 21, 12, 0, 2, 6, 20, 7, 13, 2, 0, 6, 9, 10, 3, 11, 8, 21, 19, 12, 22, 16, 23, 10, 11, 8, 16, 23, 11, 17, 15, 14, 7, 11, 7, 19, 12, 23, 18, 23, 21, 22, 24, 18, 19, 23, 21, 22, 17, 21, 22, 19, 18, 23, 21, 22], "to": [0, 0, 0, 0, 1, 1, 1, 1, 1, 3, 4, 4, 4, 5, 5, 5, 5, 5, 8, 8, 8, 8, 8, 8, 9, 9, 9, 9, 9, 10, 10, 12, 12, 13, 16, 16, 16, 16, 18, 19, 19, 19, 19, 20, 20, 20, 20, 20, 20, 23, 23, 23, 24, 24, 24, 24, 24], "influence_y": [1, 3, 5, 16, 13, 12, 6, 4, 11, 21, 8, 24, 14], "weights": [[0.017543859649122806], [0.017543859649122806], [0.017543859649122806], [0.017543859649122806], [0.017543859649122806], [0.017543859649122806], [0.017543859649122806], [0.017543859649122806], [0.017543859649122806], [0.017543859649122806], [0.017543859649122806], [0.017543859649122806], [0.017543859649122806], [0.017543859649122806], [0.017543859649122806], [0.017543859649122806], [0.017543859649122806], [0.017543859649122806], [0.017543859649122806], [0.017543859649122806], [0.017543859649122806], [0.017543859649122806], [0.017543859649122806], [0.017543859649122806], [0.017543859649122806], [0.017543859649122806], [0.017543859649122806], [0.017543859649122806], [0.017543859649122806], [0.017543859649122806], [0.017543859649122806], [0.017543859649122806], [0.017543859649122806], [0.017543859649122806], [0.017543859649122806], [0.017543859649122806], [0.017543859649122806], [0.017543859649122806], [0.017543859649122806], [0.017543859649122806], [0.017543859649122806], [0.017543859649122806], [0.017543859649122806], [0.017543859649122806], [0.017543859649122806], [0.017543859649122806], [0.017543859649122806], [0.017543859649122806], [0.017543859649122806], [0.017543859649122806], [0.017543859649122806], [0.017543859649122806], [0.017543859649122806], [0.017543859649122806], [0.017543859649122806], [0.017543859649122806], [0.017543859649122806]]}