{"from": [2, 0, 2, 6, 22, 7, 13, 2, 0, 9, 10, 3, 11, 8, 21, 12, 19, 24, 22, 23, 16, 15, 10, 11, 8, 16, 23, 12, 10, 23, 14, 7, 11, 23, 19, 21, 22, 18, 23, 19, 21, 22, 19, 17, 22, 20, 18, 23, 19, 21, 22, 15], "to": [0, 1, 1, 1, 1, 1, 3, 4, 4, 5, 5, 5, 5, 5, 8, 8, 8, 8, 8, 8, 8, 8, 9, 9, 9, 9, 9, 9, 11, 11, 12, 13, 16, 18, 18, 18, 18, 20, 20, 20, 20, 20, 23, 23, 23, 24, 24, 24, 24, 24, 24, 24], "influence_y": [5, 1, 0, 12, 16, 2, 24, 4, 8, 3, 7, 6, 9, 20], "weights": [[0.019230769230769232], [0.019230769230769232], [0.019230769230769232], [0.019230769230769232], [0.019230769230769232], [0.019230769230769232], [0.019230769230769232], [0.019230769230769232], [0.019230769230769232], [0.019230769230769232], [0.019230769230769232], [0.019230769230769232], [0.019230769230769232], [0.019230769230769232], [0.019230769230769232], [0.019230769230769232], [0.019230769230769232], [0.019230769230769232], [0.019230769230769232], [0.019230769230769232], [0.019230769230769232], [0.019230769230769232], [0.019230769230769232], [0.019230769230769232], [0.019230769230769232], [0.019230769230769232], [0.019230769230769232], [0.019230769230769232], [0.019230769230769232], [0.019230769230769232], [0.019230769230769232], [0.019230769230769232], [0.019230769230769232], [0.019230769230769232], [0.019230769230769232], [0.019230769230769232], [0.019230769230769232], [0.019230769230769232], [0.019230769230769232], [0.019230769230769232], [0.019230769230769232], [0.019230769230769232], [0.019230769230769232], [0.019230769230769232], [0.019230769230769232], [0.019230769230769232], [0.019230769230769232], [0.019230769230769232], [0.019230769230769232], [0.019230769230769232], [0.019230769230769232], [0.019230769230769232]]}