{"from": [2, 0, 2, 6, 20, 21, 7, 2, 0, 9, 10, 3, 11, 8, 21, 12, 19, 10, 11, 8, 23, 16, 21, 12, 18, 11, 14, 3, 15, 19, 11, 18, 21, 22, 14, 24, 23, 18, 19, 21, 22, 19, 18, 21, 22, 11, 17, 23, 19, 18, 21, 22, 15], "to": [0, 1, 1, 1, 1, 3, 3, 4, 4, 5, 5, 5, 5, 5, 8, 8, 8, 9, 9, 9, 9, 9, 9, 9, 9, 10, 12, 13, 14, 16, 16, 19, 19, 19, 19, 20, 20, 20, 20, 20, 20, 23, 23, 23, 23, 23, 23, 24, 24, 24, 24, 24, 24], "influence_y": [1, 0, 8, 16, 12, 6, 14, 13, 5, 3, 2, 7, 18], "weights": [[0.018867924528301886], [0.018867924528301886], [0.018867924528301886], [0.018867924528301886], [0.018867924528301886], [0.018867924528301886], [0.018867924528301886], [0.018867924528301886], [0.018867924528301886], [0.018867924528301886], [0.018867924528301886], [0.018867924528301886], [0.018867924528301886], [0.018867924528301886], [0.018867924528301886], [0.018867924528301886], [0.018867924528301886], [0.018867924528301886], [0.018867924528301886], [0.018867924528301886], [0.018867924528301886], [0.018867924528301886], [0.018867924528301886], [0.018867924528301886], [0.018867924528301886], [0.018867924528301886], [0.018867924528301886], [0.018867924528301886], [0.018867924528301886], [0.018867924528301886], [0.018867924528301886], [0.018867924528301886], [0.018867924528301886], [0.018867924528301886], [0.018867924528301886], [0.018867924528301886], [0.018867924528301886], [0.018867924528301886], [0.018867924528301886], [0.018867924528301886], [0.018867924528301886], [0.018867924528301886], [0.018867924528301886], [0.018867924528301886], [0.018867924528301886], [0.018867924528301886], [0.018867924528301886], [0.018867924528301886], [0.018867924528301886], [0.018867924528301886], [0.018867924528301886], [0.018867924528301886], [0.018867924528301886]]}