{"from": [0, 2, 6, 7, 0, 13, 12, 2, 0, 9, 10, 3, 11, 8, 19, 21, 22, 19, 23, 16, 12, 15, 10, 11, 8, 23, 16, 21, 12, 11, 14, 20, 7, 15, 11, 19, 21, 18, 21, 22, 23, 19, 18, 22, 21, 19, 18, 21, 22, 17, 11, 20, 23, 19, 18, 21, 22, 15], "to": [1, 1, 1, 1, 2, 3, 3, 4, 4, 5, 5, 5, 5, 5, 5, 8, 8, 8, 8, 8, 8, 8, 9, 9, 9, 9, 9, 9, 9, 10, 12, 13, 13, 14, 16, 16, 16, 19, 19, 19, 20, 20, 20, 20, 20, 23, 23, 23, 23, 23, 23, 24, 24, 24, 24, 24, 24, 24], "influence_y": [1, 2, 3, 16, 6, 0, 12, 9, 13, 8, 10, 24, 7], "weights": [[0.017241379310344827], [0.017241379310344827], [0.017241379310344827], [0.017241379310344827], [0.017241379310344827], [0.017241379310344827], [0.017241379310344827], [0.017241379310344827], [0.017241379310344827], [0.017241379310344827], [0.017241379310344827], [0.017241379310344827], [0.017241379310344827], [0.017241379310344827], [0.017241379310344827], [0.017241379310344827], [0.017241379310344827], [0.017241379310344827], [0.017241379310344827], [0.017241379310344827], [0.017241379310344827], [0.017241379310344827], [0.017241379310344827], [0.017241379310344827], [0.017241379310344827], [0.017241379310344827], [0.017241379310344827], [0.017241379310344827], [0.017241379310344827], [0.017241379310344827], [0.017241379310344827], [0.017241379310344827], [0.017241379310344827], [0.017241379310344827], [0.017241379310344827], [0.017241379310344827], [0.017241379310344827], [0.017241379310344827], [0.017241379310344827], [0.017241379310344827], [0.017241379310344827], [0.017241379310344827], [0.017241379310344827], [0.017241379310344827], [0.017241379310344827], [0.017241379310344827], [0.017241379310344827], [0.017241379310344827], [0.017241379310344827], [0.017241379310344827], [0.017241379310344827], [0.017241379310344827], [0.017241379310344827], [0.017241379310344827], [0.017241379310344827], [0.017241379310344827], [0.017241379310344827], [0.017241379310344827]]}