{"from": [2, 4, 0, 2, 7, 20, 6, 21, 7, 12, 23, 19, 16, 17, 2, 9, 10, 3, 11, 23, 8, 16, 14, 4, 21, 21, 22, 12, 11, 23, 19, 16, 4, 10, 11, 8, 23, 21, 19, 16, 18, 12, 22, 17, 11, 14, 3, 15, 19, 21, 19, 23, 21, 22, 23, 21, 19, 18, 23, 21, 22, 17, 22, 20, 18, 19, 23, 21, 22, 15], "to": [0, 0, 1, 1, 1, 1, 1, 3, 3, 3, 3, 3, 3, 3, 4, 5, 5, 5, 5, 5, 5, 5, 5, 5, 5, 8, 8, 8, 8, 8, 8, 8, 8, 9, 9, 9, 9, 9, 9, 9, 9, 9, 9, 9, 10, 12, 13, 14, 16, 16, 18, 18, 18, 18, 19, 19, 20, 20, 20, 20, 20, 23, 23, 24, 24, 24, 24, 24, 24, 24], "influence_y": [5, 1, 3, 18, 6, 7, 19], "weights": [[0.014285714285714285], [0.014285714285714285], [0.014285714285714285], [0.014285714285714285], [0.014285714285714285], [0.014285714285714285], [0.014285714285714285], [0.014285714285714285], [0.014285714285714285], [0.014285714285714285], [0.014285714285714285], [0.014285714285714285], [0.014285714285714285], [0.014285714285714285], [0.014285714285714285], [0.014285714285714285], [0.014285714285714285], [0.014285714285714285], [0.014285714285714285], [0.014285714285714285], [0.014285714285714285], [0.014285714285714285], [0.014285714285714285], [0.014285714285714285], [0.014285714285714285], [0.014285714285714285], [0.014285714285714285], [0.014285714285714285], [0.014285714285714285], [0.014285714285714285], [0.014285714285714285], [0.014285714285714285], [0.014285714285714285], [0.014285714285714285], [0.014285714285714285], [0.014285714285714285], [0.014285714285714285], [0.014285714285714285], [0.014285714285714285], [0.014285714285714285], [0.014285714285714285], [0.014285714285714285], [0.014285714285714285], [0.014285714285714285], [0.014285714285714285], [0.014285714285714285], [0.014285714285714285], [0.014285714285714285], [0.014285714285714285], [0.014285714285714285], [0.014285714285714285], [0.014285714285714285], [0.014285714285714285], [0.014285714285714285], [0.014285714285714285], [0.014285714285714285], [0.014285714285714285], [0.014285714285714285], [0.014285714285714285], [0.014285714285714285], [0.014285714285714285], [0.014285714285714285], [0.014285714285714285], [0.014285714285714285], [0.014285714285714285], [0.014285714285714285], [0.014285714285714285], [0.014285714285714285], [0.014285714285714285], [0.014285714285714285]]}