{"from": [2, 0, 2, 6, 7, 13, 2, 0, 9, 10, 3, 11, 8, 23, 16, 21, 19, 12, 16, 22, 10, 11, 8, 16, 23, 21, 12, 11, 14, 7, 15, 11, 19, 23, 18, 21, 22, 14, 24, 19, 18, 23, 21, 22, 17, 19, 23, 18, 21, 22, 15], "to": [0, 1, 1, 1, 1, 3, 4, 4, 5, 5, 5, 5, 5, 5, 5, 8, 8, 8, 8, 8, 9, 9, 9, 9, 9, 9, 9, 10, 12, 13, 14, 16, 16, 19, 19, 19, 19, 19, 20, 20, 20, 20, 20, 20, 23, 24, 24, 24, 24, 24, 24], "influence_y": [2, 5, 1, 3, 8, 9, 12, 6, 13, 10, 4, 7, 16, 17, 14], "weights": [[0.0196078431372549], [0.0196078431372549], [0.0196078431372549], [0.0196078431372549], [0.0196078431372549], [0.0196078431372549], [0.0196078431372549], [0.0196078431372549], [0.0196078431372549], [0.0196078431372549], [0.0196078431372549], [0.0196078431372549], [0.0196078431372549], [0.0196078431372549], [0.0196078431372549], [0.0196078431372549], [0.0196078431372549], [0.0196078431372549], [0.0196078431372549], [0.0196078431372549], [0.0196078431372549], [0.0196078431372549], [0.0196078431372549], [0.0196078431372549], [0.0196078431372549], [0.0196078431372549], [0.0196078431372549], [0.0196078431372549], [0.0196078431372549], [0.0196078431372549], [0.0196078431372549], [0.0196078431372549], [0.0196078431372549], [0.0196078431372549], [0.0196078431372549], [0.0196078431372549], [0.0196078431372549], [0.0196078431372549], [0.0196078431372549], [0.0196078431372549], [0.0196078431372549], [0.0196078431372549], [0.0196078431372549], [0.0196078431372549], [0.0196078431372549], [0.0196078431372549], [0.0196078431372549], [0.0196078431372549], [0.0196078431372549], [0.0196078431372549], [0.0196078431372549]]}