{"from": [2, 0, 2, 20, 6, 13, 12, 17, 2, 0, 9, 10, 3, 11, 8, 21, 12, 22, 11, 19, 10, 11, 8, 16, 23, 21, 12, 11, 14, 7, 23, 15, 11, 14, 19, 7, 23, 20, 19, 21, 22, 21, 22, 19, 23, 21, 22, 19, 21, 22, 17, 11, 20, 18, 19, 23, 21, 22, 15], "to": [0, 1, 1, 1, 1, 3, 3, 3, 4, 4, 5, 5, 5, 5, 5, 8, 8, 8, 8, 8, 9, 9, 9, 9, 9, 9, 9, 10, 12, 13, 13, 14, 16, 16, 16, 16, 18, 18, 18, 18, 18, 19, 19, 20, 20, 20, 20, 23, 23, 23, 23, 23, 24, 24, 24, 24, 24, 24, 24], "influence_y": [1, 3, 0, 5, 12, 13, 2, 23, 10, 8, 7, 6, 24, 16, 4, 15], "weights": [[0.01694915254237288], [0.01694915254237288], [0.01694915254237288], [0.01694915254237288], [0.01694915254237288], [0.01694915254237288], [0.01694915254237288], [0.01694915254237288], [0.01694915254237288], [0.01694915254237288], [0.01694915254237288], [0.01694915254237288], [0.01694915254237288], [0.01694915254237288], [0.01694915254237288], [0.01694915254237288], [0.01694915254237288], [0.01694915254237288], [0.01694915254237288], [0.01694915254237288], [0.01694915254237288], [0.01694915254237288], [0.01694915254237288], [0.01694915254237288], [0.01694915254237288], [0.01694915254237288], [0.01694915254237288], [0.01694915254237288], [0.01694915254237288], [0.01694915254237288], [0.01694915254237288], [0.01694915254237288], [0.01694915254237288], [0.01694915254237288], [0.01694915254237288], [0.01694915254237288], [0.01694915254237288], [0.01694915254237288], [0.01694915254237288], [0.01694915254237288], [0.01694915254237288], [0.01694915254237288], [0.01694915254237288], [0.01694915254237288], [0.01694915254237288], [0.01694915254237288], [0.01694915254237288], [0.01694915254237288], [0.01694915254237288], [0.01694915254237288], [0.01694915254237288], [0.01694915254237288], [0.01694915254237288], [0.01694915254237288], [0.01694915254237288], [0.01694915254237288], [0.01694915254237288], [0.01694915254237288], [0.01694915254237288]]}