{"from": [2, 4, 23, 0, 2, 7, 6, 22, 13, 2, 9, 10, 13, 8, 11, 21, 19, 12, 22, 23, 18, 15, 10, 11, 8, 16, 23, 21, 11, 14, 7, 15, 19, 23, 18, 21, 22, 19, 23, 18, 21, 22, 18, 17, 21, 22, 20, 19, 23, 18, 21, 22, 15], "to": [0, 0, 0, 1, 1, 1, 1, 1, 3, 4, 5, 5, 5, 5, 5, 8, 8, 8, 8, 8, 8, 8, 9, 9, 9, 9, 9, 9, 10, 12, 13, 14, 16, 19, 19, 19, 19, 20, 20, 20, 20, 20, 23, 23, 23, 23, 24, 24, 24, 24, 24, 24, 24], "influence_y": [5, 4, 0, 8, 6, 7, 9, 19, 24, 2, 12, 16, 14], "weights": [[0.018867924528301886], [0.018867924528301886], [0.018867924528301886], [0.018867924528301886], [0.018867924528301886], [0.018867924528301886], [0.018867924528301886], [0.018867924528301886], [0.018867924528301886], [0.018867924528301886], [0.018867924528301886], [0.018867924528301886], [0.018867924528301886], [0.018867924528301886], [0.018867924528301886], [0.018867924528301886], [0.018867924528301886], [0.018867924528301886], [0.018867924528301886], [0.018867924528301886], [0.018867924528301886], [0.018867924528301886], [0.018867924528301886], [0.018867924528301886], [0.018867924528301886], [0.018867924528301886], [0.018867924528301886], [0.018867924528301886], [0.018867924528301886], [0.018867924528301886], [0.018867924528301886], [0.018867924528301886], [0.018867924528301886], [0.018867924528301886], [0.018867924528301886], [0.018867924528301886], [0.018867924528301886], [0.018867924528301886], [0.018867924528301886], [0.018867924528301886], [0.018867924528301886], [0.018867924528301886], [0.018867924528301886], [0.018867924528301886], [0.018867924528301886], [0.018867924528301886], [0.018867924528301886], [0.018867924528301886], [0.018867924528301886], [0.018867924528301886], [0.018867924528301886], [0.018867924528301886], [0.018867924528301886]]}