{"from": [0, 2, 20, 6, 7, 0, 13, 12, 2, 0, 9, 10, 3, 11, 8, 23, 16, 12, 21, 19, 23, 24, 22, 10, 11, 8, 23, 16, 12, 21, 11, 14, 15, 11, 19, 21, 14, 7, 23, 18, 21, 22, 19, 18, 23, 22, 21, 17, 18, 21, 22, 20, 19, 18, 23, 22, 21, 15], "to": [1, 1, 1, 1, 1, 2, 3, 3, 4, 4, 5, 5, 5, 5, 5, 5, 5, 8, 8, 8, 8, 8, 8, 9, 9, 9, 9, 9, 9, 9, 10, 12, 12, 16, 16, 16, 16, 16, 19, 19, 19, 19, 20, 20, 20, 20, 20, 23, 23, 23, 23, 24, 24, 24, 24, 24, 24, 24], "influence_y": [5, 4, 3, 1, 12, 11, 18], "weights": [[0.017241379310344827], [0.017241379310344827], [0.017241379310344827], [0.017241379310344827], [0.017241379310344827], [0.017241379310344827], [0.017241379310344827], [0.017241379310344827], [0.017241379310344827], [0.017241379310344827], [0.017241379310344827], [0.017241379310344827], [0.017241379310344827], [0.017241379310344827], [0.017241379310344827], [0.017241379310344827], [0.017241379310344827], [0.017241379310344827], [0.017241379310344827], [0.017241379310344827], [0.017241379310344827], [0.017241379310344827], [0.017241379310344827], [0.017241379310344827], [0.017241379310344827], [0.017241379310344827], [0.017241379310344827], [0.017241379310344827], [0.017241379310344827], [0.017241379310344827], [0.017241379310344827], [0.017241379310344827], [0.017241379310344827], [0.017241379310344827], [0.017241379310344827], [0.017241379310344827], [0.017241379310344827], [0.017241379310344827], [0.017241379310344827], [0.017241379310344827], [0.017241379310344827], [0.017241379310344827], [0.017241379310344827], [0.017241379310344827], [0.017241379310344827], [0.017241379310344827], [0.017241379310344827], [0.017241379310344827], [0.017241379310344827], [0.017241379310344827], [0.017241379310344827], [0.017241379310344827], [0.017241379310344827], [0.017241379310344827], [0.017241379310344827], [0.017241379310344827], [0.017241379310344827], [0.017241379310344827]]}