{"from": [2, 0, 2, 6, 7, 13, 2, 0, 9, 10, 3, 11, 8, 23, 16, 22, 21, 19, 22, 12, 23, 10, 11, 8, 16, 23, 12, 10, 23, 14, 14, 23, 19, 7, 21, 15, 11, 19, 21, 22, 7, 14, 23, 18, 21, 22, 24, 19, 23, 18, 21, 22, 17, 18, 21, 22, 19, 23, 18, 21, 22], "to": [0, 1, 1, 1, 1, 3, 4, 4, 5, 5, 5, 5, 5, 5, 5, 5, 8, 8, 8, 8, 8, 9, 9, 9, 9, 9, 9, 11, 11, 11, 12, 13, 13, 13, 13, 14, 16, 16, 16, 16, 16, 16, 19, 19, 19, 19, 20, 20, 20, 20, 20, 20, 23, 23, 23, 23, 24, 24, 24, 24, 24], "influence_y": [0, 4, 5, 8, 3], "weights": [[0.01639344262295082], [0.01639344262295082], [0.01639344262295082], [0.01639344262295082], [0.01639344262295082], [0.01639344262295082], [0.01639344262295082], [0.01639344262295082], [0.01639344262295082], [0.01639344262295082], [0.01639344262295082], [0.01639344262295082], [0.01639344262295082], [0.01639344262295082], [0.01639344262295082], [0.01639344262295082], [0.01639344262295082], [0.01639344262295082], [0.01639344262295082], [0.01639344262295082], [0.01639344262295082], [0.01639344262295082], [0.01639344262295082], [0.01639344262295082], [0.01639344262295082], [0.01639344262295082], [0.01639344262295082], [0.01639344262295082], [0.01639344262295082], [0.01639344262295082], [0.01639344262295082], [0.01639344262295082], [0.01639344262295082], [0.01639344262295082], [0.01639344262295082], [0.01639344262295082], [0.01639344262295082], [0.01639344262295082], [0.01639344262295082], [0.01639344262295082], [0.01639344262295082], [0.01639344262295082], [0.01639344262295082], [0.01639344262295082], [0.01639344262295082], [0.01639344262295082], [0.01639344262295082], [0.01639344262295082], [0.01639344262295082], [0.01639344262295082], [0.01639344262295082], [0.01639344262295082], [0.01639344262295082], [0.01639344262295082], [0.01639344262295082], [0.01639344262295082], [0.01639344262295082], [0.01639344262295082], [0.01639344262295082], [0.01639344262295082], [0.01639344262295082]]}