{"from": [2, 0, 2, 7, 6, 20, 22, 13, 2, 0, 9, 10, 3, 11, 8, 16, 19, 21, 12, 22, 10, 11, 8, 16, 23, 12, 11, 7, 20, 11, 19, 10, 14, 19, 23, 20, 21, 22, 15, 8, 23, 19, 22, 21, 19, 17, 20, 18, 19, 23, 21, 22, 15], "to": [0, 1, 1, 1, 1, 1, 1, 3, 4, 4, 5, 5, 5, 5, 5, 5, 8, 8, 8, 8, 9, 9, 9, 9, 9, 9, 10, 13, 13, 16, 16, 16, 16, 18, 18, 18, 18, 18, 18, 18, 20, 20, 20, 20, 23, 23, 24, 24, 24, 24, 24, 24, 24], "influence_y": [1, 0, 3, 5, 6, 9, 2, 24, 17, 18, 14, 10, 23, 16, 21, 4, 20, 7], "weights": [[0.018867924528301886], [0.018867924528301886], [0.018867924528301886], [0.018867924528301886], [0.018867924528301886], [0.018867924528301886], [0.018867924528301886], [0.018867924528301886], [0.018867924528301886], [0.018867924528301886], [0.018867924528301886], [0.018867924528301886], [0.018867924528301886], [0.018867924528301886], [0.018867924528301886], [0.018867924528301886], [0.018867924528301886], [0.018867924528301886], [0.018867924528301886], [0.018867924528301886], [0.018867924528301886], [0.018867924528301886], [0.018867924528301886], [0.018867924528301886], [0.018867924528301886], [0.018867924528301886], [0.018867924528301886], [0.018867924528301886], [0.018867924528301886], [0.018867924528301886], [0.018867924528301886], [0.018867924528301886], [0.018867924528301886], [0.018867924528301886], [0.018867924528301886], [0.018867924528301886], [0.018867924528301886], [0.018867924528301886], [0.018867924528301886], [0.018867924528301886], [0.018867924528301886], [0.018867924528301886], [0.018867924528301886], [0.018867924528301886], [0.018867924528301886], [0.018867924528301886], [0.018867924528301886], [0.018867924528301886], [0.018867924528301886], [0.018867924528301886], [0.018867924528301886], [0.018867924528301886], [0.018867924528301886]]}