{"from": [2, 0, 2, 20, 6, 7, 13, 2, 0, 9, 10, 3, 8, 11, 23, 18, 14, 22, 21, 22, 12, 19, 23, 10, 11, 8, 23, 16, 12, 11, 14, 15, 23, 7, 18, 21, 19, 17, 11, 14, 19, 24, 23, 18, 19, 22, 21, 19, 18, 21, 22, 11, 17, 23, 18, 19, 21, 22, 15], "to": [0, 1, 1, 1, 1, 1, 3, 4, 4, 5, 5, 5, 5, 5, 5, 5, 5, 5, 8, 8, 8, 8, 8, 9, 9, 9, 9, 9, 9, 10, 12, 12, 13, 13, 13, 13, 13, 13, 16, 16, 18, 20, 20, 20, 20, 20, 20, 23, 23, 23, 23, 23, 23, 24, 24, 24, 24, 24, 24], "influence_y": [4, 5, 3, 16, 0, 6, 13, 1, 9, 8, 7, 12], "weights": [[0.01694915254237288], [0.01694915254237288], [0.01694915254237288], [0.01694915254237288], [0.01694915254237288], [0.01694915254237288], [0.01694915254237288], [0.01694915254237288], [0.01694915254237288], [0.01694915254237288], [0.01694915254237288], [0.01694915254237288], [0.01694915254237288], [0.01694915254237288], [0.01694915254237288], [0.01694915254237288], [0.01694915254237288], [0.01694915254237288], [0.01694915254237288], [0.01694915254237288], [0.01694915254237288], [0.01694915254237288], [0.01694915254237288], [0.01694915254237288], [0.01694915254237288], [0.01694915254237288], [0.01694915254237288], [0.01694915254237288], [0.01694915254237288], [0.01694915254237288], [0.01694915254237288], [0.01694915254237288], [0.01694915254237288], [0.01694915254237288], [0.01694915254237288], [0.01694915254237288], [0.01694915254237288], [0.01694915254237288], [0.01694915254237288], [0.01694915254237288], [0.01694915254237288], [0.01694915254237288], [0.01694915254237288], [0.01694915254237288], [0.01694915254237288], [0.01694915254237288], [0.01694915254237288], [0.01694915254237288], [0.01694915254237288], [0.01694915254237288], [0.01694915254237288], [0.01694915254237288], [0.01694915254237288], [0.01694915254237288], [0.01694915254237288], [0.01694915254237288], [0.01694915254237288], [0.01694915254237288], [0.01694915254237288]]}