{"from": [2, 0, 2, 20, 6, 13, 2, 0, 6, 9, 10, 3, 11, 8, 23, 12, 21, 10, 11, 8, 16, 23, 21, 12, 11, 7, 15, 11, 14, 7, 19, 22, 21, 22, 21, 24, 18, 23, 19, 22, 21, 19, 18, 24, 21, 22, 8, 13, 14, 19, 18, 22, 21, 15], "to": [0, 1, 1, 1, 1, 3, 4, 4, 4, 5, 5, 5, 5, 5, 5, 8, 8, 9, 9, 9, 9, 9, 9, 9, 10, 13, 14, 16, 16, 16, 18, 18, 18, 19, 19, 20, 20, 20, 20, 20, 20, 23, 23, 23, 23, 23, 23, 23, 23, 24, 24, 24, 24, 24], "influence_y": [13, 0, 1, 3, 16, 6, 5, 10, 4], "weights": [[0.018518518518518517], [0.018518518518518517], [0.018518518518518517], [0.018518518518518517], [0.018518518518518517], [0.018518518518518517], [0.018518518518518517], [0.018518518518518517], [0.018518518518518517], [0.018518518518518517], [0.018518518518518517], [0.018518518518518517], [0.018518518518518517], [0.018518518518518517], [0.018518518518518517], [0.018518518518518517], [0.018518518518518517], [0.018518518518518517], [0.018518518518518517], [0.018518518518518517], [0.018518518518518517], [0.018518518518518517], [0.018518518518518517], [0.018518518518518517], [0.018518518518518517], [0.018518518518518517], [0.018518518518518517], [0.018518518518518517], [0.018518518518518517], [0.018518518518518517], [0.018518518518518517], [0.018518518518518517], [0.018518518518518517], [0.018518518518518517], [0.018518518518518517], [0.018518518518518517], [0.018518518518518517], [0.018518518518518517], [0.018518518518518517], [0.018518518518518517], [0.018518518518518517], [0.018518518518518517], [0.018518518518518517], [0.018518518518518517], [0.018518518518518517], [0.018518518518518517], [0.018518518518518517], [0.018518518518518517], [0.018518518518518517], [0.018518518518518517], [0.018518518518518517], [0.018518518518518517], [0.018518518518518517], [0.018518518518518517]]}