{"from": [2, 0, 2, 20, 6, 22, 7, 13, 10, 5, 9, 21, 2, 0, 9, 10, 13, 11, 8, 23, 16, 12, 21, 19, 22, 10, 11, 8, 16, 23, 10, 14, 23, 7, 15, 11, 19, 14, 21, 7, 23, 21, 22, 18, 23, 21, 22, 14, 24, 19, 18, 23, 21, 22, 22, 21, 17, 19, 23, 18, 21, 22, 15], "to": [0, 1, 1, 1, 1, 1, 1, 3, 3, 3, 3, 3, 4, 4, 5, 5, 5, 5, 5, 5, 5, 8, 8, 8, 8, 9, 9, 9, 9, 9, 11, 12, 13, 13, 14, 16, 16, 16, 16, 16, 18, 18, 18, 19, 19, 19, 19, 19, 20, 20, 20, 20, 20, 20, 23, 23, 23, 24, 24, 24, 24, 24, 24], "influence_y": [12, 0, 5, 4, 8, 2, 6], "weights": [[0.015873015873015872], [0.015873015873015872], [0.015873015873015872], [0.015873015873015872], [0.015873015873015872], [0.015873015873015872], [0.015873015873015872], [0.015873015873015872], [0.015873015873015872], [0.015873015873015872], [0.015873015873015872], [0.015873015873015872], [0.015873015873015872], [0.015873015873015872], [0.015873015873015872], [0.015873015873015872], [0.015873015873015872], [0.015873015873015872], [0.015873015873015872], [0.015873015873015872], [0.015873015873015872], [0.015873015873015872], [0.015873015873015872], [0.015873015873015872], [0.015873015873015872], [0.015873015873015872], [0.015873015873015872], [0.015873015873015872], [0.015873015873015872], [0.015873015873015872], [0.015873015873015872], [0.015873015873015872], [0.015873015873015872], [0.015873015873015872], [0.015873015873015872], [0.015873015873015872], [0.015873015873015872], [0.015873015873015872], [0.015873015873015872], [0.015873015873015872], [0.015873015873015872], [0.015873015873015872], [0.015873015873015872], [0.015873015873015872], [0.015873015873015872], [0.015873015873015872], [0.015873015873015872], [0.015873015873015872], [0.015873015873015872], [0.015873015873015872], [0.015873015873015872], [0.015873015873015872], [0.015873015873015872], [0.015873015873015872], [0.015873015873015872], [0.015873015873015872], [0.015873015873015872], [0.015873015873015872], [0.015873015873015872], [0.015873015873015872], [0.015873015873015872], [0.015873015873015872], [0.015873015873015872]]}