{"from": [2, 0, 2, 20, 6, 13, 21, 15, 2, 0, 9, 10, 3, 11, 23, 8, 16, 18, 21, 21, 19, 22, 23, 12, 11, 16, 10, 11, 8, 16, 12, 23, 11, 17, 15, 23, 7, 15, 11, 19, 14, 7, 19, 21, 22, 24, 19, 23, 18, 21, 22, 12, 19, 18, 21, 22, 11, 17, 14, 19, 23, 18, 21, 22, 15], "to": [0, 1, 1, 1, 1, 3, 3, 3, 4, 4, 5, 5, 5, 5, 5, 5, 5, 5, 5, 8, 8, 8, 8, 8, 8, 8, 9, 9, 9, 9, 9, 9, 10, 10, 12, 13, 13, 14, 16, 16, 16, 16, 18, 19, 19, 20, 20, 20, 20, 20, 20, 20, 23, 23, 23, 23, 23, 23, 23, 24, 24, 24, 24, 24, 24], "influence_y": [2, 3, 0, 1, 5, 4, 13, 12, 24, 6, 18, 16, 15], "weights": [[0.015384615384615385], [0.015384615384615385], [0.015384615384615385], [0.015384615384615385], [0.015384615384615385], [0.015384615384615385], [0.015384615384615385], [0.015384615384615385], [0.015384615384615385], [0.015384615384615385], [0.015384615384615385], [0.015384615384615385], [0.015384615384615385], [0.015384615384615385], [0.015384615384615385], [0.015384615384615385], [0.015384615384615385], [0.015384615384615385], [0.015384615384615385], [0.015384615384615385], [0.015384615384615385], [0.015384615384615385], [0.015384615384615385], [0.015384615384615385], [0.015384615384615385], [0.015384615384615385], [0.015384615384615385], [0.015384615384615385], [0.015384615384615385], [0.015384615384615385], [0.015384615384615385], [0.015384615384615385], [0.015384615384615385], [0.015384615384615385], [0.015384615384615385], [0.015384615384615385], [0.015384615384615385], [0.015384615384615385], [0.015384615384615385], [0.015384615384615385], [0.015384615384615385], [0.015384615384615385], [0.015384615384615385], [0.015384615384615385], [0.015384615384615385], [0.015384615384615385], [0.015384615384615385], [0.015384615384615385], [0.015384615384615385], [0.015384615384615385], [0.015384615384615385], [0.015384615384615385], [0.015384615384615385], [0.015384615384615385], [0.015384615384615385], [0.015384615384615385], [0.015384615384615385], [0.015384615384615385], [0.015384615384615385], [0.015384615384615385], [0.015384615384615385], [0.015384615384615385], [0.015384615384615385], [0.015384615384615385], [0.015384615384615385]]}