{"from": [2, 0, 2, 20, 6, 7, 13, 2, 0, 6, 9, 10, 3, 11, 8, 23, 21, 19, 22, 23, 12, 10, 11, 8, 16, 23, 12, 11, 14, 23, 7, 21, 19, 18, 19, 11, 21, 23, 14, 12, 7, 23, 23, 18, 21, 22, 24, 19, 23, 18, 21, 22, 17, 23, 19, 18, 21, 22, 15], "to": [0, 1, 1, 1, 1, 1, 3, 4, 4, 4, 5, 5, 5, 5, 5, 5, 8, 8, 8, 8, 8, 9, 9, 9, 9, 9, 9, 10, 12, 13, 13, 13, 13, 13, 16, 16, 16, 16, 16, 16, 16, 18, 19, 19, 19, 19, 20, 20, 20, 20, 20, 20, 23, 24, 24, 24, 24, 24, 24], "influence_y": [1, 0, 16, 6, 20, 2, 23, 24, 7, 17, 14, 8], "weights": [[0.01694915254237288], [0.01694915254237288], [0.01694915254237288], [0.01694915254237288], [0.01694915254237288], [0.01694915254237288], [0.01694915254237288], [0.01694915254237288], [0.01694915254237288], [0.01694915254237288], [0.01694915254237288], [0.01694915254237288], [0.01694915254237288], [0.01694915254237288], [0.01694915254237288], [0.01694915254237288], [0.01694915254237288], [0.01694915254237288], [0.01694915254237288], [0.01694915254237288], [0.01694915254237288], [0.01694915254237288], [0.01694915254237288], [0.01694915254237288], [0.01694915254237288], [0.01694915254237288], [0.01694915254237288], [0.01694915254237288], [0.01694915254237288], [0.01694915254237288], [0.01694915254237288], [0.01694915254237288], [0.01694915254237288], [0.01694915254237288], [0.01694915254237288], [0.01694915254237288], [0.01694915254237288], [0.01694915254237288], [0.01694915254237288], [0.01694915254237288], [0.01694915254237288], [0.01694915254237288], [0.01694915254237288], [0.01694915254237288], [0.01694915254237288], [0.01694915254237288], [0.01694915254237288], [0.01694915254237288], [0.01694915254237288], [0.01694915254237288], [0.01694915254237288], [0.01694915254237288], [0.01694915254237288], [0.01694915254237288], [0.01694915254237288], [0.01694915254237288], [0.01694915254237288], [0.01694915254237288], [0.01694915254237288]]}