{"from": [2, 0, 20, 6, 7, 13, 2, 0, 6, 9, 10, 3, 11, 8, 23, 21, 19, 22, 23, 12, 16, 10, 11, 8, 16, 23, 11, 14, 7, 19, 23, 21, 22, 18, 23, 21, 22, 14, 24, 19, 18, 23, 21, 22, 17, 22, 19, 18, 23, 21, 22, 15], "to": [0, 1, 1, 1, 1, 3, 4, 4, 4, 5, 5, 5, 5, 5, 5, 8, 8, 8, 8, 8, 8, 9, 9, 9, 9, 9, 10, 12, 13, 16, 18, 18, 18, 19, 19, 19, 19, 19, 20, 20, 20, 20, 20, 20, 23, 23, 24, 24, 24, 24, 24, 24], "influence_y": [5, 3, 0, 1, 12, 6, 8, 16, 4, 13, 14], "weights": [[0.019230769230769232], [0.019230769230769232], [0.019230769230769232], [0.019230769230769232], [0.019230769230769232], [0.019230769230769232], [0.019230769230769232], [0.019230769230769232], [0.019230769230769232], [0.019230769230769232], [0.019230769230769232], [0.019230769230769232], [0.019230769230769232], [0.019230769230769232], [0.019230769230769232], [0.019230769230769232], [0.019230769230769232], [0.019230769230769232], [0.019230769230769232], [0.019230769230769232], [0.019230769230769232], [0.019230769230769232], [0.019230769230769232], [0.019230769230769232], [0.019230769230769232], [0.019230769230769232], [0.019230769230769232], [0.019230769230769232], [0.019230769230769232], [0.019230769230769232], [0.019230769230769232], [0.019230769230769232], [0.019230769230769232], [0.019230769230769232], [0.019230769230769232], [0.019230769230769232], [0.019230769230769232], [0.019230769230769232], [0.019230769230769232], [0.019230769230769232], [0.019230769230769232], [0.019230769230769232], [0.019230769230769232], [0.019230769230769232], [0.019230769230769232], [0.019230769230769232], [0.019230769230769232], [0.019230769230769232], [0.019230769230769232], [0.019230769230769232], [0.019230769230769232], [0.019230769230769232]]}