{"from": [2, 0, 2, 20, 6, 7, 13, 2, 0, 9, 10, 3, 8, 11, 16, 14, 21, 22, 12, 16, 19, 10, 11, 8, 23, 16, 12, 11, 14, 15, 7, 15, 11, 19, 14, 12, 7, 23, 21, 22, 18, 23, 21, 22, 14, 24, 18, 19, 23, 21, 22, 17, 22, 21, 19, 18, 23, 21, 22, 15], "to": [0, 1, 1, 1, 1, 1, 3, 4, 4, 5, 5, 5, 5, 5, 5, 5, 8, 8, 8, 8, 8, 9, 9, 9, 9, 9, 9, 10, 12, 12, 13, 14, 16, 16, 16, 16, 16, 18, 18, 18, 19, 19, 19, 19, 19, 20, 20, 20, 20, 20, 20, 23, 23, 23, 24, 24, 24, 24, 24, 24], "influence_y": [4, 3, 2, 1, 0, 9, 5, 6, 16, 24, 12], "weights": [[0.016666666666666666], [0.016666666666666666], [0.016666666666666666], [0.016666666666666666], [0.016666666666666666], [0.016666666666666666], [0.016666666666666666], [0.016666666666666666], [0.016666666666666666], [0.016666666666666666], [0.016666666666666666], [0.016666666666666666], [0.016666666666666666], [0.016666666666666666], [0.016666666666666666], [0.016666666666666666], [0.016666666666666666], [0.016666666666666666], [0.016666666666666666], [0.016666666666666666], [0.016666666666666666], [0.016666666666666666], [0.016666666666666666], [0.016666666666666666], [0.016666666666666666], [0.016666666666666666], [0.016666666666666666], [0.016666666666666666], [0.016666666666666666], [0.016666666666666666], [0.016666666666666666], [0.016666666666666666], [0.016666666666666666], [0.016666666666666666], [0.016666666666666666], [0.016666666666666666], [0.016666666666666666], [0.016666666666666666], [0.016666666666666666], [0.016666666666666666], [0.016666666666666666], [0.016666666666666666], [0.016666666666666666], [0.016666666666666666], [0.016666666666666666], [0.016666666666666666], [0.016666666666666666], [0.016666666666666666], [0.016666666666666666], [0.016666666666666666], [0.016666666666666666], [0.016666666666666666], [0.016666666666666666], [0.016666666666666666], [0.016666666666666666], [0.016666666666666666], [0.016666666666666666], [0.016666666666666666], [0.016666666666666666], [0.016666666666666666]]}