{"from": [2, 0, 2, 20, 7, 6, 13, 21, 15, 12, 2, 0, 9, 10, 3, 11, 23, 8, 22, 16, 21, 19, 22, 23, 12, 10, 11, 8, 16, 23, 12, 10, 7, 11, 19, 7, 14, 21, 23, 18, 23, 21, 22, 24, 19, 18, 23, 22, 21, 17, 21, 22, 19, 23, 18, 21, 22, 15], "to": [0, 1, 1, 1, 1, 1, 3, 3, 3, 3, 4, 4, 5, 5, 5, 5, 5, 5, 5, 5, 8, 8, 8, 8, 8, 9, 9, 9, 9, 9, 9, 11, 13, 16, 16, 16, 16, 16, 18, 19, 19, 19, 19, 20, 20, 20, 20, 20, 20, 23, 23, 23, 24, 24, 24, 24, 24, 24], "influence_y": [5, 0, 12, 16, 17, 6], "weights": [[0.017241379310344827], [0.017241379310344827], [0.017241379310344827], [0.017241379310344827], [0.017241379310344827], [0.017241379310344827], [0.017241379310344827], [0.017241379310344827], [0.017241379310344827], [0.017241379310344827], [0.017241379310344827], [0.017241379310344827], [0.017241379310344827], [0.017241379310344827], [0.017241379310344827], [0.017241379310344827], [0.017241379310344827], [0.017241379310344827], [0.017241379310344827], [0.017241379310344827], [0.017241379310344827], [0.017241379310344827], [0.017241379310344827], [0.017241379310344827], [0.017241379310344827], [0.017241379310344827], [0.017241379310344827], [0.017241379310344827], [0.017241379310344827], [0.017241379310344827], [0.017241379310344827], [0.017241379310344827], [0.017241379310344827], [0.017241379310344827], [0.017241379310344827], [0.017241379310344827], [0.017241379310344827], [0.017241379310344827], [0.017241379310344827], [0.017241379310344827], [0.017241379310344827], [0.017241379310344827], [0.017241379310344827], [0.017241379310344827], [0.017241379310344827], [0.017241379310344827], [0.017241379310344827], [0.017241379310344827], [0.017241379310344827], [0.017241379310344827], [0.017241379310344827], [0.017241379310344827], [0.017241379310344827], [0.017241379310344827], [0.017241379310344827], [0.017241379310344827], [0.017241379310344827], [0.017241379310344827]]}