{"from": [2, 4, 21, 0, 2, 6, 7, 13, 6, 9, 10, 3, 11, 8, 23, 14, 21, 12, 22, 19, 23, 16, 10, 11, 8, 16, 23, 12, 11, 15, 11, 14, 23, 21, 22, 18, 23, 21, 22, 24, 19, 18, 23, 21, 22, 17, 19, 23, 18, 21, 22, 15], "to": [0, 0, 0, 1, 1, 1, 1, 3, 4, 5, 5, 5, 5, 5, 5, 5, 8, 8, 8, 8, 8, 8, 9, 9, 9, 9, 9, 9, 10, 12, 16, 16, 18, 18, 18, 19, 19, 19, 19, 20, 20, 20, 20, 20, 20, 23, 24, 24, 24, 24, 24, 24], "influence_y": [5, 4, 2, 6, 18], "weights": [[0.019230769230769232], [0.019230769230769232], [0.019230769230769232], [0.019230769230769232], [0.019230769230769232], [0.019230769230769232], [0.019230769230769232], [0.019230769230769232], [0.019230769230769232], [0.019230769230769232], [0.019230769230769232], [0.019230769230769232], [0.019230769230769232], [0.019230769230769232], [0.019230769230769232], [0.019230769230769232], [0.019230769230769232], [0.019230769230769232], [0.019230769230769232], [0.019230769230769232], [0.019230769230769232], [0.019230769230769232], [0.019230769230769232], [0.019230769230769232], [0.019230769230769232], [0.019230769230769232], [0.019230769230769232], [0.019230769230769232], [0.019230769230769232], [0.019230769230769232], [0.019230769230769232], [0.019230769230769232], [0.019230769230769232], [0.019230769230769232], [0.019230769230769232], [0.019230769230769232], [0.019230769230769232], [0.019230769230769232], [0.019230769230769232], [0.019230769230769232], [0.019230769230769232], [0.019230769230769232], [0.019230769230769232], [0.019230769230769232], [0.019230769230769232], [0.019230769230769232], [0.019230769230769232], [0.019230769230769232], [0.019230769230769232], [0.019230769230769232], [0.019230769230769232], [0.019230769230769232]]}