{"from": [2, 0, 6, 2, 7, 13, 17, 2, 0, 9, 10, 3, 11, 8, 11, 21, 19, 12, 24, 10, 11, 8, 23, 16, 21, 12, 11, 15, 14, 23, 7, 11, 14, 7, 24, 21, 15, 23, 19, 21, 22, 18, 23, 19, 21, 22, 19, 17, 21, 20, 18, 23, 19, 21, 22, 15], "to": [0, 1, 1, 1, 1, 3, 3, 4, 4, 5, 5, 5, 5, 5, 8, 8, 8, 8, 8, 9, 9, 9, 9, 9, 9, 9, 10, 12, 12, 13, 13, 16, 16, 16, 16, 16, 16, 18, 18, 18, 18, 20, 20, 20, 20, 20, 23, 23, 23, 24, 24, 24, 24, 24, 24, 24], "influence_y": [5, 0, 4, 14, 3, 2, 16, 12, 6, 8, 1, 18, 20, 22], "weights": [[0.017857142857142856], [0.017857142857142856], [0.017857142857142856], [0.017857142857142856], [0.017857142857142856], [0.017857142857142856], [0.017857142857142856], [0.017857142857142856], [0.017857142857142856], [0.017857142857142856], [0.017857142857142856], [0.017857142857142856], [0.017857142857142856], [0.017857142857142856], [0.017857142857142856], [0.017857142857142856], [0.017857142857142856], [0.017857142857142856], [0.017857142857142856], [0.017857142857142856], [0.017857142857142856], [0.017857142857142856], [0.017857142857142856], [0.017857142857142856], [0.017857142857142856], [0.017857142857142856], [0.017857142857142856], [0.017857142857142856], [0.017857142857142856], [0.017857142857142856], [0.017857142857142856], [0.017857142857142856], [0.017857142857142856], [0.017857142857142856], [0.017857142857142856], [0.017857142857142856], [0.017857142857142856], [0.017857142857142856], [0.017857142857142856], [0.017857142857142856], [0.017857142857142856], [0.017857142857142856], [0.017857142857142856], [0.017857142857142856], [0.017857142857142856], [0.017857142857142856], [0.017857142857142856], [0.017857142857142856], [0.017857142857142856], [0.017857142857142856], [0.017857142857142856], [0.017857142857142856], [0.017857142857142856], [0.017857142857142856], [0.017857142857142856], [0.017857142857142856]]}