{"from": [1, 2, 0, 2, 4, 0, 1, 21, 13, 5, 2, 6, 3, 8, 9, 4, 13, 12, 9, 5, 11, 10, 5, 23, 16, 8, 20, 9, 11, 13, 9, 10, 8, 14, 15, 3, 10, 7, 12, 24, 12, 9, 23, 21, 24, 19, 23, 20, 18, 20, 24, 23, 18, 9, 24, 19, 3, 18, 23, 23, 21, 24, 22, 17, 19, 9, 18, 19, 15, 23, 18, 20], "to": [0, 0, 1, 1, 2, 2, 2, 3, 3, 3, 4, 4, 5, 5, 5, 6, 7, 8, 8, 8, 9, 9, 9, 9, 9, 9, 9, 10, 10, 10, 11, 11, 12, 12, 12, 13, 13, 13, 14, 15, 15, 16, 17, 18, 18, 18, 18, 18, 19, 19, 19, 19, 20, 20, 20, 20, 21, 21, 21, 22, 23, 23, 23, 23, 23, 23, 23, 24, 24, 24, 24, 24], "influence_y": [5, 1, 16, 8, 24, 7, 3], "weights": [[0.013888888888888888], [0.013888888888888888], [0.013888888888888888], [0.013888888888888888], [0.013888888888888888], [0.013888888888888888], [0.013888888888888888], [0.013888888888888888], [0.013888888888888888], [0.013888888888888888], [0.013888888888888888], [0.013888888888888888], [0.013888888888888888], [0.013888888888888888], [0.013888888888888888], [0.013888888888888888], [0.013888888888888888], [0.013888888888888888], [0.013888888888888888], [0.013888888888888888], [0.013888888888888888], [0.013888888888888888], [0.013888888888888888], [0.013888888888888888], [0.013888888888888888], [0.013888888888888888], [0.013888888888888888], [0.013888888888888888], [0.013888888888888888], [0.013888888888888888], [0.013888888888888888], [0.013888888888888888], [0.013888888888888888], [0.013888888888888888], [0.013888888888888888], [0.013888888888888888], [0.013888888888888888], [0.013888888888888888], [0.013888888888888888], [0.013888888888888888], [0.013888888888888888], [0.013888888888888888], [0.013888888888888888], [0.013888888888888888], [0.013888888888888888], [0.013888888888888888], [0.013888888888888888], [0.013888888888888888], [0.013888888888888888], [0.013888888888888888], [0.013888888888888888], [0.013888888888888888], [0.013888888888888888], [0.013888888888888888], [0.013888888888888888], [0.013888888888888888], [0.013888888888888888], [0.013888888888888888], [0.013888888888888888], [0.013888888888888888], [0.013888888888888888], [0.013888888888888888], [0.013888888888888888], [0.013888888888888888], [0.013888888888888888], [0.013888888888888888], [0.013888888888888888], [0.013888888888888888], [0.013888888888888888], [0.013888888888888888], [0.013888888888888888], [0.013888888888888888]]}