{"from": [1, 2, 0, 2, 4, 0, 1, 21, 13, 12, 17, 5, 2, 4, 9, 23, 8, 14, 13, 9, 24, 12, 5, 11, 17, 10, 5, 16, 8, 20, 9, 11, 9, 10, 3, 8, 14, 15, 3, 7, 12, 5, 24, 12, 9, 3, 9, 19, 20, 24, 23, 21, 24, 23, 18, 20, 24, 19, 9, 23, 18, 3, 19, 24, 19, 5, 18, 20, 18, 19, 15, 23, 8, 20], "to": [0, 0, 1, 1, 2, 2, 2, 3, 3, 3, 3, 4, 4, 5, 5, 5, 5, 5, 7, 8, 8, 8, 8, 9, 9, 9, 9, 9, 9, 9, 10, 10, 11, 11, 12, 12, 12, 12, 13, 13, 14, 14, 15, 15, 16, 17, 17, 18, 18, 18, 18, 19, 19, 19, 19, 19, 20, 20, 20, 20, 20, 21, 21, 23, 23, 23, 23, 23, 24, 24, 24, 24, 24, 24], "influence_y": [16, 3, 4, 1, 0, 18, 6, 22], "weights": [[0.013513513513513514], [0.013513513513513514], [0.013513513513513514], [0.013513513513513514], [0.013513513513513514], [0.013513513513513514], [0.013513513513513514], [0.013513513513513514], [0.013513513513513514], [0.013513513513513514], [0.013513513513513514], [0.013513513513513514], [0.013513513513513514], [0.013513513513513514], [0.013513513513513514], [0.013513513513513514], [0.013513513513513514], [0.013513513513513514], [0.013513513513513514], [0.013513513513513514], [0.013513513513513514], [0.013513513513513514], [0.013513513513513514], [0.013513513513513514], [0.013513513513513514], [0.013513513513513514], [0.013513513513513514], [0.013513513513513514], [0.013513513513513514], [0.013513513513513514], [0.013513513513513514], [0.013513513513513514], [0.013513513513513514], [0.013513513513513514], [0.013513513513513514], [0.013513513513513514], [0.013513513513513514], [0.013513513513513514], [0.013513513513513514], [0.013513513513513514], [0.013513513513513514], [0.013513513513513514], [0.013513513513513514], [0.013513513513513514], [0.013513513513513514], [0.013513513513513514], [0.013513513513513514], [0.013513513513513514], [0.013513513513513514], [0.013513513513513514], [0.013513513513513514], [0.013513513513513514], [0.013513513513513514], [0.013513513513513514], [0.013513513513513514], [0.013513513513513514], [0.013513513513513514], [0.013513513513513514], [0.013513513513513514], [0.013513513513513514], [0.013513513513513514], [0.013513513513513514], [0.013513513513513514], [0.013513513513513514], [0.013513513513513514], [0.013513513513513514], [0.013513513513513514], [0.013513513513513514], [0.013513513513513514], [0.013513513513513514], [0.013513513513513514], [0.013513513513513514], [0.013513513513513514], [0.013513513513513514]]}