{"from": [1, 2, 0, 6, 4, 0, 21, 13, 5, 5, 2, 3, 4, 9, 23, 8, 1, 13, 21, 24, 12, 19, 9, 5, 11, 17, 10, 16, 5, 23, 8, 20, 9, 11, 9, 10, 8, 14, 15, 3, 7, 22, 12, 24, 12, 9, 9, 23, 21, 24, 22, 19, 23, 20, 21, 24, 8, 23, 18, 20, 24, 19, 9, 23, 18, 3, 8, 18, 19, 18, 14, 24, 17, 19, 9, 5, 18, 20, 18, 19, 15, 23, 8, 20], "to": [0, 0, 1, 1, 2, 2, 3, 3, 3, 4, 4, 5, 5, 5, 5, 5, 6, 7, 8, 8, 8, 8, 8, 8, 9, 9, 9, 9, 9, 9, 9, 9, 10, 10, 11, 11, 12, 12, 12, 13, 13, 14, 14, 15, 15, 16, 17, 17, 18, 18, 18, 18, 18, 18, 19, 19, 19, 19, 19, 19, 20, 20, 20, 20, 20, 21, 21, 21, 21, 22, 22, 23, 23, 23, 23, 23, 23, 23, 24, 24, 24, 24, 24, 24], "influence_y": [4, 16, 13, 6], "weights": [[0.011904761904761904], [0.011904761904761904], [0.011904761904761904], [0.011904761904761904], [0.011904761904761904], [0.011904761904761904], [0.011904761904761904], [0.011904761904761904], [0.011904761904761904], [0.011904761904761904], [0.011904761904761904], [0.011904761904761904], [0.011904761904761904], [0.011904761904761904], [0.011904761904761904], [0.011904761904761904], [0.011904761904761904], [0.011904761904761904], [0.011904761904761904], [0.011904761904761904], [0.011904761904761904], [0.011904761904761904], [0.011904761904761904], [0.011904761904761904], [0.011904761904761904], [0.011904761904761904], [0.011904761904761904], [0.011904761904761904], [0.011904761904761904], [0.011904761904761904], [0.011904761904761904], [0.011904761904761904], [0.011904761904761904], [0.011904761904761904], [0.011904761904761904], [0.011904761904761904], [0.011904761904761904], [0.011904761904761904], [0.011904761904761904], [0.011904761904761904], [0.011904761904761904], [0.011904761904761904], [0.011904761904761904], [0.011904761904761904], [0.011904761904761904], [0.011904761904761904], [0.011904761904761904], [0.011904761904761904], [0.011904761904761904], [0.011904761904761904], [0.011904761904761904], [0.011904761904761904], [0.011904761904761904], [0.011904761904761904], [0.011904761904761904], [0.011904761904761904], [0.011904761904761904], [0.011904761904761904], [0.011904761904761904], [0.011904761904761904], [0.011904761904761904], [0.011904761904761904], [0.011904761904761904], [0.011904761904761904], [0.011904761904761904], [0.011904761904761904], [0.011904761904761904], [0.011904761904761904], [0.011904761904761904], [0.011904761904761904], [0.011904761904761904], [0.011904761904761904], [0.011904761904761904], [0.011904761904761904], [0.011904761904761904], [0.011904761904761904], [0.011904761904761904], [0.011904761904761904], [0.011904761904761904], [0.011904761904761904], [0.011904761904761904], [0.011904761904761904], [0.011904761904761904], [0.011904761904761904]]}