{"from": [1, 2, 0, 2, 4, 0, 1, 17, 13, 2, 8, 9, 23, 14, 13, 16, 9, 24, 12, 5, 21, 11, 17, 10, 5, 16, 23, 8, 20, 9, 11, 9, 10, 15, 8, 14, 3, 7, 12, 15, 5, 12, 14, 19, 9, 7, 3, 9, 19, 20, 24, 23, 21, 24, 16, 23, 18, 20, 24, 19, 9, 23, 18, 19, 9, 23, 21, 24, 19, 9, 5, 18, 20, 8, 19, 23, 18, 20], "to": [0, 0, 1, 1, 2, 2, 2, 3, 3, 4, 5, 5, 5, 5, 7, 7, 8, 8, 8, 8, 9, 9, 9, 9, 9, 9, 9, 9, 9, 10, 10, 11, 11, 12, 12, 12, 13, 13, 14, 14, 14, 15, 15, 16, 16, 16, 17, 17, 18, 18, 18, 18, 19, 19, 19, 19, 19, 19, 20, 20, 20, 20, 20, 21, 21, 21, 23, 23, 23, 23, 23, 23, 23, 24, 24, 24, 24, 24], "influence_y": [5, 3, 1, 20, 4, 12, 13], "weights": [[0.01282051282051282], [0.01282051282051282], [0.01282051282051282], [0.01282051282051282], [0.01282051282051282], [0.01282051282051282], [0.01282051282051282], [0.01282051282051282], [0.01282051282051282], [0.01282051282051282], [0.01282051282051282], [0.01282051282051282], [0.01282051282051282], [0.01282051282051282], [0.01282051282051282], [0.01282051282051282], [0.01282051282051282], [0.01282051282051282], [0.01282051282051282], [0.01282051282051282], [0.01282051282051282], [0.01282051282051282], [0.01282051282051282], [0.01282051282051282], [0.01282051282051282], [0.01282051282051282], [0.01282051282051282], [0.01282051282051282], [0.01282051282051282], [0.01282051282051282], [0.01282051282051282], [0.01282051282051282], [0.01282051282051282], [0.01282051282051282], [0.01282051282051282], [0.01282051282051282], [0.01282051282051282], [0.01282051282051282], [0.01282051282051282], [0.01282051282051282], [0.01282051282051282], [0.01282051282051282], [0.01282051282051282], [0.01282051282051282], [0.01282051282051282], [0.01282051282051282], [0.01282051282051282], [0.01282051282051282], [0.01282051282051282], [0.01282051282051282], [0.01282051282051282], [0.01282051282051282], [0.01282051282051282], [0.01282051282051282], [0.01282051282051282], [0.01282051282051282], [0.01282051282051282], [0.01282051282051282], [0.01282051282051282], [0.01282051282051282], [0.01282051282051282], [0.01282051282051282], [0.01282051282051282], [0.01282051282051282], [0.01282051282051282], [0.01282051282051282], [0.01282051282051282], [0.01282051282051282], [0.01282051282051282], [0.01282051282051282], [0.01282051282051282], [0.01282051282051282], [0.01282051282051282], [0.01282051282051282], [0.01282051282051282], [0.01282051282051282], [0.01282051282051282], [0.01282051282051282]]}