{"from": [1, 2, 0, 6, 2, 4, 0, 1, 13, 5, 5, 2, 3, 4, 9, 16, 23, 8, 14, 1, 21, 24, 12, 9, 5, 11, 17, 10, 16, 5, 23, 8, 9, 11, 9, 10, 8, 14, 15, 3, 12, 15, 5, 24, 12, 14, 9, 5, 9, 23, 21, 24, 22, 19, 23, 20, 21, 24, 22, 23, 18, 20, 18, 24, 23, 19, 18, 8, 23, 19, 18, 23, 19, 21, 24, 22, 17, 19, 9, 5, 18, 20, 18, 19, 15, 23, 8, 20], "to": [0, 0, 1, 1, 1, 2, 2, 2, 3, 3, 4, 4, 5, 5, 5, 5, 5, 5, 5, 6, 8, 8, 8, 8, 8, 9, 9, 9, 9, 9, 9, 9, 10, 10, 11, 11, 12, 12, 12, 13, 14, 14, 14, 15, 15, 15, 16, 16, 17, 17, 18, 18, 18, 18, 18, 18, 19, 19, 19, 19, 19, 19, 20, 20, 20, 20, 21, 21, 21, 21, 22, 22, 22, 23, 23, 23, 23, 23, 23, 23, 23, 23, 24, 24, 24, 24, 24, 24], "influence_y": [3, 4, 6, 24, 12, 7], "weights": [[0.011363636363636364], [0.011363636363636364], [0.011363636363636364], [0.011363636363636364], [0.011363636363636364], [0.011363636363636364], [0.011363636363636364], [0.011363636363636364], [0.011363636363636364], [0.011363636363636364], [0.011363636363636364], [0.011363636363636364], [0.011363636363636364], [0.011363636363636364], [0.011363636363636364], [0.011363636363636364], [0.011363636363636364], [0.011363636363636364], [0.011363636363636364], [0.011363636363636364], [0.011363636363636364], [0.011363636363636364], [0.011363636363636364], [0.011363636363636364], [0.011363636363636364], [0.011363636363636364], [0.011363636363636364], [0.011363636363636364], [0.011363636363636364], [0.011363636363636364], [0.011363636363636364], [0.011363636363636364], [0.011363636363636364], [0.011363636363636364], [0.011363636363636364], [0.011363636363636364], [0.011363636363636364], [0.011363636363636364], [0.011363636363636364], [0.011363636363636364], [0.011363636363636364], [0.011363636363636364], [0.011363636363636364], [0.011363636363636364], [0.011363636363636364], [0.011363636363636364], [0.011363636363636364], [0.011363636363636364], [0.011363636363636364], [0.011363636363636364], [0.011363636363636364], [0.011363636363636364], [0.011363636363636364], [0.011363636363636364], [0.011363636363636364], [0.011363636363636364], [0.011363636363636364], [0.011363636363636364], [0.011363636363636364], [0.011363636363636364], [0.011363636363636364], [0.011363636363636364], [0.011363636363636364], [0.011363636363636364], [0.011363636363636364], [0.011363636363636364], [0.011363636363636364], [0.011363636363636364], [0.011363636363636364], [0.011363636363636364], [0.011363636363636364], [0.011363636363636364], [0.011363636363636364], [0.011363636363636364], [0.011363636363636364], [0.011363636363636364], [0.011363636363636364], [0.011363636363636364], [0.011363636363636364], [0.011363636363636364], [0.011363636363636364], [0.011363636363636364], [0.011363636363636364], [0.011363636363636364], [0.011363636363636364], [0.011363636363636364], [0.011363636363636364], [0.011363636363636364]]}