{"from": [1, 2, 0, 6, 2, 4, 0, 1, 13, 2, 9, 16, 23, 8, 14, 1, 13, 21, 12, 9, 5, 20, 11, 17, 10, 5, 16, 8, 9, 11, 9, 10, 8, 14, 15, 3, 7, 12, 5, 24, 12, 19, 9, 5, 9, 23, 24, 22, 19, 23, 20, 21, 24, 22, 16, 23, 18, 20, 24, 22, 8, 19, 23, 18, 8, 19, 18, 20, 24, 19, 24, 17, 19, 5, 18, 20, 22, 19, 15, 23, 18, 20], "to": [0, 0, 1, 1, 1, 2, 2, 2, 3, 4, 5, 5, 5, 5, 5, 6, 7, 8, 8, 8, 8, 8, 9, 9, 9, 9, 9, 9, 10, 10, 11, 11, 12, 12, 12, 13, 13, 14, 14, 15, 15, 16, 16, 16, 17, 17, 18, 18, 18, 18, 18, 19, 19, 19, 19, 19, 19, 19, 20, 20, 20, 20, 20, 20, 21, 21, 22, 22, 22, 22, 23, 23, 23, 23, 23, 23, 24, 24, 24, 24, 24, 24], "influence_y": [4, 6, 16, 0], "weights": [[0.012195121951219513], [0.012195121951219513], [0.012195121951219513], [0.012195121951219513], [0.012195121951219513], [0.012195121951219513], [0.012195121951219513], [0.012195121951219513], [0.012195121951219513], [0.012195121951219513], [0.012195121951219513], [0.012195121951219513], [0.012195121951219513], [0.012195121951219513], [0.012195121951219513], [0.012195121951219513], [0.012195121951219513], [0.012195121951219513], [0.012195121951219513], [0.012195121951219513], [0.012195121951219513], [0.012195121951219513], [0.012195121951219513], [0.012195121951219513], [0.012195121951219513], [0.012195121951219513], [0.012195121951219513], [0.012195121951219513], [0.012195121951219513], [0.012195121951219513], [0.012195121951219513], [0.012195121951219513], [0.012195121951219513], [0.012195121951219513], [0.012195121951219513], [0.012195121951219513], [0.012195121951219513], [0.012195121951219513], [0.012195121951219513], [0.012195121951219513], [0.012195121951219513], [0.012195121951219513], [0.012195121951219513], [0.012195121951219513], [0.012195121951219513], [0.012195121951219513], [0.012195121951219513], [0.012195121951219513], [0.012195121951219513], [0.012195121951219513], [0.012195121951219513], [0.012195121951219513], [0.012195121951219513], [0.012195121951219513], [0.012195121951219513], [0.012195121951219513], [0.012195121951219513], [0.012195121951219513], [0.012195121951219513], [0.012195121951219513], [0.012195121951219513], [0.012195121951219513], [0.012195121951219513], [0.012195121951219513], [0.012195121951219513], [0.012195121951219513], [0.012195121951219513], [0.012195121951219513], [0.012195121951219513], [0.012195121951219513], [0.012195121951219513], [0.012195121951219513], [0.012195121951219513], [0.012195121951219513], [0.012195121951219513], [0.012195121951219513], [0.012195121951219513], [0.012195121951219513], [0.012195121951219513], [0.012195121951219513], [0.012195121951219513], [0.012195121951219513]]}