{"from": [1, 2, 0, 2, 4, 0, 1, 17, 13, 21, 5, 2, 4, 8, 9, 23, 13, 24, 12, 19, 9, 5, 11, 17, 10, 5, 16, 8, 20, 9, 11, 9, 10, 8, 15, 3, 7, 24, 12, 9, 24, 3, 9, 23, 19, 20, 24, 23, 24, 8, 23, 18, 20, 24, 22, 19, 9, 23, 18, 3, 23, 20, 24, 21, 24, 17, 19, 5, 18, 20, 22, 8, 15, 19, 16, 23, 18, 20], "to": [0, 0, 1, 1, 2, 2, 2, 3, 3, 3, 4, 4, 5, 5, 5, 5, 7, 8, 8, 8, 8, 8, 9, 9, 9, 9, 9, 9, 9, 10, 10, 11, 11, 12, 12, 13, 13, 15, 15, 16, 16, 17, 17, 17, 18, 18, 18, 18, 19, 19, 19, 19, 19, 20, 20, 20, 20, 20, 20, 21, 21, 22, 22, 23, 23, 23, 23, 23, 23, 23, 24, 24, 24, 24, 24, 24, 24, 24], "influence_y": [5, 14, 16, 3, 4], "weights": [[0.01282051282051282], [0.01282051282051282], [0.01282051282051282], [0.01282051282051282], [0.01282051282051282], [0.01282051282051282], [0.01282051282051282], [0.01282051282051282], [0.01282051282051282], [0.01282051282051282], [0.01282051282051282], [0.01282051282051282], [0.01282051282051282], [0.01282051282051282], [0.01282051282051282], [0.01282051282051282], [0.01282051282051282], [0.01282051282051282], [0.01282051282051282], [0.01282051282051282], [0.01282051282051282], [0.01282051282051282], [0.01282051282051282], [0.01282051282051282], [0.01282051282051282], [0.01282051282051282], [0.01282051282051282], [0.01282051282051282], [0.01282051282051282], [0.01282051282051282], [0.01282051282051282], [0.01282051282051282], [0.01282051282051282], [0.01282051282051282], [0.01282051282051282], [0.01282051282051282], [0.01282051282051282], [0.01282051282051282], [0.01282051282051282], [0.01282051282051282], [0.01282051282051282], [0.01282051282051282], [0.01282051282051282], [0.01282051282051282], [0.01282051282051282], [0.01282051282051282], [0.01282051282051282], [0.01282051282051282], [0.01282051282051282], [0.01282051282051282], [0.01282051282051282], [0.01282051282051282], [0.01282051282051282], [0.01282051282051282], [0.01282051282051282], [0.01282051282051282], [0.01282051282051282], [0.01282051282051282], [0.01282051282051282], [0.01282051282051282], [0.01282051282051282], [0.01282051282051282], [0.01282051282051282], [0.01282051282051282], [0.01282051282051282], [0.01282051282051282], [0.01282051282051282], [0.01282051282051282], [0.01282051282051282], [0.01282051282051282], [0.01282051282051282], [0.01282051282051282], [0.01282051282051282], [0.01282051282051282], [0.01282051282051282], [0.01282051282051282], [0.01282051282051282], [0.01282051282051282]]}