{"from": [1, 2, 0, 6, 2, 4, 0, 1, 17, 13, 6, 2, 8, 9, 4, 1, 13, 16, 24, 22, 12, 9, 5, 21, 11, 17, 10, 5, 16, 23, 8, 20, 9, 11, 9, 10, 8, 14, 15, 3, 23, 7, 15, 12, 24, 12, 14, 19, 9, 7, 3, 9, 21, 24, 22, 19, 23, 20, 21, 24, 22, 16, 23, 18, 20, 24, 19, 9, 23, 18, 18, 9, 23, 19, 18, 8, 19, 21, 13, 24, 19, 9, 18, 20, 18, 19, 15, 23, 8, 20], "to": [0, 0, 1, 1, 1, 2, 2, 2, 3, 3, 4, 4, 5, 5, 6, 6, 7, 7, 8, 8, 8, 8, 8, 9, 9, 9, 9, 9, 9, 9, 9, 9, 10, 10, 11, 11, 12, 12, 12, 13, 13, 13, 14, 14, 15, 15, 15, 16, 16, 16, 17, 17, 18, 18, 18, 18, 18, 18, 19, 19, 19, 19, 19, 19, 19, 20, 20, 20, 20, 20, 21, 21, 21, 21, 22, 22, 22, 23, 23, 23, 23, 23, 23, 23, 24, 24, 24, 24, 24, 24], "influence_y": [5, 3, 1, 12], "weights": [[0.011111111111111112], [0.011111111111111112], [0.011111111111111112], [0.011111111111111112], [0.011111111111111112], [0.011111111111111112], [0.011111111111111112], [0.011111111111111112], [0.011111111111111112], [0.011111111111111112], [0.011111111111111112], [0.011111111111111112], [0.011111111111111112], [0.011111111111111112], [0.011111111111111112], [0.011111111111111112], [0.011111111111111112], [0.011111111111111112], [0.011111111111111112], [0.011111111111111112], [0.011111111111111112], [0.011111111111111112], [0.011111111111111112], [0.011111111111111112], [0.011111111111111112], [0.011111111111111112], [0.011111111111111112], [0.011111111111111112], [0.011111111111111112], [0.011111111111111112], [0.011111111111111112], [0.011111111111111112], [0.011111111111111112], [0.011111111111111112], [0.011111111111111112], [0.011111111111111112], [0.011111111111111112], [0.011111111111111112], [0.011111111111111112], [0.011111111111111112], [0.011111111111111112], [0.011111111111111112], [0.011111111111111112], [0.011111111111111112], [0.011111111111111112], [0.011111111111111112], [0.011111111111111112], [0.011111111111111112], [0.011111111111111112], [0.011111111111111112], [0.011111111111111112], [0.011111111111111112], [0.011111111111111112], [0.011111111111111112], [0.011111111111111112], [0.011111111111111112], [0.011111111111111112], [0.011111111111111112], [0.011111111111111112], [0.011111111111111112], [0.011111111111111112], [0.011111111111111112], [0.011111111111111112], [0.011111111111111112], [0.011111111111111112], [0.011111111111111112], [0.011111111111111112], [0.011111111111111112], [0.011111111111111112], [0.011111111111111112], [0.011111111111111112], [0.011111111111111112], [0.011111111111111112], [0.011111111111111112], [0.011111111111111112], [0.011111111111111112], [0.011111111111111112], [0.011111111111111112], [0.011111111111111112], [0.011111111111111112], [0.011111111111111112], [0.011111111111111112], [0.011111111111111112], [0.011111111111111112], [0.011111111111111112], [0.011111111111111112], [0.011111111111111112], [0.011111111111111112], [0.011111111111111112], [0.011111111111111112]]}