{"from": [1, 2, 0, 6, 2, 4, 0, 1, 21, 13, 17, 16, 5, 6, 2, 4, 8, 9, 23, 4, 1, 13, 12, 9, 5, 11, 17, 10, 5, 16, 23, 8, 20, 9, 11, 9, 10, 8, 14, 3, 7, 15, 12, 19, 24, 14, 3, 19, 9, 3, 9, 23, 21, 24, 19, 23, 20, 21, 24, 16, 23, 18, 20, 14, 18, 9, 24, 19, 3, 18, 24, 19, 24, 17, 19, 9, 5, 18, 21, 19, 15, 23, 18, 20], "to": [0, 0, 1, 1, 1, 2, 2, 2, 3, 3, 3, 3, 4, 4, 4, 5, 5, 5, 5, 6, 6, 7, 8, 8, 8, 9, 9, 9, 9, 9, 9, 9, 9, 10, 10, 11, 11, 12, 12, 13, 13, 14, 14, 14, 15, 15, 16, 16, 16, 17, 17, 17, 18, 18, 18, 18, 18, 19, 19, 19, 19, 19, 19, 19, 20, 20, 20, 20, 21, 21, 21, 21, 23, 23, 23, 23, 23, 23, 24, 24, 24, 24, 24, 24], "influence_y": [5, 3, 16, 14, 1, 0, 8], "weights": [[0.011904761904761904], [0.011904761904761904], [0.011904761904761904], [0.011904761904761904], [0.011904761904761904], [0.011904761904761904], [0.011904761904761904], [0.011904761904761904], [0.011904761904761904], [0.011904761904761904], [0.011904761904761904], [0.011904761904761904], [0.011904761904761904], [0.011904761904761904], [0.011904761904761904], [0.011904761904761904], [0.011904761904761904], [0.011904761904761904], [0.011904761904761904], [0.011904761904761904], [0.011904761904761904], [0.011904761904761904], [0.011904761904761904], [0.011904761904761904], [0.011904761904761904], [0.011904761904761904], [0.011904761904761904], [0.011904761904761904], [0.011904761904761904], [0.011904761904761904], [0.011904761904761904], [0.011904761904761904], [0.011904761904761904], [0.011904761904761904], [0.011904761904761904], [0.011904761904761904], [0.011904761904761904], [0.011904761904761904], [0.011904761904761904], [0.011904761904761904], [0.011904761904761904], [0.011904761904761904], [0.011904761904761904], [0.011904761904761904], [0.011904761904761904], [0.011904761904761904], [0.011904761904761904], [0.011904761904761904], [0.011904761904761904], [0.011904761904761904], [0.011904761904761904], [0.011904761904761904], [0.011904761904761904], [0.011904761904761904], [0.011904761904761904], [0.011904761904761904], [0.011904761904761904], [0.011904761904761904], [0.011904761904761904], [0.011904761904761904], [0.011904761904761904], [0.011904761904761904], [0.011904761904761904], [0.011904761904761904], [0.011904761904761904], [0.011904761904761904], [0.011904761904761904], [0.011904761904761904], [0.011904761904761904], [0.011904761904761904], [0.011904761904761904], [0.011904761904761904], [0.011904761904761904], [0.011904761904761904], [0.011904761904761904], [0.011904761904761904], [0.011904761904761904], [0.011904761904761904], [0.011904761904761904], [0.011904761904761904], [0.011904761904761904], [0.011904761904761904], [0.011904761904761904], [0.011904761904761904]]}