{"from": [1, 2, 0, 6, 2, 4, 0, 1, 17, 13, 5, 21, 6, 2, 3, 9, 23, 8, 20, 4, 1, 13, 24, 22, 12, 9, 5, 11, 17, 10, 5, 16, 8, 20, 9, 11, 9, 10, 8, 14, 3, 7, 15, 12, 24, 14, 19, 9, 3, 9, 24, 22, 19, 23, 20, 21, 24, 16, 23, 18, 20, 24, 19, 9, 5, 23, 18, 3, 19, 23, 18, 8, 23, 21, 24, 22, 19, 5, 18, 20, 18, 19, 15, 23, 8, 20], "to": [0, 0, 1, 1, 1, 2, 2, 2, 3, 3, 3, 3, 4, 4, 5, 5, 5, 5, 5, 6, 6, 7, 8, 8, 8, 8, 8, 9, 9, 9, 9, 9, 9, 9, 10, 10, 11, 11, 12, 12, 13, 13, 14, 14, 15, 15, 16, 16, 17, 17, 18, 18, 18, 18, 18, 19, 19, 19, 19, 19, 19, 20, 20, 20, 20, 20, 20, 21, 21, 21, 22, 22, 22, 23, 23, 23, 23, 23, 23, 23, 24, 24, 24, 24, 24, 24], "influence_y": [16, 0, 1, 6, 5], "weights": [[0.011627906976744186], [0.011627906976744186], [0.011627906976744186], [0.011627906976744186], [0.011627906976744186], [0.011627906976744186], [0.011627906976744186], [0.011627906976744186], [0.011627906976744186], [0.011627906976744186], [0.011627906976744186], [0.011627906976744186], [0.011627906976744186], [0.011627906976744186], [0.011627906976744186], [0.011627906976744186], [0.011627906976744186], [0.011627906976744186], [0.011627906976744186], [0.011627906976744186], [0.011627906976744186], [0.011627906976744186], [0.011627906976744186], [0.011627906976744186], [0.011627906976744186], [0.011627906976744186], [0.011627906976744186], [0.011627906976744186], [0.011627906976744186], [0.011627906976744186], [0.011627906976744186], [0.011627906976744186], [0.011627906976744186], [0.011627906976744186], [0.011627906976744186], [0.011627906976744186], [0.011627906976744186], [0.011627906976744186], [0.011627906976744186], [0.011627906976744186], [0.011627906976744186], [0.011627906976744186], [0.011627906976744186], [0.011627906976744186], [0.011627906976744186], [0.011627906976744186], [0.011627906976744186], [0.011627906976744186], [0.011627906976744186], [0.011627906976744186], [0.011627906976744186], [0.011627906976744186], [0.011627906976744186], [0.011627906976744186], [0.011627906976744186], [0.011627906976744186], [0.011627906976744186], [0.011627906976744186], [0.011627906976744186], [0.011627906976744186], [0.011627906976744186], [0.011627906976744186], [0.011627906976744186], [0.011627906976744186], [0.011627906976744186], [0.011627906976744186], [0.011627906976744186], [0.011627906976744186], [0.011627906976744186], [0.011627906976744186], [0.011627906976744186], [0.011627906976744186], [0.011627906976744186], [0.011627906976744186], [0.011627906976744186], [0.011627906976744186], [0.011627906976744186], [0.011627906976744186], [0.011627906976744186], [0.011627906976744186], [0.011627906976744186], [0.011627906976744186], [0.011627906976744186], [0.011627906976744186], [0.011627906976744186], [0.011627906976744186]]}