{"from": [1, 2, 0, 2, 4, 0, 1, 13, 12, 5, 2, 6, 4, 9, 23, 8, 14, 4, 13, 16, 21, 24, 12, 9, 5, 11, 17, 10, 5, 16, 8, 20, 9, 11, 9, 10, 3, 8, 14, 15, 3, 7, 12, 5, 22, 24, 12, 19, 9, 7, 9, 23, 21, 24, 22, 19, 23, 20, 21, 24, 16, 23, 18, 20, 24, 22, 19, 9, 23, 18, 18, 8, 23, 19, 18, 20, 24, 14, 21, 17, 19, 5, 18, 20, 22, 18, 19, 15, 8, 20], "to": [0, 0, 1, 1, 2, 2, 2, 3, 3, 4, 4, 4, 5, 5, 5, 5, 5, 6, 7, 7, 8, 8, 8, 8, 8, 9, 9, 9, 9, 9, 9, 9, 10, 10, 11, 11, 12, 12, 12, 12, 13, 13, 14, 14, 14, 15, 15, 16, 16, 16, 17, 17, 18, 18, 18, 18, 18, 18, 19, 19, 19, 19, 19, 19, 20, 20, 20, 20, 20, 20, 21, 21, 21, 21, 22, 22, 22, 22, 23, 23, 23, 23, 23, 23, 24, 24, 24, 24, 24, 24], "influence_y": [4, 1, 16, 23, 24, 6, 8], "weights": [[0.011111111111111112], [0.011111111111111112], [0.011111111111111112], [0.011111111111111112], [0.011111111111111112], [0.011111111111111112], [0.011111111111111112], [0.011111111111111112], [0.011111111111111112], [0.011111111111111112], [0.011111111111111112], [0.011111111111111112], [0.011111111111111112], [0.011111111111111112], [0.011111111111111112], [0.011111111111111112], [0.011111111111111112], [0.011111111111111112], [0.011111111111111112], [0.011111111111111112], [0.011111111111111112], [0.011111111111111112], [0.011111111111111112], [0.011111111111111112], [0.011111111111111112], [0.011111111111111112], [0.011111111111111112], [0.011111111111111112], [0.011111111111111112], [0.011111111111111112], [0.011111111111111112], [0.011111111111111112], [0.011111111111111112], [0.011111111111111112], [0.011111111111111112], [0.011111111111111112], [0.011111111111111112], [0.011111111111111112], [0.011111111111111112], [0.011111111111111112], [0.011111111111111112], [0.011111111111111112], [0.011111111111111112], [0.011111111111111112], [0.011111111111111112], [0.011111111111111112], [0.011111111111111112], [0.011111111111111112], [0.011111111111111112], [0.011111111111111112], [0.011111111111111112], [0.011111111111111112], [0.011111111111111112], [0.011111111111111112], [0.011111111111111112], [0.011111111111111112], [0.011111111111111112], [0.011111111111111112], [0.011111111111111112], [0.011111111111111112], [0.011111111111111112], [0.011111111111111112], [0.011111111111111112], [0.011111111111111112], [0.011111111111111112], [0.011111111111111112], [0.011111111111111112], [0.011111111111111112], [0.011111111111111112], [0.011111111111111112], [0.011111111111111112], [0.011111111111111112], [0.011111111111111112], [0.011111111111111112], [0.011111111111111112], [0.011111111111111112], [0.011111111111111112], [0.011111111111111112], [0.011111111111111112], [0.011111111111111112], [0.011111111111111112], [0.011111111111111112], [0.011111111111111112], [0.011111111111111112], [0.011111111111111112], [0.011111111111111112], [0.011111111111111112], [0.011111111111111112], [0.011111111111111112], [0.011111111111111112]]}