{"from": [1, 2, 0, 6, 2, 4, 0, 1, 12, 17, 13, 5, 2, 3, 9, 23, 8, 14, 1, 13, 21, 24, 12, 9, 5, 11, 10, 5, 23, 16, 8, 20, 9, 11, 9, 10, 3, 8, 14, 15, 3, 7, 12, 5, 22, 16, 24, 12, 9, 14, 3, 23, 19, 20, 24, 23, 21, 24, 22, 23, 18, 20, 24, 19, 9, 23, 18, 8, 23, 19, 19, 14, 21, 24, 17, 19, 9, 5, 18, 20, 18, 19, 15, 23, 8, 20], "to": [0, 0, 1, 1, 1, 2, 2, 2, 3, 3, 3, 3, 4, 5, 5, 5, 5, 5, 6, 7, 8, 8, 8, 8, 8, 9, 9, 9, 9, 9, 9, 9, 10, 10, 11, 11, 12, 12, 12, 12, 13, 13, 14, 14, 14, 14, 15, 15, 16, 16, 17, 17, 18, 18, 18, 18, 19, 19, 19, 19, 19, 19, 20, 20, 20, 20, 20, 21, 21, 21, 22, 22, 23, 23, 23, 23, 23, 23, 23, 23, 24, 24, 24, 24, 24, 24], "influence_y": [5, 4, 6], "weights": [[0.011627906976744186], [0.011627906976744186], [0.011627906976744186], [0.011627906976744186], [0.011627906976744186], [0.011627906976744186], [0.011627906976744186], [0.011627906976744186], [0.011627906976744186], [0.011627906976744186], [0.011627906976744186], [0.011627906976744186], [0.011627906976744186], [0.011627906976744186], [0.011627906976744186], [0.011627906976744186], [0.011627906976744186], [0.011627906976744186], [0.011627906976744186], [0.011627906976744186], [0.011627906976744186], [0.011627906976744186], [0.011627906976744186], [0.011627906976744186], [0.011627906976744186], [0.011627906976744186], [0.011627906976744186], [0.011627906976744186], [0.011627906976744186], [0.011627906976744186], [0.011627906976744186], [0.011627906976744186], [0.011627906976744186], [0.011627906976744186], [0.011627906976744186], [0.011627906976744186], [0.011627906976744186], [0.011627906976744186], [0.011627906976744186], [0.011627906976744186], [0.011627906976744186], [0.011627906976744186], [0.011627906976744186], [0.011627906976744186], [0.011627906976744186], [0.011627906976744186], [0.011627906976744186], [0.011627906976744186], [0.011627906976744186], [0.011627906976744186], [0.011627906976744186], [0.011627906976744186], [0.011627906976744186], [0.011627906976744186], [0.011627906976744186], [0.011627906976744186], [0.011627906976744186], [0.011627906976744186], [0.011627906976744186], [0.011627906976744186], [0.011627906976744186], [0.011627906976744186], [0.011627906976744186], [0.011627906976744186], [0.011627906976744186], [0.011627906976744186], [0.011627906976744186], [0.011627906976744186], [0.011627906976744186], [0.011627906976744186], [0.011627906976744186], [0.011627906976744186], [0.011627906976744186], [0.011627906976744186], [0.011627906976744186], [0.011627906976744186], [0.011627906976744186], [0.011627906976744186], [0.011627906976744186], [0.011627906976744186], [0.011627906976744186], [0.011627906976744186], [0.011627906976744186], [0.011627906976744186], [0.011627906976744186], [0.011627906976744186]]}