{"from": [1, 2, 0, 6, 2, 4, 0, 1, 17, 13, 12, 6, 2, 8, 9, 4, 1, 24, 12, 9, 5, 20, 21, 11, 10, 5, 16, 8, 9, 11, 9, 10, 3, 8, 3, 9, 3, 23, 19, 20, 24, 23, 21, 24, 22, 23, 18, 20, 18, 8, 24, 19, 19, 9, 23, 19, 23, 21, 24, 22, 17, 19, 18, 8, 19, 23, 18, 20], "to": [0, 0, 1, 1, 1, 2, 2, 2, 3, 3, 3, 4, 4, 5, 5, 6, 6, 8, 8, 8, 8, 8, 9, 9, 9, 9, 9, 9, 10, 10, 11, 11, 12, 12, 13, 16, 17, 17, 18, 18, 18, 18, 19, 19, 19, 19, 19, 19, 20, 20, 20, 20, 21, 21, 21, 22, 22, 23, 23, 23, 23, 23, 23, 24, 24, 24, 24, 24], "influence_y": [5, 16, 8, 7, 12, 1, 21], "weights": [[0.014705882352941176], [0.014705882352941176], [0.014705882352941176], [0.014705882352941176], [0.014705882352941176], [0.014705882352941176], [0.014705882352941176], [0.014705882352941176], [0.014705882352941176], [0.014705882352941176], [0.014705882352941176], [0.014705882352941176], [0.014705882352941176], [0.014705882352941176], [0.014705882352941176], [0.014705882352941176], [0.014705882352941176], [0.014705882352941176], [0.014705882352941176], [0.014705882352941176], [0.014705882352941176], [0.014705882352941176], [0.014705882352941176], [0.014705882352941176], [0.014705882352941176], [0.014705882352941176], [0.014705882352941176], [0.014705882352941176], [0.014705882352941176], [0.014705882352941176], [0.014705882352941176], [0.014705882352941176], [0.014705882352941176], [0.014705882352941176], [0.014705882352941176], [0.014705882352941176], [0.014705882352941176], [0.014705882352941176], [0.014705882352941176], [0.014705882352941176], [0.014705882352941176], [0.014705882352941176], [0.014705882352941176], [0.014705882352941176], [0.014705882352941176], [0.014705882352941176], [0.014705882352941176], [0.014705882352941176], [0.014705882352941176], [0.014705882352941176], [0.014705882352941176], [0.014705882352941176], [0.014705882352941176], [0.014705882352941176], [0.014705882352941176], [0.014705882352941176], [0.014705882352941176], [0.014705882352941176], [0.014705882352941176], [0.014705882352941176], [0.014705882352941176], [0.014705882352941176], [0.014705882352941176], [0.014705882352941176], [0.014705882352941176], [0.014705882352941176], [0.014705882352941176], [0.014705882352941176]]}