{"from": [1, 2, 0, 2, 6, 4, 0, 1, 21, 13, 10, 5, 2, 3, 8, 9, 23, 1, 13, 16, 12, 20, 5, 9, 21, 11, 17, 10, 5, 16, 8, 3, 9, 11, 9, 10, 8, 14, 3, 23, 7, 15, 12, 24, 14, 19, 9, 7, 9, 19, 20, 24, 23, 21, 24, 22, 16, 23, 18, 20, 24, 8, 19, 23, 18, 3, 19, 9, 24, 19, 13, 24, 19, 5, 18, 20, 21, 19, 15, 23, 18, 20], "to": [0, 0, 1, 1, 1, 2, 2, 2, 3, 3, 3, 3, 4, 5, 5, 5, 5, 6, 7, 7, 8, 8, 8, 8, 9, 9, 9, 9, 9, 9, 9, 10, 10, 10, 11, 11, 12, 12, 13, 13, 13, 14, 14, 15, 15, 16, 16, 16, 17, 18, 18, 18, 18, 19, 19, 19, 19, 19, 19, 19, 20, 20, 20, 20, 20, 21, 21, 21, 21, 22, 23, 23, 23, 23, 23, 23, 24, 24, 24, 24, 24, 24], "influence_y": [12, 5, 4, 8], "weights": [[0.012195121951219513], [0.012195121951219513], [0.012195121951219513], [0.012195121951219513], [0.012195121951219513], [0.012195121951219513], [0.012195121951219513], [0.012195121951219513], [0.012195121951219513], [0.012195121951219513], [0.012195121951219513], [0.012195121951219513], [0.012195121951219513], [0.012195121951219513], [0.012195121951219513], [0.012195121951219513], [0.012195121951219513], [0.012195121951219513], [0.012195121951219513], [0.012195121951219513], [0.012195121951219513], [0.012195121951219513], [0.012195121951219513], [0.012195121951219513], [0.012195121951219513], [0.012195121951219513], [0.012195121951219513], [0.012195121951219513], [0.012195121951219513], [0.012195121951219513], [0.012195121951219513], [0.012195121951219513], [0.012195121951219513], [0.012195121951219513], [0.012195121951219513], [0.012195121951219513], [0.012195121951219513], [0.012195121951219513], [0.012195121951219513], [0.012195121951219513], [0.012195121951219513], [0.012195121951219513], [0.012195121951219513], [0.012195121951219513], [0.012195121951219513], [0.012195121951219513], [0.012195121951219513], [0.012195121951219513], [0.012195121951219513], [0.012195121951219513], [0.012195121951219513], [0.012195121951219513], [0.012195121951219513], [0.012195121951219513], [0.012195121951219513], [0.012195121951219513], [0.012195121951219513], [0.012195121951219513], [0.012195121951219513], [0.012195121951219513], [0.012195121951219513], [0.012195121951219513], [0.012195121951219513], [0.012195121951219513], [0.012195121951219513], [0.012195121951219513], [0.012195121951219513], [0.012195121951219513], [0.012195121951219513], [0.012195121951219513], [0.012195121951219513], [0.012195121951219513], [0.012195121951219513], [0.012195121951219513], [0.012195121951219513], [0.012195121951219513], [0.012195121951219513], [0.012195121951219513], [0.012195121951219513], [0.012195121951219513], [0.012195121951219513], [0.012195121951219513]]}