{"from": [1, 2, 0, 6, 2, 4, 0, 1, 13, 16, 6, 2, 8, 9, 23, 4, 1, 21, 24, 12, 9, 5, 11, 10, 5, 16, 8, 20, 9, 11, 9, 10, 8, 14, 15, 3, 20, 12, 24, 12, 3, 19, 9, 23, 19, 20, 24, 23, 21, 24, 22, 16, 23, 18, 20, 24, 19, 9, 23, 18, 14, 8, 19, 19, 24, 17, 19, 5, 18, 20, 18, 19, 15, 23, 8, 20], "to": [0, 0, 1, 1, 1, 2, 2, 2, 3, 3, 4, 4, 5, 5, 5, 6, 6, 8, 8, 8, 8, 8, 9, 9, 9, 9, 9, 9, 10, 10, 11, 11, 12, 12, 12, 13, 14, 14, 15, 15, 16, 16, 16, 17, 18, 18, 18, 18, 19, 19, 19, 19, 19, 19, 19, 20, 20, 20, 20, 20, 20, 21, 21, 22, 23, 23, 23, 23, 23, 23, 24, 24, 24, 24, 24, 24], "influence_y": [5, 3, 4, 1, 11], "weights": [[0.013157894736842105], [0.013157894736842105], [0.013157894736842105], [0.013157894736842105], [0.013157894736842105], [0.013157894736842105], [0.013157894736842105], [0.013157894736842105], [0.013157894736842105], [0.013157894736842105], [0.013157894736842105], [0.013157894736842105], [0.013157894736842105], [0.013157894736842105], [0.013157894736842105], [0.013157894736842105], [0.013157894736842105], [0.013157894736842105], [0.013157894736842105], [0.013157894736842105], [0.013157894736842105], [0.013157894736842105], [0.013157894736842105], [0.013157894736842105], [0.013157894736842105], [0.013157894736842105], [0.013157894736842105], [0.013157894736842105], [0.013157894736842105], [0.013157894736842105], [0.013157894736842105], [0.013157894736842105], [0.013157894736842105], [0.013157894736842105], [0.013157894736842105], [0.013157894736842105], [0.013157894736842105], [0.013157894736842105], [0.013157894736842105], [0.013157894736842105], [0.013157894736842105], [0.013157894736842105], [0.013157894736842105], [0.013157894736842105], [0.013157894736842105], [0.013157894736842105], [0.013157894736842105], [0.013157894736842105], [0.013157894736842105], [0.013157894736842105], [0.013157894736842105], [0.013157894736842105], [0.013157894736842105], [0.013157894736842105], [0.013157894736842105], [0.013157894736842105], [0.013157894736842105], [0.013157894736842105], [0.013157894736842105], [0.013157894736842105], [0.013157894736842105], [0.013157894736842105], [0.013157894736842105], [0.013157894736842105], [0.013157894736842105], [0.013157894736842105], [0.013157894736842105], [0.013157894736842105], [0.013157894736842105], [0.013157894736842105], [0.013157894736842105], [0.013157894736842105], [0.013157894736842105], [0.013157894736842105], [0.013157894736842105], [0.013157894736842105]]}