{"from": [1, 2, 0, 2, 6, 4, 0, 1, 12, 21, 13, 5, 5, 2, 3, 4, 9, 23, 8, 1, 13, 12, 19, 9, 5, 20, 11, 17, 10, 5, 16, 8, 9, 11, 9, 10, 3, 8, 15, 3, 7, 16, 24, 12, 19, 9, 14, 9, 23, 21, 24, 22, 19, 23, 20, 21, 24, 22, 8, 16, 23, 18, 20, 18, 8, 24, 19, 3, 18, 23, 19, 18, 23, 19, 21, 24, 22, 17, 19, 5, 18, 15, 19, 23, 18, 20], "to": [0, 0, 1, 1, 1, 2, 2, 2, 3, 3, 3, 3, 4, 4, 5, 5, 5, 5, 5, 6, 7, 8, 8, 8, 8, 8, 9, 9, 9, 9, 9, 9, 10, 10, 11, 11, 12, 12, 12, 13, 13, 14, 15, 15, 16, 16, 16, 17, 17, 18, 18, 18, 18, 18, 18, 19, 19, 19, 19, 19, 19, 19, 19, 20, 20, 20, 20, 21, 21, 21, 21, 22, 22, 22, 23, 23, 23, 23, 23, 23, 23, 24, 24, 24, 24, 24], "influence_y": [6, 1, 8, 23, 24, 2, 16], "weights": [[0.011627906976744186], [0.011627906976744186], [0.011627906976744186], [0.011627906976744186], [0.011627906976744186], [0.011627906976744186], [0.011627906976744186], [0.011627906976744186], [0.011627906976744186], [0.011627906976744186], [0.011627906976744186], [0.011627906976744186], [0.011627906976744186], [0.011627906976744186], [0.011627906976744186], [0.011627906976744186], [0.011627906976744186], [0.011627906976744186], [0.011627906976744186], [0.011627906976744186], [0.011627906976744186], [0.011627906976744186], [0.011627906976744186], [0.011627906976744186], [0.011627906976744186], [0.011627906976744186], [0.011627906976744186], [0.011627906976744186], [0.011627906976744186], [0.011627906976744186], [0.011627906976744186], [0.011627906976744186], [0.011627906976744186], [0.011627906976744186], [0.011627906976744186], [0.011627906976744186], [0.011627906976744186], [0.011627906976744186], [0.011627906976744186], [0.011627906976744186], [0.011627906976744186], [0.011627906976744186], [0.011627906976744186], [0.011627906976744186], [0.011627906976744186], [0.011627906976744186], [0.011627906976744186], [0.011627906976744186], [0.011627906976744186], [0.011627906976744186], [0.011627906976744186], [0.011627906976744186], [0.011627906976744186], [0.011627906976744186], [0.011627906976744186], [0.011627906976744186], [0.011627906976744186], [0.011627906976744186], [0.011627906976744186], [0.011627906976744186], [0.011627906976744186], [0.011627906976744186], [0.011627906976744186], [0.011627906976744186], [0.011627906976744186], [0.011627906976744186], [0.011627906976744186], [0.011627906976744186], [0.011627906976744186], [0.011627906976744186], [0.011627906976744186], [0.011627906976744186], [0.011627906976744186], [0.011627906976744186], [0.011627906976744186], [0.011627906976744186], [0.011627906976744186], [0.011627906976744186], [0.011627906976744186], [0.011627906976744186], [0.011627906976744186], [0.011627906976744186], [0.011627906976744186], [0.011627906976744186], [0.011627906976744186], [0.011627906976744186]]}