{"from": [1, 2, 0, 2, 0, 1, 13, 5, 6, 13, 3, 9, 23, 8, 14, 3, 13, 24, 12, 9, 5, 20, 21, 11, 17, 10, 5, 16, 23, 8, 9, 11, 9, 10, 8, 14, 3, 4, 7, 12, 5, 24, 9, 9, 23, 24, 22, 19, 23, 20, 21, 24, 22, 23, 18, 20, 24, 22, 8, 19, 23, 18, 19, 9, 23, 18, 20, 23, 19, 21, 24, 22, 17, 19, 9, 5, 18, 20, 18, 15, 19, 23, 8, 20], "to": [0, 0, 1, 1, 2, 2, 3, 3, 3, 4, 5, 5, 5, 5, 5, 6, 7, 8, 8, 8, 8, 8, 9, 9, 9, 9, 9, 9, 9, 9, 10, 10, 11, 11, 12, 12, 13, 13, 13, 14, 14, 15, 16, 17, 17, 18, 18, 18, 18, 18, 19, 19, 19, 19, 19, 19, 20, 20, 20, 20, 20, 20, 21, 21, 21, 22, 22, 22, 22, 23, 23, 23, 23, 23, 23, 23, 23, 23, 24, 24, 24, 24, 24, 24], "influence_y": [1, 4, 6, 10, 5], "weights": [[0.011904761904761904], [0.011904761904761904], [0.011904761904761904], [0.011904761904761904], [0.011904761904761904], [0.011904761904761904], [0.011904761904761904], [0.011904761904761904], [0.011904761904761904], [0.011904761904761904], [0.011904761904761904], [0.011904761904761904], [0.011904761904761904], [0.011904761904761904], [0.011904761904761904], [0.011904761904761904], [0.011904761904761904], [0.011904761904761904], [0.011904761904761904], [0.011904761904761904], [0.011904761904761904], [0.011904761904761904], [0.011904761904761904], [0.011904761904761904], [0.011904761904761904], [0.011904761904761904], [0.011904761904761904], [0.011904761904761904], [0.011904761904761904], [0.011904761904761904], [0.011904761904761904], [0.011904761904761904], [0.011904761904761904], [0.011904761904761904], [0.011904761904761904], [0.011904761904761904], [0.011904761904761904], [0.011904761904761904], [0.011904761904761904], [0.011904761904761904], [0.011904761904761904], [0.011904761904761904], [0.011904761904761904], [0.011904761904761904], [0.011904761904761904], [0.011904761904761904], [0.011904761904761904], [0.011904761904761904], [0.011904761904761904], [0.011904761904761904], [0.011904761904761904], [0.011904761904761904], [0.011904761904761904], [0.011904761904761904], [0.011904761904761904], [0.011904761904761904], [0.011904761904761904], [0.011904761904761904], [0.011904761904761904], [0.011904761904761904], [0.011904761904761904], [0.011904761904761904], [0.011904761904761904], [0.011904761904761904], [0.011904761904761904], [0.011904761904761904], [0.011904761904761904], [0.011904761904761904], [0.011904761904761904], [0.011904761904761904], [0.011904761904761904], [0.011904761904761904], [0.011904761904761904], [0.011904761904761904], [0.011904761904761904], [0.011904761904761904], [0.011904761904761904], [0.011904761904761904], [0.011904761904761904], [0.011904761904761904], [0.011904761904761904], [0.011904761904761904], [0.011904761904761904], [0.011904761904761904]]}