{"from": [1, 2, 18, 0, 2, 4, 0, 1, 21, 13, 5, 17, 5, 2, 3, 4, 9, 8, 14, 13, 21, 24, 22, 12, 9, 5, 16, 20, 11, 17, 10, 16, 5, 23, 8, 20, 9, 11, 9, 10, 8, 14, 15, 3, 7, 12, 15, 5, 24, 12, 14, 8, 9, 3, 9, 21, 24, 1, 19, 23, 20, 18, 20, 24, 23, 24, 8, 19, 9, 23, 18, 3, 8, 18, 8, 24, 19, 9, 18, 20, 18, 19, 15, 23, 8, 20], "to": [0, 0, 1, 1, 1, 2, 2, 2, 3, 3, 3, 3, 4, 4, 5, 5, 5, 5, 5, 7, 8, 8, 8, 8, 8, 8, 8, 8, 9, 9, 9, 9, 9, 9, 9, 9, 10, 10, 11, 11, 12, 12, 12, 13, 13, 14, 14, 14, 15, 15, 15, 16, 16, 17, 17, 18, 18, 18, 18, 18, 18, 19, 19, 19, 19, 20, 20, 20, 20, 20, 20, 21, 21, 21, 22, 23, 23, 23, 23, 23, 24, 24, 24, 24, 24, 24], "influence_y": [4, 3, 1], "weights": [[0.011627906976744186], [0.011627906976744186], [0.011627906976744186], [0.011627906976744186], [0.011627906976744186], [0.011627906976744186], [0.011627906976744186], [0.011627906976744186], [0.011627906976744186], [0.011627906976744186], [0.011627906976744186], [0.011627906976744186], [0.011627906976744186], [0.011627906976744186], [0.011627906976744186], [0.011627906976744186], [0.011627906976744186], [0.011627906976744186], [0.011627906976744186], [0.011627906976744186], [0.011627906976744186], [0.011627906976744186], [0.011627906976744186], [0.011627906976744186], [0.011627906976744186], [0.011627906976744186], [0.011627906976744186], [0.011627906976744186], [0.011627906976744186], [0.011627906976744186], [0.011627906976744186], [0.011627906976744186], [0.011627906976744186], [0.011627906976744186], [0.011627906976744186], [0.011627906976744186], [0.011627906976744186], [0.011627906976744186], [0.011627906976744186], [0.011627906976744186], [0.011627906976744186], [0.011627906976744186], [0.011627906976744186], [0.011627906976744186], [0.011627906976744186], [0.011627906976744186], [0.011627906976744186], [0.011627906976744186], [0.011627906976744186], [0.011627906976744186], [0.011627906976744186], [0.011627906976744186], [0.011627906976744186], [0.011627906976744186], [0.011627906976744186], [0.011627906976744186], [0.011627906976744186], [0.011627906976744186], [0.011627906976744186], [0.011627906976744186], [0.011627906976744186], [0.011627906976744186], [0.011627906976744186], [0.011627906976744186], [0.011627906976744186], [0.011627906976744186], [0.011627906976744186], [0.011627906976744186], [0.011627906976744186], [0.011627906976744186], [0.011627906976744186], [0.011627906976744186], [0.011627906976744186], [0.011627906976744186], [0.011627906976744186], [0.011627906976744186], [0.011627906976744186], [0.011627906976744186], [0.011627906976744186], [0.011627906976744186], [0.011627906976744186], [0.011627906976744186], [0.011627906976744186], [0.011627906976744186], [0.011627906976744186], [0.011627906976744186]]}