{"from": [4, 6, 7, 14, 10, 0, 3, 5, 10, 14, 12, 4, 7, 9, 3, 8, 0, 9, 6, 7, 4, 10, 1, 14, 4, 7, 4, 6, 14, 4, 6, 0, 4, 8, 0, 6, 14, 4, 7, 9, 3, 6, 10, 12, 15, 7, 5, 8, 14, 0, 4, 7, 9, 6, 8, 11, 14, 12, 0, 4, 7, 7, 5, 6, 2, 10, 14, 12, 0, 4, 7, 1, 13, 3], "to": [0, 0, 0, 0, 1, 1, 1, 2, 2, 2, 2, 2, 2, 2, 2, 3, 3, 3, 4, 4, 5, 5, 5, 5, 6, 6, 7, 7, 7, 8, 8, 8, 9, 9, 9, 10, 10, 10, 10, 10, 10, 11, 11, 11, 11, 11, 12, 12, 12, 12, 12, 12, 12, 13, 13, 13, 13, 13, 13, 13, 13, 14, 15, 15, 15, 15, 15, 15, 15, 15, 15, 15, 16, 16], "influence_y": [8, 14, 12, 13, 7, 1, 3], "weights": [[0.013513513513513514], [0.013513513513513514], [0.013513513513513514], [0.013513513513513514], [0.013513513513513514], [0.013513513513513514], [0.013513513513513514], [0.013513513513513514], [0.013513513513513514], [0.013513513513513514], [0.013513513513513514], [0.013513513513513514], [0.013513513513513514], [0.013513513513513514], [0.013513513513513514], [0.013513513513513514], [0.013513513513513514], [0.013513513513513514], [0.013513513513513514], [0.013513513513513514], [0.013513513513513514], [0.013513513513513514], [0.013513513513513514], [0.013513513513513514], [0.013513513513513514], [0.013513513513513514], [0.013513513513513514], [0.013513513513513514], [0.013513513513513514], [0.013513513513513514], [0.013513513513513514], [0.013513513513513514], [0.013513513513513514], [0.013513513513513514], [0.013513513513513514], [0.013513513513513514], [0.013513513513513514], [0.013513513513513514], [0.013513513513513514], [0.013513513513513514], [0.013513513513513514], [0.013513513513513514], [0.013513513513513514], [0.013513513513513514], [0.013513513513513514], [0.013513513513513514], [0.013513513513513514], [0.013513513513513514], [0.013513513513513514], [0.013513513513513514], [0.013513513513513514], [0.013513513513513514], [0.013513513513513514], [0.013513513513513514], [0.013513513513513514], [0.013513513513513514], [0.013513513513513514], [0.013513513513513514], [0.013513513513513514], [0.013513513513513514], [0.013513513513513514], [0.013513513513513514], [0.013513513513513514], [0.013513513513513514], [0.013513513513513514], [0.013513513513513514], [0.013513513513513514], [0.013513513513513514], [0.013513513513513514], [0.013513513513513514], [0.013513513513513514], [0.013513513513513514], [0.013513513513513514], [0.013513513513513514]]}