{"from": [4, 6, 7, 14, 8, 10, 5, 10, 12, 4, 7, 9, 3, 8, 10, 0, 9, 1, 6, 7, 4, 10, 1, 14, 4, 7, 4, 6, 14, 4, 6, 0, 4, 8, 0, 6, 14, 4, 7, 9, 6, 12, 15, 4, 7, 1, 5, 8, 14, 0, 4, 7, 6, 8, 11, 14, 12, 0, 4, 7, 7, 5, 6, 2, 10, 14, 12, 0, 4, 7, 13, 3], "to": [0, 0, 0, 0, 1, 1, 2, 2, 2, 2, 2, 2, 2, 3, 3, 3, 3, 3, 4, 4, 5, 5, 5, 5, 6, 6, 7, 7, 7, 8, 8, 8, 9, 9, 9, 10, 10, 10, 10, 10, 11, 11, 11, 11, 11, 11, 12, 12, 12, 12, 12, 12, 13, 13, 13, 13, 13, 13, 13, 13, 14, 15, 15, 15, 15, 15, 15, 15, 15, 15, 16, 16], "influence_y": [14, 12, 0, 13, 7, 3], "weights": [[0.013888888888888888], [0.013888888888888888], [0.013888888888888888], [0.013888888888888888], [0.013888888888888888], [0.013888888888888888], [0.013888888888888888], [0.013888888888888888], [0.013888888888888888], [0.013888888888888888], [0.013888888888888888], [0.013888888888888888], [0.013888888888888888], [0.013888888888888888], [0.013888888888888888], [0.013888888888888888], [0.013888888888888888], [0.013888888888888888], [0.013888888888888888], [0.013888888888888888], [0.013888888888888888], [0.013888888888888888], [0.013888888888888888], [0.013888888888888888], [0.013888888888888888], [0.013888888888888888], [0.013888888888888888], [0.013888888888888888], [0.013888888888888888], [0.013888888888888888], [0.013888888888888888], [0.013888888888888888], [0.013888888888888888], [0.013888888888888888], [0.013888888888888888], [0.013888888888888888], [0.013888888888888888], [0.013888888888888888], [0.013888888888888888], [0.013888888888888888], [0.013888888888888888], [0.013888888888888888], [0.013888888888888888], [0.013888888888888888], [0.013888888888888888], [0.013888888888888888], [0.013888888888888888], [0.013888888888888888], [0.013888888888888888], [0.013888888888888888], [0.013888888888888888], [0.013888888888888888], [0.013888888888888888], [0.013888888888888888], [0.013888888888888888], [0.013888888888888888], [0.013888888888888888], [0.013888888888888888], [0.013888888888888888], [0.013888888888888888], [0.013888888888888888], [0.013888888888888888], [0.013888888888888888], [0.013888888888888888], [0.013888888888888888], [0.013888888888888888], [0.013888888888888888], [0.013888888888888888], [0.013888888888888888], [0.013888888888888888], [0.013888888888888888], [0.013888888888888888]]}