{"from": [6, 10, 14, 12, 13, 15, 4, 7, 8, 10, 4, 15, 3, 15, 6, 15, 2, 10, 14, 4, 1, 4, 15, 6, 2, 11, 14, 12, 13, 15, 4, 3, 6, 2, 10, 11, 0, 13, 15, 4, 5, 8, 11, 0, 4, 3, 6, 2, 15, 4, 3, 4, 10, 12, 15, 4, 10, 11, 15, 15, 6, 11, 2, 6, 11, 12, 13, 16, 4, 6, 3, 13, 3], "to": [0, 0, 0, 0, 0, 0, 0, 0, 1, 1, 2, 2, 2, 3, 4, 4, 5, 5, 5, 5, 5, 6, 6, 7, 7, 7, 7, 7, 7, 7, 7, 7, 8, 8, 8, 8, 8, 8, 8, 8, 9, 9, 9, 9, 9, 9, 10, 10, 10, 10, 10, 11, 11, 11, 11, 12, 12, 12, 12, 13, 13, 13, 13, 14, 14, 14, 14, 14, 15, 15, 15, 16, 16], "influence_y": [2, 14, 12, 0, 13, 7, 3], "weights": [[0.0136986301369863], [0.0136986301369863], [0.0136986301369863], [0.0136986301369863], [0.0136986301369863], [0.0136986301369863], [0.0136986301369863], [0.0136986301369863], [0.0136986301369863], [0.0136986301369863], [0.0136986301369863], [0.0136986301369863], [0.0136986301369863], [0.0136986301369863], [0.0136986301369863], [0.0136986301369863], [0.0136986301369863], [0.0136986301369863], [0.0136986301369863], [0.0136986301369863], [0.0136986301369863], [0.0136986301369863], [0.0136986301369863], [0.0136986301369863], [0.0136986301369863], [0.0136986301369863], [0.0136986301369863], [0.0136986301369863], [0.0136986301369863], [0.0136986301369863], [0.0136986301369863], [0.0136986301369863], [0.0136986301369863], [0.0136986301369863], [0.0136986301369863], [0.0136986301369863], [0.0136986301369863], [0.0136986301369863], [0.0136986301369863], [0.0136986301369863], [0.0136986301369863], [0.0136986301369863], [0.0136986301369863], [0.0136986301369863], [0.0136986301369863], [0.0136986301369863], [0.0136986301369863], [0.0136986301369863], [0.0136986301369863], [0.0136986301369863], [0.0136986301369863], [0.0136986301369863], [0.0136986301369863], [0.0136986301369863], [0.0136986301369863], [0.0136986301369863], [0.0136986301369863], [0.0136986301369863], [0.0136986301369863], [0.0136986301369863], [0.0136986301369863], [0.0136986301369863], [0.0136986301369863], [0.0136986301369863], [0.0136986301369863], [0.0136986301369863], [0.0136986301369863], [0.0136986301369863], [0.0136986301369863], [0.0136986301369863], [0.0136986301369863], [0.0136986301369863], [0.0136986301369863]]}