{"from": [4, 6, 8, 10, 5, 10, 12, 4, 7, 9, 3, 8, 10, 0, 9, 1, 11, 4, 10, 1, 14, 4, 11, 12, 6, 11, 12, 13, 4, 10, 11, 0, 4, 9, 6, 11, 0, 13, 4, 11, 14, 12, 0, 7, 9, 4, 12, 11, 6, 0, 11, 6, 11, 12, 13, 7, 9, 5, 6, 2, 10, 11, 14, 12, 0, 4, 7, 16, 14, 13, 3], "to": [0, 0, 1, 1, 2, 2, 2, 2, 2, 2, 2, 3, 3, 3, 3, 3, 4, 5, 5, 5, 5, 6, 6, 6, 7, 7, 7, 7, 7, 8, 8, 8, 8, 8, 9, 9, 9, 9, 9, 10, 10, 10, 10, 10, 10, 11, 11, 12, 13, 13, 13, 14, 14, 14, 14, 14, 14, 15, 15, 15, 15, 15, 15, 15, 15, 15, 15, 15, 16, 16, 16], "influence_y": [14, 12, 0, 13, 7, 1], "weights": [[0.014084507042253521], [0.014084507042253521], [0.014084507042253521], [0.014084507042253521], [0.014084507042253521], [0.014084507042253521], [0.014084507042253521], [0.014084507042253521], [0.014084507042253521], [0.014084507042253521], [0.014084507042253521], [0.014084507042253521], [0.014084507042253521], [0.014084507042253521], [0.014084507042253521], [0.014084507042253521], [0.014084507042253521], [0.014084507042253521], [0.014084507042253521], [0.014084507042253521], [0.014084507042253521], [0.014084507042253521], [0.014084507042253521], [0.014084507042253521], [0.014084507042253521], [0.014084507042253521], [0.014084507042253521], [0.014084507042253521], [0.014084507042253521], [0.014084507042253521], [0.014084507042253521], [0.014084507042253521], [0.014084507042253521], [0.014084507042253521], [0.014084507042253521], [0.014084507042253521], [0.014084507042253521], [0.014084507042253521], [0.014084507042253521], [0.014084507042253521], [0.014084507042253521], [0.014084507042253521], [0.014084507042253521], [0.014084507042253521], [0.014084507042253521], [0.014084507042253521], [0.014084507042253521], [0.014084507042253521], [0.014084507042253521], [0.014084507042253521], [0.014084507042253521], [0.014084507042253521], [0.014084507042253521], [0.014084507042253521], [0.014084507042253521], [0.014084507042253521], [0.014084507042253521], [0.014084507042253521], [0.014084507042253521], [0.014084507042253521], [0.014084507042253521], [0.014084507042253521], [0.014084507042253521], [0.014084507042253521], [0.014084507042253521], [0.014084507042253521], [0.014084507042253521], [0.014084507042253521], [0.014084507042253521], [0.014084507042253521], [0.014084507042253521]]}