{"from": [4, 6, 9, 8, 8, 10, 5, 10, 12, 4, 7, 9, 16, 3, 8, 10, 0, 9, 1, 6, 0, 9, 8, 4, 6, 1, 10, 4, 8, 0, 6, 11, 14, 12, 0, 13, 15, 4, 4, 6, 0, 9, 4, 8, 0, 6, 0, 9, 8, 10, 0, 15, 4, 9, 4, 6, 5, 11, 6, 8, 11, 0, 15, 6, 11, 12, 13, 9, 16, 4, 6, 5, 10, 13, 3], "to": [0, 0, 0, 0, 1, 1, 2, 2, 2, 2, 2, 2, 2, 2, 3, 3, 3, 3, 3, 4, 4, 4, 4, 5, 5, 5, 5, 6, 6, 6, 7, 7, 7, 7, 7, 7, 7, 7, 8, 8, 8, 8, 9, 9, 9, 10, 10, 10, 10, 11, 11, 11, 11, 11, 12, 12, 12, 12, 13, 13, 13, 13, 13, 14, 14, 14, 14, 14, 14, 15, 15, 15, 15, 16, 16], "influence_y": [14, 12, 0, 13, 7, 3], "weights": [[0.013333333333333334], [0.013333333333333334], [0.013333333333333334], [0.013333333333333334], [0.013333333333333334], [0.013333333333333334], [0.013333333333333334], [0.013333333333333334], [0.013333333333333334], [0.013333333333333334], [0.013333333333333334], [0.013333333333333334], [0.013333333333333334], [0.013333333333333334], [0.013333333333333334], [0.013333333333333334], [0.013333333333333334], [0.013333333333333334], [0.013333333333333334], [0.013333333333333334], [0.013333333333333334], [0.013333333333333334], [0.013333333333333334], [0.013333333333333334], [0.013333333333333334], [0.013333333333333334], [0.013333333333333334], [0.013333333333333334], [0.013333333333333334], [0.013333333333333334], [0.013333333333333334], [0.013333333333333334], [0.013333333333333334], [0.013333333333333334], [0.013333333333333334], [0.013333333333333334], [0.013333333333333334], [0.013333333333333334], [0.013333333333333334], [0.013333333333333334], [0.013333333333333334], [0.013333333333333334], [0.013333333333333334], [0.013333333333333334], [0.013333333333333334], [0.013333333333333334], [0.013333333333333334], [0.013333333333333334], [0.013333333333333334], [0.013333333333333334], [0.013333333333333334], [0.013333333333333334], [0.013333333333333334], [0.013333333333333334], [0.013333333333333334], [0.013333333333333334], [0.013333333333333334], [0.013333333333333334], [0.013333333333333334], [0.013333333333333334], [0.013333333333333334], [0.013333333333333334], [0.013333333333333334], [0.013333333333333334], [0.013333333333333334], [0.013333333333333334], [0.013333333333333334], [0.013333333333333334], [0.013333333333333334], [0.013333333333333334], [0.013333333333333334], [0.013333333333333334], [0.013333333333333334], [0.013333333333333334], [0.013333333333333334]]}