{"from": [0, 0, 0, 0, 1, 1, 1, 1, 1, 2, 2, 2, 2, 2, 2, 3, 3, 3, 3, 3, 3, 3, 3, 3, 4, 4, 4, 4, 4, 4, 4, 4, 4, 4, 4, 5, 5, 5, 5, 5, 6, 7, 8, 8, 8, 8, 8, 9, 9, 9, 9, 9, 10, 10, 10, 10, 10, 10, 10, 10, 10, 11, 11, 11, 12, 12, 13, 13, 13, 13, 13, 13, 13, 13, 13, 13, 14, 14, 14, 14, 14, 14, 15, 15, 15, 15, 16, 16, 16, 16, 16, 16], "to": [6, 8, 11, 17, 6, 7, 8, 9, 17, 6, 7, 8, 9, 10, 15, 0, 2, 4, 5, 7, 8, 9, 10, 13, 0, 1, 2, 5, 6, 7, 8, 9, 10, 11, 15, 1, 2, 6, 8, 10, 7, 17, 6, 7, 11, 12, 15, 0, 6, 7, 8, 15, 0, 1, 6, 7, 8, 9, 11, 12, 15, 6, 7, 12, 7, 17, 2, 4, 5, 6, 7, 11, 12, 14, 15, 17, 5, 6, 7, 9, 12, 17, 6, 7, 11, 12, 2, 3, 6, 13, 14, 15], "influence_y": [[0, 1, 7, 12, 13, 14]], "weights": [0.8226479260386619, 0.47712731429468336, -0.2937497004363581, -0.05260966357940654, 0.08282761726901082, -0.08326576775656011, 0.005336950230986341, -1.3868858133597055, -0.021796760772227114, -0.03284858300996395, -0.01841373006902995, -0.0008501306256745583, -0.15748622215332847, -0.14164799494288974, -0.05182357822426878, -0.0181504250608526, -0.21012622432204686, -0.06568270477187196, 0.09496577112893546, -0.016057347845039913, 0.0006763988491791589, -0.09335924795736672, -0.07613128459984597, -0.09628447388666235, 0.07591474798661635, -0.02622046564292499, -0.2956023761834699, -0.2317976031784391, 0.02925075354375148, 0.019058495224933775, -0.001887065156380513, 0.29185436523451846, -0.05219190874740026, -0.04205416505953319, 0.05516200098113026, -0.08048918557296059, 0.31499161614586274, -0.03844844757681584, 0.0026782171885222222, -0.6867987583951558, 0.7567127994578642, 0.154345946110834, -1.480161714862389, 0.04866451277547931, 0.280920571331295, 0.031225747459256766, 1.0103476342967677, 0.9455840248510637, 0.7093346756057193, -0.03259600055877179, 0.5313445042230617, -0.787701931109474, 0.03005524205567317, 0.9279398120447764, -0.31452854981788847, 0.0801053556820956, -0.005382017597250696, 1.1855555878893667, -0.2900250766870619, 0.11520836401504642, 0.504497988501823, 0.08690779357385842, -0.7342631161578463, 1.0640858396341808, 0.7945696459500824, -0.07258274959098282, 0.06761574063923415, -0.26391268406369045, 0.06487290936971049, -0.07353077978900785, 0.17609089126106225, 0.18929435812672063, 0.06747121531791513, 0.7662105140738258, -0.33543601416467256, -0.056061186879898105, 0.08176304667293405, -0.03061088548783078, -0.2127472636460804, 0.08719402200830781, -0.1352823224440144, -0.0494813624904253, 0.9180759294378827, 0.15704708582583726, 1.142382132801259, -0.28019807004688924, -0.06115701992679082, 0.46761897223843907, -0.008849609012514118, 0.2840615203747497, 0.03931731269930129, 0.03138370029341248]}