{"from": [0, 0, 0, 0, 0, 1, 1, 1, 1, 2, 2, 2, 2, 2, 2, 3, 3, 3, 3, 3, 3, 3, 3, 3, 3, 4, 4, 4, 4, 4, 4, 4, 4, 4, 4, 5, 5, 5, 5, 5, 5, 5, 5, 6, 6, 7, 8, 8, 9, 9, 9, 9, 9, 10, 10, 10, 10, 10, 11, 11, 11, 11, 11, 11, 11, 12, 12, 12, 12, 12, 12, 12, 13, 13, 13, 13, 13, 13, 13, 13, 13, 14, 14, 14, 14, 14, 14, 14, 14, 14, 14, 16, 16, 16, 16, 16], "to": [6, 7, 8, 15, 17, 6, 8, 15, 17, 6, 8, 9, 10, 12, 15, 0, 1, 2, 4, 5, 8, 9, 10, 12, 13, 0, 2, 5, 6, 7, 8, 9, 10, 12, 15, 1, 2, 6, 8, 9, 10, 12, 15, 7, 15, 17, 6, 15, 0, 1, 8, 10, 15, 0, 1, 7, 8, 15, 0, 6, 7, 8, 9, 10, 15, 7, 8, 9, 10, 11, 15, 17, 2, 4, 5, 6, 7, 11, 14, 15, 17, 2, 5, 6, 7, 9, 10, 11, 12, 15, 17, 2, 3, 13, 14, 15], "influence_y": [[0, 1, 7, 12, 13, 14]], "weights": [0.5505507509510287, 0.01756066287888896, 0.47697580823531177, -0.47567632540548466, -0.05377636140814027, 0.023524063518898478, 0.004363048111577519, -0.040690716928898196, -0.019568419316028596, -0.049670589276395845, -0.0007722759358207154, -0.10531907240204211, -0.11620119475974425, -0.15774177113147353, 0.018558994234122328, -0.02069290264489705, -0.013323622037508778, -0.21871722550969266, -0.07686452106714914, 0.09895964970671249, 0.0008977109290517626, -0.06129633075085909, -0.06552058892534196, -0.05617728661061261, -0.09629955739489142, 0.07527558119123001, -0.299525086322076, -0.22439851161829277, 0.061723023289639, 0.031005725277737387, -0.0019841029193407023, 0.3055427807571969, -0.053851307247345596, 0.1257161179277349, -0.009381917117610585, -0.06873245565317787, 0.32103706125375386, -0.05082956023962203, 0.002483887265281058, 0.22590677457057012, -0.6379979852685644, -0.14924162186628392, 0.02420413020633256, 0.7391333578126883, 0.7024797090591125, 0.18366579675949793, -0.46592325596751094, 0.9768747893775603, 0.9385356211235745, -0.058057631766978604, 0.5311842074045243, -0.1027798068376281, -0.5237820991700585, 0.020753877759110723, 0.9249100558477492, 0.037427994271478734, -0.005005003575346008, 0.30114831173097795, 0.022622875918044405, 0.7203252534652086, -0.5415670306725134, 0.000552391295044273, 0.15525073504143522, 0.11806508741276343, 0.19007079605442873, 0.7250144778313196, 0.0008079163273198367, 0.10298543051212614, 0.10106153214709684, 0.8416108661342311, 0.009663142977292719, -0.09776808632318494, 0.04665351624518742, -0.27282601403589507, 0.05954231620464853, -0.252154717777814, 0.14845973650028, -0.1734439665793467, 0.7769825216799896, -0.018079794424285922, -0.0498414130903315, 0.036886591588540595, 0.07760823492850343, -0.03516126612334103, -0.21675286076287892, 0.1332246051573586, 0.038160431998636224, 0.12966264402955754, -0.18470838301469591, 0.02448114198948867, -0.04484047332316231, -0.057557446078934774, 0.47821664006748466, 0.28664642499117327, 0.03687535665395184, 0.012378351621927942]}