{"from": [0, 0, 0, 0, 1, 1, 1, 1, 1, 1, 2, 2, 2, 2, 2, 2, 2, 2, 3, 3, 3, 3, 3, 3, 3, 3, 3, 3, 3, 3, 4, 4, 4, 4, 4, 4, 4, 4, 4, 4, 4, 4, 5, 5, 5, 5, 5, 6, 7, 8, 8, 9, 9, 9, 10, 10, 10, 10, 10, 10, 10, 10, 11, 11, 11, 11, 11, 12, 12, 12, 13, 13, 13, 13, 13, 13, 13, 13, 13, 13, 13, 13, 14, 14, 14, 14, 14, 14, 15, 15, 15, 15, 15, 15, 16, 16, 16, 16, 16, 16], "to": [6, 7, 8, 17, 0, 6, 8, 9, 15, 17, 1, 6, 7, 8, 9, 10, 12, 15, 0, 1, 2, 4, 5, 6, 7, 8, 9, 10, 13, 15, 0, 1, 2, 5, 6, 7, 8, 9, 10, 11, 12, 15, 1, 2, 6, 8, 10, 7, 17, 6, 7, 0, 6, 8, 1, 6, 7, 8, 9, 11, 12, 15, 0, 6, 7, 8, 12, 0, 7, 17, 0, 2, 4, 5, 6, 7, 9, 11, 12, 14, 15, 17, 5, 6, 7, 9, 12, 17, 0, 6, 7, 9, 11, 12, 2, 3, 6, 13, 14, 15], "influence_y": [[0, 1, 7, 12, 13, 14]], "weights": [0.820028686584641, 0.011177356550716194, 0.4767697751889036, -0.05174062322035396, -0.018680407831791118, 0.05878943798137771, 0.00498385611042583, -1.1941996133293111, -0.39703017428093085, -0.019828307370853226, 0.00871551278603383, -0.033734200718700674, -0.020913126468641394, -0.0006634345829990562, -0.12476772185433016, -0.13420014503989902, -0.022894142862438155, -0.09858557159261162, -0.016397654665980865, -0.009285289215109587, -0.20756521036825917, -0.06302419108350096, 0.0860396208905132, -0.006672727448492538, -0.01665278733947389, 0.0008278615027367425, -0.07776008779274525, -0.0663227418957831, -0.09446345776962733, -0.05617646583233088, 0.06596680377491593, -0.027506864617522886, -0.29151238034594273, -0.23311502082166968, 0.029281811658217385, 0.022982977686855244, -0.0018485398440054035, 0.25464612716466334, -0.06002698307750387, -0.053905348006634046, 0.02841973064749094, 0.14034447165110706, -0.08116447462012769, 0.31355249497548443, -0.040145803382288146, 0.0026430493098739266, -0.6951872960268759, 0.7412090513735938, 0.154745884502566, -1.4763926886304124, 0.012971381466510234, 0.9325367326706202, 0.7080900065593115, 0.531346108153036, 0.9285762141220598, -0.29846903858018914, 0.00466517341006957, -0.005440149236275893, 0.8233578006906961, -0.30095774795935404, 0.10005191129132476, 0.863203292703796, -0.07654051072199439, 0.08468609332361768, -0.6805849465061241, 0.0013151554397693027, 1.0363863681967003, 0.0216029418630631, 0.7490758554318397, -0.0757159242683263, 0.028404960831169446, 0.07593134969511275, -0.26668445429748905, 0.05873515721050507, -0.0718933326627189, 0.17671502859390634, 0.11792529077525957, 0.1898572079279726, 0.0534110409263793, 0.7558330256976017, -0.31741927209264975, -0.05168448603698923, 0.07806790061535285, -0.03305749989529459, -0.22111502547074083, 0.07461546391520196, -0.11484131925053032, -0.050767783785847787, 0.12235719909712656, 0.9200431286607857, 0.148815285954098, 0.3294666315133009, 1.1358087029714183, -0.2529099080444845, -0.0574045932407472, 0.45807968083287154, -0.006537634955680023, 0.27748278267819293, 0.03936963046453268, 0.037189022810948526]}