{"from": [0, 0, 0, 0, 1, 1, 1, 1, 1, 1, 2, 2, 2, 2, 2, 2, 2, 3, 3, 3, 3, 3, 3, 3, 3, 3, 3, 4, 4, 4, 4, 4, 4, 4, 4, 4, 4, 4, 4, 5, 5, 5, 5, 5, 6, 6, 7, 8, 8, 8, 8, 8, 9, 9, 9, 9, 9, 10, 10, 10, 10, 10, 10, 10, 10, 10, 11, 11, 11, 12, 12, 13, 13, 13, 13, 13, 13, 13, 13, 14, 14, 14, 14, 14, 14, 14, 15, 15, 15, 15, 16, 16, 16, 16, 16], "to": [6, 8, 11, 17, 0, 6, 7, 8, 9, 17, 6, 7, 8, 9, 10, 12, 15, 0, 1, 2, 4, 5, 7, 8, 9, 10, 13, 0, 1, 2, 5, 6, 7, 8, 9, 10, 11, 12, 15, 1, 2, 6, 8, 10, 7, 17, 17, 6, 7, 11, 12, 15, 0, 6, 7, 8, 15, 0, 1, 6, 7, 8, 9, 11, 12, 15, 6, 7, 12, 7, 17, 4, 6, 7, 11, 12, 14, 15, 17, 2, 5, 6, 7, 9, 12, 17, 6, 7, 11, 12, 2, 3, 6, 13, 14], "influence_y": [[0, 1, 6, 7, 12, 13, 14]], "weights": [0.8286060920848778, 0.4781065717402901, -0.30938629831350223, -0.050035905475770054, -0.06445900189566794, 0.0720801704538227, -0.06927078737628106, 0.004362268243624692, -1.352353491095828, -0.015841511114593386, -0.03285672643744074, -0.018632602866466265, -0.0009072240248182706, -0.15935376420911584, -0.13254006270219199, -0.023289435066656247, -0.062245127008733164, -0.020320828970996116, -0.011978391804570587, -0.2132017702989949, -0.06681847447030771, 0.09590973824113702, -0.015501593847174993, 0.0007394093880731097, -0.09920131778821124, -0.06828005517839567, -0.09590259905976879, 0.07856280823401596, -0.028631347082414216, -0.29147501512150364, -0.2248810366046325, 0.027757318335392127, 0.021106564482166926, -0.0018853122953166601, 0.2932136237868001, -0.05158158534816959, -0.04373326653576748, 0.026998364305499865, 0.05244243322709191, -0.0778781080677945, 0.3196976184370983, -0.038087668079340595, 0.002472851730023415, -0.6914069634579092, 0.7463194046297168, 0.009059481163273597, 0.13652377286920056, -1.5132286908584358, 0.06160871985229785, 0.3016140290201962, 0.017734090007191124, 0.9495505038276495, 0.9409034535413507, 0.7387945129625831, -0.04014674278825083, 0.530326105046253, -0.7242265737267747, 0.09329938676059726, 0.927749122240078, -0.30327202105718376, 0.07289169562338298, -0.004645027482610753, 1.1339600634559788, -0.2921522443050655, 0.10549473771434054, 0.49795964981240326, 0.089742846393088, -0.6652109193318669, 1.0290609486696853, 0.7351792946383443, -0.07025859518032282, -0.26638257626114337, -0.0731490019776278, 0.1777655087929041, 0.19646813844311017, 0.059663184901231965, 0.7663962831065861, -0.33453834684190065, -0.05373829147057515, 0.07674850383451659, 0.1344167865252846, -0.03209423032429348, -0.22011115487769717, 0.07348671466157228, -0.11651136008026247, -0.05581479451005411, 0.9116639526710285, 0.145739752158373, 1.141646638615977, -0.2588691081579019, -0.06016309896403604, 0.4782166400674816, -0.009222548255117119, 0.28734289213763603, 0.041306535256369986]}