{"from": [0, 0, 0, 0, 1, 1, 1, 1, 2, 2, 2, 2, 2, 2, 3, 3, 3, 3, 3, 3, 3, 3, 3, 3, 3, 3, 4, 4, 4, 4, 4, 4, 4, 4, 4, 4, 4, 4, 5, 5, 5, 5, 5, 6, 7, 8, 8, 8, 8, 8, 9, 9, 9, 9, 9, 9, 10, 10, 10, 10, 10, 10, 10, 10, 10, 11, 11, 11, 12, 12, 13, 13, 13, 13, 13, 13, 13, 14, 14, 14, 14, 14, 14, 14, 14, 15, 15, 15, 15, 16, 16, 16, 16], "to": [6, 8, 11, 17, 6, 7, 9, 17, 6, 7, 9, 10, 12, 15, 0, 2, 4, 5, 6, 7, 8, 9, 10, 13, 14, 17, 0, 1, 2, 5, 6, 7, 8, 9, 10, 11, 12, 15, 1, 2, 6, 8, 10, 7, 17, 6, 7, 11, 12, 15, 0, 6, 7, 8, 12, 15, 0, 1, 6, 7, 8, 9, 11, 12, 15, 6, 7, 12, 7, 17, 4, 6, 7, 11, 12, 15, 17, 2, 5, 6, 7, 9, 12, 13, 17, 6, 7, 11, 12, 2, 3, 13, 14], "influence_y": [[0, 1, 3, 7, 12, 13, 14]], "weights": [0.7656578774217188, 0.47740952053042046, -0.3466408856216322, -0.04669936884448144, 0.07003343897490028, -0.07152523933651575, -1.3255175439025635, -0.015884260485244155, -0.03368021583465136, -0.021399544473374943, -0.16045076106614306, -0.13542487749597434, -0.022019095019481495, -0.05692651386318412, -0.015814692340331185, -0.2079172053769794, -0.07077725034531118, 0.08705622461610509, -0.008265370680976394, -0.0168124303142647, 0.0009123390575417794, -0.09067274635499414, -0.06339864432169207, -0.0476903250152696, -0.06242383210480204, 0.0168624551173095, 0.07898869354138621, -0.030301204084040217, -0.30970962113393224, -0.23337764930215132, 0.02735468205261722, 0.01395519104998054, -0.001521471843969835, 0.3048423303708416, -0.05197935275353169, -0.04417901588107909, 0.020134699563481767, 0.05091819101953288, -0.07798175502609539, 0.30507746098763133, -0.04062160559891998, 0.0022337198065558866, -0.6911006365070329, 0.7844953521064956, 0.15352880816518774, -1.3561405156032988, 0.06195013554133309, 0.3326138431670053, 0.20314792615106114, 1.0226909812512468, 0.9434461440485507, 0.6416001259426127, -0.04555519111251986, 0.5308204758579653, -0.17927994726362512, -0.7931832009501043, 0.02888991487243886, 0.92954520588001, -0.2978443620197816, 0.07385748028902361, -0.0003398966349837107, 1.1132824928203289, -0.2879275119090493, 0.11164883642607769, 0.4969660523302293, 0.09005471405617957, -0.7378610520665356, 1.0863630550968288, 0.7920696267087128, -0.07498455183420909, -0.27251394046200006, -0.07556131333335178, 0.16820435190039795, 0.19500816341410257, 0.061115561247330065, -0.33068438029771696, -0.04744274075900133, 0.07453076453591292, 0.14285562521598355, -0.03137034900427907, -0.20232753243357848, 0.0826287558064509, -0.12953472567677152, 0.7773190677581874, -0.06224649182305986, 0.9087209972745742, 0.13344227344552603, 1.1443049022079654, -0.31444625604725973, -0.05568022707966021, 0.4336695584056686, 0.07286554578498046, 0.2347511290548364]}