{"from": [0, 0, 0, 0, 0, 1, 1, 1, 1, 1, 2, 2, 2, 2, 2, 2, 3, 3, 3, 3, 3, 3, 3, 3, 3, 3, 3, 4, 4, 4, 4, 4, 4, 4, 4, 4, 4, 4, 5, 5, 5, 5, 5, 6, 7, 8, 8, 8, 8, 8, 9, 9, 9, 9, 9, 10, 10, 10, 10, 10, 10, 10, 10, 10, 11, 11, 11, 12, 12, 13, 13, 13, 13, 13, 13, 13, 13, 13, 13, 14, 14, 14, 14, 14, 14, 14, 15, 15, 15, 15, 16, 16, 16, 16, 16, 16, 16], "to": [6, 8, 11, 15, 17, 6, 7, 8, 9, 17, 6, 7, 8, 9, 10, 15, 0, 2, 4, 5, 6, 7, 8, 9, 10, 13, 17, 0, 1, 2, 5, 6, 7, 8, 9, 10, 11, 15, 1, 2, 6, 8, 10, 7, 17, 6, 7, 11, 12, 15, 0, 6, 7, 8, 15, 0, 1, 6, 7, 8, 9, 11, 12, 15, 6, 7, 12, 7, 17, 2, 4, 5, 6, 7, 11, 12, 14, 15, 17, 5, 6, 7, 9, 12, 15, 17, 6, 7, 11, 12, 2, 3, 6, 11, 13, 14, 15], "influence_y": [[0, 1, 3, 7, 12, 13, 14]], "weights": [0.86648306129432, 0.47761734950470836, -0.3145455236290302, -1.707503925841293, -0.044990512203918, 0.07209035512219814, -0.07141665320837026, 0.005165651157190976, -1.3527663512135684, -0.015043791018105136, -0.037156243787550475, -0.01915996110630993, -0.0008365449260257646, -0.1486582538340444, -0.1361976762288144, -0.05401158526922717, -0.0161402075413628, -0.20187042042899186, -0.06339838425505759, 0.0859915212293801, -0.006232173567345983, -0.017394594577098483, 0.0007465551625460816, -0.09410614152404734, -0.06957141808941761, -0.09239740354045049, 0.019997731516321737, 0.07713383657592926, -0.02839654786626293, -0.30672579868517996, -0.2357235464342077, 0.028573417330234174, 0.01781836776349243, -0.0018396053710817706, 0.29917542035964934, -0.06309727123441078, -0.04461882653217366, 0.0606284429044128, -0.08034834897195164, 0.31396215563847807, -0.03670101278802812, 0.0027280064166994994, -0.6948125041978157, 0.7511635415744722, 0.1464172817569177, -1.5871933890695757, 0.047341260723234246, 0.29852525043206724, 0.03439008018535293, 4.529424142135515, 0.9449076444410244, 0.7728266924392816, -0.031897890330875825, 0.5309499333203447, -2.62672703757482, 0.03167615716537217, 0.9278082976227476, -0.3089235168950178, 0.0667430507491629, -0.005229655908555911, 1.139849348834001, -0.3006273821931359, 0.12248985497154076, 0.5165566736956759, 0.0812596268053194, -0.7667940486798569, 1.0909589993705386, 0.8244309853406628, -0.07321617203747185, 0.058089701502375836, -0.28081009665449314, 0.06080640598084672, -0.07286731552822338, 0.1696567089746952, 0.19679806893323565, 0.0664788403316806, 0.7780453778451798, -0.29456185893898124, -0.04600796077293109, 0.08892549664896782, -0.032350589075237114, -0.2047791289548484, 0.08407184849561145, -0.13574331223557728, -0.04440860503895999, -0.0676982113314259, 0.9239087270845489, 0.16812189535078786, 1.1504046698508654, -0.30466584712804723, -0.06338519499616481, 0.47616696148230353, -0.008097726502850117, -0.022323369777772262, 0.28140101423323843, 0.03604375830298836, 0.03823082866437114]}