{"from": [0, 0, 0, 0, 0, 1, 1, 1, 2, 2, 2, 2, 2, 2, 2, 2, 3, 3, 3, 3, 3, 3, 3, 3, 3, 3, 3, 3, 3, 4, 4, 4, 4, 4, 4, 4, 4, 4, 4, 4, 5, 5, 5, 5, 5, 5, 5, 5, 6, 6, 7, 8, 8, 9, 9, 9, 9, 9, 9, 10, 10, 10, 10, 10, 10, 11, 11, 11, 11, 11, 11, 11, 11, 12, 12, 12, 13, 13, 13, 13, 13, 13, 13, 13, 13, 13, 13, 14, 14, 14, 14, 14, 14, 14, 14, 16, 16, 16, 16, 16], "to": [6, 7, 8, 15, 17, 6, 15, 17, 6, 7, 8, 9, 10, 11, 12, 15, 0, 1, 2, 4, 5, 6, 7, 8, 9, 10, 11, 13, 17, 0, 2, 5, 6, 7, 8, 9, 10, 11, 12, 15, 1, 2, 6, 8, 9, 10, 11, 15, 7, 15, 17, 6, 15, 0, 1, 8, 10, 12, 15, 0, 1, 7, 8, 12, 15, 0, 6, 7, 8, 9, 10, 12, 15, 7, 15, 17, 4, 5, 6, 7, 9, 10, 11, 12, 14, 15, 17, 2, 5, 6, 7, 9, 12, 15, 17, 2, 3, 13, 14, 15], "influence_y": [[0, 1, 3, 7, 12, 13, 14]], "weights": [0.496577217250423, 0.01753692018789806, 0.4766887345710781, -0.43654023794621655, -0.05030913631756037, 0.024135595726970716, -0.035728703785327796, -0.018505024870626843, -0.05247622830885584, -0.02104811020032306, -0.0007167045328296262, -0.11695094484906637, -0.1190570694805967, -0.15455017404864574, -0.025596997211166518, 0.017941276645291, -0.01819120540630412, -0.012148253227449573, -0.2121750988520774, -0.07105890809425654, 0.08406508156813815, -0.015521406934688672, -0.019015050056450492, 0.0006782760512126597, -0.05806777454925886, -0.05951963606510068, -0.05330150995767973, -0.09585580220087882, 0.01706188559510296, 0.0761992708279351, -0.29840631857331934, -0.22426747555025767, 0.06560510822953575, 0.02790837575006066, -0.0020458660391316774, 0.31558527534519715, -0.047042460691864796, 0.11478398327979766, 0.021255338274704466, -0.00692926855903362, -0.07136003504346655, 0.3165312793948847, -0.04743949628976399, 0.0021976033930721367, 0.22131717903114903, -0.6425251150551125, -0.14305392138359535, 0.0267385690772727, 0.7306612345064237, 0.6972253727689671, 0.18120155544919053, -0.4174211604396605, 0.8783228961952273, 0.9382547607131321, -0.05468205677846949, 0.5312946872279081, -0.0990197726895562, 0.03083314300772754, -0.46350619231357953, 0.021841565791434037, 0.9239280301425327, 0.027325333352811995, -0.0010749803516608841, 0.062485571942976555, 0.29736747796613655, 0.022420273302809657, 0.7235729517778616, -0.5234130103535207, 0.0013226229127479422, 0.2360236857120399, 0.20487555708683913, 0.7954699276361562, 0.18883428033468358, 0.7143075177126722, 0.01597204816627408, -0.09882839448609022, -0.28314752494452433, 0.07179989148715918, -0.2506257992991494, 0.14902826124436921, 0.06633280032885411, 0.029883709693192734, -0.1785496310252649, 0.125296461518163, 0.7725010308268877, -0.013413075150790432, -0.05456721404957634, 0.06087482813658157, 0.06687519927134473, -0.030679002619370593, -0.21814190259512817, 0.07273185101263509, -0.1605566178610081, 0.020313329581786457, -0.046775607166359534, -0.05723141435722863, 0.47646655580083863, 0.2880466750172402, 0.03770959126936165, 0.012135271323206374]}