{"from": [0, 0, 0, 1, 1, 1, 2, 2, 2, 2, 2, 2, 2, 3, 3, 3, 3, 3, 3, 3, 3, 3, 3, 3, 3, 4, 4, 4, 4, 4, 4, 4, 4, 4, 4, 5, 5, 5, 5, 5, 5, 5, 6, 7, 8, 8, 8, 9, 9, 9, 9, 9, 9, 9, 10, 10, 10, 10, 10, 10, 10, 11, 11, 11, 11, 11, 11, 11, 11, 12, 12, 12, 13, 13, 13, 13, 13, 13, 13, 13, 13, 13, 14, 14, 14, 14, 14, 14, 14, 14, 15, 15, 16, 16, 16, 16, 16, 16], "to": [6, 8, 15, 6, 7, 8, 6, 7, 8, 9, 10, 11, 15, 0, 1, 2, 4, 5, 7, 8, 9, 10, 11, 13, 15, 0, 2, 5, 6, 7, 8, 9, 10, 11, 15, 1, 2, 6, 8, 9, 10, 11, 7, 17, 6, 7, 17, 0, 1, 6, 7, 8, 10, 15, 0, 1, 6, 7, 8, 12, 15, 0, 6, 7, 8, 9, 10, 12, 15, 7, 15, 17, 4, 5, 6, 7, 10, 11, 12, 14, 15, 17, 2, 5, 6, 7, 9, 12, 15, 17, 6, 7, 2, 3, 6, 13, 14, 15], "influence_y": [[7, 8, 12, 13, 14]], "weights": [0.889378909664541, 0.47734572894500127, 0.22767761180840057, 0.0585892103515523, -0.07098878875984432, 0.004347046101939395, -0.031806650796440246, -0.01974886539795799, -0.0006504966081453539, -0.11847754321214395, -0.13552951746659406, -0.1537319786806419, -0.024988630017549147, -0.01888521393931798, -0.012816585866806538, -0.214393520808216, -0.0655898686889315, 0.08885073300764891, -0.016596095566820616, 0.0008547612771196538, -0.06468429038137943, -0.07148430458383909, -0.05803956705587729, -0.09668467600745423, -0.01847947514423859, 0.07505166332359126, -0.29430425446958214, -0.22378662242884564, 0.028074517577718533, 0.019428177927915437, -0.001829994274329394, 0.32008306449932106, -0.04987301571171002, 0.10084484703745109, 0.038776647081283325, -0.07025341312325217, 0.31531644046887586, -0.03871260491579953, 0.002543812292461721, 0.22073067196122242, -0.6521882814340377, -0.12468145938288093, 0.7444607538854486, 0.13555887884678297, -1.6224247088489616, 0.04656157196796431, -0.04460709381211952, 0.9393670525763966, -0.057314602673108284, 0.7881161058553056, -0.029009771053366627, 0.530753312314569, -0.09292998248246107, -0.16724991445580178, 0.02090746919495451, 0.9234436382262674, -0.29215156726518365, 0.07821550829315586, -0.004966969495400028, 0.028404312282020838, 0.31087225835844834, 0.021829442715113487, 0.08278946001043763, -0.6718367536553442, 0.001297792820449381, 0.21219812835060445, 0.16156210620037192, 0.864004224000164, 0.7691979523161393, 0.7519112624813568, -0.11468216251229768, -0.06793527657330366, -0.26447212820621946, 0.07210643811308834, -0.07633331717826419, 0.18201401709533105, 0.02752824701673995, -0.1652049260283331, 0.12495487987910985, 0.7705931926084695, -0.194921429850283, -0.05155883988943973, 0.06608595257748334, 0.08042263140695019, -0.031109219972664456, -0.22707421915328177, 0.11415572570941476, -0.13643140146511024, -0.019312316658409864, -0.058562340098867155, 0.9176213991042603, 0.1333721596111278, -0.054401116044175225, 0.4676189722384348, -0.008725951633441434, 0.2833656159301968, 0.03754151868029082, 0.025513179497007182]}