{"from": [0, 0, 0, 0, 0, 1, 1, 1, 1, 1, 2, 2, 2, 2, 2, 2, 3, 3, 3, 3, 3, 3, 3, 3, 3, 4, 4, 4, 4, 4, 4, 4, 4, 4, 4, 4, 5, 5, 5, 5, 5, 6, 7, 8, 8, 8, 8, 8, 9, 9, 9, 9, 9, 10, 10, 10, 10, 10, 10, 10, 10, 10, 11, 11, 11, 12, 12, 13, 13, 13, 13, 13, 13, 13, 13, 13, 13, 14, 14, 14, 14, 14, 14, 15, 15, 15, 15, 16, 16, 16, 16, 16], "to": [6, 8, 11, 12, 17, 6, 7, 8, 9, 17, 6, 7, 8, 9, 10, 15, 0, 2, 4, 5, 7, 8, 9, 10, 13, 0, 1, 2, 5, 6, 7, 8, 9, 10, 11, 15, 1, 2, 6, 8, 10, 7, 17, 6, 7, 11, 15, 17, 0, 6, 7, 8, 15, 0, 1, 6, 7, 8, 9, 11, 12, 15, 6, 7, 12, 7, 17, 2, 4, 5, 6, 7, 11, 12, 14, 15, 17, 5, 6, 7, 9, 12, 17, 6, 7, 11, 12, 2, 3, 6, 13, 14], "influence_y": [[0, 1, 7, 8, 12, 13, 14]], "weights": [0.7715192129598549, 0.4771390626922891, -0.3426288798112536, 0.030224653621966805, -0.04660403395861921, 0.05535490828235757, -0.07110326300142736, 0.004975761216543272, -1.3376553096053483, -0.01759594709248135, -0.03130381203745886, -0.02017462325053776, -0.0007979215943299117, -0.1535927456949505, -0.1445794601551666, -0.05954718919951975, -0.017331623632886706, -0.2163873789762772, -0.07084091082634018, 0.09385516323575106, -0.01546350095000172, 0.0008442795308714787, -0.0900204613537669, -0.06840412613719192, -0.09737770851445278, 0.07710739488164847, -0.029605766219572102, -0.2897327316940592, -0.2104113702720877, 0.030384673951387484, 0.02041436451568476, -0.0018317313361888576, 0.3040393547768662, -0.05970186565707636, -0.04470954766297641, 0.052473793572052285, -0.07895073319657109, 0.31836936901430535, -0.04161778561371292, 0.0027691360467634804, -0.6923751689227952, 0.7482611407187056, 0.14424783827002552, -1.384931202304628, 0.054479683872889144, 0.32896104002964227, 1.002737548793313, -0.00284303900988886, 0.945123763229145, 0.6642284709244426, -0.03554245959784912, 0.5313122746466816, -0.779968840117343, 0.030991940595760048, 0.9283499862368215, -0.2893779561782947, 0.07470047206720787, -0.004978592087975277, 1.1208258998470098, -0.2951803827123346, 0.10831486753522082, 0.499314379100937, 0.08145515833763498, -0.7050331448210586, 1.0382836690463455, 0.7685595701798906, -0.06587499215779047, 0.06856326408350168, -0.2742240520290098, 0.07378084676641089, -0.07436216387973771, 0.17703799974098733, 0.19571610447571622, 0.05888599105315022, 0.7751311339844255, -0.32938387164758864, -0.05212527745685897, 0.07322083733441478, -0.03246098809407422, -0.22055063948150644, 0.0963203153449087, -0.1293444888753294, -0.05841555990999282, 0.9195832516376514, 0.14594827154301057, 1.1447097863416267, -0.24647622068167657, -0.05189346904872674, 0.46377598549396254, -0.008834734829826824, 0.2770741733243975, 0.035714467983702626]}