{"from": [0, 0, 0, 0, 0, 1, 1, 1, 1, 2, 2, 2, 2, 2, 2, 2, 3, 3, 3, 3, 3, 3, 3, 3, 3, 3, 3, 4, 4, 4, 4, 4, 4, 4, 4, 4, 4, 4, 4, 5, 5, 5, 5, 5, 6, 7, 8, 8, 8, 8, 9, 9, 9, 9, 9, 10, 10, 10, 10, 10, 10, 10, 10, 10, 11, 11, 11, 12, 12, 13, 13, 13, 13, 13, 13, 13, 13, 13, 13, 14, 14, 14, 14, 14, 14, 15, 15, 15, 15, 16, 16, 16, 16, 16, 16], "to": [6, 8, 11, 12, 17, 6, 8, 9, 17, 6, 7, 8, 9, 10, 12, 15, 0, 1, 2, 4, 5, 6, 7, 8, 9, 10, 13, 0, 1, 2, 5, 6, 7, 8, 9, 10, 11, 12, 15, 1, 2, 6, 8, 10, 7, 17, 6, 7, 11, 15, 0, 6, 8, 12, 15, 0, 1, 6, 7, 8, 9, 11, 12, 15, 6, 7, 12, 7, 17, 2, 4, 5, 6, 7, 11, 12, 14, 15, 17, 5, 6, 7, 9, 12, 17, 6, 7, 11, 12, 2, 3, 6, 11, 13, 14], "influence_y": [[0, 1, 7, 12, 13, 14]], "weights": [0.8031589359158715, 0.4774117330297676, -0.3330467412437744, 0.0975529523401741, -0.054043645395274544, 0.05712822800499163, 0.005546866960548784, -1.3733196112399433, -0.017616042458900166, -0.03377579717768196, -0.01939628456589359, -0.0007643335161150594, -0.15169617022572685, -0.13790471699482515, -0.02306148687842624, -0.06660703485583555, -0.017436305452511104, -0.011155128727301197, -0.2073426593383232, -0.06278097595580283, 0.10026603665960092, -0.007154888294905987, -0.013183451305895546, 0.0007996638969275761, -0.09333957477156596, -0.07049231941422938, -0.09412559169337016, 0.07898572205506715, -0.029683014206113856, -0.2866667591935481, -0.22680276721506912, 0.027226761907382553, 0.022814739193534012, -0.0017401003106207735, 0.29892601361104737, -0.06584496204289456, -0.0453068666700314, 0.022872771958662767, 0.057120927993268955, -0.07991996062511603, 0.31636886901614275, -0.0393326936784867, 0.002500786448963968, -0.691788037589502, 0.7480149895074811, 0.15602222542185132, -1.4353318756408986, 0.021437391116529127, 0.3208656204257279, 1.0571160066359804, 0.9444176704090302, 0.6837373182179105, 0.5311178351043954, -0.07474408525369701, -0.8413984296116802, 0.030661595779508777, 0.9265104318660511, -0.29280840026894855, 0.00512529618979167, -0.005743430882622122, 1.161102791985805, -0.29903891001259475, 0.11107180348909382, 0.4853683664394693, 0.09434387078167537, -0.6712928199488051, 1.0322424114532256, 0.7451529818355075, -0.07511369405787413, 0.06540827864229945, -0.26994573483614953, 0.06620400686679284, -0.07481163619336353, 0.1757058749351539, 0.20003265775048754, 0.06312644170628023, 0.7663505352955426, -0.33548269793192736, -0.05425170714805197, 0.07846353577886778, -0.03323115223843489, -0.21810513068199894, 0.08724646881348058, -0.1239716496020506, -0.05337711854445204, 0.9057244877131305, 0.14213845146534582, 1.1431837013527477, -0.2708036685414735, -0.05726364929007885, 0.46678781930964397, -0.008081401321411115, -0.02169968157166555, 0.27496477879003456, 0.03713435942609168]}