{"from": [0, 0, 0, 1, 1, 1, 1, 1, 2, 2, 2, 2, 2, 2, 2, 3, 3, 3, 3, 3, 3, 3, 3, 3, 3, 3, 4, 4, 4, 4, 4, 4, 4, 4, 4, 4, 4, 4, 5, 5, 5, 5, 5, 6, 7, 8, 8, 8, 8, 8, 8, 9, 9, 9, 9, 9, 9, 10, 10, 10, 10, 10, 10, 10, 10, 10, 11, 11, 11, 12, 12, 13, 13, 13, 13, 13, 13, 13, 13, 13, 14, 14, 14, 14, 14, 14, 14, 14, 15, 15, 15, 15, 16, 16, 16, 16, 16, 16, 16, 16], "to": [6, 8, 11, 6, 7, 8, 9, 17, 6, 7, 8, 9, 10, 12, 15, 0, 2, 4, 5, 6, 7, 8, 9, 10, 13, 14, 0, 1, 2, 5, 6, 7, 8, 9, 10, 11, 12, 15, 1, 2, 6, 8, 10, 7, 17, 6, 7, 11, 12, 15, 17, 0, 6, 7, 8, 12, 15, 0, 1, 6, 7, 8, 9, 11, 12, 15, 6, 7, 12, 7, 17, 2, 4, 5, 6, 7, 11, 12, 15, 17, 5, 6, 7, 8, 9, 12, 13, 17, 6, 7, 11, 12, 2, 3, 6, 7, 11, 13, 14, 15], "influence_y": [[1, 7, 8, 12, 13, 14]], "weights": [0.7950059539947306, 0.4769597204392525, -0.3379254940867607, 0.055445453780190536, -0.0695704407914581, 0.005010293634190657, -1.3948412713165994, -0.018008598757597645, -0.03431160565165591, -0.01693938950611987, -0.0007479141602643458, -0.1446771684528061, -0.1419295147682188, -0.021782528798925442, -0.051530216935889356, -0.01470603634005806, -0.21216435237107575, -0.06913058240511184, 0.09709268042950753, -0.005996706620750608, -0.018784424468649308, 0.0008360924834977693, -0.09268363164023691, -0.06162606126563006, -0.044412169741431806, -0.06914055997707537, 0.0771412806411188, -0.029769673249289422, -0.29267550339457005, -0.2241597696570131, 0.028665864287521117, 0.019693021202523153, -0.0017706228658747186, 0.3021299310650887, -0.059326560815024715, -0.04133891031493879, 0.02275598397467326, 0.04634234301896592, -0.07869279040668897, 0.3136361912679896, -0.037400115148135474, 0.002666634567458498, -0.6892311775176697, 0.7423897287785685, 0.14354017640453748, -1.4168535893007246, 0.04893675450765169, 0.31968698108828003, 0.1984791259793897, 1.0053435220279554, -0.04678852171228873, 0.9453001761479547, 0.6736613444011018, -0.03030290231558687, 0.531451228337033, -0.18071516863753118, -0.7705040099360676, 0.029330523810378928, 0.928718083059822, -0.28684018902852615, 0.07927596389935194, -0.005139118143696483, 1.1789085932519856, -0.295503349582493, 0.10513046865900877, 0.5036123827921201, 0.08456298000540977, -0.6747871960929194, 1.030455384931647, 0.7493566779522417, -0.07074505997746797, 0.0587783165340071, -0.2722013579500402, 0.08404462645255953, -0.07788456658973023, 0.17015955379443673, 0.20386207389815175, 0.0647374509591994, -0.34056443415324256, -0.06166375991038403, 0.06973010816097469, -0.03080156733685359, -0.21717837291612188, -0.00044858210461648507, 0.08485030683510775, -0.1285824081393477, 0.76985915004853, -0.04993916512345428, 0.9143867898375481, 0.14031594179778792, 1.1482013161222815, -0.26319101800659794, -0.05724027335212319, 0.4637759854939638, -0.006637219514153001, 0.01008125285000053, -0.019802352537262653, 0.0780073929969505, 0.25800525026976817, 0.031293079336303965]}