{"from": [0, 0, 0, 0, 1, 1, 1, 1, 1, 2, 2, 2, 2, 2, 2, 3, 3, 3, 3, 3, 3, 3, 3, 3, 3, 4, 4, 4, 4, 4, 4, 4, 4, 4, 4, 4, 5, 5, 5, 5, 5, 6, 7, 8, 8, 8, 8, 8, 9, 9, 9, 9, 9, 10, 10, 10, 10, 10, 10, 10, 10, 10, 11, 11, 11, 12, 12, 13, 13, 13, 13, 13, 13, 13, 13, 13, 14, 14, 14, 14, 14, 14, 15, 15, 15, 15, 16, 16, 16, 16, 16, 16], "to": [6, 8, 11, 17, 6, 7, 8, 9, 17, 6, 7, 8, 9, 10, 15, 0, 1, 2, 4, 5, 7, 8, 9, 10, 13, 0, 1, 2, 5, 6, 7, 8, 9, 10, 11, 15, 1, 2, 6, 8, 10, 7, 17, 6, 7, 11, 12, 15, 0, 6, 7, 8, 15, 0, 1, 6, 7, 8, 9, 11, 12, 15, 6, 7, 12, 7, 17, 2, 4, 6, 7, 11, 12, 14, 15, 17, 5, 6, 7, 9, 12, 17, 6, 7, 11, 12, 2, 3, 6, 11, 13, 14], "influence_y": [[0, 1, 7, 12, 13, 14]], "weights": [0.8392958914316557, 0.47770096104766435, -0.34193643969879084, -0.05153357210790127, 0.05124460521875828, -0.07999365808117866, 0.004439777108346331, -1.30481852321903, -0.02353167007151038, -0.03438419005687703, -0.020383508307561037, -0.0008309661712380956, -0.1522097447818272, -0.13574744120395466, -0.06829300872229596, -0.017669042002925184, -0.01225662716155888, -0.21067068286904517, -0.06620670324908542, 0.08537600023638621, -0.01697976817817577, 0.0009005026948103584, -0.09063044184529175, -0.07348624748652818, -0.09684704362059735, 0.0755196325940497, -0.028246305754619172, -0.30219587855651114, -0.2264736583464626, 0.028154681230393434, 0.021846040154306284, -0.0016394764500037295, 0.30527674379689396, -0.056687234562794786, -0.043470767740749386, 0.04352467708631813, -0.07857116464965028, 0.31779344555984906, -0.03917352096042352, 0.0024272363458772567, -0.693401752236705, 0.7432917753424992, 0.15221433276074448, -1.532866276928243, 0.04909883131922837, 0.3285773605528706, 0.032827648987947204, 1.001464483070171, 0.9453738403011871, 0.7477971199526402, -0.030547309610263668, 0.5305766636690316, -0.7720362777542042, 0.02756066821188266, 0.9274344374023016, -0.2858150071589789, 0.07824918351431194, -0.0047507738923582565, 1.0899460525553974, -0.2935740395782946, 0.1004320055922023, 0.49454868224366355, 0.08290951181873005, -0.6839171649904928, 1.0126339010547585, 0.7544033165025775, -0.07354032099830173, 0.06337848823409684, -0.26888328693760144, -0.07175465410017634, 0.18014267782882115, 0.20262178090880634, 0.07412954095642188, 0.7735749122768375, -0.3367130547821712, -0.05045165068653204, 0.12728968534274399, -0.03316228746740085, -0.22221450062937, 0.08660653091490289, -0.1370305498456968, -0.05460568015031954, 0.9179516324727616, 0.1477111877140851, 1.1415299424523981, -0.22101279055148548, -0.057039098553634156, 0.46425783719630825, -0.009735289912990414, -0.019981935592711997, 0.28429511763500726, 0.04547654536585573]}