{"from": [0, 0, 0, 0, 1, 1, 1, 1, 1, 1, 2, 2, 2, 2, 2, 2, 2, 3, 3, 3, 3, 3, 3, 3, 3, 3, 3, 3, 4, 4, 4, 4, 4, 4, 4, 4, 4, 4, 4, 4, 5, 5, 5, 5, 5, 6, 7, 8, 8, 8, 8, 8, 8, 9, 9, 9, 9, 9, 9, 10, 10, 10, 10, 10, 10, 10, 10, 10, 11, 11, 11, 12, 12, 13, 13, 13, 13, 13, 13, 13, 13, 14, 14, 14, 14, 14, 14, 14, 15, 15, 15, 15, 16, 16, 16, 16], "to": [6, 8, 11, 17, 0, 6, 7, 8, 9, 17, 6, 7, 8, 9, 10, 12, 15, 0, 1, 2, 4, 5, 7, 8, 9, 10, 13, 14, 0, 1, 2, 5, 6, 7, 8, 9, 10, 11, 12, 15, 1, 2, 6, 8, 10, 7, 17, 6, 7, 11, 12, 15, 17, 0, 6, 7, 8, 12, 15, 0, 1, 6, 7, 8, 9, 11, 12, 15, 6, 7, 12, 7, 17, 4, 5, 6, 7, 11, 12, 15, 17, 5, 6, 7, 9, 12, 13, 17, 6, 7, 11, 12, 3, 6, 13, 14], "influence_y": [[0, 1, 7, 8, 12, 13, 14]], "weights": [0.7620812006314002, 0.4774623750320819, -0.3337230179880015, -0.05975064404179719, -0.06284557680631939, 0.05959272106852974, -0.0752819809817678, 0.004315033338550767, -1.3167109445601264, -0.018969754683312575, -0.03506108208671303, -0.01871636049320921, -0.0008771940433932174, -0.16067138933168393, -0.14595355787552, -0.026860322788076266, -0.06233559564293244, -0.016041049137957727, -0.012197934693904294, -0.22274157326864685, -0.05364768576374414, 0.08284697399895496, -0.014819203514014561, 0.0009274780628836169, -0.09360366534488622, -0.06764255580720381, -0.04424634368333491, -0.06365470597222377, 0.07705137128252892, -0.02935421498098112, -0.3094025822723874, -0.21815890264361326, 0.027829498166873363, 0.02188449856310018, -0.0017328871556350212, 0.29446116576443027, -0.06591486150485704, -0.038872438175027946, 0.02134954227590294, 0.05408493099425882, -0.08003535862178363, 0.3268611397825525, -0.03754669101246954, 0.0024814479934298014, -0.6880055390007113, 0.7608677500580172, 0.15038488289048424, -1.341544251301517, 0.0349013271156819, 0.3243545682078522, 0.2094368027372267, 0.9531786970830183, 0.008965071447683931, 0.9417492433557371, 0.6311040909564732, -0.014845351860718427, 0.5308545840015092, -0.1908874133521943, -0.7258917302239712, 0.08987683801615232, 0.9260648281210282, -0.2939013343960996, 0.08133489764027117, -0.004676538084594811, 1.1087508076773072, -0.2932362203976069, 0.10443469655840906, 0.4922405712379612, 0.09766034541667731, -0.6688497013354944, 1.027555777106616, 0.7406361364315737, -0.07260862906930028, -0.27933189046509543, 0.06061055424429564, -0.07369457778187626, 0.1832718933589638, 0.194528270384303, 0.07364607905065247, -0.3384495658132422, -0.055747835094363915, 0.07609601134975727, -0.03337632094163567, -0.22532012776037053, 0.08836709224885098, -0.1396507362888668, 0.76337066397282, -0.0537563470109195, 0.9023019519716104, 0.13069350797110163, 1.1372156750510383, -0.2763192785724573, 0.4602068396036839, -0.008607356733136435, 0.07836395460183941, 0.24556778866783177]}