{"from": [0, 0, 0, 0, 1, 1, 1, 1, 1, 2, 2, 2, 2, 2, 2, 2, 3, 3, 3, 3, 3, 3, 3, 3, 3, 3, 3, 3, 4, 4, 4, 4, 4, 4, 4, 4, 4, 4, 4, 4, 5, 5, 5, 5, 5, 6, 6, 7, 8, 8, 8, 8, 8, 9, 9, 9, 9, 9, 10, 10, 10, 10, 10, 10, 10, 10, 10, 11, 11, 11, 12, 12, 13, 13, 13, 13, 13, 13, 13, 13, 13, 13, 14, 14, 14, 14, 14, 14, 14, 14, 15, 15, 15, 15, 16, 16, 16, 16, 16, 16], "to": [6, 8, 11, 12, 6, 7, 8, 9, 17, 6, 7, 8, 9, 10, 12, 15, 0, 1, 2, 4, 5, 6, 7, 8, 9, 10, 13, 17, 0, 1, 2, 5, 6, 7, 8, 9, 10, 11, 12, 15, 1, 2, 6, 8, 10, 7, 12, 17, 6, 7, 11, 15, 17, 0, 6, 7, 8, 15, 0, 1, 6, 7, 8, 9, 11, 12, 15, 6, 7, 12, 7, 17, 2, 4, 5, 6, 7, 11, 12, 14, 15, 17, 2, 5, 6, 7, 8, 9, 12, 17, 6, 7, 11, 12, 2, 3, 6, 11, 13, 14], "influence_y": [[1, 3, 7, 8, 12, 13, 14]], "weights": [0.806809500157287, 0.4775649251954332, -0.33053814542656373, 0.02233361370444517, 0.0653585274601365, -0.07466482919501957, 0.004899099930790268, -1.3416097128460995, -0.017523330073105053, -0.03302524023018637, -0.017696430083394943, -0.0006461111720941076, -0.1467174802101599, -0.13717685838241878, -0.024823255582384803, -0.06235120000993856, -0.018130980414042455, -0.01028335034098005, -0.21674947201349987, -0.07601698937874084, 0.08807188360119175, -0.006038083057718163, -0.014662090166833364, 0.0008905102870008457, -0.09003579586833055, -0.06755859991475797, -0.09738386575962055, 0.019008520534158215, 0.07623901654126164, -0.030457810859253365, -0.2923161253485453, -0.22734407579097615, 0.03050705485304624, 0.01657937590825782, -0.0017455985684721384, 0.3004687266521844, -0.056046206162479045, -0.04287680901563885, 0.02739607935588515, 0.04919718339411944, -0.07741625684811898, 0.3163320145715969, -0.038657319753703845, 0.0026957555076971562, -0.6913399868551239, 0.7802257178791321, -0.10856303251479507, 0.14812423996329582, -1.44195824195823, 0.03129301462156273, 0.3096127403021941, 1.0072134226429121, -0.04578439067615255, 0.9443969574539741, 0.686218258576054, -0.01641206442576756, 0.53103442945111, -0.7767428576806611, 0.029954539557991017, 0.9285307867464696, -0.3003544320988248, 0.0776636055073461, -0.005011238514388602, 1.135133737428137, -0.3037920802270839, 0.08821432927967127, 0.5029315287930943, 0.08915211159117814, -0.7444070084430315, 1.0942450459820339, 0.8062848103615494, -0.07261472686035242, 0.038056172333914666, -0.26966066383771586, 0.06666333776399075, -0.07700470899884504, 0.17596630735513033, 0.2007291217119458, 0.04957800207662567, 0.7687103558271238, -0.3262185163163087, -0.052898786207865464, 0.03882426488838299, 0.07777122322063162, -0.028015825817468656, -0.21283010247981612, -0.00045814793771886686, 0.08165660187466531, -0.12214592040881284, -0.05848513453618145, 0.9148533982405127, 0.13198984278219017, 1.152406152941038, -0.19806455076964785, -0.06088479186990087, 0.46964141127009446, -0.005996987067534332, -0.02005536622637711, 0.28781126101622495, 0.04029027847681587]}