{"from": [0, 0, 0, 0, 1, 1, 1, 1, 2, 2, 2, 2, 2, 2, 3, 3, 3, 3, 3, 3, 3, 3, 3, 3, 3, 4, 4, 4, 4, 4, 4, 4, 4, 4, 4, 4, 4, 5, 5, 5, 5, 5, 6, 6, 7, 8, 8, 8, 8, 8, 8, 9, 9, 9, 9, 9, 9, 10, 10, 10, 10, 10, 10, 10, 10, 10, 11, 11, 11, 12, 12, 13, 13, 13, 13, 13, 13, 13, 13, 13, 13, 14, 14, 14, 14, 14, 14, 14, 15, 15, 15, 15, 16, 16, 16], "to": [6, 8, 11, 17, 6, 7, 9, 17, 6, 7, 9, 10, 12, 15, 0, 1, 2, 4, 5, 7, 8, 9, 10, 13, 17, 0, 1, 2, 5, 6, 7, 8, 9, 10, 11, 12, 15, 1, 2, 6, 8, 10, 7, 17, 17, 6, 7, 11, 12, 15, 17, 0, 6, 7, 8, 12, 15, 0, 1, 6, 7, 8, 9, 11, 12, 15, 6, 7, 12, 7, 17, 2, 4, 5, 6, 7, 11, 12, 14, 15, 17, 2, 5, 6, 7, 9, 12, 17, 6, 7, 11, 12, 2, 3, 13], "influence_y": [[0, 1, 3, 6, 7, 8, 12, 13, 14]], "weights": [0.7532623817929229, 0.4778198718480525, -0.3292992293582385, -0.046558071985589186, 0.06165217016595494, -0.06929378859508153, -1.3230120967218242, -0.015951784989620577, -0.03061550432152696, -0.019341138229464594, -0.15940060847775908, -0.13575612134637144, -0.023270302571375828, -0.059359400207696145, -0.01495870584291646, -0.010231914397129427, -0.20803725675792922, -0.06697926392159209, 0.08119145960849418, -0.015077185630495843, 0.0008374998353845337, -0.08814006262075924, -0.06778381539546864, -0.09650494832667096, 0.02007475320656163, 0.07778084085114229, -0.029866602044154145, -0.2988921198900191, -0.2249580355731029, 0.029280778709001365, 0.01981676312231545, -0.0017009810809979209, 0.2970436744152427, -0.055270555258207926, -0.0411483604944306, 0.02448126462401712, 0.04201064170405788, -0.07618247689328289, 0.31780542428787206, -0.03836810032771805, 0.0020985538537979243, -0.6920086990718667, 0.7615323083016626, 0.008454568497583595, 0.1480718192100468, -1.3244754416054143, 0.054938064189375836, 0.3151164883111992, 0.1914684027041382, 0.9415333155697136, -0.0017779626413726574, 0.94520740937634, 0.6217382016142478, -0.03610626559029223, 0.5304590636350589, -0.1749751200596317, -0.7089676363744928, 0.03101054185619137, 0.9294876366028677, -0.2916335204388386, 0.0792059881305962, -0.00045152411488927346, 1.1054943587474393, -0.28680121762365174, 0.09841834119201617, 0.49748762786891076, 0.08150837659185313, -0.6748574176460201, 1.0288457924974659, 0.7471269636666674, -0.07642251966488484, 0.036420946105367585, -0.2757402551270358, 0.0734960055058303, -0.07656842294589754, 0.18615931290077325, 0.19600964768406196, 0.07685181258685184, 0.7907148323765685, -0.3308201508966767, -0.0543645396603747, 0.04037063861303642, 0.07084031293988977, -0.030860093496072605, -0.22742813834127804, 0.08567865505730021, -0.13791819718384385, -0.05213273061573494, 0.9190889956588458, 0.12435881706275137, 1.1399307079121697, -0.257888333279928, -0.05676873357759315, 0.4615078661187984, 0.27275821697717295]}