{"from": [0, 0, 0, 0, 1, 1, 1, 1, 1, 2, 2, 2, 2, 2, 2, 2, 3, 3, 3, 3, 3, 3, 3, 3, 3, 3, 4, 4, 4, 4, 4, 4, 4, 4, 4, 4, 4, 5, 5, 5, 5, 5, 6, 7, 8, 8, 8, 8, 8, 9, 9, 9, 9, 9, 10, 10, 10, 10, 10, 10, 10, 10, 10, 11, 11, 11, 12, 12, 13, 13, 13, 13, 13, 13, 13, 13, 13, 13, 14, 14, 14, 14, 14, 14, 14, 14, 15, 15, 15, 15, 16, 16, 16, 16], "to": [6, 8, 11, 12, 6, 7, 8, 9, 17, 6, 7, 8, 9, 10, 12, 15, 0, 2, 4, 5, 7, 8, 9, 10, 13, 17, 0, 1, 2, 5, 6, 7, 8, 9, 10, 11, 15, 1, 2, 6, 8, 10, 7, 17, 6, 7, 11, 15, 17, 0, 6, 7, 8, 15, 0, 1, 6, 7, 8, 9, 11, 12, 15, 6, 7, 12, 7, 17, 2, 4, 5, 6, 7, 11, 12, 14, 15, 17, 2, 5, 6, 7, 8, 9, 12, 17, 6, 7, 11, 12, 2, 3, 13, 14], "influence_y": [[1, 3, 7, 8, 12, 13, 14]], "weights": [0.7622024010529557, 0.4773807301345964, -0.33566252938429664, 0.029583312441696496, 0.10138354904067211, -0.06524807409786282, 0.005013183597683643, -1.4067455835335219, -0.01442290345767689, -0.03101416386308191, -0.017540020348670915, -0.0007903030331807975, -0.14833714075534235, -0.13169411018971117, -0.028520915136196222, -0.060445288282904505, -0.018879938963872658, -0.20893888748795114, -0.06664630894991938, 0.09471706245891716, -0.013491336459295228, 0.0007297814938335313, -0.08922389811055471, -0.06871087846656722, -0.0952024503011801, 0.01815593306667946, 0.07736683761226631, -0.026525350233574968, -0.2907143619007349, -0.2235014556128776, 0.028517631745001444, 0.019019534938454836, -0.00198212185262827, 0.3009386704526419, -0.049352641677401554, -0.0444342919457934, 0.0518767119795302, -0.0795800468718163, 0.31464160150110976, -0.03655952568059698, 0.002792118746353725, -0.6892598290091762, 0.7441380113623925, 0.15267116600770558, -1.3291355847583857, 0.049600416673635385, 0.31780591334936975, 0.9836365210850211, -0.05060097178481655, 0.9443035891871654, 0.6195316355492246, -0.033770012120317675, 0.5312279438861355, -0.7553234703226064, 0.029390320507179574, 0.9286494563665869, -0.32964594037230766, 0.06908126798659024, -0.005019253566161841, 1.2060332419591269, -0.2949722529774943, 0.1012926570710923, 0.49974723180031533, 0.07633129282206114, -0.7026924578568952, 1.0470875641712252, 0.7679299832800355, -0.07595247039111805, 0.039081591982716594, -0.2785534052943697, 0.06290934565983297, -0.07332345070459537, 0.17774533257197117, 0.1958322664754428, 0.06782944752594929, 0.7710329356031441, -0.3219402392184334, -0.04965424703859375, 0.046699432761142, 0.08479922438656315, -0.03115329973044112, -0.220578721854727, -0.0004695466757822231, 0.0869401632347217, -0.13518993399229184, -0.053770653905891204, 0.9277426911136673, 0.151084463957324, 1.150943196187333, -0.26439173773893887, -0.05954120970776401, 0.4615078661187966, 0.2749647787900336, 0.03523640069941264]}