{"from": [0, 0, 0, 1, 1, 1, 1, 1, 2, 2, 2, 2, 2, 2, 2, 2, 3, 3, 3, 3, 3, 3, 3, 3, 3, 3, 3, 3, 4, 4, 4, 4, 4, 4, 4, 4, 4, 4, 4, 4, 5, 5, 5, 5, 5, 5, 5, 5, 6, 6, 7, 8, 8, 8, 9, 9, 9, 9, 9, 9, 9, 10, 10, 10, 10, 10, 11, 11, 11, 11, 11, 11, 12, 12, 12, 13, 13, 13, 13, 13, 13, 13, 13, 13, 13, 13, 13, 14, 14, 14, 14, 14, 14, 15, 15, 15, 15, 15, 15, 15, 16, 16, 16], "to": [6, 8, 17, 0, 6, 7, 8, 17, 6, 7, 8, 9, 10, 11, 12, 15, 0, 1, 2, 4, 5, 7, 8, 9, 10, 11, 13, 15, 0, 1, 2, 5, 6, 7, 8, 9, 10, 11, 12, 15, 1, 2, 6, 8, 9, 10, 11, 15, 7, 17, 17, 6, 7, 17, 0, 1, 6, 7, 8, 10, 11, 1, 6, 7, 8, 12, 0, 6, 7, 8, 10, 12, 0, 7, 17, 0, 4, 5, 6, 7, 9, 10, 11, 12, 14, 15, 17, 5, 6, 7, 9, 12, 17, 0, 6, 7, 9, 10, 11, 12, 3, 6, 13], "influence_y": [[0, 1, 6, 7, 8, 12, 13, 14]], "weights": [0.8172680620211219, 0.47787645545942053, -0.05373742822239133, -0.019118739802177098, 0.04908535100487442, -0.06564267231553743, 0.004304378551958948, -0.014641554953758342, -0.03505324681028869, -0.018028487160804796, -0.0008718473989034192, -0.10527182737196554, -0.06765263644942637, 0.035726165163926155, -0.02289265077526162, -0.17159782791039457, -0.017510413030947507, -0.014009303311655105, -0.23446825192873222, -0.06818607313916439, 0.09092576127805352, -0.01628920987627899, 0.0006709333455507224, -0.053366394506347954, -0.03685291882732809, 0.02225147508798472, -0.09561909122153514, -0.06582860569782342, 0.07104880146953567, -0.010963426933075504, -0.30011020208735795, -0.22663719737873841, 0.028226413795645902, 0.019346205427317437, -0.0019111291669752506, 0.3133587786439001, -0.08360743535895962, -0.03333362721340024, 0.03193437320730076, 0.13046528236010368, -0.07460204819593735, 0.3264819167689441, -0.04036888894825304, 0.002629757157442944, 0.24583721341413542, -0.47716369410199133, 0.16393451739309206, -0.292200724662809, 0.750274833694046, 0.009761938045143331, 0.13922710512352135, -1.4555813623977196, 0.07218634245198556, 0.008805667577116712, 0.9307117270768032, -0.052294720961727964, 0.6906958856942571, -0.05279111682495568, 0.5302271051732541, -0.10611259795759616, 0.034913348212024894, 0.9242231921765653, -0.28217128507640504, 0.07225709194976734, -0.004979435190161072, 0.09283335774974336, -0.07641858140934177, 0.08080198327222479, -0.675336221611097, 0.0012280627455015618, -0.46752150231023737, 1.0313641324984002, 0.023669831257210693, 0.750031244879837, -0.07409864887828296, 0.030122766406248336, -0.2728300850588444, 0.07100126474114676, -0.07303139914739853, 0.17633466868177186, 0.08600337078153933, 0.19693316104174222, 0.1539258353520816, 0.07878430025416912, 0.7844822859687988, -0.3120790035558194, -0.04622599660277158, 0.07421875943428667, -0.03214871765085915, -0.21956151163535456, 0.08770719891026728, -0.13209108271298992, -0.06019779461816409, 0.11612555822346295, 0.9194323063817161, 0.13457780186907314, 0.24705853363494895, 0.8765758274540368, 1.0236717076711273, -0.2429715538930014, 0.4462163316991526, -0.008988555957597741, 0.26604004783998303]}