{"from": [0, 0, 0, 0, 0, 0, 1, 1, 1, 1, 2, 2, 2, 2, 2, 2, 2, 3, 3, 3, 3, 3, 3, 3, 3, 3, 3, 3, 3, 4, 4, 4, 4, 4, 4, 4, 4, 4, 4, 4, 4, 5, 5, 5, 5, 5, 6, 6, 7, 8, 8, 8, 8, 8, 9, 9, 9, 9, 9, 10, 10, 10, 10, 10, 10, 10, 10, 10, 11, 11, 11, 12, 12, 13, 13, 13, 13, 13, 13, 13, 13, 14, 14, 14, 14, 14, 14, 14, 15, 15, 15, 15, 16, 16, 16, 16, 16, 16], "to": [6, 7, 8, 11, 15, 17, 6, 8, 9, 17, 6, 7, 8, 9, 10, 12, 15, 0, 1, 2, 4, 5, 7, 8, 9, 10, 13, 14, 17, 0, 1, 2, 5, 6, 7, 8, 9, 10, 11, 12, 15, 1, 2, 6, 8, 10, 7, 17, 17, 6, 7, 11, 12, 15, 0, 6, 8, 12, 15, 0, 1, 6, 7, 8, 9, 11, 12, 15, 6, 7, 12, 7, 17, 4, 5, 6, 7, 11, 12, 15, 17, 5, 6, 7, 9, 12, 13, 17, 6, 7, 11, 12, 3, 6, 11, 13, 14, 15], "influence_y": [[0, 1, 3, 6, 7, 12, 13, 14]], "weights": [0.859624702699338, 0.00558368319658803, 0.4774582163901387, -0.35447613008264145, -1.7069778592396134, -0.05052690961188505, 0.05067863060502466, 0.004891039267436878, -1.4115293439063936, -0.019121343077741465, -0.030965080727745918, -0.018746463293381532, -0.0008043878744042748, -0.15776226570238278, -0.1391574197015945, -0.024416736382901517, -0.048628510097653316, -0.01436203742938827, -0.01359907719975905, -0.2311174512446153, -0.06372495698396596, 0.09244992505571349, -0.013892915037591842, 0.0007491399992612341, -0.10328929232430416, -0.06733825579167442, -0.047533533393829125, -0.060686257192715275, 0.018228172049771237, 0.07737134773318288, -0.030965116810475757, -0.30383039932318723, -0.22020503394323318, 0.029082157353822184, 0.022306234679317125, -0.0016803661041141227, 0.2954584912836957, -0.05952084996822035, -0.04480815457758809, 0.020513066727783705, 0.06006028551452701, -0.07974375301487341, 0.3228988540421251, -0.040070099522910865, 0.002593405932148768, -0.6925171355429125, 0.7353074374495696, 0.011222432683279052, 0.14316110918712932, -1.5561290941272152, 0.016508508824203932, 0.3377064310956098, 0.1922135831651747, 4.505292013631756, 0.9450096344567775, 0.7500903016318182, 0.5308638060726569, -0.17198754354950996, -2.5937530818411907, 0.03183138507676875, 0.9269664201866317, -0.28600868115671363, -0.0010669404853191067, -0.005115133116177298, 1.19866543170727, -0.2967463126375863, 0.09584763386852921, 0.5144585807810087, 0.08055388596583475, -0.6721707902756323, 1.0147191113781957, 0.7437945381433373, -0.075700889867313, -0.2643579970994879, 0.06318377343721482, -0.0722590527204106, 0.1793462000906444, 0.20026183189362223, 0.07170155295332396, -0.33517421464440167, -0.04322807756924893, 0.08235017180126075, -0.030852620214592286, -0.22083027178280462, 0.07668130689987068, -0.13301190086064535, 0.7680064404587725, -0.0626373791977354, 0.9232517325862627, 0.1575557455710126, 1.1466222435976292, -0.24584679462977765, 0.45563650626506413, -0.010042630214333492, -0.020001569109222697, 0.08079671030378645, 0.249098857554746, 0.03186289079031685]}