{"from": [0, 0, 0, 0, 0, 1, 1, 2, 2, 2, 2, 2, 2, 2, 2, 3, 3, 3, 3, 3, 3, 3, 3, 3, 3, 3, 4, 4, 4, 4, 4, 4, 4, 4, 4, 5, 5, 5, 5, 5, 5, 5, 5, 6, 7, 8, 8, 8, 8, 8, 8, 9, 9, 9, 9, 9, 10, 10, 10, 10, 11, 11, 11, 11, 12, 12, 13, 13, 13, 13, 13, 13, 13, 13, 13, 13, 13, 13, 14, 14, 14, 14, 14, 14, 15, 15, 15, 15, 15, 15, 15, 15, 16, 16, 16, 16], "to": [1, 6, 8, 11, 17, 7, 17, 6, 7, 8, 9, 10, 11, 12, 15, 0, 1, 2, 4, 5, 7, 8, 9, 11, 13, 15, 0, 2, 5, 6, 7, 8, 9, 10, 15, 1, 2, 6, 8, 9, 10, 11, 15, 7, 17, 1, 6, 7, 10, 11, 12, 0, 1, 6, 7, 8, 1, 6, 7, 12, 6, 7, 10, 12, 7, 17, 0, 2, 4, 6, 7, 9, 10, 11, 12, 14, 15, 17, 5, 6, 7, 9, 12, 17, 0, 6, 7, 8, 9, 10, 11, 12, 2, 3, 13, 14], "influence_y": [[0, 1, 7, 12, 13, 14]], "weights": [-0.5570437529396189, 0.7740899904708834, 0.47727065748062425, -0.3985774746093777, -0.050722953675823815, -0.06976864640305286, -0.01860675218803204, -0.03280302535180194, -0.01835941494643359, -0.000837503983680779, -0.10730632142221641, -0.051681973611358664, 0.04303197531931091, -0.02987976534733991, -0.17062182653143865, -0.016643751632853438, -0.014341815277618459, -0.21332873421986037, -0.07177572985164317, 0.09474560467807501, -0.01069546421003717, 0.0008389878101522854, -0.049981084808719795, 0.02432462621671749, -0.0953644339649259, -0.07247295405212921, 0.07162156264554445, -0.29429987927936424, -0.22593902923917494, 0.0305663080366778, 0.015897411481316875, -0.0019507924015947087, 0.32031711064006874, -0.07203151748244535, 0.12950742859740097, -0.07450941049012172, 0.3301428367934652, -0.040368371070436886, 0.002958964575990833, 0.2536212517527334, -0.4801650075224305, 0.1623138391168078, -0.28626957357454735, 0.7678339279689042, 0.14691512391041392, 1.1002404446799938, -1.363072341647218, 0.060387229223708976, -0.1125487941858766, 0.4161560869676246, 0.024024461762048782, 0.9330717157823246, -0.6079499415882836, 0.6383682622215108, -0.04490930349378319, 0.5307152580783326, 0.9246731635925727, -0.23454577126126663, 0.06847827426707372, 0.11100249789671399, 0.08588564405817521, -0.7763299144110042, -0.47287624103218184, 1.0895151123271116, 0.8211790283903856, -0.06958201811786438, 0.0206711747723069, 0.06145453690719404, -0.2580441544911053, -0.0770630704303163, 0.17866067868643498, 0.10009535649736262, 0.20710715511818234, 0.1638282245013545, 0.06414709189274417, 0.7800083769028137, -0.3261093892338254, -0.04897420167283103, 0.12945131607381144, -0.032137209881602846, -0.21105292500705944, 0.08041880294736964, -0.1329796308760196, -0.06098236666023317, 0.05468486401369374, 0.9119077237318756, 0.16262835753182944, 0.0008043833274205547, 0.23751241574667917, 0.8912419128437878, 1.0312692679132014, -0.30190661761505083, -0.05117937483085932, 0.4632491648136162, 0.27407295867098325, 0.034862478888086065]}