{"from": [0, 0, 0, 0, 0, 1, 1, 1, 1, 1, 2, 2, 2, 2, 2, 2, 2, 3, 3, 3, 3, 3, 3, 3, 3, 3, 3, 4, 4, 4, 4, 4, 4, 4, 4, 4, 4, 4, 4, 5, 5, 5, 5, 5, 6, 6, 7, 8, 8, 8, 8, 8, 9, 9, 9, 9, 9, 9, 10, 10, 10, 10, 10, 10, 10, 10, 10, 11, 11, 11, 12, 12, 13, 13, 13, 13, 13, 13, 13, 13, 13, 14, 14, 14, 14, 14, 14, 15, 15, 15, 15, 16, 16, 16, 16, 16, 16], "to": [6, 8, 11, 15, 17, 6, 7, 8, 9, 17, 6, 7, 8, 9, 10, 12, 15, 0, 1, 2, 4, 5, 7, 8, 9, 10, 13, 0, 1, 2, 5, 6, 7, 8, 9, 10, 11, 12, 15, 1, 2, 6, 8, 10, 7, 17, 17, 6, 7, 11, 12, 15, 0, 6, 7, 8, 12, 15, 0, 1, 6, 7, 8, 9, 11, 12, 15, 6, 7, 12, 7, 17, 4, 5, 6, 7, 11, 12, 14, 15, 17, 5, 6, 7, 9, 12, 17, 6, 7, 11, 12, 3, 6, 11, 13, 14, 15], "influence_y": [[0, 1, 6, 7, 12, 13, 14]], "weights": [0.844047668782661, 0.4777501214498838, -0.3331390078999056, -1.7639984871747605, -0.05335896225532991, 0.06909355001902123, -0.0695856007599876, 0.004426963979584003, -1.3222384256123205, -0.020921756425478295, -0.03390669028712889, -0.02080578728604364, -0.0007794182806252214, -0.16557273696492125, -0.14124541021608245, -0.02570544889819263, -0.05176440017326883, -0.01884612495930862, -0.011759603341076246, -0.23627243150389107, -0.0643881198182109, 0.09903298477189439, -0.01168133255594499, 0.0008631866928381135, -0.10892040276631539, -0.07109993646566536, -0.09536443396492525, 0.07701095886398862, -0.02875932640837353, -0.30174058430611006, -0.218075358944248, 0.02958990330346025, 0.018805937047794097, -0.0017894528330048287, 0.29535679299763784, -0.054661185795278566, -0.04541925043952523, 0.0188934606499796, 0.061757998456528934, -0.07779823084463033, 0.32510444723902315, -0.03848580024271125, 0.002501531654497846, -0.6863705889285799, 0.7427641376129154, 0.013250588288468767, 0.13889616711371283, -1.5392808964390443, 0.0476705963273616, 0.3158609700200988, 0.16573991775806354, 4.599402911966151, 0.9447779453840432, 0.7471541983598227, -0.02914950002397021, 0.5306745473762237, -0.14719787822791905, -2.627213323398923, 0.030598164619032947, 0.9280349468626642, -0.30048651547550465, 0.07344496835552351, -0.004597469269251989, 1.107081176321263, -0.29392574186920917, 0.09278194013317431, 0.5108650728243194, 0.0784351920949055, -0.6721871108749232, 1.029369875480136, 0.7492436398412724, -0.07367129592027526, -0.27289482145995847, 0.06300578589358552, -0.0723484337636443, 0.17527178420137357, 0.19952719239263117, 0.06833420687837348, 0.7720118379042556, -0.33420277186622366, -0.04755312886996647, 0.08713914205484533, -0.030849376490424463, -0.22084038214713572, 0.08167655659970532, -0.12897677698417326, -0.06542059004072116, 0.9234170477335887, 0.14054887284404055, 1.1458975899933475, -0.24978456637040602, 0.4632491648136098, -0.010734824375013283, -0.0212360179897482, 0.2740729586709776, 0.04347655148744823, 0.032148301676333126]}