{"from": [0, 0, 0, 0, 0, 0, 0, 1, 1, 1, 2, 2, 2, 2, 2, 2, 2, 2, 3, 3, 3, 3, 3, 3, 3, 3, 3, 3, 3, 3, 4, 4, 4, 4, 4, 4, 4, 4, 4, 4, 5, 5, 5, 5, 5, 5, 5, 5, 6, 7, 8, 8, 8, 8, 9, 9, 9, 9, 9, 10, 10, 10, 10, 11, 11, 11, 11, 11, 11, 11, 11, 12, 12, 12, 13, 13, 13, 13, 13, 13, 13, 13, 13, 13, 13, 14, 14, 14, 14, 14, 14, 14, 15, 15, 16, 16, 16, 16, 16, 16], "to": [1, 6, 7, 8, 10, 15, 17, 6, 7, 17, 6, 7, 8, 9, 10, 11, 12, 15, 0, 1, 2, 4, 5, 7, 8, 9, 10, 11, 13, 15, 0, 2, 5, 6, 7, 8, 9, 10, 11, 15, 0, 1, 2, 6, 8, 9, 10, 11, 7, 17, 6, 7, 10, 17, 0, 1, 6, 8, 15, 1, 6, 7, 15, 0, 6, 7, 8, 9, 10, 12, 15, 7, 15, 17, 2, 4, 5, 6, 7, 9, 11, 12, 14, 15, 17, 5, 6, 7, 9, 12, 15, 17, 6, 7, 2, 3, 6, 13, 14, 15], "influence_y": [[0, 1, 7, 8, 12, 13, 14]], "weights": [-0.05036267445450618, 0.7628677710388126, 0.009007587805194695, 0.47704517820777487, 0.3842050189652355, 0.23340127409116884, -0.05632349178418178, 0.06974441793395658, -0.07336031618663005, -0.017166269055423615, -0.03505268141485722, -0.0213761362067197, -0.0007007402428001464, -0.12685448000184935, -0.13235204786906524, -0.14380438459913747, -0.03085777207988099, -0.02795350394085538, -0.018812968001527246, -0.01285155853497821, -0.20460680001537812, -0.0588046486969065, 0.09733671719702565, -0.013009967159042395, 0.0008726420051960837, -0.06288669716628174, -0.06166622972539829, -0.048772841657996266, -0.09365473242471689, -0.02258441488719673, 0.07170890468537144, -0.29791047200529697, -0.22610592754249617, 0.028027094174931676, 0.021592706549295692, -0.0018047466762850795, 0.3103530335898389, -0.0627091494135496, 0.1042277804962817, 0.040097224131154935, -0.015983945126962606, -0.07314163935718754, 0.3116532843471146, -0.04007005475614187, 0.002869508733718912, 0.2206822402338192, -0.6394654514053628, -0.13060978489515923, 0.740036546427713, 0.15138486724007555, -1.3670481425858358, 0.009222016287699414, -0.47262725163576563, 0.00949989663232265, 0.9405198575463517, -0.004211637259646225, 0.6563988163104246, 0.5308201429476396, -0.17069811319055733, 0.9240347076502116, -0.3013778181525702, 0.0753793802201217, 0.3078530914060746, 0.024293847219905795, 0.0762419323929963, -0.7049721438426912, 0.0009897578442373198, 0.21081745305524324, 0.15894466989428885, 0.871154359979134, 0.7829471870979863, 0.7699314931990617, -0.13225038422208535, -0.07527645685008005, 0.06595965792992578, -0.26170997443590827, 0.0831409011614678, -0.07321599118759109, 0.18032694001499838, 0.05068582371709343, -0.16489690397154194, 0.12847796130759964, 0.7732190423521801, -0.1890268611916141, -0.052504062118981336, 0.06158379545290532, -0.03258919978421085, -0.2241520471888554, 0.08055956619433607, -0.13916008117827977, -0.028317461704831508, -0.0562034574443083, 0.9237423757786682, 0.15367143561542085, -0.058174858439985655, 0.4573674579216514, -0.009202513864887296, 0.2723330389697087, 0.05204586966976725, 0.03041591346285482]}