{"from": [0, 0, 0, 0, 0, 1, 1, 1, 1, 2, 2, 2, 2, 2, 2, 2, 3, 3, 3, 3, 3, 3, 3, 3, 3, 3, 4, 4, 4, 4, 4, 4, 4, 4, 4, 4, 4, 4, 5, 5, 5, 5, 5, 6, 6, 7, 8, 8, 8, 8, 8, 9, 9, 9, 9, 9, 10, 10, 10, 10, 10, 10, 10, 10, 10, 11, 11, 11, 12, 12, 13, 13, 13, 13, 13, 13, 13, 13, 13, 14, 14, 14, 14, 14, 14, 14, 15, 15, 15, 15, 16, 16, 16, 16, 16], "to": [6, 7, 8, 11, 17, 6, 8, 9, 17, 6, 7, 8, 9, 10, 12, 15, 0, 2, 4, 5, 7, 8, 9, 10, 13, 17, 0, 1, 2, 5, 6, 7, 8, 9, 10, 11, 12, 15, 1, 2, 6, 8, 10, 7, 17, 17, 6, 7, 11, 12, 15, 0, 6, 8, 12, 15, 0, 1, 6, 7, 8, 9, 11, 12, 15, 6, 7, 12, 7, 17, 4, 5, 6, 7, 11, 12, 14, 15, 17, 2, 5, 6, 7, 9, 12, 17, 6, 7, 11, 12, 2, 3, 6, 13, 14], "influence_y": [[0, 1, 3, 6, 7, 12, 13, 14]], "weights": [0.8024386973014291, 0.014882122814602095, 0.4780791940837297, -0.31747720489370823, -0.05109042343374766, 0.07010314351281685, 0.005573328844151758, -1.367186436590181, -0.01547822266626818, -0.03476606671660707, -0.02181083546701077, -0.0008220725403895179, -0.15904894042591522, -0.14087409963032707, -0.02672566795261197, -0.06410953525886967, -0.015065417813155117, -0.21136533272836494, -0.062214029600494256, 0.0869045952475114, -0.01671065204635097, 0.0005922998091823567, -0.08831511752804928, -0.06933201575679451, -0.09846258521395353, 0.017408290813101145, 0.07564071776467085, -0.02911153162908761, -0.28927213847262195, -0.22600815037896066, 0.02773766824883847, 0.019593158902415687, -0.0018575096892949616, 0.3013613693481107, -0.059270804649521086, -0.043903008830391776, 0.0217721416403326, 0.05088903960611124, -0.07993146331877932, 0.3110123616713139, -0.0392645335501836, 0.0026269952498240434, -0.6917180504440843, 0.7406154632694932, 0.004621492018201313, 0.1509016296305401, -1.4413567054874052, 0.006923047439232423, 0.29942018088283595, 0.18600751241966013, 0.9577027129126925, 0.9456815461513234, 0.6922175839636391, 0.5304226990513864, -0.16692147227845372, -0.7266432186683066, 0.03271636410527512, 0.9284371929787759, -0.3024232305183213, 0.007321918754120013, -0.00561625344896699, 1.154451132517694, -0.2950546143293456, 0.1022445929849943, 0.4984389243403727, 0.0819926213657397, -0.6696216657929499, 1.0262214355949308, 0.7482977782483315, -0.0775098696130453, -0.2730201993635994, 0.07042933518355851, -0.07281954084949072, 0.1743892301033262, 0.1927185573206054, 0.07341458739871598, 0.7763452248612441, -0.32087656350615845, -0.051676616236888434, 0.07112372713987335, 0.08600283003117912, -0.03364212551651323, -0.21861383147797273, 0.0874683125195444, -0.13465935843230503, -0.05220738075397739, 0.919730981322696, 0.1392497328979641, 1.1470651831288774, -0.25972617419760735, -0.060343913231142646, 0.47489271961581875, -0.00922739243985722, 0.29031342364416024, 0.03910631361554551]}