{"from": [0, 0, 0, 0, 1, 1, 1, 2, 2, 2, 2, 2, 2, 3, 3, 3, 3, 3, 3, 3, 3, 3, 3, 3, 3, 3, 4, 4, 4, 4, 4, 4, 4, 4, 4, 4, 4, 5, 5, 5, 5, 5, 5, 6, 7, 8, 8, 9, 9, 9, 9, 10, 10, 10, 10, 10, 10, 10, 10, 11, 11, 11, 11, 11, 11, 11, 11, 11, 12, 12, 12, 13, 13, 13, 13, 13, 13, 13, 13, 13, 13, 14, 14, 14, 14, 14, 14, 14, 15, 15, 16, 16, 16, 16, 16, 16], "to": [6, 7, 8, 15, 6, 8, 9, 6, 7, 9, 10, 11, 15, 0, 1, 2, 4, 5, 6, 7, 8, 9, 10, 11, 13, 14, 0, 1, 2, 5, 6, 7, 8, 9, 10, 11, 15, 1, 2, 6, 8, 10, 11, 7, 17, 6, 17, 0, 6, 8, 15, 0, 1, 6, 7, 8, 9, 12, 15, 0, 1, 6, 7, 8, 9, 10, 12, 15, 7, 15, 17, 2, 4, 5, 6, 7, 9, 11, 12, 15, 17, 5, 6, 7, 9, 12, 13, 17, 6, 7, 2, 3, 6, 13, 14, 15], "influence_y": [[7, 8, 12, 13, 14]], "weights": [0.7561075832358857, 0.023108370575729203, 0.4777994103887682, 0.23949937333853769, 0.04123842458006784, 0.005800500213140089, -1.2758548229478914, -0.035575245942087386, -0.020159262381996224, -0.12663097483713917, -0.11771528430609579, -0.14331623267097232, -0.022636928749537155, -0.017604118155050284, -0.011735412885709784, -0.2095761976103429, -0.07089440368274089, 0.08283293625781583, -0.007306414587830545, -0.014479966658630874, 0.0009596252727995742, -0.08286293480844147, -0.06530097717206129, -0.050782407502655814, -0.04868303597943044, -0.0617282333987873, 0.07786522033955473, -0.030261602330982407, -0.29640147529398336, -0.21581332854913582, 0.02669954259496337, 0.018246121914353625, -0.0017219310493818696, 0.28056640016035184, -0.0878167822830565, 0.10775824084130764, 0.04093479334436591, -0.08058553577862251, 0.31000833418623186, -0.041543417057560705, 0.002657753467823279, -0.6707575949342924, -0.13305017577207515, 0.7388623941707106, 0.12634177961655624, -1.3261122680913504, -0.0435820325241483, 0.9390532264853829, 0.6185000579826312, 0.5304814967924993, -0.17530422886745053, 0.024460790153118694, 0.9315833770565418, -0.2787849076276288, 0.002653563975000467, -0.0060223351992415575, 1.0129817346028307, 0.028311583243548186, 0.31776228046449634, 0.021031487245746758, -0.01761458329578723, 0.07809624602383633, -0.685684843677314, 0.0012554021540397906, 0.2138672041540616, 0.14961885683790818, 0.8631584313573354, 0.7638286807914245, 0.7548604950049154, -0.11330402327544271, -0.06202179341523037, 0.060461323847544705, -0.27576134345133435, 0.07445745776584298, -0.07476797644077564, 0.1755241736969743, 0.04970151133292075, -0.16347028360396978, 0.12065299625442542, -0.2070816226272546, -0.05885377170893376, 0.06910172732288852, -0.028945171290152824, -0.21859488011633071, 0.08218086393788465, -0.13401045870345218, 0.7602872596223187, -0.05696988892846788, 0.9249576595481662, 0.15451442983483668, -0.05504546380650599, 0.46207874832683876, -0.007377066640826335, 0.09030209988521119, 0.25042697192966834, 0.017151314886106973]}