{"from": [0, 0, 0, 0, 1, 1, 1, 1, 1, 2, 2, 2, 2, 2, 2, 2, 3, 3, 3, 3, 3, 3, 3, 3, 3, 3, 3, 4, 4, 4, 4, 4, 4, 4, 4, 4, 4, 4, 4, 5, 5, 5, 5, 5, 6, 6, 7, 8, 8, 8, 8, 8, 8, 9, 9, 9, 9, 9, 9, 10, 10, 10, 10, 10, 10, 10, 10, 10, 11, 11, 11, 12, 12, 13, 13, 13, 13, 13, 13, 13, 13, 13, 13, 14, 14, 14, 14, 14, 14, 14, 15, 15, 15, 15, 16, 16, 16, 16, 16], "to": [6, 8, 11, 17, 6, 7, 8, 9, 17, 6, 7, 8, 9, 10, 12, 15, 0, 1, 2, 4, 5, 7, 8, 9, 10, 13, 14, 0, 1, 2, 5, 6, 7, 8, 9, 10, 11, 12, 15, 1, 2, 6, 8, 10, 7, 17, 17, 6, 7, 11, 12, 15, 17, 0, 6, 7, 8, 12, 15, 0, 1, 6, 7, 8, 9, 11, 12, 15, 6, 7, 12, 7, 17, 2, 4, 5, 6, 7, 9, 11, 12, 15, 17, 5, 6, 7, 9, 12, 13, 17, 6, 7, 11, 12, 2, 3, 6, 13, 14], "influence_y": [[0, 1, 6, 7, 8, 12, 13, 14]], "weights": [0.7969650944599972, 0.47805904207247424, -0.33966049688519306, -0.05494434222331147, 0.06060033239232783, -0.07816799678725861, 0.003906917464143803, -1.3349761872803378, -0.022113109654443346, -0.03328267175272471, -0.023721153450366433, -0.00074722176140464, -0.16345383549197176, -0.14211301825853406, -0.025604084658029845, -0.06004075242702192, -0.01615736686786088, -0.011992606419786167, -0.21232231873909732, -0.0654541723957539, 0.09661377745452908, -0.0169853308273344, 0.0008026806072497368, -0.0934904877210284, -0.06778161490482637, -0.03889684169158231, -0.07107009979550741, 0.07703397080988272, -0.029859878468538992, -0.2958015197648377, -0.2149715419976775, 0.027292441949175572, 0.020405141526666254, -0.0017466341306538735, 0.2987337596485734, -0.06793290391521814, -0.04338568976206292, 0.022029321245376373, 0.05270186124927523, -0.077884428959092, 0.3170522775258103, -0.04060113114147173, 0.002325114751428249, -0.6926266775896749, 0.7421899302335164, 0.010731268620429713, 0.1456298235341087, -1.4314335355994432, 0.05198172205659092, 0.32634163687770135, 0.18297184163474187, 0.9071496279881264, 0.0019849232856340646, 0.9452534811955736, 0.6846820833324487, -0.03298644704151205, 0.5303445663033302, -0.16223396673070814, -0.6783745438692671, 0.031181673619878447, 0.9274554768005049, -0.29486179072858704, 0.08386480939198625, -0.004235013106386125, 1.1164976380737393, -0.29190713427002446, 0.0985892621402078, 0.5019516263912681, 0.08325386482091388, -0.6625217014718376, 1.0195081582216137, 0.7361219375489271, -0.07536232616234578, 0.06664495362839176, -0.26790547748919735, 0.06156158154236591, -0.07318450035233995, 0.16410553918139362, 0.042388722895035355, 0.19274802660583704, 0.06410185673056824, -0.32776923336221236, -0.05348091102064795, 0.0931831961608402, -0.032209367195616234, -0.20720546161810866, 0.05318999410482872, -0.12391586617039672, 0.7843614646282682, -0.05363642047518863, 0.9194456262965099, 0.14176442226205785, 1.1417564584453765, -0.24945742744541677, -0.04999244408123413, 0.4667878193096457, -0.009481118627638709, 0.07233629061413338, 0.25719859676234297]}