{"from": [0, 0, 0, 0, 0, 1, 1, 1, 1, 2, 2, 2, 2, 2, 2, 2, 2, 3, 3, 3, 3, 3, 3, 3, 3, 3, 3, 3, 3, 3, 4, 4, 4, 4, 4, 4, 4, 4, 4, 4, 4, 4, 5, 5, 5, 5, 5, 5, 5, 5, 6, 6, 7, 8, 8, 9, 9, 9, 9, 9, 9, 9, 10, 10, 10, 10, 10, 10, 11, 11, 11, 11, 11, 11, 11, 11, 12, 12, 12, 13, 13, 13, 13, 13, 13, 13, 13, 13, 13, 13, 13, 14, 14, 14, 14, 14, 14, 14, 14, 15, 16, 16, 16, 16], "to": [6, 7, 8, 15, 17, 6, 8, 15, 17, 6, 7, 8, 9, 10, 11, 12, 15, 0, 1, 2, 4, 5, 6, 7, 8, 9, 10, 11, 13, 17, 0, 1, 2, 5, 6, 7, 8, 9, 10, 11, 12, 15, 1, 2, 6, 8, 9, 10, 11, 15, 7, 15, 17, 6, 15, 0, 1, 7, 8, 10, 12, 15, 0, 1, 7, 8, 12, 15, 0, 6, 7, 8, 9, 10, 12, 15, 7, 15, 17, 2, 4, 5, 6, 7, 9, 10, 11, 12, 14, 15, 17, 2, 5, 6, 7, 9, 12, 15, 17, 7, 2, 3, 13, 15], "influence_y": [[0, 1, 3, 7, 12, 13, 14]], "weights": [0.5337357884548113, 0.04135907182752484, 0.47702760264695776, -0.4076171799381511, -0.049071147476487546, 0.021027029192869723, 0.003833962503349754, -0.043572800023608436, -0.01801547802443164, -0.05301428919519091, -0.017332702438816266, -0.0006921964594084201, -0.12470866657851831, -0.13121373915362156, -0.157083921126478, -0.023746533758154664, 0.01974010312706769, -0.01795706968157363, -0.011470972415106995, -0.2086046917938698, -0.06549802779570173, 0.0896934057498959, -0.016204628499826818, -0.016151152103074235, 0.0008261054465702731, -0.0607888356787177, -0.06809434096938762, -0.05447332721001813, -0.09540192615453198, 0.016074856754599662, 0.07220245243881707, -0.010860779367591, -0.2817630914881615, -0.21946650187829825, 0.060234567612957306, 0.024978549347006447, -0.0017608567866337355, 0.30954711400462737, -0.045653226825724896, 0.1122491715653714, 0.02251380521752988, -0.008298107487897825, -0.07461338438513859, 0.314824715926866, -0.05221153448130417, 0.002494779757975407, 0.23339450488737423, -0.6387448083629745, -0.13969675411730414, 0.023263067494264045, 0.7736334033335602, 0.6965575726473946, 0.17518306057920355, -0.4525356238956952, 0.8088285260342716, 0.9405240279168883, -0.052108573122147214, -0.021605128602022818, 0.5308284203216657, -0.10767823073546326, 0.034783008917299726, -0.4198888053056427, 0.020128697019862918, 0.9230390718222241, 0.046730038594186354, -0.004555008281386545, 0.0729787451704685, 0.3056821526045212, 0.02315322346228385, 0.7218830394535087, -0.5056171366047727, 0.001254178888337485, 0.24568141885099715, 0.19735586180726902, 0.7855408110555718, 0.18841675496894614, 0.7108485201613981, 0.01693263707987879, -0.09259087110063591, 0.03663680434223656, -0.26769497492196137, 0.07024510034511838, -0.253306023447743, 0.1464502496205043, 0.053657890121264096, 0.03748118088867042, -0.1841756798031223, 0.12982032669319873, 0.7837504421381776, -0.019359406730559914, -0.05971397221342716, 0.04447572703099747, 0.07112160490676556, -0.033547041202204815, -0.21283606392299578, 0.08415857519707784, -0.16210099607384204, 0.024184314163798196, -0.047361046478618066, -0.06256002541422818, -0.05308770884838146, 0.4367421746665031, 0.2627530527862182, 0.00985532217102533]}