{"from": [0, 0, 0, 0, 1, 1, 1, 1, 1, 2, 2, 2, 2, 2, 2, 2, 3, 3, 3, 3, 3, 3, 3, 3, 3, 3, 4, 4, 4, 4, 4, 4, 4, 4, 4, 4, 4, 4, 5, 5, 5, 5, 5, 6, 7, 8, 8, 8, 8, 8, 8, 9, 9, 9, 9, 9, 10, 10, 10, 10, 10, 10, 10, 10, 10, 11, 11, 11, 12, 12, 13, 13, 13, 13, 13, 13, 13, 13, 13, 13, 14, 14, 14, 14, 14, 14, 15, 15, 15, 15, 16, 16, 16, 16], "to": [6, 8, 11, 17, 0, 6, 8, 9, 17, 6, 7, 8, 9, 10, 12, 15, 0, 2, 4, 5, 6, 7, 8, 9, 10, 13, 0, 1, 2, 5, 6, 7, 8, 9, 10, 11, 12, 15, 1, 2, 6, 8, 10, 7, 17, 6, 7, 11, 12, 15, 17, 0, 6, 8, 12, 15, 0, 1, 6, 7, 8, 9, 11, 12, 15, 6, 7, 12, 7, 17, 2, 4, 5, 6, 7, 11, 12, 14, 15, 17, 5, 6, 7, 9, 12, 17, 6, 7, 11, 12, 2, 3, 13, 14], "influence_y": [[0, 1, 7, 8, 12, 13, 14]], "weights": [0.7317638896291365, 0.4773214744971878, -0.34210042966180154, -0.06311222808363423, -0.06647779161988723, 0.10281393373491025, 0.0043695462327729695, -1.3444044723082973, -0.020836223422022813, -0.03182844230816084, -0.01764661513734514, -0.0007545816221876112, -0.15872167456945233, -0.13669072263621496, -0.02689033367587238, -0.06025129635947757, -0.014905525657239245, -0.2104301791667197, -0.07132803146800258, 0.08400969761585152, -0.011067077810756677, -0.01703538070870388, 0.0008486475736956962, -0.08795445741379647, -0.06760978110301694, -0.09676354728721805, 0.07559661173940302, -0.028803454205246704, -0.29284450110953, -0.23508224173812697, 0.029872335527726487, 0.02198113714934783, -0.0017659872515411457, 0.29558110796287046, -0.06104046139544034, -0.044174838410231065, 0.02141909563717298, 0.056225357496201334, -0.08012052184031626, 0.31213928982322325, -0.035537836074340454, 0.0026045147022974516, -0.6929448137773102, 0.7162123890604793, 0.15414340022247153, -1.2736935768247395, 0.02351568197512264, 0.3266328933444775, 0.21045580888013593, 0.9546347726775491, 0.011847548704830266, 0.9420490689107186, 0.5918793396882989, 0.5310639444771187, -0.19407053438595062, -0.7296707627853058, 0.09417999332648888, 0.9281992377740143, -0.3375779618861556, -0.003795627483260365, -0.0045594360336896275, 1.139776371066198, -0.2997236136532168, 0.09999722146929896, 0.5002946219656224, 0.07440127956062781, -0.6751979896491922, 1.031895084721968, 0.7420938647254818, -0.07398334663511394, 0.06267896991862311, -0.2797223781675128, 0.060224898600382826, -0.0708216911312595, 0.17678612796066812, 0.19908154528734298, 0.07181313068126827, 0.7711478429807648, -0.3334408948469781, -0.04790690558622513, 0.07788483274212099, -0.03181669509202642, -0.22450169764392788, 0.08829377295261437, -0.1401241317576195, -0.05518912247925245, 0.9318408249279162, 0.17982559090586803, 1.1494905170351246, -0.27086812525930365, -0.05548258867975368, 0.4603987934436469, 0.2793156503987237, 0.03718021294989248]}