{"from": [0, 0, 0, 0, 0, 1, 1, 1, 1, 1, 2, 2, 2, 2, 2, 2, 2, 3, 3, 3, 3, 3, 3, 3, 3, 3, 3, 3, 4, 4, 4, 4, 4, 4, 4, 4, 4, 4, 4, 5, 5, 5, 5, 5, 6, 7, 8, 8, 8, 8, 8, 9, 9, 9, 9, 10, 10, 10, 10, 10, 10, 10, 10, 10, 11, 11, 11, 12, 12, 13, 13, 13, 13, 13, 13, 13, 13, 13, 14, 14, 14, 14, 14, 14, 14, 14, 14, 15, 15, 15, 15, 16, 16, 16, 16], "to": [6, 7, 8, 11, 12, 0, 6, 8, 9, 17, 1, 6, 7, 8, 9, 10, 15, 0, 1, 2, 4, 5, 7, 8, 9, 10, 13, 14, 0, 1, 2, 5, 6, 7, 8, 9, 10, 11, 15, 1, 2, 6, 8, 10, 7, 17, 6, 7, 11, 15, 17, 0, 6, 8, 15, 0, 1, 6, 7, 8, 9, 11, 12, 15, 6, 7, 12, 7, 17, 2, 4, 5, 6, 7, 11, 12, 15, 17, 2, 4, 5, 6, 7, 9, 12, 13, 17, 6, 7, 11, 12, 2, 3, 13, 14], "influence_y": [[1, 7, 8, 12, 13, 14]], "weights": [0.8714282503694729, 0.024300667321143568, 0.47749817823104657, -0.32805692382258456, 0.034495418929348334, -0.06761920314292888, 0.0886629048656506, 0.005051967679701896, -1.3314504040467263, -0.018119002411280095, 0.009215646276376388, -0.033698353786575715, -0.017659145993261016, -0.000950355664293176, -0.16201081442025517, -0.13702953334080428, -0.05796833849361881, -0.019076334007494273, -0.009030993977318992, -0.20978932789203392, -0.06309176644000386, 0.09033177219382349, -0.014921355350688281, 0.0007773187881725832, -0.09367245625787544, -0.06481500277693862, -0.04797532826090595, -0.06476254570901885, 0.0759954061486981, -0.024887074229514472, -0.2923467482455428, -0.22757066762538009, 0.027847358997704588, 0.02246208262735816, -0.0017539269504446564, 0.3057304484795414, -0.05856936158055598, -0.0455372375940859, 0.05389104370814546, -0.08161017378603805, 0.31565617312633276, -0.03608726043900241, 0.002537721451754342, -0.6916647362126599, 0.7342771716091142, 0.15465063736799134, -1.603269609985941, -0.0003834449417220026, 0.31362851051586194, 0.9491035827590578, -0.051736587667382525, 0.9413925978615515, 0.785143795359185, 0.5308534086554427, -0.7164866348666867, 0.09625202946578512, 0.9296593853496026, -0.3167006453913723, 0.006639434754030088, -0.005322158562659281, 1.1235217023273671, -0.29024238978799033, 0.10903458653114902, 0.4974076079256077, 0.07889223193703501, -0.6768034939811006, 1.0213557001046527, 0.7553436260037469, -0.07621640071945057, 0.03821352723743906, -0.216184683448291, 0.07274604697556791, -0.07501165279024052, 0.1751922206971963, 0.19396439068075566, 0.07579356405487729, -0.3246990870580295, -0.05008709299920758, 0.04180737209138169, -0.06535855946321917, 0.0789673762341909, -0.029200817686332318, -0.22009868377652758, 0.08663773833675256, -0.14158411282393263, 0.765660382750579, -0.05517196546852397, 0.9245381947581915, 0.14515881249660076, 1.143783771352805, -0.2386774415894151, -0.0587081474674822, 0.4603987934436463, 0.08213912806440513, 0.255756116833567]}