{"from": [0, 0, 0, 0, 0, 1, 1, 1, 1, 2, 2, 2, 2, 2, 2, 2, 3, 3, 3, 3, 3, 3, 3, 3, 3, 3, 3, 4, 4, 4, 4, 4, 4, 4, 4, 4, 4, 4, 4, 5, 5, 5, 5, 5, 6, 7, 8, 8, 8, 8, 8, 9, 9, 9, 9, 10, 10, 10, 10, 10, 10, 10, 10, 10, 11, 11, 11, 12, 12, 13, 13, 13, 13, 13, 13, 13, 13, 13, 14, 14, 14, 14, 14, 14, 15, 15, 15, 15, 16, 16, 16, 16, 16], "to": [6, 7, 8, 11, 17, 6, 8, 9, 17, 6, 7, 8, 9, 10, 12, 15, 0, 1, 2, 4, 5, 6, 7, 8, 9, 10, 13, 0, 1, 2, 5, 6, 7, 8, 9, 10, 11, 12, 15, 1, 2, 6, 8, 10, 7, 17, 6, 7, 11, 12, 15, 0, 6, 8, 15, 0, 1, 6, 7, 8, 9, 11, 12, 15, 6, 7, 12, 7, 17, 2, 4, 6, 7, 11, 12, 14, 15, 17, 5, 6, 7, 9, 12, 17, 6, 7, 11, 12, 2, 3, 6, 13, 14], "influence_y": [[0, 1, 7, 12, 13, 14]], "weights": [0.8344277290191623, 0.014508206311757046, 0.4778402987322678, -0.31303201678330617, -0.05370687762725826, 0.058417358768473884, 0.004368403599750596, -1.3741531456900642, -0.018583356767354134, -0.03650115578155195, -0.019572769888198213, -0.0008599359347644525, -0.15719645583539069, -0.1414032091060796, -0.02364690451846626, -0.05885659505483343, -0.017555508459658465, -0.009480424744865565, -0.2141814591604751, -0.06325124808724605, 0.09650799969938986, -0.005976158021405997, -0.015705671736193076, 0.0009077937566016686, -0.09531427109782743, -0.06453667152505317, -0.09542803564721633, 0.07483201575196857, -0.03063757476505191, -0.2968630730376519, -0.2342466046283404, 0.02903112352921714, 0.021204609657062817, -0.0018634478136282384, 0.29041155871509716, -0.06442318031547944, -0.042813576042669554, 0.02537535794968567, 0.053890041685256296, -0.07803605889518689, 0.31805383354849165, -0.03897492793459627, 0.00258293320294245, -0.6933299663781698, 0.7302672637059064, 0.14990093877671534, -1.5103282093909767, 0.008294881405784448, 0.2961625271855025, 0.02067963482308265, 0.9441119123398719, 0.9460658463769803, 0.7292031650031635, 0.5306611333678702, -0.7142368361752534, 0.03150307380413886, 0.9279566302967179, -0.2947942469547036, 0.0017790566949535333, -0.004620935063700787, 1.154630103642312, -0.29668789071118623, 0.10024807460539775, 0.501355255943055, 0.08311108745540939, -0.6780014453294756, 1.0252289567280604, 0.7552935764663136, -0.07426648480207507, 0.06267437346909385, -0.2568062954169973, -0.07461676119491278, 0.1804022694261209, 0.19611998300889252, 0.07901085613498615, 0.7705876379117099, -0.33067432993479706, -0.0579269841095756, 0.1240032785344698, -0.030436277054360597, -0.2255846110086096, 0.08417419634891354, -0.14023378041677925, -0.056087633188464214, 0.918805748646821, 0.15479606503269538, 1.1439110180758758, -0.25415535902339426, -0.054963531064182586, 0.4603987934436453, -0.006776726313266837, 0.2816368365905375, 0.046214652597586954]}