{"from": [0, 0, 0, 0, 1, 1, 1, 1, 1, 1, 1, 2, 2, 2, 2, 2, 2, 2, 3, 3, 3, 3, 3, 3, 3, 3, 3, 3, 3, 3, 4, 4, 4, 4, 4, 4, 4, 4, 4, 4, 4, 4, 5, 5, 5, 5, 5, 6, 6, 7, 8, 8, 9, 9, 9, 9, 9, 10, 10, 10, 10, 10, 10, 10, 10, 11, 11, 11, 11, 11, 12, 12, 13, 13, 13, 13, 13, 13, 13, 13, 13, 13, 14, 14, 14, 14, 14, 14, 15, 15, 15, 15, 15, 15, 16, 16, 16, 16, 16], "to": [6, 8, 12, 17, 0, 6, 7, 8, 9, 15, 17, 6, 7, 8, 9, 10, 12, 15, 0, 2, 4, 5, 6, 7, 8, 9, 10, 13, 15, 17, 0, 1, 2, 5, 6, 7, 8, 9, 10, 11, 12, 15, 1, 2, 6, 8, 10, 7, 17, 17, 6, 7, 0, 6, 7, 8, 12, 1, 6, 7, 8, 9, 11, 12, 15, 0, 6, 7, 8, 12, 7, 17, 0, 4, 6, 7, 9, 11, 12, 14, 15, 17, 5, 6, 7, 9, 12, 17, 0, 6, 7, 9, 11, 12, 3, 6, 13, 14, 15], "influence_y": [[0, 1, 3, 6, 7, 12, 13, 14]], "weights": [0.799564032650144, 0.47686326441484245, 0.08591109216900819, -0.048610808900434455, -0.014001440519325364, 0.05290730356550413, -0.07328712466664587, 0.005111204069115416, -1.2292726978029576, -0.3749784377229185, -0.01747269481417714, -0.03500693669981214, -0.021062017150109254, -0.0007933502716649249, -0.12420280822597668, -0.13317356559160565, -0.024882807792491718, -0.09415747304683347, -0.018781487813514287, -0.23829410027721534, -0.0806541710528979, 0.08224975480320035, -0.006194147099037706, -0.014638850478451234, 0.0009015589717380166, -0.0844858932049801, -0.06799841649148958, -0.09619110716416908, -0.053492580600561, 0.017309876279488455, 0.07047095510246579, -0.028616608162355044, -0.3025400226841619, -0.23397196447013185, 0.02973590256338622, 0.020362598814265713, -0.0018990427506450636, 0.2567050325395867, -0.05995245427407955, -0.054583312736587675, 0.019487387176747133, 0.14678388381092686, -0.07769614560773241, 0.3245527862875604, -0.04013078767024576, 0.0026969562007170683, -0.6943017111531409, 0.7445160898229594, 0.009895054653405157, 0.1432132401807078, -1.4252993550197426, 0.05037836727956374, 0.9318747257574667, 0.6763189541592388, -0.029561548007053552, 0.5312727577332679, -0.06593617802176423, 0.9291550196039855, -0.28769561335537613, 0.0752034763897249, -0.00549888701874425, 0.8771750850887154, -0.293193468856612, 0.10196918400578694, 0.834351482201548, -0.04973590935944891, 0.08939428748112754, -0.6770935431967982, 0.0013415241163248007, 1.0357124830792799, 0.751250953226454, -0.07468953571749876, 0.02924798649074145, -0.2699173823493749, -0.07393373654057012, 0.18026504563718143, 0.12319586411095743, 0.19238012810114716, 0.06397268600050877, 0.7694868334128725, -0.32536177421240814, -0.04539829413065223, 0.13509988308284038, -0.03081045593748697, -0.22320068821349678, 0.0729613256196347, -0.12191605631513219, -0.059601095233770746, 0.10938196043514735, 0.9104050035303014, 0.1443361964988325, 0.3191719505738031, 1.1322910182000723, -0.2641847215195143, 0.46377598549396293, -0.005925381630037705, 0.27908798219697545, 0.038350360718412295, 0.04067361354157868]}