{"from": [0, 0, 0, 1, 1, 1, 1, 1, 1, 2, 2, 2, 2, 2, 2, 2, 3, 3, 3, 3, 3, 3, 3, 3, 3, 4, 4, 4, 4, 4, 4, 4, 4, 4, 4, 4, 4, 5, 5, 5, 5, 5, 6, 6, 7, 8, 8, 9, 9, 9, 10, 10, 10, 10, 10, 10, 10, 10, 11, 11, 11, 11, 11, 12, 12, 13, 13, 13, 13, 13, 13, 13, 13, 13, 13, 13, 13, 14, 14, 14, 14, 14, 14, 15, 15, 15, 15, 15, 15, 16, 16, 16, 16, 16], "to": [6, 8, 17, 0, 6, 8, 9, 15, 17, 6, 7, 8, 9, 10, 12, 15, 0, 2, 4, 5, 7, 8, 9, 10, 13, 0, 1, 2, 5, 6, 7, 8, 9, 10, 11, 12, 15, 1, 2, 6, 8, 10, 7, 17, 17, 6, 7, 0, 6, 8, 1, 6, 7, 8, 9, 11, 12, 15, 0, 6, 7, 8, 12, 7, 17, 0, 2, 4, 5, 6, 7, 9, 11, 12, 14, 15, 17, 5, 6, 7, 9, 12, 17, 0, 6, 7, 9, 11, 12, 2, 3, 6, 13, 14], "influence_y": [[0, 1, 6, 7, 12, 13, 14]], "weights": [0.7331886791409625, 0.4774515521090031, -0.04885615935138761, -0.015011068366865943, 0.07172640688574373, 0.004380831022878798, -1.2244638856495498, -0.3802510578878284, -0.01822831553141977, -0.033963403173605425, -0.019894869356830977, -0.0006228527685374075, -0.12455484718195367, -0.13565165202967583, -0.022859637966297038, -0.09085046180109797, -0.015395680185384243, -0.19860970290698943, -0.061270931175186276, 0.087002631977378, -0.016976527481174307, 0.0006389539869291823, -0.07140058078010282, -0.060627933233472084, -0.09170791735703414, 0.07103375109020124, -0.02873352679726522, -0.2942712571991268, -0.22013416932988253, 0.029264978145326408, 0.02205589579570106, -0.0018244503823273417, 0.24700748267969982, -0.05432047407157789, -0.05584737386341021, 0.03360300038427408, 0.15159027635705324, -0.08072889206315714, 0.31911266869049104, -0.03811156943490688, 0.0025605053965535654, -0.6893045130695846, 0.7499313004400061, 0.007439816465089413, 0.14192029902411182, -1.2788004694747002, 0.02281689512929193, 0.9321543982995416, 0.5959037723726992, 0.5306726956430622, 0.9278505306223782, -0.3018176779957471, 0.0052106755404657396, -0.00507546241424648, 0.8642120954378728, -0.29293603462911316, 0.0952549772333187, 0.846796613999354, -0.051847716649692815, 0.09120763095633386, -0.6783019732791861, 0.0012718480037879898, 1.0442638132363118, 0.7454232575970028, -0.07310990364226463, 0.029713887424775737, 0.06702728094913676, -0.27021609290037585, 0.06220077706957747, -0.07301843606242919, 0.17156037344265448, 0.10704093824560149, 0.1900750586921219, 0.06149069213790946, 0.7691659454189367, -0.31277970224604673, -0.05214375338606596, 0.07427847310341563, -0.029777492484279036, -0.21382973863699978, 0.07347972821619161, -0.12194961241683566, -0.052800111242566575, 0.11051101898243587, 0.9099626729583011, 0.14592316193325197, 0.3279483929410119, 1.1334840435281603, -0.26388817275353615, -0.06146919765544659, 0.46448070998062196, -0.009005502384862361, 0.2732483274753493, 0.03649630318691921]}