{"from": [0, 0, 0, 0, 0, 1, 1, 1, 2, 2, 2, 2, 2, 2, 2, 2, 3, 3, 3, 3, 3, 3, 3, 3, 3, 3, 3, 3, 4, 4, 4, 4, 4, 4, 4, 4, 4, 4, 4, 5, 5, 5, 5, 5, 5, 5, 5, 6, 6, 7, 8, 8, 9, 9, 9, 9, 9, 9, 9, 10, 10, 10, 10, 10, 10, 11, 11, 11, 11, 11, 11, 11, 11, 11, 12, 12, 12, 12, 13, 13, 13, 13, 13, 13, 13, 13, 13, 13, 14, 14, 14, 14, 14, 14, 16, 16, 16, 16, 16], "to": [6, 7, 8, 15, 17, 6, 8, 17, 6, 7, 8, 9, 10, 11, 12, 15, 0, 1, 2, 4, 5, 7, 8, 9, 10, 11, 13, 17, 0, 1, 2, 5, 6, 7, 8, 9, 10, 11, 12, 1, 2, 6, 8, 9, 10, 11, 15, 7, 15, 17, 6, 15, 0, 1, 7, 8, 10, 12, 15, 0, 1, 7, 8, 12, 15, 0, 1, 6, 7, 8, 9, 10, 12, 15, 0, 7, 8, 17, 2, 4, 6, 7, 9, 10, 11, 12, 14, 17, 5, 7, 9, 12, 15, 17, 2, 3, 13, 15, 17], "influence_y": [[0, 1, 3, 7, 12, 13, 14, 16]], "weights": [0.5242708105343874, 0.04648605133546195, 0.4768533129977078, -0.5037500887312685, -0.05101670978670399, 0.023467069164721938, 0.0043612625423729776, -0.016501987992726487, -0.04971006783169102, -0.019694896270666937, -0.0006742508470640729, -0.1083637191907159, -0.12511561176343894, -0.15618330689266552, -0.02813821666197626, 0.019268608621005996, -0.0172569751673415, -0.010783409469443601, -0.20960452646895328, -0.07020309672591302, 0.08616203337707083, -0.01654988116562902, 0.0007703274700733812, -0.05696500163297865, -0.06475109685334483, -0.05432391877334692, -0.09771801743356902, 0.012917016305936571, 0.07497957630078417, -0.01119467007053343, -0.29286823888109154, -0.2285713783176012, 0.06369607119342563, 0.02124684817310241, -0.0019200803834912017, 0.32812615235829357, -0.05109351768282931, 0.11752639146872432, 0.01944722657719096, -0.07472698580041773, 0.320050557957555, -0.0515958347179577, 0.0025204276657217056, 0.2202694290932403, -0.6398803085929429, -0.14181707447842798, 0.030139724939921175, 0.7302153996638376, 0.7056353128137482, 0.18607908293849076, -0.4402160541894814, 1.0274195728653845, 0.9371835952216223, -0.04959778999251399, -0.026712556373566405, 0.5313377652569623, -0.10715281854687286, 0.03156145062599321, -0.5487372937605715, 0.021799168171917432, 0.9276001518569186, 0.029585081093712128, -0.0050500528724025315, 0.06438753737208268, 0.26414323351269237, 0.010853995059310978, -0.008807286325940883, 0.7212109232189312, -0.5109429693729116, 0.0007714475877725405, 0.2373985742591382, 0.2051839928609229, 0.7925088239520437, 0.19725273051466427, 0.014756731731734293, 0.7046091071992292, 0.000669829356000233, -0.0994276120459041, 0.06184057835423388, -0.26937153997991325, -0.27947217527601215, 0.14969921966737026, 0.07375986836652254, 0.02959655746358572, -0.18345145007819322, 0.12897033100921437, 0.7910486723871009, -0.05284191802027919, 0.12943998351654606, -0.21660504474184353, 0.05555400214284961, -0.16164979933979085, 0.012519735804109311, -0.0514969408961306, -0.06259188720223877, 0.4563921604256528, 0.27254172665511134, 0.011722391656865087, 0.014404582538729333]}