{"from": [0, 0, 0, 0, 0, 1, 1, 1, 1, 1, 2, 2, 2, 2, 2, 2, 3, 3, 3, 3, 3, 3, 3, 3, 3, 4, 4, 4, 4, 4, 4, 4, 4, 4, 4, 4, 5, 5, 5, 5, 5, 6, 7, 8, 8, 8, 8, 8, 9, 9, 9, 9, 9, 9, 10, 10, 10, 10, 10, 10, 10, 10, 10, 11, 11, 11, 12, 12, 13, 13, 13, 13, 13, 13, 13, 13, 13, 14, 14, 14, 14, 14, 14, 15, 15, 15, 15, 16, 16, 16, 16, 16, 16, 16], "to": [6, 8, 11, 12, 17, 6, 7, 8, 9, 17, 6, 7, 8, 9, 10, 15, 0, 2, 4, 5, 7, 8, 9, 10, 13, 0, 1, 2, 5, 6, 7, 8, 9, 10, 11, 15, 1, 2, 6, 8, 10, 7, 17, 6, 7, 11, 15, 17, 0, 6, 7, 8, 12, 15, 0, 1, 6, 7, 8, 9, 11, 12, 15, 6, 7, 12, 7, 17, 2, 4, 6, 7, 11, 12, 14, 15, 17, 5, 6, 7, 9, 12, 17, 6, 7, 11, 12, 2, 3, 6, 11, 13, 15, 17], "influence_y": [[0, 1, 7, 8, 12, 13, 14, 16]], "weights": [0.8041933226128988, 0.47786186455114676, -0.32098326201751093, 0.12341185929261267, -0.054012884410512225, 0.079767283345257, -0.07622698856647941, 0.004108946937357791, -1.3719401942572504, -0.016758962709649793, -0.03415056200112564, -0.018029084005147494, -0.0008076552921065377, -0.14735378670789784, -0.13842995599054153, -0.049890339792512034, -0.0157685484859252, -0.20946593380957498, -0.07429718839519532, 0.09621608138026604, -0.016512577862071536, 0.0009317274260551257, -0.09400757269915633, -0.0669182837909776, -0.09496701092045724, 0.07511561482152113, -0.030221887046097996, -0.2844283401764223, -0.22496823159795815, 0.030023921432144274, 0.019608495661113327, -0.0016962938641630343, 0.29786618257478076, -0.05740369816380764, -0.042674172443831385, 0.06103328488186861, -0.08001670386896409, 0.3293832275416151, -0.03569350781040509, 0.0024985395146748107, -0.6897894040611529, 0.7369493306626341, 0.1519748536676358, -1.4322300315391416, 0.07250294592733379, 0.29991585189711767, 1.0056634269333125, 0.005704546814588913, 0.9454794582637551, 0.6807201165657536, -0.05383307860875611, 0.5305139416142443, -0.09067320221072832, -0.7776533385035661, 0.030168721286453204, 0.9278930848798439, -0.31269053656135404, 0.08159226156651275, -0.004326880706763334, 1.1634215411428492, -0.2980838783504835, 0.11396801149942822, 0.5046960452394919, 0.07739628781348803, -0.6779381191350573, 1.048683653591378, 0.7551015913834095, -0.07223352117625169, 0.07500584582826764, -0.2754075408204061, -0.07337050744845214, 0.17885883864467444, 0.19950854031644408, 0.05045085422773482, 0.7848115724399357, -0.33085493310466096, -0.05627867337548813, 0.13847677709343914, -0.029792201373783758, -0.22392197631473001, 0.07191596430323832, -0.11433940913077872, -0.05256384973247251, 0.9253214621869521, 0.14618708440054876, 1.1483200410966494, -0.26499210966765424, -0.06554774201680613, 0.4462163316991515, -0.008347133331505541, -0.020411064653415953, 0.26713574674938495, 0.03389798957614949, 0.01974317310417192]}