{"from": [0, 0, 0, 0, 0, 1, 1, 1, 1, 1, 2, 2, 2, 2, 2, 3, 3, 3, 3, 3, 3, 3, 3, 3, 3, 3, 3, 4, 4, 4, 4, 4, 4, 4, 4, 4, 4, 4, 5, 5, 5, 5, 5, 6, 7, 8, 8, 8, 8, 8, 9, 9, 9, 9, 10, 10, 10, 10, 10, 10, 10, 10, 10, 11, 11, 11, 12, 12, 13, 13, 13, 13, 13, 13, 13, 14, 14, 14, 14, 14, 14, 14, 15, 15, 15, 15, 16, 16, 16, 16], "to": [6, 8, 11, 12, 17, 0, 6, 7, 9, 17, 6, 7, 9, 10, 15, 0, 1, 2, 4, 5, 6, 7, 8, 9, 10, 13, 14, 0, 1, 2, 5, 6, 7, 8, 9, 10, 11, 15, 1, 2, 6, 8, 10, 7, 17, 6, 7, 11, 15, 17, 0, 6, 8, 15, 0, 1, 6, 7, 8, 9, 11, 12, 15, 6, 7, 12, 7, 17, 4, 6, 7, 11, 12, 15, 17, 5, 6, 7, 9, 12, 13, 17, 6, 7, 11, 12, 3, 6, 13, 14], "influence_y": [[0, 1, 7, 8, 12, 13, 14]], "weights": [0.8351044228482264, 0.47694125250115166, -0.3475804291950737, 0.03550080079254584, -0.0563397783181509, -0.0673640214244432, 0.056011577105905916, -0.06200386810364103, -1.309498981134561, -0.01867848829099003, -0.03544287221203456, -0.018029355087394533, -0.16312108060136876, -0.14084606752623763, -0.06267096649567565, -0.016283960915341362, -0.011003197804533111, -0.23729317128942257, -0.0712773865654875, 0.08659894714289812, -0.00801012055601949, -0.014626427850335579, 0.0007943799046266192, -0.0913453536978248, -0.06830979499139489, -0.039770512732296315, -0.07323364435077896, 0.07668208532959031, -0.029717020899605817, -0.29782967668224536, -0.2433620565638919, 0.028939348536596046, 0.020025112246062085, -0.0016746131022226662, 0.29569911543935623, -0.06077016361096854, -0.04185891325119673, 0.04934129462061709, -0.07663163014559851, 0.32773237457102655, -0.03946858699016362, 0.002080232341685029, -0.6903421096489017, 0.7522282577995316, 0.15542931897347048, -1.5102611938481523, 0.019225928625452346, 0.3324721640272628, 1.022126285380617, 0.007309252776130219, 0.9412472599556222, 0.7283973346662154, 0.5314813205509288, -0.7937215989408697, 0.09739818628139305, 0.9289939519072238, -0.29243194470638, 0.06788418215423439, -0.00036618141489300204, 1.0957945033790255, -0.2962315864324161, 0.11073126498462231, 0.4979516321362145, 0.08761727952237545, -0.6656349186262085, 1.0076109887875975, 0.7374287528993625, -0.0763776872345647, -0.2703759249745643, -0.07495397678500046, 0.1850616285682241, 0.19513485284408158, 0.07450731096421417, -0.3311448129946067, -0.04367779668726045, 0.12655510533029773, -0.0304808184260398, -0.22527683279954813, 0.08581261310473345, -0.14250884071122255, 0.7678845095948202, -0.058532300698789466, 0.9143882414549128, 0.13812524894021075, 1.1465293686343014, -0.23817705040599982, 0.46722352544290263, -0.006240998764473037, 0.08434361309461773, 0.2524358578378966]}