{"from": [0, 0, 0, 0, 0, 0, 1, 1, 1, 1, 2, 2, 2, 2, 2, 2, 2, 3, 3, 3, 3, 3, 3, 3, 3, 3, 3, 3, 4, 4, 4, 4, 4, 4, 4, 4, 4, 4, 4, 4, 5, 5, 5, 5, 5, 6, 7, 8, 8, 8, 8, 9, 9, 9, 9, 10, 10, 10, 10, 10, 10, 10, 10, 10, 11, 11, 11, 12, 12, 13, 13, 13, 13, 13, 13, 13, 13, 14, 14, 14, 14, 14, 14, 14, 14, 15, 15, 15, 15, 16, 16, 16, 16, 16, 16], "to": [6, 7, 8, 11, 12, 17, 6, 8, 9, 17, 6, 7, 8, 9, 10, 12, 15, 0, 2, 4, 5, 6, 7, 8, 9, 10, 13, 14, 0, 1, 2, 5, 6, 7, 8, 9, 10, 11, 12, 15, 1, 2, 6, 8, 10, 7, 17, 6, 7, 11, 15, 0, 6, 8, 15, 0, 1, 6, 7, 8, 9, 11, 12, 15, 6, 7, 12, 7, 17, 2, 4, 6, 7, 11, 12, 15, 17, 5, 6, 7, 8, 9, 12, 13, 17, 6, 7, 11, 12, 2, 3, 11, 13, 14, 15], "influence_y": [[0, 1, 7, 12, 13, 14]], "weights": [0.7308995156919987, 0.007572834186747687, 0.4781978245896625, -0.3192890397004683, 0.02447325349155706, -0.05185954763813387, 0.0871880246722011, 0.004558578071895081, -1.3271739228457864, -0.017675360945540262, -0.03301814951871575, -0.020164386263075484, -0.0009156701979907977, -0.15762675620675504, -0.1380891089042401, -0.02262742273110235, -0.051082642013163204, -0.018967334208833054, -0.21616358207574454, -0.07961342257304949, 0.09165827532742778, -0.011974911011471077, -0.017725876597753622, 0.0007773206412093271, -0.0917391248708522, -0.06569240847134632, -0.04828572532834349, -0.05993561631495313, 0.07606744391027853, -0.027540107123797543, -0.28885287231966894, -0.2315653539775399, 0.029793068499338875, 0.01588560182322804, -0.0018654690567944804, 0.30069164912224317, -0.05392313791430367, -0.04432625323837869, 0.021687034304283537, 0.05617251931682289, -0.08018585342152951, 0.32328100763402295, -0.037188485448765865, 0.002394308525155431, -0.6882461011211091, 0.744459565945429, 0.15478075522351598, -1.2670054203140362, 0.015589369556924193, 0.3018419646607119, 1.0013664479983795, 0.9445544290562905, 0.5846837874613298, 0.5302835962117813, -0.7785721665949425, 0.029302789905938154, 0.9286619407986688, -0.3241853363584456, -0.0024124515899063004, -0.004966020448928216, 1.1183442192610291, -0.29402768240529636, 0.11204845348287752, 0.5022174010420505, 0.07101820938736055, -0.7459175569183465, 1.0876523451686402, 0.8024354702412672, -0.07447379568735517, 0.06277399725202054, -0.2664935383006968, -0.07097726151618589, 0.17359608132330126, 0.20409633754285988, 0.06742366040394342, -0.34196111917986394, -0.05637432302430498, 0.12416903874732382, -0.03286976067553771, -0.211872311197482, -0.00040355508708805887, 0.08533248303373872, -0.13640340013358213, 0.7716799314598864, -0.047590470643240866, 0.9340088327611049, 0.17352057774377083, 1.1499581243642938, -0.3123863105083189, -0.05300961222409099, 0.4817715265265735, -0.02023329818578789, 0.08997317114862877, 0.25729166166457357, 0.03300123197574848]}