{"from": [0, 0, 0, 0, 0, 0, 1, 1, 2, 2, 2, 2, 2, 2, 2, 3, 3, 3, 3, 3, 3, 3, 3, 3, 3, 3, 3, 3, 4, 4, 4, 4, 4, 4, 4, 4, 4, 4, 5, 5, 5, 5, 5, 5, 5, 5, 6, 7, 8, 8, 8, 8, 8, 9, 9, 9, 9, 10, 10, 10, 11, 11, 11, 11, 11, 11, 11, 11, 12, 12, 12, 13, 13, 13, 13, 13, 13, 13, 13, 13, 13, 14, 14, 14, 14, 14, 14, 14, 14, 15, 15, 16, 16, 16, 16, 16, 16], "to": [6, 7, 8, 10, 15, 17, 6, 17, 6, 7, 8, 9, 10, 11, 15, 0, 2, 4, 5, 6, 7, 8, 9, 10, 11, 13, 15, 17, 0, 2, 5, 6, 7, 8, 9, 10, 11, 15, 0, 1, 2, 6, 8, 9, 10, 11, 7, 17, 1, 6, 7, 10, 17, 0, 6, 8, 15, 1, 6, 15, 0, 6, 7, 8, 9, 10, 12, 15, 7, 15, 17, 4, 5, 6, 7, 9, 11, 12, 14, 15, 17, 2, 5, 6, 7, 9, 12, 15, 17, 6, 7, 2, 3, 6, 13, 14, 15], "influence_y": [[0, 1, 3, 7, 8, 12, 13, 14]], "weights": [0.8008182600547169, 0.015560276719893192, 0.4772723234973976, 0.44340865012603436, 0.22544918798309588, -0.04745096183117722, 0.06954306299897994, -0.017153439798750218, -0.034620725636367214, -0.02045584818391094, -0.0006163857991558219, -0.10754874347364442, -0.12308953436855255, -0.14561893695771583, -0.02546516925896198, -0.018218179218512546, -0.2130154397792786, -0.06208044983463734, 0.09632783258029433, -0.00624481108517716, -0.01661310599565706, 0.0008148255040714942, -0.061899262647161495, -0.060982564439096776, -0.05095870852992515, -0.09607192537918759, -0.0185917413645037, 0.0173196443442682, 0.07576720747434812, -0.2947986430433483, -0.22123396241574514, 0.027636805592273994, 0.017756684170118518, -0.0018868767325157243, 0.3283872352906009, -0.06527318420031589, 0.10873710969433126, 0.04084802897392062, -0.015525287635526241, -0.07434670135232868, 0.3168924526512723, -0.03929707303477062, 0.0028773243070219917, 0.2166137212248508, -0.6441732807524697, -0.12852211520639084, 0.740717769116285, 0.15326199118407097, -0.05756754042923595, -1.4458523112380315, 0.007520766403398618, -0.5185518420803034, -0.00429162349801979, 0.9375317121928745, 0.6961042194508373, 0.5307460804251977, -0.1619429410683795, 0.923854237360696, -0.30297377401228825, 0.31255527764011476, 0.025454518454050917, 0.07981843546792249, -0.6782332026071648, 0.0010432631940902048, 0.21201280213417328, 0.15829968099433392, 0.8766149822879008, 0.7684088678009874, 0.7458670268506629, -0.11821071966736069, -0.07377385822949603, -0.26392203730704783, 0.08113608286134358, -0.0769388725702762, 0.1685969672988164, 0.06750159905022637, -0.16458826613300082, 0.10222374343270478, 0.7768585512779759, -0.18732152371390692, -0.055380713965128656, 0.0639942153238934, 0.06662813698473113, -0.02897882657707518, -0.21260229705034386, 0.0673740335986242, -0.11894025696694022, -0.030908924241493205, -0.055384359822219675, 0.9222145858054945, 0.15576455025618363, -0.05608258685372889, 0.4747342919389104, -0.00649113766349093, 0.2882829142744803, 0.03872205899058119, 0.02670095425822337]}