{"from": [0, 0, 0, 0, 1, 1, 1, 1, 1, 2, 2, 2, 2, 2, 2, 2, 3, 3, 3, 3, 3, 3, 3, 3, 3, 3, 4, 4, 4, 4, 4, 4, 4, 4, 4, 4, 4, 4, 5, 5, 5, 5, 5, 6, 7, 8, 8, 8, 8, 8, 8, 9, 9, 9, 9, 9, 9, 10, 10, 10, 10, 10, 10, 10, 10, 10, 11, 11, 11, 12, 12, 13, 13, 13, 13, 13, 13, 13, 14, 14, 14, 14, 14, 14, 14, 15, 15, 15, 15, 16, 16, 16, 16, 16, 16, 16], "to": [6, 8, 11, 17, 6, 7, 8, 9, 17, 6, 7, 8, 9, 10, 12, 15, 0, 1, 2, 5, 7, 8, 9, 10, 13, 14, 0, 1, 2, 5, 6, 7, 8, 9, 10, 11, 12, 15, 1, 2, 6, 8, 10, 7, 17, 6, 7, 11, 12, 15, 17, 0, 6, 7, 8, 12, 15, 0, 1, 6, 7, 8, 9, 11, 12, 15, 6, 7, 12, 7, 17, 4, 6, 7, 11, 12, 15, 17, 5, 6, 7, 9, 12, 13, 17, 6, 7, 11, 12, 3, 6, 7, 11, 13, 14, 15], "influence_y": [[0, 1, 7, 8, 12, 13, 14]], "weights": [0.7523350008109825, 0.47765250241802515, -0.3321061300139004, -0.05637462150546169, 0.0747133913812418, -0.0708297030039155, 0.004206013606713792, -1.3472927047110326, -0.020148949209987943, -0.03487285264297345, -0.019819562022742154, -0.0007483458438931473, -0.15648405701212167, -0.1334761199956292, -0.023473282396027986, -0.056352480445155034, -0.015657364183763765, -0.010724945016655479, -0.22895539882630853, 0.09402394174865478, -0.021090880902853548, 0.0006774659815534502, -0.08576480001546359, -0.06951371902349465, -0.048253720617917745, -0.06042042605558952, 0.07635386360711738, -0.030397606728089, -0.3013416494851362, -0.22948524921058064, 0.03095401214234727, 0.022568795431872946, -0.0018096717693015796, 0.2952463095699746, -0.057174476599147955, -0.044157547848887105, 0.023364004828720884, 0.056042913193385016, -0.07850758122955076, 0.321840852687728, -0.03621173860678862, 0.0025368104718424545, -0.6921000055511811, 0.7531519144408159, 0.14929772215350198, -1.342351358622572, 0.053459232549260854, 0.3165508518623746, 0.19260301496593887, 1.0085641584552458, 0.005514892737682168, 0.9458844148589272, 0.6403941351622712, -0.03583507232831909, 0.5307120682945279, -0.17411502448507418, -0.7875718017309279, 0.028918745935438916, 0.927694562811989, -0.30824796061893417, 0.0785210018008993, -0.0044070627792781175, 1.136087519879828, -0.2982295417182177, 0.1022088553130967, 0.5028355645522481, 0.07792666165344998, -0.6698960172383213, 1.0269563671447681, 0.7484592533282042, -0.0722962352667542, -0.28109607707783163, -0.0710945260342786, 0.17744943766693683, 0.19973231230334731, 0.07017292422191769, -0.32927084361686254, -0.04879311950691259, 0.13643331568217254, -0.031164297466122204, -0.22167887565227204, 0.08501551630348758, -0.12947105831272132, 0.7675105708505477, -0.05842646130135963, 0.9258935380467285, 0.12651965510167487, 1.1466915213466595, -0.25882778297976494, 0.45392382265128667, -0.011076364370554278, 0.010131330074360066, -0.02151045437038588, 0.07977538017123732, 0.2502960381841652, 0.032186823484940646]}