{"from": [0, 0, 0, 1, 1, 1, 1, 2, 2, 2, 2, 2, 2, 2, 3, 3, 3, 3, 3, 3, 3, 3, 3, 4, 4, 4, 4, 4, 4, 4, 4, 4, 4, 4, 5, 5, 5, 5, 5, 6, 7, 8, 8, 8, 8, 8, 8, 9, 9, 9, 9, 9, 10, 10, 10, 10, 10, 10, 10, 10, 10, 11, 11, 11, 12, 12, 13, 13, 13, 13, 13, 13, 13, 13, 13, 13, 14, 14, 14, 14, 14, 14, 15, 15, 15, 15, 16, 16, 16, 16, 16], "to": [6, 8, 11, 6, 7, 8, 9, 6, 7, 8, 9, 10, 12, 15, 0, 2, 4, 5, 7, 8, 9, 10, 13, 0, 1, 2, 5, 6, 7, 8, 9, 10, 11, 15, 1, 2, 6, 8, 10, 7, 17, 6, 7, 11, 12, 15, 17, 0, 6, 7, 8, 15, 0, 1, 6, 7, 8, 9, 11, 12, 15, 6, 7, 12, 7, 17, 2, 4, 5, 6, 7, 11, 12, 14, 15, 17, 5, 6, 7, 9, 12, 17, 6, 7, 11, 12, 2, 3, 6, 13, 14], "influence_y": [[7, 8, 12, 13, 14]], "weights": [0.8295844576605722, 0.4774577673576297, -0.3658277690558051, 0.05752067295555179, -0.0697252441107374, 0.005141893307889431, -1.2961156326990815, -0.03314832665322351, -0.022528550436911397, -0.0006415368595305004, -0.15369410933174388, -0.13240632831030302, -0.028139722182853197, -0.059133681348128186, -0.016725057399228745, -0.2058802977042577, -0.060553927893733414, 0.08538866298564037, -0.0180961497839176, 0.0008323127811288337, -0.08960322876737072, -0.06320939052250377, -0.096388540428001, 0.077332990063054, -0.02905578781948313, -0.2983364389320821, -0.21674322217526615, 0.029724806526060583, 0.018728047043683915, -0.0017575703154039946, 0.30124204783229974, -0.058843869099785284, -0.04125402185315352, 0.04937454071895914, -0.07909149917058578, 0.3125489217899748, -0.040819573400104295, 0.002613886439986654, -0.6947032953083003, 0.7458317535808868, 0.13233833905129838, -1.494601374562003, 0.03623266211092344, 0.35285603427268936, 0.022744442772483806, 0.9852089021620115, -0.04315060766216263, 0.944799975040195, 0.718174361991418, -0.016879265885008404, 0.531061023734577, -0.7562285711149908, 0.029945539911523933, 0.9280257499328866, -0.29302930259687904, 0.07057057250505377, -0.005282304387235745, 1.079881596654928, -0.29683384439174354, 0.10654296229353119, 0.503519864367215, 0.09049500806284377, -0.6831967780701348, 1.0422764168221135, 0.7533837429873533, -0.06791677549246586, 0.06652941798385953, -0.2660011506327926, 0.05780780512538816, -0.07252639514485848, 0.17857607834214398, 0.19577768372745555, 0.050836044032060115, 0.7736549310259339, -0.3324511217777664, -0.055105044474052754, 0.08388513412271013, -0.03265150204428313, -0.22368826456963542, 0.08849314176002232, -0.11481610501074696, -0.055371410611352034, 0.9111826136469664, 0.14761828271284694, 1.1447399943428447, -0.2605093804365573, -0.056733851605086795, 0.45708955534625395, -0.008430933053244825, 0.2811660262213907, 0.03505825319057135]}