{"from": [0, 0, 0, 0, 1, 1, 1, 1, 2, 2, 2, 2, 2, 2, 2, 3, 3, 3, 3, 3, 3, 3, 3, 3, 3, 4, 4, 4, 4, 4, 4, 4, 4, 4, 4, 4, 4, 5, 5, 5, 5, 5, 6, 7, 8, 8, 8, 8, 8, 8, 9, 9, 9, 9, 9, 9, 10, 10, 10, 10, 10, 10, 10, 10, 11, 11, 11, 12, 12, 13, 13, 13, 13, 13, 13, 13, 13, 13, 13, 14, 14, 14, 14, 14, 14, 15, 15, 15, 15, 16, 16, 16], "to": [6, 8, 11, 17, 6, 8, 9, 17, 6, 7, 8, 9, 10, 12, 15, 0, 2, 4, 5, 6, 7, 8, 9, 10, 13, 0, 1, 2, 5, 6, 7, 8, 9, 10, 11, 12, 15, 1, 2, 6, 8, 10, 7, 17, 6, 7, 11, 12, 15, 17, 0, 6, 7, 8, 12, 15, 0, 1, 6, 8, 9, 11, 12, 15, 6, 7, 12, 7, 17, 2, 4, 5, 6, 7, 11, 12, 14, 15, 17, 5, 6, 7, 9, 12, 17, 6, 7, 11, 12, 2, 3, 13], "influence_y": [[0, 1, 7, 8, 12, 13, 14]], "weights": [0.7475542134002973, 0.4776110270611323, -0.33970835387537746, -0.05018021245707414, 0.11017200194984356, 0.004918602167497385, -1.361308120984065, -0.018361246159154184, -0.03581829902694347, -0.01821691104002375, -0.000755220062007303, -0.14446420536625668, -0.14346092952343925, -0.025092171956072676, -0.06591697704660979, -0.018356349812808738, -0.20550852961754726, -0.07169029721557074, 0.08607359484585482, -0.010239750865514936, -0.016684532956921325, 0.0007403271840278069, -0.08672271953614773, -0.06839521075102512, -0.09437720640911396, 0.07629944817243595, -0.03023083117576746, -0.301321664352796, -0.21443914156865404, 0.026864252980076206, 0.01890216196522805, -0.0016693051261133796, 0.2947126237932134, -0.06339224918220551, -0.0449816187046852, 0.02229020912010643, 0.052256722863621874, -0.08160554544033571, 0.3139986395072173, -0.03699072283913318, 0.002550625493590808, -0.6905594881420284, 0.7330819042977081, 0.15264004169759263, -1.3110501046579817, 0.04217901812704142, 0.32727901457576786, 0.20238767177803427, 1.0067528584534629, -0.0010035695396343452, 0.9452354140175971, 0.6165066682286964, -0.017831947093679277, 0.5308045381769905, -0.18298202241271994, -0.7798562138165508, 0.03159051608227248, 0.9271499723692863, -0.3445470433115189, -0.005120617875568528, 1.1555196527609988, -0.2939171779863614, 0.10642350735088706, 0.49764231053160896, 0.07568520142853642, -0.6911576020822572, 1.0421533289028064, 0.7554954300319411, -0.07455978293146726, 0.0674278867384995, -0.2790708504279005, 0.06684952727141638, -0.07239765537502002, 0.16941890044154798, 0.19386536403200647, 0.06618978909252637, 0.7751103180216756, -0.32682600570709924, -0.0534700916390147, 0.07929697508254825, -0.028358559459993153, -0.21341326326610682, 0.07602497513145545, -0.1336076726489951, -0.049950176382942885, 0.9291299211267285, 0.16776683638344342, 1.1465824345246638, -0.28262340134360653, -0.059861999209711865, 0.4320282937561288, 0.25892607000754253]}