{"from": [0, 0, 0, 0, 1, 1, 1, 1, 1, 2, 2, 2, 2, 2, 2, 2, 3, 3, 3, 3, 3, 3, 3, 3, 3, 4, 4, 4, 4, 4, 4, 4, 4, 4, 4, 4, 4, 5, 5, 5, 5, 5, 6, 6, 7, 8, 8, 8, 8, 8, 8, 9, 9, 9, 9, 9, 9, 10, 10, 10, 10, 10, 10, 10, 10, 10, 11, 11, 11, 12, 12, 13, 13, 13, 13, 13, 13, 13, 13, 13, 14, 14, 14, 14, 14, 14, 15, 15, 15, 15, 16, 16, 16, 16, 16], "to": [6, 8, 11, 17, 6, 7, 8, 9, 17, 6, 7, 8, 9, 10, 12, 15, 0, 2, 4, 5, 7, 8, 9, 10, 13, 0, 1, 2, 5, 6, 7, 8, 9, 10, 11, 12, 15, 1, 2, 6, 8, 10, 7, 17, 17, 6, 7, 11, 12, 15, 17, 0, 6, 7, 8, 12, 15, 0, 1, 6, 7, 8, 9, 11, 12, 15, 6, 7, 12, 7, 17, 4, 5, 6, 7, 11, 12, 14, 15, 17, 5, 6, 7, 9, 12, 17, 6, 7, 11, 12, 3, 6, 11, 13, 14], "influence_y": [[0, 1, 6, 7, 8, 12, 13, 14]], "weights": [0.841873621499173, 0.477869921209691, -0.35635618624590293, -0.05844695936261162, 0.05065891650435298, -0.06682999832508413, 0.004727035222681669, -1.3436105980574078, -0.01844922616647024, -0.0349812582084952, -0.021719465410348797, -0.0007614704622309343, -0.1617423485183273, -0.1404852602608498, -0.023198350084294606, -0.06573351786817512, -0.01714446980842271, -0.23290226689345836, -0.058964694287263024, 0.0902244232799643, -0.017351311017947256, 0.0007674247192006156, -0.0914405266288126, -0.06914053940941586, -0.09652284851267122, 0.07805161833676916, -0.02687022409036238, -0.3069467229723512, -0.21351898658947227, 0.02753002127510172, 0.020874782197067104, -0.0018473452431447268, 0.30342488312554783, -0.06051611533453613, -0.0447348475599884, 0.023284683857647752, 0.054716784258695916, -0.07861757000368819, 0.3234810489069426, -0.039768046078556725, 0.0026118113887867514, -0.6924121356053955, 0.7372991597858614, 0.019126815880638137, 0.13720831661200444, -1.5366805340725236, 0.041895317194022064, 0.34021132709582713, 0.15785938836999436, 0.9968581540774774, 0.004527783018141994, 0.9442365377519145, 0.7482678314880651, -0.024712577294796388, 0.5307203784802856, -0.13900767307693035, -0.7762385932576664, 0.03311231070222456, 0.9288455856468097, -0.28553241933975904, 0.07153666192764366, -0.004805328906563898, 1.1325694572347065, -0.29848785575815034, 0.101515350547355, 0.4940402236331025, 0.08425561272922355, -0.676671341017321, 1.0382663987653327, 0.7633041152820194, -0.07630946526690202, -0.273136704114093, 0.06622599025982381, -0.07463149842403893, 0.176987845654502, 0.20062328917886552, 0.06580639972606234, 0.769935034766183, -0.32711356493001426, -0.04627498047001672, 0.07827974929163589, -0.029265548037577277, -0.22250301324048172, 0.09582014750041767, -0.1218717028057707, -0.05917428414273025, 0.9182387341694327, 0.13588102503540514, 1.1465253027780298, -0.2589364779809101, 0.4456233752868554, -0.01195859348163558, -0.0203876924106404, 0.2716550291845239, 0.0340336841449518]}