{"from": [0, 0, 0, 0, 0, 0, 1, 1, 1, 1, 2, 2, 2, 2, 2, 2, 2, 3, 3, 3, 3, 3, 3, 3, 3, 3, 4, 4, 4, 4, 4, 4, 4, 4, 4, 4, 4, 4, 5, 5, 5, 5, 5, 6, 7, 8, 8, 8, 8, 8, 8, 9, 9, 9, 9, 9, 10, 10, 10, 10, 10, 10, 10, 10, 10, 11, 11, 11, 12, 12, 13, 13, 13, 13, 13, 13, 13, 13, 13, 14, 14, 14, 14, 14, 14, 15, 15, 15, 15, 16, 16, 16, 16, 16, 16], "to": [6, 7, 8, 11, 15, 17, 6, 8, 9, 17, 6, 7, 8, 9, 10, 12, 15, 0, 2, 4, 5, 7, 8, 9, 10, 13, 0, 1, 2, 5, 6, 7, 8, 9, 10, 11, 12, 15, 1, 2, 6, 8, 10, 7, 17, 6, 7, 11, 12, 15, 17, 0, 6, 8, 12, 15, 0, 1, 6, 7, 8, 9, 11, 12, 15, 6, 7, 12, 7, 17, 4, 5, 6, 7, 11, 12, 14, 15, 17, 5, 6, 7, 9, 12, 17, 6, 7, 11, 12, 3, 6, 13, 14, 15, 17], "influence_y": [[0, 1, 7, 8, 12, 13, 14, 16]], "weights": [0.8193026140193387, 0.01660348570767782, 0.4774584541283958, -0.32459001843735613, -1.6998844541490918, -0.045373270135826635, 0.05022636372313433, 0.004277100719669212, -1.3557975303483263, -0.016642536283312404, -0.03293919145781462, -0.01899819798767676, -0.0007183027244892365, -0.16134205518018394, -0.14035284861707975, -0.024833727118137666, -0.05377521645556402, -0.016395076293476515, -0.23224542395464867, -0.06223384366587917, 0.09002142558501615, -0.01637539789339761, 0.0008643910659096744, -0.08814682823009845, -0.06558977432373589, -0.09512900181133031, 0.0776516832985022, -0.031046273272302714, -0.3053649231034317, -0.22407666439150067, 0.029825984746425498, 0.019447876847403026, -0.0018611555822443948, 0.298112694958885, -0.05889329100203067, -0.04289286527711633, 0.020131313683531625, 0.0625050422301199, -0.07673385408058464, 0.3308494592412807, -0.03970201036849909, 0.0026307388655705394, -0.6896286671381371, 0.7413998587113124, 0.1515561251517849, -1.4695283097750031, 0.0075873634990212945, 0.3124664959422012, 0.19661662550963832, 4.53488027944574, -0.001283511597318687, 0.9444548534780765, 0.7015041376155033, 0.5309971073370418, -0.17827022248164445, -2.6442510959420247, 0.03014004077741861, 0.9302545016835626, -0.2860199167996423, 0.009384046237670376, -0.0044617047045500124, 1.1422189512870082, -0.29420954498053625, 0.10385839079174383, 0.5137488890497712, 0.08519995355884424, -0.6626347926840285, 1.0178320340636546, 0.7418128719596944, -0.07535813863760948, -0.2646073555355432, 0.06593477485390054, -0.07440352507936288, 0.18034997692828103, 0.19569494537738383, 0.07391818360228807, 0.7672008963542534, -0.33442078262991565, -0.05540521786880365, 0.07285166888400679, -0.030569477900233302, -0.22619108969399623, 0.08060642279394437, -0.13738820071585273, -0.05508717895334503, 0.9184709046444891, 0.13636053393357164, 1.1450482117143173, -0.2554973664380405, 0.44339421857555733, -0.008401933864338837, 0.2608214606807941, 0.04201610556165212, 0.02870156218437698, 0.019514850359622787]}