{"from": [0, 0, 0, 0, 0, 1, 1, 1, 2, 2, 2, 2, 2, 2, 2, 2, 3, 3, 3, 3, 3, 3, 3, 3, 3, 3, 3, 3, 4, 4, 4, 4, 4, 4, 4, 4, 4, 4, 4, 4, 5, 5, 5, 5, 5, 5, 5, 5, 6, 6, 7, 8, 8, 9, 9, 9, 9, 9, 9, 9, 10, 10, 10, 10, 10, 10, 11, 11, 11, 11, 11, 11, 11, 11, 12, 12, 12, 13, 13, 13, 13, 13, 13, 13, 13, 13, 13, 13, 14, 14, 14, 14, 14, 14, 14, 16, 16, 16, 16], "to": [6, 7, 8, 15, 17, 6, 8, 17, 6, 7, 8, 9, 10, 11, 12, 15, 0, 1, 2, 4, 5, 6, 7, 8, 9, 10, 11, 13, 0, 1, 2, 5, 6, 7, 8, 9, 10, 11, 12, 15, 1, 2, 6, 8, 9, 10, 11, 15, 7, 15, 17, 6, 15, 0, 1, 7, 8, 10, 12, 15, 0, 1, 7, 8, 12, 15, 1, 6, 7, 8, 9, 10, 12, 15, 0, 7, 17, 4, 5, 6, 7, 9, 10, 11, 12, 14, 15, 17, 5, 6, 7, 9, 12, 15, 17, 3, 13, 14, 15], "influence_y": [[0, 1, 7, 12, 13, 14]], "weights": [0.5131064079797607, 0.05350640154090921, 0.4776671481993383, -0.5202007357007216, -0.05295707946261394, 0.02270109546051899, 0.00446776989726419, -0.020353230612758205, -0.050428372010457245, -0.020728283991316834, -0.0006037154502617492, -0.10491290083626842, -0.11567128247238745, -0.15171884485892914, -0.025535719846707626, 0.017223131660161553, -0.01910442894139802, -0.01320172554493372, -0.24346762773422068, -0.06896836059742055, 0.09611433856182239, -0.015467265244089735, -0.01736721494294464, 0.0008448245767309253, -0.05694443617593383, -0.060477551638582, -0.05397434172739903, -0.09778850058766278, 0.07591365298032055, -0.010228164314095678, -0.30099429561910424, -0.22781511200700458, 0.06448041850314018, 0.023069044899704644, -0.0019904279556567928, 0.32345795622896456, -0.050403491387604846, 0.11742226101403996, 0.019465921704850384, -0.007810772706132028, -0.07328520292207485, 0.3269330257739875, -0.04996598959856788, 0.0023265154791038134, 0.22228318940509334, -0.6455855089096253, -0.14107148942629283, 0.028209600143482748, 0.726537376216963, 0.6953518141168911, 0.18228046966871103, -0.43090983076771955, 1.0798366054939603, 0.9383642057719578, -0.050964902656738406, -0.032526508724555384, 0.5304885847965053, -0.10118872198312848, 0.029539984623124207, -0.5808446133662847, 0.019046711100414948, 0.9270465579815673, 0.03064690324917467, -0.005245112247174041, 0.06081170255064245, 0.26511318231194025, -0.009372663959732075, 0.7233015461959367, -0.5224228950424141, 0.0013229932810396687, 0.23535214898738438, 0.20269223481614054, 0.802239286157299, 0.20348376469111984, 0.024554168322964892, 0.7161962528955005, -0.09925203909826616, -0.27318718101614925, 0.06742123123484978, -0.25386293995187326, 0.14688508878328568, 0.046852265485818625, 0.03454978329491393, -0.17917509783474117, 0.12984230861562993, 0.7662839440402105, -0.016493052849969325, -0.050907191208077116, 0.06831142109959462, -0.031467927687993086, -0.21527540850223162, 0.08936241737335698, -0.16201171513169943, 0.020752105376522223, -0.049551474926546796, 0.4696414112700972, 0.2871099290122268, 0.04041329331558731, 0.012931520895275952]}