{"from": [0, 0, 0, 1, 1, 1, 2, 2, 2, 2, 2, 2, 2, 3, 3, 3, 3, 3, 3, 3, 3, 3, 3, 3, 4, 4, 4, 4, 4, 4, 4, 4, 4, 4, 4, 4, 5, 5, 5, 5, 5, 6, 7, 8, 8, 8, 8, 8, 8, 9, 9, 9, 9, 9, 10, 10, 10, 10, 10, 10, 10, 10, 10, 11, 11, 11, 12, 12, 13, 13, 13, 13, 13, 13, 13, 13, 13, 13, 14, 14, 14, 14, 14, 14, 14, 14, 15, 15, 15, 15, 16, 16, 16, 16, 16, 16, 16], "to": [6, 8, 11, 6, 8, 9, 6, 7, 8, 9, 10, 12, 15, 0, 1, 2, 4, 5, 6, 7, 8, 9, 10, 13, 0, 1, 2, 5, 6, 7, 8, 9, 10, 11, 12, 15, 1, 2, 6, 8, 10, 7, 17, 6, 7, 11, 12, 15, 17, 0, 6, 8, 12, 15, 0, 1, 6, 7, 8, 9, 11, 12, 15, 6, 7, 12, 7, 17, 2, 4, 5, 6, 7, 11, 12, 14, 15, 17, 2, 5, 6, 7, 8, 9, 12, 17, 6, 7, 11, 12, 2, 3, 6, 11, 13, 14, 15], "influence_y": [[7, 8, 12, 13, 14]], "weights": [0.8959680727630582, 0.47781613940879386, -0.31810986346680936, 0.0714591831837754, 0.00420379731132247, -1.3490972086625863, -0.03364508920950018, -0.020144937480077674, -0.0007158843040671048, -0.15141495880402334, -0.13649817683729784, -0.02235322351020752, -0.05823473741189811, -0.015826282689488165, -0.009353987498952663, -0.20886699687678298, -0.06249581316659302, 0.08826641248488358, -0.00677407232736324, -0.014977620536215057, 0.0007231505962600998, -0.08827490793418115, -0.06849669787772976, -0.09545076392428786, 0.07905373877250943, -0.030573336943584106, -0.29128390328028925, -0.22265925156459038, 0.026463748789435963, 0.022881544569181164, -0.0018351569533077705, 0.3058703550643901, -0.05640824686812071, -0.04346972740252987, 0.01966079356057051, 0.052353673384584756, -0.07853003143015552, 0.3229412163899908, -0.03745030944232325, 0.0023946546908591645, -0.6927713638832949, 0.7218223093572395, 0.1319985416022386, -1.6529484937688308, 0.0211629344728783, 0.29874831804112806, 0.1957087797705245, 1.1000170888093173, -0.04671704645654048, 0.9433762955872228, 0.8108870654039292, 0.5306742583310404, -0.17473241079845675, -0.8773919394947197, 0.028550992421088717, 0.9282071616524801, -0.3070495855740092, 0.0009349006509772675, -0.004530475095782742, 1.1468070607679106, -0.3011366868326113, 0.10378976797328998, 0.4988575731763856, 0.08454857235797411, -0.6653252807305169, 1.0326419025106897, 0.7470724829915376, -0.06702648567538308, 0.039080650608331595, -0.26735413225002314, 0.05882998421959504, -0.07555825346985343, 0.17289763793163077, 0.19647017410278894, 0.05495687121852917, 0.7673721173841105, -0.3296068261126299, -0.06018180973516018, 0.037799714710258926, 0.08436355461794462, -0.030150900696499942, -0.2192763809115085, -0.00042989421038114317, 0.08958480753210474, -0.11388110515905936, -0.0506788360636755, 0.9208805954298231, 0.15873033838507197, 1.1464160686659048, -0.2560298830730783, -0.06328370351882483, 0.4710491269176173, -0.007196951604433197, -0.020875101880644432, 0.2842951176350084, 0.03881246978664073, 0.03127183802824181]}