{"from": [0, 0, 0, 0, 1, 1, 1, 2, 2, 2, 2, 2, 2, 2, 3, 3, 3, 3, 3, 3, 3, 3, 3, 3, 3, 3, 3, 4, 4, 4, 4, 4, 4, 4, 4, 4, 4, 4, 5, 5, 5, 5, 5, 5, 5, 6, 6, 7, 8, 8, 8, 8, 9, 9, 9, 9, 9, 9, 10, 10, 10, 10, 10, 10, 11, 11, 11, 11, 11, 11, 11, 11, 12, 12, 12, 13, 13, 13, 13, 13, 13, 13, 13, 13, 13, 14, 14, 14, 14, 14, 14, 14, 15, 15, 16, 16, 16, 16, 16, 16], "to": [6, 7, 8, 17, 6, 8, 17, 6, 7, 8, 9, 10, 11, 15, 0, 1, 2, 4, 5, 6, 7, 8, 9, 10, 11, 13, 14, 0, 1, 2, 5, 6, 7, 8, 9, 10, 11, 15, 1, 2, 6, 8, 9, 10, 11, 7, 17, 17, 6, 7, 15, 17, 0, 1, 6, 8, 10, 15, 0, 1, 6, 7, 8, 15, 0, 6, 7, 8, 9, 10, 12, 15, 7, 15, 17, 2, 4, 5, 6, 7, 10, 11, 12, 15, 17, 5, 6, 7, 9, 12, 13, 17, 6, 7, 2, 3, 6, 13, 14, 15], "influence_y": [[0, 1, 6, 7, 8, 12, 13, 14]], "weights": [0.8358142813211796, 0.018291441007013645, 0.477262830718293, -0.06282579641756227, 0.05663712140256856, 0.004565570000485242, -0.017293307599479217, -0.035967494153793945, -0.01783156101261779, -0.0005797997468949406, -0.11431009139939412, -0.12326450274724682, -0.14278126587080886, -0.021632931622664456, -0.017312724645438742, -0.013024432846300204, -0.21204531532399495, -0.06685763923721852, 0.09765067026288696, -0.007887002517265068, -0.010902691243030255, 0.0009599002889231663, -0.06484665461405041, -0.06181596601670778, -0.05016471051015854, -0.04324412860461202, -0.06480562960745184, 0.07396945319415382, -0.01305834857937005, -0.28796926684756047, -0.22380157891206354, 0.02951164927915282, 0.02159397215227804, -0.0019480426033422205, 0.3173972998913995, -0.03730883488135635, 0.11306796481622916, 0.045146690560572966, -0.07559268802462504, 0.31419964772071834, -0.03833912559643853, 0.002334103457703872, 0.2136599103828694, -0.6500700937317669, -0.12871876613176653, 0.7375902703912605, 0.011812459785675949, 0.14464072078538248, -1.5168954326599955, 0.004783330866890562, 0.5101998890741829, 0.011599734787971702, 0.9395125338033669, -0.05017110086035595, 0.734557656023492, 0.5309302790487556, -0.09530891337507638, -0.45125360472158366, 0.02178935447212771, 0.9236002770229752, -0.292775264872296, 0.0035086954076546384, -0.005176200942076943, 0.31506771251385546, 0.022283517335707506, 0.07900793083322659, -0.6774264056270148, 0.0012907712599387403, 0.21269431370783665, 0.16676000752442766, 0.8712235116726462, 0.7610883376525018, 0.7500920917142871, -0.10696747176717551, -0.07664204553115109, 0.0655336048498944, -0.2578123879599599, 0.07047972162174536, -0.07377885789087194, 0.16983427967362213, 0.026273212603647372, -0.16302308015658445, 0.11486232282259967, -0.2071513806291611, -0.053033526206801684, 0.06817143663704978, -0.029719637416955137, -0.21294768763216892, 0.1116100223099807, -0.12953700101784726, 0.7720669566096625, -0.05272016803091636, 0.9229247294334566, 0.1528363423157475, -0.05139046006374207, 0.4632491648136159, -0.006403225814767255, 0.07913351527120215, 0.2572096502420292, 0.017600437100572065]}