{"from": [0, 0, 0, 0, 0, 1, 1, 1, 1, 1, 2, 2, 2, 2, 2, 2, 2, 2, 3, 3, 3, 3, 3, 3, 3, 3, 3, 3, 4, 4, 4, 4, 4, 4, 4, 4, 4, 4, 4, 5, 5, 5, 5, 5, 6, 7, 8, 8, 8, 8, 8, 9, 9, 9, 9, 9, 9, 10, 10, 10, 10, 10, 10, 10, 10, 10, 11, 11, 11, 12, 12, 13, 13, 13, 13, 13, 13, 13, 13, 13, 13, 14, 14, 14, 14, 14, 14, 15, 15, 15, 15, 16, 16, 16, 16, 16], "to": [6, 8, 11, 12, 17, 6, 7, 8, 9, 17, 1, 6, 7, 8, 9, 10, 12, 15, 0, 1, 2, 4, 5, 7, 8, 9, 10, 13, 0, 1, 2, 5, 6, 7, 8, 9, 10, 11, 15, 1, 2, 6, 8, 10, 7, 17, 6, 7, 11, 15, 17, 0, 6, 7, 8, 12, 15, 0, 1, 6, 7, 8, 9, 11, 12, 15, 6, 7, 12, 7, 17, 2, 4, 5, 6, 7, 11, 12, 14, 15, 17, 5, 6, 7, 9, 12, 17, 6, 7, 11, 12, 2, 3, 6, 13, 14], "influence_y": [[0, 1, 7, 8, 12, 13, 14]], "weights": [0.7073256118388216, 0.4775187826603554, -0.33928057082807506, 0.10997012749118966, -0.04500317640088463, 0.05801642755057262, -0.06957658075254447, 0.004444991319020604, -1.3273303524666389, -0.019788908787032048, 0.008422412959959158, -0.03268252977345536, -0.021979006650308983, -0.0008841330011372939, -0.1637042004794371, -0.13498192052752017, -0.0316575833019725, -0.05925972387257655, -0.017384894705554592, -0.010077812297475964, -0.21271763047695044, -0.06662104333717037, 0.09239686004977822, -0.017082240890656897, 0.0007314284168866932, -0.09489774747283675, -0.06879152637504093, -0.09557327906334899, 0.07631142357956783, -0.026153028163019065, -0.28733509594209516, -0.21755136487303978, 0.028921204192091196, 0.016790734660353475, -0.0017011554049383426, 0.29353372656574844, -0.05714501493694088, -0.040926887917862254, 0.04890005882822224, -0.07900232786021824, 0.33012679342448753, -0.040495936493141954, 0.0025920049533677825, -0.6913646288124983, 0.7406679667291646, 0.15429711240423505, -1.248985800170049, 0.056832100422620664, 0.3250931773021146, 0.9993116576537643, -0.007792249468457626, 0.9454933038028646, 0.591913057397972, -0.03686881538515487, 0.5308129406007952, -0.0841996504091126, -0.76826702045275, 0.02920562883018199, 0.9295683694267376, -0.28899150554270225, 0.07372395144390222, -0.004696045409928767, 1.1146970514547554, -0.28959119817456636, 0.0940904215789075, 0.4963556134462628, 0.08447450772425646, -0.6681111427531972, 1.0179421187321738, 0.7464531654888708, -0.07565333198803786, 0.06038628325316119, -0.26116714353675685, 0.062031616250248556, -0.07520764822026615, 0.17775099359471064, 0.1957771275743356, 0.06886961447879382, 0.7717695781755679, -0.33434885485438837, -0.05653505165242347, 0.07597708645375736, -0.028793606516835824, -0.2238056717531971, 0.09125393801531381, -0.13298464319888686, -0.050967384242718516, 0.9163792802055426, 0.1394734565233586, 1.1390387449386195, -0.24225742986474436, -0.05414757299771804, 0.4654908077625295, -0.009572147387402167, 0.27954411545104074, 0.03597978518923446]}