{"from": [0, 0, 0, 0, 0, 0, 1, 1, 1, 1, 2, 2, 2, 2, 2, 2, 3, 3, 3, 3, 3, 3, 3, 3, 3, 3, 3, 4, 4, 4, 4, 4, 4, 4, 4, 4, 4, 4, 5, 5, 5, 5, 5, 6, 7, 8, 8, 8, 8, 9, 9, 9, 9, 10, 10, 10, 10, 10, 10, 10, 10, 10, 11, 11, 11, 12, 12, 13, 13, 13, 13, 13, 13, 13, 13, 14, 14, 14, 14, 14, 14, 14, 15, 15, 15, 15, 16, 16, 16, 16, 16], "to": [6, 7, 8, 11, 12, 17, 6, 8, 9, 17, 6, 7, 8, 9, 10, 15, 0, 2, 4, 5, 6, 7, 8, 9, 10, 13, 14, 0, 1, 2, 5, 6, 7, 8, 9, 10, 11, 15, 1, 2, 6, 8, 10, 7, 17, 6, 7, 11, 15, 0, 6, 8, 15, 0, 1, 6, 7, 8, 9, 11, 12, 15, 6, 7, 12, 7, 17, 2, 4, 6, 7, 11, 12, 15, 17, 5, 6, 7, 9, 12, 13, 17, 6, 7, 11, 12, 2, 3, 6, 13, 14], "influence_y": [[0, 1, 7, 12, 13, 14]], "weights": [0.7644300421982051, 0.008779088827763903, 0.4773087830261569, -0.32019306948392773, 0.02970986902108601, -0.05001115712551428, 0.06461973046154355, 0.004634087816470248, -1.3373512643366223, -0.01872609153784524, -0.037113219825198634, -0.01940399865881437, -0.0007918871587176135, -0.15961425076578264, -0.13922108005098294, -0.06661203340268676, -0.01895364746452022, -0.21141723983223976, -0.06437622723435792, 0.09534999467464908, -0.005443078828287012, -0.0146312740195038, 0.000731132835216053, -0.0910126148094221, -0.06657762409070854, -0.04476011431593155, -0.06681271383299316, 0.07510366999130508, -0.027177203490393532, -0.287566356283024, -0.22731173745043326, 0.02983094128865897, 0.019341282755532166, -0.001822916002874042, 0.2895566767841616, -0.05276332096942318, -0.040936328947279166, 0.05121379033795587, -0.07756056255591914, 0.32190527876393366, -0.03750916248341889, 0.0026093978257930237, -0.6886718247299582, 0.7460853225697058, 0.15475015842026127, -1.3594978462221476, 0.012394298641668494, 0.3091250000410481, 0.9947877448667538, 0.9456445165082519, 0.645797589810618, 0.5312129496240411, -0.7694707137844693, 0.030083613630029093, 0.9292647888945612, -0.295870883538434, 0.003953609065441288, -0.0047583702685581805, 1.1325906501069847, -0.2921479622396065, 0.11317100400132761, 0.49543973486709386, 0.09518118392725938, -0.67679759894051, 1.0260519982925913, 0.7448178987829464, -0.07366407863545604, 0.06702174138895794, -0.26892597447508304, -0.07546707739848496, 0.17467259403064708, 0.1937092161397929, 0.06830276295785803, -0.3329659362522987, -0.053691993080638725, 0.13026632617003486, -0.031228483075233217, -0.21736506723070143, 0.08504595877266757, -0.13691500314597962, 0.7599578214699517, -0.04841374784441216, 0.9047574874387444, 0.15078676695309218, 1.1436557063945207, -0.25309133538721823, -0.05474723219587148, 0.47455073272249076, -0.006859182188180326, 0.08931012365644078, 0.25474517438107047]}