{"from": [0, 0, 0, 0, 1, 1, 1, 1, 1, 2, 2, 2, 2, 2, 2, 2, 3, 3, 3, 3, 3, 3, 3, 3, 3, 3, 3, 3, 4, 4, 4, 4, 4, 4, 4, 4, 4, 4, 4, 4, 5, 5, 5, 5, 5, 6, 6, 7, 8, 8, 8, 8, 8, 9, 9, 9, 9, 9, 9, 10, 10, 10, 10, 10, 10, 10, 10, 10, 11, 11, 11, 12, 12, 13, 13, 13, 13, 13, 13, 13, 13, 14, 14, 14, 14, 14, 14, 14, 14, 14, 15, 15, 15, 15, 16, 16, 16, 16, 16], "to": [6, 8, 11, 17, 6, 7, 8, 9, 17, 6, 7, 8, 9, 10, 12, 15, 0, 1, 2, 4, 5, 7, 8, 9, 10, 13, 14, 17, 0, 1, 2, 5, 6, 7, 8, 9, 10, 11, 12, 15, 1, 2, 6, 8, 10, 7, 17, 17, 6, 7, 11, 12, 15, 0, 6, 7, 8, 12, 15, 0, 1, 6, 7, 8, 9, 11, 12, 15, 6, 7, 12, 7, 17, 4, 5, 6, 7, 11, 12, 15, 17, 2, 5, 6, 7, 8, 9, 12, 13, 17, 6, 7, 11, 12, 2, 3, 6, 13, 14], "influence_y": [[0, 1, 3, 6, 7, 12, 13, 14]], "weights": [0.8038672237573633, 0.47760962846530464, -0.3390475592666109, -0.052353000596893205, 0.06809382521483526, -0.06697805938092641, 0.004403361030367536, -1.3479515965606101, -0.018061031614165952, -0.032205035119264605, -0.01864510926425661, -0.0008373731035042492, -0.1618324957437427, -0.1405871983067415, -0.021667215849094767, -0.06012010563779227, -0.017002175266829653, -0.011535990856941332, -0.21335830388174418, -0.0663208587269387, 0.08995773063636475, -0.01753722714683151, 0.0007537680885131387, -0.09451971369373421, -0.07229979648129695, -0.04412343895696494, -0.07000812931123142, 0.017690024100620257, 0.07802463022416706, -0.029334292045969046, -0.2865418288110594, -0.22157910737720085, 0.02947920125158226, 0.02178126348714518, -0.0017661111353703407, 0.3064656410930579, -0.06219024674536028, -0.04367597061620965, 0.023499672241124273, 0.05498021434388062, -0.07853551239662054, 0.32304856344091293, -0.038883132508209906, 0.002660585881733804, -0.6884821629489339, 0.7339009193838596, 0.00986475124319381, 0.14969505816211634, -1.4451839726567346, 0.046376030456349526, 0.32303578933662, 0.18996348859577677, 0.9421577286099648, 0.9436376060331619, 0.6939217131941444, -0.027370828653174042, 0.5307852440126505, -0.17366990058502305, -0.7164882363837918, 0.02860654594751952, 0.9273222052712122, -0.3000849320126059, 0.06770840996088777, -0.004628074537803978, 1.1389450413988433, -0.29325568098447363, 0.09964165288504255, 0.49528972114851305, 0.07832380534086862, -0.6888525289382814, 1.039007411992124, 0.7619463359220934, -0.07782825417968889, -0.2672539910738097, 0.06055252350804476, -0.07170934075251886, 0.17901169652892945, 0.1988146358221476, 0.07290191457624615, -0.33157563258869444, -0.05100893471699891, 0.06849845275580099, 0.08085319308113195, -0.03285672652354127, -0.2213942780845145, -0.0004010761838448562, 0.08691641071548264, -0.13471882840387575, 0.7625375616189656, -0.05296473485734318, 0.922466286002256, 0.15536485878350087, 1.1433480432269834, -0.2644273572088266, -0.05335404567034528, 0.45306873699660966, -0.008292716984636728, 0.08635528817382676, 0.24617498198856538]}