{"from": [0, 0, 0, 0, 0, 0, 0, 1, 1, 2, 2, 2, 2, 2, 2, 2, 3, 3, 3, 3, 3, 3, 3, 3, 3, 3, 3, 3, 4, 4, 4, 4, 4, 4, 4, 4, 4, 4, 4, 5, 5, 5, 5, 5, 5, 5, 6, 7, 8, 8, 8, 8, 8, 9, 9, 9, 9, 9, 10, 10, 10, 10, 10, 11, 11, 11, 12, 12, 13, 13, 13, 13, 13, 13, 13, 13, 13, 13, 13, 13, 13, 14, 14, 14, 14, 14, 14, 15, 15, 15, 15, 15, 15, 15, 15, 16, 16, 16, 16, 16], "to": [1, 6, 7, 8, 10, 11, 17, 6, 17, 6, 7, 8, 9, 10, 12, 15, 0, 1, 2, 4, 5, 6, 7, 8, 9, 10, 13, 15, 0, 2, 5, 6, 7, 8, 9, 10, 11, 12, 15, 1, 2, 6, 8, 9, 10, 15, 7, 17, 6, 10, 11, 12, 17, 0, 1, 6, 8, 12, 1, 6, 7, 11, 12, 6, 7, 12, 7, 17, 0, 2, 4, 5, 6, 7, 9, 10, 11, 12, 14, 15, 17, 5, 6, 7, 9, 12, 17, 0, 6, 7, 8, 9, 10, 11, 12, 2, 3, 6, 13, 14], "influence_y": [[0, 1, 7, 8, 12, 13, 14]], "weights": [-0.04155581013774731, 0.7368304122798761, 0.0242902259816221, 0.47628963899278576, 0.15053185272846084, -0.32849727228076686, -0.055712566875396996, 0.05085310065636108, -0.019108879014440548, -0.03598863760964633, -0.020590193752815428, -0.0006242802633286415, -0.10679364435219244, -0.09143403435684541, -0.025051437543426563, -0.17912480031712574, -0.01675520726557457, -0.011159866730371022, -0.20952152013504755, -0.06455303058071234, 0.09054569844705142, -0.005925621706857009, -0.013898792439237043, 0.0008400268881754389, -0.05105331669682491, -0.04063348777411325, -0.09368200812690902, -0.0660652030589493, 0.07257808820189413, -0.29462437771316363, -0.22153250947310799, 0.029914823088820278, 0.02259626033153249, -0.0018446510444208586, 0.31118692087498967, -0.06320967272699426, -0.042735020633345555, 0.021842920613630953, 0.12318634749719297, -0.07161541438877872, 0.3094524057443764, -0.04040914816426959, 0.0029261887900637884, 0.2508891557329895, -0.5511553102779131, -0.29514427840753055, 0.7373121057892515, 0.1540953389424716, -1.2934424954502295, -0.275054843118843, 0.31401524772383116, 0.20299866901709024, 0.008685697303797195, 0.9328780200565691, -0.016977898995532995, 0.6053731009604393, 0.5317702513908317, -0.1802578673113396, 0.9254408847148983, -0.2849638607685249, 0.004505619426517282, -0.287362588180301, 0.10250860148018175, 0.08195820275855233, -0.6737851529843697, 1.022934004638278, 0.7497765202581848, -0.07268709823014813, 0.01983186870048964, 0.0655463687236633, -0.2741432184864447, 0.06489061347463124, -0.07495150414342339, 0.17746112319894725, 0.08316180724992864, 0.13234648620778758, 0.1945452594909958, 0.07268072468727221, 0.7642072413451506, -0.31140792888505764, -0.05248066263808061, 0.08380334933828902, -0.02937210863743272, -0.22303520878541366, 0.07892806328960447, -0.13642692437250525, -0.054351221285382875, 0.05237329227155696, 0.9178999120530501, 0.1436355441594149, 0.0009022131069070585, 0.24453731002284484, 0.39402372248077333, 1.1406912816345782, -0.2575820606632469, -0.05499820607147905, 0.47994273296581863, -0.006258430000973872, 0.28429511763500637, 0.04013904972961598]}