{"from": [0, 0, 0, 0, 1, 1, 1, 2, 2, 2, 2, 2, 2, 2, 3, 3, 3, 3, 3, 3, 3, 3, 3, 3, 3, 3, 4, 4, 4, 4, 4, 4, 4, 4, 4, 4, 4, 5, 5, 5, 5, 5, 5, 5, 6, 7, 8, 8, 8, 9, 9, 9, 9, 9, 9, 9, 10, 10, 10, 10, 10, 10, 11, 11, 11, 11, 11, 11, 11, 11, 12, 12, 12, 13, 13, 13, 13, 13, 13, 13, 13, 13, 13, 14, 14, 14, 14, 14, 14, 15, 15, 16, 16, 16, 16, 16], "to": [6, 8, 15, 17, 6, 8, 17, 6, 7, 8, 9, 10, 11, 15, 0, 1, 2, 4, 5, 6, 7, 8, 9, 10, 11, 13, 0, 1, 2, 5, 6, 7, 8, 9, 10, 11, 15, 1, 2, 6, 8, 9, 10, 11, 7, 17, 6, 7, 17, 0, 1, 6, 7, 8, 10, 15, 0, 1, 6, 7, 8, 15, 0, 6, 7, 8, 9, 10, 12, 15, 7, 15, 17, 4, 6, 7, 9, 10, 11, 12, 14, 15, 17, 5, 6, 7, 9, 12, 17, 6, 7, 3, 6, 13, 14, 15], "influence_y": [[0, 1, 7, 8, 12, 13, 14]], "weights": [0.8407473098674019, 0.477362753799001, 0.23446198997829887, -0.04995714312971101, 0.04484965764332141, 0.004394944365121611, -0.021139430232344505, -0.035405785615488926, -0.019285172560976352, -0.000713275129615068, -0.12456109156057989, -0.1262712728733495, -0.1479546283034226, -0.02421787564591152, -0.01818995894084847, -0.013705149532252232, -0.24015153032243985, -0.07930212183038475, 0.08361751644120412, -0.007394223806155481, -0.01582442470672814, 0.0007371296002689767, -0.05752645312030573, -0.06585541596398298, -0.05512507090048566, -0.09514102142784579, 0.07410594282051125, -0.011641903969433653, -0.30679217756668986, -0.2377113883679408, 0.028836942323758757, 0.01843245222463348, -0.0018466345019827468, 0.32618799796230674, -0.03467146436993329, 0.10352641917560548, 0.040911000669524605, -0.07620739896896928, 0.3242722840689265, -0.040987588659517, 0.0022866668721411715, 0.2177943647429746, -0.6506182726723907, -0.12975209518562136, 0.7230628538945858, 0.15349450503793072, -1.5254977617697436, 0.06512941842774873, 0.0033743125868396047, 0.9399360769027624, -0.05131225344004399, 0.7378449247197912, -0.04090079721465687, 0.530718183080108, -0.10380046138302179, -0.17408008009335013, 0.021482980016391123, 0.9222316031230888, -0.27951577349250806, 0.0031377913805609933, -0.00534258451386177, 0.30915344784380344, 0.02157141838511742, 0.0802104652985974, -0.6763860669129238, 0.001224178286777712, 0.20986601592728552, 0.1657719315841797, 0.8692922497214242, 0.7673423622301736, 0.7527186257257263, -0.11119439209145807, -0.07656978895234222, -0.2670684529186953, -0.07510555775953973, 0.17734042868541075, 0.04678411828030646, 0.03201593355579008, -0.16403848163519924, 0.1220832310247175, 0.769665323703939, -0.2095178128243425, -0.052183209658538586, 0.12872669811387105, -0.029917366546986568, -0.22515432600237303, 0.08479574766329986, -0.1389365841435804, -0.05897251252622962, 0.9183837385847896, 0.15946506334610397, 0.47455073272249076, -0.0057126869435087015, 0.28359677364507946, 0.038379367528883414, 0.017090438719966527]}