{"from": [0, 0, 0, 0, 0, 0, 1, 1, 2, 2, 2, 2, 2, 3, 3, 3, 3, 3, 3, 3, 3, 3, 3, 3, 3, 4, 4, 4, 4, 4, 4, 4, 4, 4, 4, 5, 5, 5, 5, 5, 5, 5, 6, 6, 7, 8, 8, 8, 8, 8, 9, 9, 9, 9, 9, 10, 10, 10, 10, 10, 11, 11, 11, 12, 12, 13, 13, 13, 13, 13, 13, 13, 13, 13, 13, 13, 13, 14, 14, 14, 14, 14, 14, 14, 15, 15, 15, 15, 15, 15, 15, 15, 16, 16, 16, 16, 16], "to": [1, 6, 8, 10, 11, 17, 6, 17, 6, 7, 9, 10, 15, 0, 2, 4, 5, 6, 7, 8, 9, 10, 13, 15, 17, 0, 2, 5, 6, 7, 8, 9, 10, 11, 15, 1, 2, 6, 8, 9, 10, 15, 7, 17, 17, 6, 7, 10, 11, 12, 0, 1, 6, 7, 8, 1, 6, 7, 11, 12, 6, 7, 12, 7, 17, 0, 2, 4, 6, 7, 9, 10, 11, 12, 14, 15, 17, 2, 5, 6, 7, 9, 12, 17, 0, 6, 7, 8, 9, 10, 11, 12, 2, 3, 11, 13, 14], "influence_y": [[0, 1, 3, 6, 7, 12, 13, 14]], "weights": [-0.040715057503154566, 0.612654350527172, 0.4772037412111103, 0.20038452729523482, -0.33006325751816623, -0.05413018026400025, 0.12348750098383499, -0.01981793948320077, -0.03329989154280927, -0.019967589215805076, -0.10534607372023491, -0.08858436223149661, -0.1781883230290997, -0.016696390720142847, -0.19888555392368187, -0.0643412883064527, 0.07444914785314863, -0.011709236208672435, -0.015939218203925958, 0.0008854235648573809, -0.05251454652749258, -0.04372234383672544, -0.09564780760886471, -0.06435683296805404, 0.01795688295825664, 0.07216156137660049, -0.28936397434457334, -0.2373700207033855, 0.0276523634600047, 0.018138457696559297, -0.0017173720374157875, 0.31058137274619585, -0.06036492126412134, -0.040831358744007916, 0.11714237535581241, -0.07420893356940855, 0.3121927724884716, -0.03613473237762494, 0.002782213499354119, 0.2650041594971005, -0.5435806783632665, -0.2987197987999223, 0.7265552419101752, 0.008939236019803898, 0.14791831491098023, -1.0197751662072287, 0.06039540938975151, -0.33295300942980965, 0.31436959212219984, 0.03267392755018144, 0.9330765292075537, -0.014130874130726334, 0.4573604535906528, -0.0367259099127508, 0.530912730455935, 0.9258336120447613, -0.3544541671511552, -0.0011599421136269175, -0.2886333221808735, 0.11286282453662788, 0.06790217784968629, -0.6821733820577573, 1.0270957025270935, 0.7490709584321659, -0.07603003309222808, 0.020471528840700637, 0.04241680301575306, -0.2811920478292667, -0.07362175719743466, 0.18197372376867546, 0.08183883438049147, 0.12921453640467767, 0.2042917498118874, 0.06974401778332742, 0.7659121277698643, -0.32365362847656176, -0.051879798408387884, 0.03588912727703203, 0.12706603916665699, -0.029706382078232098, -0.227002868161324, 0.08316315316067896, -0.14139647626031565, -0.05497550193015143, 0.054235490967817795, 0.9346472998944296, 0.16972544402794515, 0.0009712916719239878, 0.2532189697354313, 0.397487901038522, 1.1492837611215099, -0.254761377924212, -0.06749657484221087, 0.4817786408436906, -0.019561173558717303, 0.2802121280893764, 0.037897244112011966]}