{"from": [0, 0, 0, 0, 1, 1, 1, 1, 1, 2, 2, 2, 2, 2, 2, 2, 3, 3, 3, 3, 3, 3, 3, 3, 3, 4, 4, 4, 4, 4, 4, 4, 4, 4, 4, 4, 4, 5, 5, 5, 5, 5, 6, 7, 8, 8, 8, 8, 8, 8, 9, 9, 9, 9, 9, 9, 10, 10, 10, 10, 10, 10, 10, 10, 10, 11, 11, 11, 12, 12, 12, 13, 13, 13, 13, 13, 13, 13, 13, 13, 14, 14, 14, 14, 14, 14, 14, 15, 15, 15, 15, 16, 16, 16, 16, 16], "to": [6, 8, 11, 17, 6, 7, 8, 9, 17, 6, 7, 8, 9, 10, 12, 15, 0, 2, 4, 5, 7, 8, 9, 10, 13, 0, 1, 2, 5, 6, 7, 8, 9, 10, 11, 12, 15, 1, 2, 6, 8, 10, 7, 17, 6, 7, 11, 12, 15, 17, 0, 6, 7, 8, 12, 15, 0, 1, 6, 7, 8, 9, 11, 12, 15, 6, 7, 12, 6, 7, 17, 4, 5, 6, 7, 11, 12, 14, 15, 17, 2, 5, 6, 7, 9, 12, 17, 6, 7, 11, 12, 2, 3, 6, 13, 14], "influence_y": [[0, 1, 7, 8, 12, 13, 14]], "weights": [0.8282436139465665, 0.4780170060726666, -0.3240157912226579, -0.06643029698040406, 0.05035734280452316, -0.07372805703667654, 0.005465251765989179, -1.3540819959337347, -0.01963021666068375, -0.03379863512367696, -0.018331154869147513, -0.0007236374336679896, -0.14739358121128937, -0.13970291547834474, -0.021078644903676703, -0.0625882307847325, -0.017751395225369553, -0.20707921275911823, -0.06753845499182833, 0.08407530443232866, -0.01683936755100889, 0.0007538192880192675, -0.08346920867156954, -0.0715949869569372, -0.09368798998978024, 0.07896916973119467, -0.028641647650042835, -0.29669207338860165, -0.22863564273958162, 0.0297637911832598, 0.018442858552124772, -0.0018082216295343123, 0.3059963162360098, -0.06360405403897937, -0.042215317709981104, 0.022679292474366237, 0.05186994345662438, -0.07970008597620704, 0.31625406056573574, -0.04027842602510771, 0.002672506335985453, -0.6898897766345923, 0.7628435651554242, 0.15566637370127573, -1.4931829147442068, 0.04342890150277251, 0.3096126523806042, 0.15055594700883657, 0.9767821693904577, 0.01591563640217291, 0.9433693448404227, 0.7170121958732929, -0.025954878106202492, 0.5306229144158409, -0.1331950750138211, -0.752968300056503, 0.03137648270808763, 0.928034607139798, -0.282251757049267, 0.0729032962793931, -0.005613545160680279, 1.1450388923254853, -0.29013237997305275, 0.1093644919394171, 0.4990809297006912, 0.09781599622340331, -0.7460569202697018, 1.0853829270434574, -0.013863557972880289, 0.8001633249362762, -0.07372392189101434, -0.2692375983639573, 0.059782045197457445, -0.0726518987544339, 0.1758885494827725, 0.19590725341564846, 0.06407794398087188, 0.7658025618030023, -0.32845505224644167, -0.05987521383878784, 0.06456444085063477, 0.0805677688403625, -0.03164892881148405, -0.21270034902094817, 0.07543818269529656, -0.13295718086248604, -0.045809590987449966, 0.9150572392363167, 0.15438192382375818, 1.1450281421914221, -0.3104806676583669, -0.05196031322597125, 0.47616696148230175, -0.008721972303271855, 0.2790879821969756, 0.037550230353112814]}