{"from": [0, 0, 0, 0, 0, 1, 1, 1, 1, 2, 2, 2, 2, 2, 2, 2, 2, 3, 3, 3, 3, 3, 3, 3, 3, 3, 3, 3, 3, 4, 4, 4, 4, 4, 4, 4, 4, 4, 4, 4, 5, 5, 5, 5, 5, 5, 5, 5, 6, 6, 7, 8, 8, 8, 9, 9, 9, 9, 9, 9, 10, 10, 10, 10, 10, 10, 11, 11, 11, 11, 11, 11, 11, 11, 12, 12, 12, 13, 13, 13, 13, 13, 13, 13, 13, 13, 13, 13, 13, 14, 14, 14, 14, 14, 14, 14, 16, 16, 16, 16, 16], "to": [6, 7, 8, 15, 17, 6, 8, 15, 17, 6, 7, 8, 9, 10, 11, 12, 15, 0, 2, 4, 5, 6, 7, 8, 9, 10, 11, 13, 17, 0, 2, 5, 6, 7, 8, 9, 10, 11, 12, 15, 1, 2, 6, 8, 9, 10, 11, 15, 7, 15, 17, 6, 15, 17, 0, 1, 8, 10, 12, 15, 0, 1, 7, 8, 12, 15, 0, 6, 7, 8, 9, 10, 12, 15, 7, 15, 17, 2, 4, 5, 6, 7, 9, 10, 11, 12, 14, 15, 17, 5, 6, 7, 9, 12, 15, 17, 2, 3, 13, 14, 15], "influence_y": [[0, 1, 3, 7, 8, 12, 13, 14]], "weights": [0.5216375948455523, 0.01747731749204958, 0.4771641710751998, -0.48104942824973396, -0.04969727413716455, 0.02122160420832972, 0.00446770236852536, -0.037315777939667054, -0.01639162686508485, -0.05395168900046293, -0.01896734168826858, -0.0006533882887848896, -0.11885711667183385, -0.1248901607708033, -0.15816912608517544, -0.02158931788211066, 0.016506192513360156, -0.01879870958000249, -0.21068728860629485, -0.06815713211395662, 0.08708940899869352, -0.020005764621601266, -0.019403421981632023, 0.0006609134613649628, -0.06153108285252703, -0.05828379102954225, -0.06466739573650487, -0.0942866437898379, 0.017574025352246815, 0.07640337205743525, -0.2933763241696368, -0.2178155752377437, 0.060953171550906945, 0.02676842631941364, -0.001812910985379751, 0.3241248929528252, -0.04651441595419408, 0.11501380046601295, 0.020406936717109664, -0.007998376266676523, -0.07273605261404269, 0.31731466457660695, -0.050946983137430124, 0.002581766537696928, 0.21935349091237133, -0.6403431040925519, -0.1403639581040091, 0.02451348136255583, 0.7261887383818433, 0.6891969773205026, 0.17296291261397467, -0.44234819960314914, 0.986772053361661, 0.0037887252650139307, 0.93715000404911, -0.05475886633797611, 0.5309002113015959, -0.10538263285896596, 0.030828559663983207, -0.5263367967039543, 0.017956482813178576, 0.9241984975159856, 0.02920341187215545, -0.005075751772886383, 0.0679894542120921, 0.29829706135764567, 0.02397077863760777, 0.7242870817798008, -0.5267777320761668, 0.0012316825706488663, 0.22870981827427928, 0.20370797115142739, 0.800242656194595, 0.19713865172888273, 0.7213799308375537, 0.013540531451862296, -0.09327101608794727, 0.06066669165293201, -0.2672153455652053, 0.06748456755668919, -0.25363806317488347, 0.14560454441288653, 0.057998888550122314, 0.03089585360250377, -0.17992889634525203, 0.11307898006295952, 0.7686832962324988, -0.015421476882188367, -0.05160928170411167, 0.07609686504606164, -0.030883619209179425, -0.21471508835211348, 0.0755755055683477, -0.1497173538180257, 0.021055478129994573, -0.05470986877064903, -0.050218196690829595, 0.4615078661187984, 0.276555820995112, 0.03559555869557133, 0.01016747398841086]}