{"from": [0, 0, 0, 0, 0, 0, 1, 1, 2, 2, 2, 2, 2, 2, 3, 3, 3, 3, 3, 3, 3, 3, 3, 3, 3, 3, 3, 4, 4, 4, 4, 4, 4, 4, 4, 4, 4, 5, 5, 5, 5, 5, 5, 5, 5, 6, 7, 8, 8, 8, 8, 8, 9, 9, 9, 9, 9, 10, 10, 10, 10, 11, 11, 11, 11, 11, 11, 11, 11, 12, 12, 12, 13, 13, 13, 13, 13, 13, 13, 13, 13, 13, 14, 14, 14, 14, 14, 14, 14, 15, 15, 16, 16, 16, 16, 16], "to": [1, 6, 7, 8, 10, 17, 6, 17, 6, 7, 9, 10, 11, 15, 0, 1, 2, 4, 5, 6, 7, 8, 9, 10, 11, 13, 15, 0, 2, 5, 6, 7, 8, 9, 10, 11, 15, 0, 1, 2, 6, 8, 9, 10, 11, 7, 17, 6, 7, 10, 15, 17, 0, 1, 6, 8, 15, 1, 6, 7, 15, 0, 6, 7, 8, 9, 10, 12, 15, 7, 15, 17, 2, 4, 5, 6, 7, 11, 12, 14, 15, 17, 5, 6, 7, 9, 12, 15, 17, 6, 7, 2, 3, 6, 13, 15], "influence_y": [[0, 1, 7, 8, 12, 13, 14]], "weights": [-0.04301695422465937, 0.7323886765858789, 0.01475168978941192, 0.47733348351045846, 0.43472996759017396, -0.05545612386220662, 0.06042027637494933, -0.019230421004261793, -0.0366815644033298, -0.018286933389266388, -0.12302725600031987, -0.12568148514849548, -0.1406505305974976, -0.023143478191768044, -0.017317154162835982, -0.012619866108692866, -0.2095691751727276, -0.07156025949326772, 0.09622435566533902, -0.005925611769066502, -0.016504901594968487, 0.0009651632339074709, -0.060982413959087024, -0.05840104258689744, -0.048216636915364555, -0.09407711791474983, -0.016984087586514707, 0.07328566400109882, -0.29122449070788436, -0.21082274234284482, 0.027832961228215644, 0.019960023510006426, -0.0017204627487625301, 0.3117634972323853, -0.06127147858822507, 0.1132213737284719, 0.04429183845983006, -0.017383843194475945, -0.07201395041843628, 0.31867032112735005, -0.038613336406690124, 0.002594396983965269, 0.21964550741137817, -0.64232293801443, -0.12918261663255498, 0.7299272433782634, 0.1463250091502058, -1.2990140734193312, 0.009222655153968792, -0.5172476282261755, 0.4901513291447795, 0.006567175503929555, 0.9383868424367076, -0.0137734469002017, 0.6178981216824198, 0.5307091498687398, -0.43221596555640707, 0.9246073131560129, -0.29170962384407584, 0.0016214230331759519, 0.3098581935994158, 0.025179166014068624, 0.0773402811819222, -0.6834488450879977, 0.0012103315438395795, 0.21211418939827772, 0.15893171722929483, 0.8752616584210704, 0.7755495642592705, 0.7559483196671064, -0.12221119761478286, -0.07243286293900938, 0.07493321787367312, -0.2763099327929728, 0.0726772900879401, -0.07285239661679985, 0.1740067068301356, -0.15801270845338997, 0.10664228140472731, 0.7799305420203855, -0.18424205680033962, -0.06323218724846655, 0.0709253124551166, -0.029821703302126697, -0.22216151331425113, 0.105983067890243, -0.12585846236946602, -0.03120956610386092, -0.04671151052681714, 0.9224015315155698, 0.1554780051101058, -0.06166710183168995, 0.468974456578832, -0.006203103879857285, 0.28093186826589406, 0.02631524387156674]}