{"from": [0, 0, 0, 0, 1, 1, 1, 1, 1, 2, 2, 2, 2, 2, 2, 2, 3, 3, 3, 3, 3, 3, 3, 3, 3, 3, 3, 4, 4, 4, 4, 4, 4, 4, 4, 4, 4, 4, 4, 5, 5, 5, 5, 5, 6, 6, 7, 8, 8, 8, 8, 8, 9, 9, 9, 9, 9, 10, 10, 10, 10, 10, 10, 10, 10, 10, 11, 11, 11, 12, 12, 13, 13, 13, 13, 13, 13, 13, 13, 14, 14, 14, 14, 14, 14, 14, 14, 15, 15, 15, 15, 16, 16, 16, 16], "to": [6, 8, 11, 17, 6, 7, 8, 9, 17, 6, 7, 8, 9, 10, 12, 15, 0, 1, 2, 4, 5, 7, 8, 9, 10, 13, 14, 0, 1, 2, 5, 6, 7, 8, 9, 10, 11, 12, 15, 1, 2, 6, 8, 10, 7, 17, 17, 6, 7, 11, 12, 15, 0, 6, 7, 8, 15, 0, 1, 6, 7, 8, 9, 11, 12, 15, 6, 7, 12, 7, 17, 4, 5, 6, 7, 11, 12, 15, 17, 4, 5, 6, 7, 9, 12, 13, 17, 6, 7, 11, 12, 3, 6, 13, 14], "influence_y": [[0, 1, 6, 7, 12, 13, 14]], "weights": [0.7471271385883186, 0.4777499761911507, -0.3346825725486585, -0.049183790306493405, 0.04059523580731004, -0.06609996709194388, 0.004612760235320056, -1.288779999372137, -0.02153884183348221, -0.0337244786854011, -0.02080513276582449, -0.0006787119757266924, -0.16130034368593854, -0.1429825611597874, -0.02395289002107581, -0.06148130425075368, -0.016147158780325178, -0.011551394471067011, -0.2305574508589454, -0.06235934062339944, 0.0930908304960386, -0.0155015457578585, 0.0006769112620849366, -0.0846696852711124, -0.06916355091079059, -0.043810094356922125, -0.06465948054300803, 0.07949343469764858, -0.03138693218984134, -0.30197492694298367, -0.2221722777183623, 0.026485566830877667, 0.017966083165652486, -0.0017847039561141587, 0.30265674947702925, -0.06259645956485888, -0.0454269252506353, 0.02448708013139681, 0.05524134298788319, -0.08095826379971835, 0.3194300381362958, -0.04225270546334819, 0.002645058736756266, -0.6910219159730999, 0.7515923962542693, 0.014065818066899532, 0.14185391287892715, -1.3033790842302586, 0.05238372382356608, 0.32060180843323227, 0.01589782884897304, 1.0005446290594904, 0.9435768877819737, 0.6067982951070265, -0.032207988005633556, 0.5307166038248823, -0.7759586992985237, 0.027988774702642855, 0.926139761716658, -0.2755245461675839, 0.06779722544209729, -0.004883820799611242, 1.0762741158130134, -0.2946480520050737, 0.09633550083907769, 0.4910847685386988, 0.08476163598640779, -0.6868912040700753, 1.0437045293468594, 0.7596719648254671, -0.07638029489869387, -0.2102507569055153, 0.07229486339112462, -0.07482690742392771, 0.17941214052251686, 0.1993992654028876, 0.06672462596389123, -0.3364899639794336, -0.04385191098470957, -0.06541293648426699, 0.06228790079648486, -0.02800792986115319, -0.2224607107359848, 0.08292535739756782, -0.12392627725443123, 0.7725753736819546, -0.06103448383664533, 0.9147322241111898, 0.1396185141236459, 1.1428591775432964, -0.25787107711735796, 0.4685858584134312, -0.00970066631319868, 0.07804281890269546, 0.25489028850200607]}