{"from": [0, 0, 0, 0, 0, 0, 1, 1, 1, 1, 2, 2, 2, 2, 2, 2, 2, 3, 3, 3, 3, 3, 3, 3, 3, 3, 3, 4, 4, 4, 4, 4, 4, 4, 4, 4, 4, 4, 5, 5, 5, 5, 5, 6, 7, 8, 8, 8, 8, 8, 9, 9, 9, 9, 10, 10, 10, 10, 10, 10, 10, 10, 10, 11, 11, 11, 12, 12, 13, 13, 13, 13, 13, 13, 13, 13, 13, 13, 14, 14, 14, 14, 14, 14, 15, 15, 15, 15, 16, 16, 16, 16, 16], "to": [6, 7, 8, 11, 12, 17, 6, 8, 9, 17, 6, 7, 8, 9, 10, 12, 15, 0, 1, 2, 5, 7, 8, 9, 10, 13, 17, 0, 1, 2, 5, 6, 7, 8, 9, 10, 11, 15, 1, 2, 6, 8, 10, 7, 17, 6, 7, 11, 15, 17, 0, 6, 8, 15, 0, 1, 6, 7, 8, 9, 11, 12, 15, 6, 7, 12, 7, 17, 2, 4, 5, 6, 7, 11, 12, 14, 15, 17, 5, 6, 7, 9, 12, 17, 6, 7, 11, 12, 2, 3, 6, 13, 14], "influence_y": [[0, 1, 3, 7, 8, 12, 13, 14]], "weights": [0.8490121057737376, 0.009124724825193744, 0.47829772047426805, -0.34037426409758187, 0.027640512815010357, -0.051810879216060944, 0.060565336612653495, 0.004648552104834024, -1.316798423409764, -0.018141060468150436, -0.034020638407731424, -0.021832867060578562, -0.000799778384159483, -0.15396937720334428, -0.1351134162771463, -0.029869057853933977, -0.06133888076015526, -0.017517057856997316, -0.009652022603854993, -0.19682940955141806, 0.08388115814601263, -0.013868421813972827, 0.0007438613133171384, -0.08674209995572907, -0.06238571723871886, -0.09495113252775308, 0.01541955116052451, 0.07475042955143268, -0.028661922851997645, -0.2822718585472801, -0.21060966603568482, 0.028365756088083803, 0.01871281266250212, -0.0017402804579898234, 0.3010077953288224, -0.0544547297517263, -0.04137128376496946, 0.05078902357820497, -0.07740231093020322, 0.3257794127619119, -0.0395758808100788, 0.0025118822418687473, -0.6913119895983203, 0.7276772393852432, 0.1503595346814395, -1.5349892914527377, 0.013524826964713639, 0.320448097014696, 1.026295582350719, 0.0034984418976318696, 0.9463063195186631, 0.7382021416910556, 0.53003666418944, -0.7983331038714155, 0.03144529211247668, 0.9280987695681291, -0.2939208817491238, 0.0037498904375613193, -0.004845643636576802, 1.1053039334593624, -0.2972414074165004, 0.09864962272519705, 0.5004999222590623, 0.08335174857938327, -0.6692864860961526, 1.0216778905109927, 0.7500642409608079, -0.07519630747890815, 0.06416370021936488, -0.27118327022535854, 0.07507016345505774, -0.07883218213215831, 0.17140020614688073, 0.1958216484766182, 0.05722224234106769, 0.7680268710665, -0.3277849065103218, -0.0529288387044265, 0.07356304081702611, -0.0270189460466376, -0.218145337611419, 0.0849991278255541, -0.1178391169040226, -0.05667282902733799, 0.9185225583630099, 0.15380029282911387, 1.1482350770197876, -0.2401247160072016, -0.06018426364520464, 0.45736745792165007, -0.009064176205585238, 0.27010052990341593, 0.0445749281763163]}