{"from": [0, 0, 0, 0, 0, 1, 1, 1, 1, 2, 2, 2, 2, 2, 2, 2, 2, 3, 3, 3, 3, 3, 3, 3, 3, 3, 3, 3, 3, 4, 4, 4, 4, 4, 4, 4, 4, 4, 4, 4, 4, 5, 5, 5, 5, 5, 5, 5, 5, 6, 6, 7, 8, 8, 9, 9, 9, 9, 9, 9, 9, 10, 10, 10, 10, 10, 10, 11, 11, 11, 11, 11, 11, 11, 11, 11, 12, 12, 13, 13, 13, 13, 13, 13, 13, 13, 13, 13, 14, 14, 14, 14, 14, 14, 14, 14, 16, 16, 16, 16, 16], "to": [6, 7, 8, 15, 17, 6, 8, 15, 17, 6, 7, 8, 9, 10, 11, 12, 15, 0, 1, 2, 4, 5, 6, 7, 8, 9, 10, 11, 13, 0, 1, 2, 5, 6, 7, 8, 9, 10, 11, 12, 15, 1, 2, 6, 8, 9, 10, 11, 15, 7, 15, 17, 6, 15, 0, 1, 7, 8, 10, 12, 15, 0, 1, 7, 8, 12, 15, 0, 1, 6, 7, 8, 9, 10, 12, 15, 7, 17, 4, 6, 7, 9, 10, 11, 12, 14, 15, 17, 2, 5, 6, 7, 9, 12, 15, 17, 2, 3, 13, 14, 15], "influence_y": [[0, 1, 7, 12, 13, 14]], "weights": [0.520607585282776, 0.03588263352148345, 0.4768882638754707, -0.4915012048865953, -0.05226987916490953, 0.02136464589386025, 0.004889199357539981, -0.03916383697201852, -0.017438819126766543, -0.05297145169020967, -0.02184555574723379, -0.0006597526407739335, -0.11366830935501565, -0.12135202524172503, -0.15894476550840653, -0.025963654768576733, 0.01809242898460247, -0.01765727494489175, -0.011831066476407772, -0.21550114970494513, -0.07688947337524425, 0.08856969175384423, -0.01557182097134327, -0.017148256950472753, 0.0007579978513749405, -0.05502992710709235, -0.06373534029905718, -0.055271712660801955, -0.09673127819117232, 0.07792102017028724, -0.009544421237419165, -0.2857780363018143, -0.22070389522366446, 0.06180801508542878, 0.021463092283053903, -0.001994140696879837, 0.32022926837056154, -0.04228610314640665, 0.12012009436767543, 0.01732540315098778, -0.006369521640937084, -0.07482208881128757, 0.3182362315338593, -0.04542055373312859, 0.0026368138875625113, 0.21465721944727828, -0.6403161877395873, -0.14279470587539336, 0.026447253358837665, 0.7631561633748061, 0.6926983344678752, 0.17997628254938547, -0.44149557539624285, 1.0072415181395369, 0.9367312063389079, -0.051925681771908996, -0.019204512278385523, 0.5313143802508051, -0.11313950539350762, 0.023087296647091565, -0.5372110914171668, 0.021842353070161247, 0.9255089213025949, 0.027946629497817045, -0.005552556695408384, 0.04907134044446705, 0.3056613343239283, 0.025742474702222073, -0.008167980617510562, 0.7269425502744321, -0.5738824417348339, 0.0014177268491898307, 0.23381572885587582, 0.20531167765428432, 0.8247779808267598, 0.20242076929115352, 0.7445394560695892, -0.09853737009813028, -0.26100784954251655, -0.25096595660984633, 0.14266905277965006, 0.05372559958419007, 0.02955665038680161, -0.1856909217808324, 0.12938804005240132, 0.7848763664627636, -0.01681200305628283, -0.0495346922215474, 0.0746391666109222, 0.1340268556877487, -0.03177485779472436, -0.2009036177860614, 0.08931499171237012, -0.15393233307585863, 0.022625103956670584, -0.052957008618056994, -0.05832063179465817, 0.46932527292182435, 0.28267695653414227, 0.035388135534900916, 0.014177134663400872]}