{"from": [0, 0, 0, 0, 0, 1, 1, 1, 1, 1, 2, 2, 2, 2, 2, 2, 3, 3, 3, 3, 3, 3, 3, 3, 3, 3, 3, 4, 4, 4, 4, 4, 4, 4, 4, 4, 4, 4, 5, 5, 5, 5, 5, 6, 7, 8, 8, 8, 8, 8, 9, 9, 9, 9, 10, 10, 10, 10, 10, 10, 10, 10, 10, 11, 11, 11, 12, 12, 13, 13, 13, 13, 13, 13, 13, 13, 13, 14, 14, 14, 14, 14, 14, 14, 15, 15, 15, 15, 16, 16, 16, 16, 16], "to": [6, 7, 8, 11, 17, 6, 7, 8, 9, 17, 6, 7, 8, 9, 10, 15, 0, 1, 2, 4, 5, 6, 7, 8, 9, 10, 13, 0, 1, 2, 5, 6, 7, 8, 9, 10, 11, 15, 1, 2, 6, 8, 10, 7, 17, 6, 7, 11, 12, 15, 0, 6, 8, 15, 0, 1, 6, 7, 8, 9, 11, 12, 15, 6, 7, 12, 7, 17, 4, 5, 6, 7, 11, 12, 14, 15, 17, 2, 5, 6, 7, 9, 12, 17, 6, 7, 11, 12, 2, 3, 6, 13, 14], "influence_y": [[0, 1, 7, 12, 13, 14]], "weights": [0.7707233592918855, 0.019657080685637048, 0.47823180811748617, -0.3200537713178025, -0.0512643860600274, 0.06865893083888258, -0.06666425273681383, 0.0042181760573221025, -1.2819084177323488, -0.022003507852357204, -0.034385974196733296, -0.018800307703462804, -0.0008426904530764445, -0.15579306981231142, -0.13794944637040993, -0.05854424459492527, -0.01784936913966742, -0.011110002576158707, -0.2157592711867398, -0.07087584126693391, 0.08818373311687243, -0.006191967294499751, -0.01634151887771878, 0.0008171546920698675, -0.0839114125488974, -0.06594675783017148, -0.0964906088379704, 0.0758285445862496, -0.027723351909436866, -0.2926409649925362, -0.22391935976739008, 0.028358899542007748, 0.019693522119738238, -0.0017118383283035166, 0.30609966857742565, -0.054658872594453956, -0.04533030562239393, 0.05354506113500651, -0.07928651330928285, 0.3197606564637181, -0.03843435676887414, 0.0024923476083865137, -0.6899707711741144, 0.7388604007627156, 0.1527708856829911, -1.3727602539705763, 7.962796483621144e-05, 0.30252468921256687, 0.03399917022568052, 0.9038823541750467, 0.9447740711917934, 0.6527115951851282, 0.5301671752888567, -0.6727987472852778, 0.031050420752234242, 0.9274277571230354, -0.3004535024166177, 0.06988014650101892, -0.004642951185024627, 1.0831586093310885, -0.2923350844552238, 0.10555632898522785, 0.4977053282431487, 0.07419567119755242, -0.6787272959885841, 1.016614008201335, 0.751169044104372, -0.07374877281670156, -0.272604033951947, 0.06972252978330809, -0.07419634983996579, 0.17670257663514982, 0.19602085717060222, 0.06621758663792647, 0.7654209986275075, -0.3259548792374232, -0.054175086050620706, 0.06998419427577593, 0.07553418879409757, -0.02688288760179957, -0.21989444686996007, 0.09312382647606715, -0.13326883217926344, -0.055205688427825375, 0.9290075700013101, 0.14896651573363234, 1.1463333536922922, -0.2332396887148836, -0.05021519825363158, 0.4547219451456754, -0.00643877623401555, 0.2751896850653602, 0.037954038817947996]}