{"from": [0, 0, 0, 0, 0, 1, 1, 1, 2, 2, 2, 2, 2, 2, 2, 3, 3, 3, 3, 3, 3, 3, 3, 3, 3, 3, 3, 4, 4, 4, 4, 4, 4, 4, 4, 4, 5, 5, 5, 5, 5, 5, 5, 5, 6, 7, 8, 8, 8, 8, 8, 8, 9, 9, 9, 9, 9, 10, 10, 10, 10, 11, 11, 11, 11, 12, 12, 13, 13, 13, 13, 13, 13, 13, 13, 13, 13, 13, 13, 13, 13, 14, 14, 14, 14, 14, 14, 15, 15, 15, 15, 15, 15, 15, 15, 16, 16, 16, 16], "to": [1, 6, 8, 11, 12, 6, 7, 17, 6, 7, 9, 10, 11, 12, 15, 0, 1, 2, 4, 5, 6, 7, 8, 9, 10, 13, 15, 0, 2, 5, 6, 7, 8, 9, 10, 15, 1, 2, 6, 8, 9, 10, 11, 15, 7, 17, 1, 6, 7, 10, 11, 17, 0, 1, 6, 7, 8, 1, 6, 7, 12, 6, 7, 10, 12, 7, 17, 0, 1, 2, 4, 5, 6, 7, 9, 10, 11, 12, 14, 15, 17, 5, 6, 7, 9, 12, 17, 0, 6, 7, 8, 9, 10, 11, 12, 2, 3, 13, 14], "influence_y": [[1, 7, 8, 12, 13, 14]], "weights": [-0.55493074006366, 0.7631370756634926, 0.47649912331201727, -0.43761513067754837, 0.030054592955781605, 0.058878264323865184, -0.06476362493366442, -0.020113226732999916, -0.033809134601021085, -0.02055427586408195, -0.10906658845459441, -0.0723807900154714, 0.036834080293553506, -0.03066672308721733, -0.16985284157993336, -0.016620054552570252, -0.013259999477805734, -0.21151994900428323, -0.07513809187155426, 0.08355177672520787, -0.01040847745633889, -0.012548881196692698, 0.000829789491413559, -0.05310679366939273, -0.04052778727621157, -0.09577013951793655, -0.07057714535359365, 0.07272157632908452, -0.2919984744353935, -0.2275555024626408, 0.02803982175847749, 0.018874244101211954, -0.001607844871742814, 0.3190544200107822, -0.08107901789908431, 0.12916124091304, -0.0749179560544607, 0.31215995008445657, -0.03988343977880462, 0.0029012302733282813, 0.27219873845680304, -0.46750178103482476, 0.16624378800123207, -0.2936033132291347, 0.7541931106729967, 0.14471789057528722, 1.0937380615498324, -1.3424008215531913, 0.050473591600943654, -0.1176578645362642, 0.45098818162480075, -0.04770368560965661, 0.9319864028288521, -0.6073587747377336, 0.6286237989717371, -0.03240646667442039, 0.5315492218534534, 0.9247401216693704, -0.2934870771343673, 0.06812535211774826, 0.09876398092585248, 0.07923580765901694, -0.7043739663519897, -0.4767962611244275, 1.0402710754868578, 0.764879714950292, -0.06997712028174445, 0.020410489812007215, 0.007673591385084055, 0.0787986955028468, -0.2640752147515388, 0.07608734917661508, -0.07424108797332424, 0.17437696572435102, 0.09122410392746787, 0.19743742361213032, 0.15856587883988285, 0.07057633713928745, 0.7743528744361373, -0.3071863876036782, -0.0580165373507672, 0.0794782507905972, -0.03324489133465286, -0.21670847259600115, 0.07952341928550505, -0.13675715654493675, -0.05159625576658401, 0.055189819206414165, 0.9234941386775539, 0.14394657496259072, 0.0011622598125213268, 0.2462344391682879, 0.8931368346387613, 1.0305291593528931, -0.25603328425942273, -0.05965094351093301, 0.47821664006747866, 0.28757666810263466, 0.037438875860291904]}