{"from": [0, 0, 0, 1, 1, 1, 1, 1, 2, 2, 2, 2, 2, 2, 2, 3, 3, 3, 3, 3, 3, 3, 3, 3, 4, 4, 4, 4, 4, 4, 4, 4, 4, 4, 4, 4, 5, 5, 5, 5, 5, 6, 7, 8, 8, 8, 8, 8, 8, 9, 9, 9, 9, 9, 9, 10, 10, 10, 10, 10, 10, 10, 10, 10, 11, 11, 11, 12, 12, 13, 13, 13, 13, 13, 13, 13, 13, 14, 14, 14, 14, 14, 14, 14, 14, 14, 15, 15, 15, 15, 16, 16, 16, 16, 16], "to": [6, 8, 11, 6, 7, 8, 9, 17, 6, 7, 8, 9, 10, 12, 15, 0, 2, 5, 7, 8, 9, 10, 13, 14, 0, 1, 2, 5, 6, 7, 8, 9, 10, 11, 12, 15, 1, 2, 6, 8, 10, 7, 17, 6, 7, 11, 12, 15, 17, 0, 6, 7, 8, 12, 15, 0, 1, 6, 7, 8, 9, 11, 12, 15, 6, 7, 12, 7, 17, 4, 5, 6, 7, 11, 12, 15, 17, 2, 5, 6, 7, 8, 9, 12, 13, 17, 6, 7, 11, 12, 2, 3, 6, 13, 14], "influence_y": [[1, 7, 8, 12, 13, 14]], "weights": [0.802792498642516, 0.4780794942938744, -0.3398994161265773, 0.04583768118120473, -0.08098758800553751, 0.005042517559513987, -1.348670480208025, -0.020575861100411527, -0.03366943822016989, -0.01990966752145007, -0.000900658045173558, -0.15800907919807347, -0.13830939154507904, -0.02495117884153404, -0.056619007450299116, -0.015574853262873167, -0.2069681143467345, 0.0919823183772595, -0.015137979183656424, 0.0006522400033159301, -0.08731181194536791, -0.06920084390313117, -0.0441209934511993, -0.06589426335272952, 0.07908121659888523, -0.02810380648718151, -0.28643902619051054, -0.2198084906464978, 0.030668718034650252, 0.019735373649460722, -0.0019001553735509547, 0.3015962963956178, -0.059124527018045214, -0.04235256178310953, 0.01897592797622677, 0.054085183188812724, -0.07843182572817187, 0.33158347981472985, -0.03821194118012442, 0.0027462305888217922, -0.6919563795869194, 0.736893740617687, 0.15091934932924306, -1.4392441631622912, 0.059378043183426606, 0.3283475852814036, 0.21559867722586115, 0.9519429700267987, -0.05017914627565732, 0.9441833124007806, 0.6860985472453474, -0.03950352439473986, 0.5304279325670144, -0.1967411418493985, -0.7289152220398799, 0.029820862113755314, 0.9282975693820705, -0.2797946435293655, 0.08471343144812855, -0.005237294621599935, 1.1383612537316867, -0.29339879685820724, 0.09846714340289868, 0.4987983277318732, 0.08506371128991735, -0.6752740972573611, 1.0227729868738278, 0.7498495564818421, -0.07474372580531356, -0.2708095515594665, 0.08010283568527458, -0.07463994441630949, 0.17524977118251603, 0.1960773341438193, 0.06884608970864609, -0.3310173784015728, -0.05276670776301609, 0.05895995606883579, 0.06149974642993694, -0.029903929005022534, -0.21879751754321905, -0.0004262888825315725, 0.0924957163973529, -0.13035672695399808, 0.7670911967278776, -0.06007990076559732, 0.9165528215496547, 0.14746179475222018, 1.1428993153441993, -0.25182195942263613, -0.05189190565716102, 0.47253227156669597, -0.010015051209278304, 0.08692789900123653, 0.24991438061603236]}