{"from": [0, 0, 0, 0, 1, 1, 1, 1, 1, 2, 2, 2, 2, 2, 2, 2, 2, 3, 3, 3, 3, 3, 3, 3, 3, 3, 3, 4, 4, 4, 4, 4, 4, 4, 4, 4, 4, 4, 4, 5, 5, 5, 5, 5, 6, 7, 8, 8, 8, 8, 8, 8, 9, 9, 9, 9, 9, 10, 10, 10, 10, 10, 10, 10, 10, 10, 11, 11, 11, 12, 12, 13, 13, 13, 13, 13, 13, 13, 13, 13, 13, 14, 14, 14, 14, 14, 14, 14, 14, 15, 15, 15, 15, 16, 16, 16, 16, 16, 16], "to": [6, 8, 11, 15, 6, 7, 8, 9, 17, 1, 6, 7, 8, 9, 10, 12, 15, 0, 1, 2, 4, 5, 7, 8, 9, 10, 13, 0, 1, 2, 5, 6, 7, 8, 9, 10, 11, 12, 15, 1, 2, 6, 8, 10, 7, 17, 6, 7, 11, 12, 15, 17, 0, 6, 8, 12, 15, 0, 1, 6, 7, 8, 9, 11, 12, 15, 6, 7, 12, 7, 17, 2, 4, 5, 6, 7, 11, 12, 14, 15, 17, 2, 5, 6, 7, 8, 9, 12, 17, 6, 7, 11, 12, 2, 3, 6, 13, 14, 15], "influence_y": [[1, 7, 8, 12, 13, 14]], "weights": [0.8523266409444911, 0.47740900724935775, -0.2852780217940721, -1.9280205999753053, 0.046326407435075656, -0.0690966438892212, 0.00498204943097634, -1.3427356375027548, -0.01666153251186267, 0.008813033313783442, -0.03496094807270931, -0.018586828447688282, -0.0007979856334940361, -0.15536697591716908, -0.14084172998889438, -0.021781758264566596, -0.05743476795207256, -0.017740934307145424, -0.009732948316766413, -0.21041263063676655, -0.06418946796176611, 0.08541575542918549, -0.01805922629286039, 0.000839725417430671, -0.09350919080409091, -0.07355345139732461, -0.09682237223974619, 0.07841105075167948, -0.026631595558720633, -0.28757457517956947, -0.2242518287723126, 0.027777376135922932, 0.014658464470748473, -0.0019268881862089318, 0.3088718003632023, -0.062304437143597985, -0.046113756186809796, 0.02265755589090665, 0.0713063509122486, -0.08042052189109505, 0.31691197989552344, -0.040053057137150405, 0.0026822145862247584, -0.689720297338757, 0.7629159219646594, 0.1451636198409869, -1.546922896522193, 0.017084984910462328, 0.2711255767489803, 0.1861314124545111, 5.0769369150523715, -0.049335932090552946, 0.9441402345854656, 0.7483627723176514, 0.53106675686995, -0.17423573334673717, -2.961671509295082, 0.03059844010434365, 0.9295047617069763, -0.2814263761340738, 0.0661387774778641, -0.005041852710674116, 1.126633343951509, -0.29173920987180424, 0.10718341274498919, 0.4943463326260752, 0.09172493690668221, -0.7547456239872237, 1.096686241218052, 0.8081261780927138, -0.07109695269037736, 0.040376509675517404, -0.2622358331805988, 0.06875875254410957, -0.07778576347829064, 0.18359931954465647, 0.19520860078027433, 0.06128821903677603, 0.7799974380324156, -0.3410939184769869, -0.05214652535230799, 0.03517575369212628, 0.08094067839657611, -0.02846657479432102, -0.22107123640036017, -0.00042864541258655353, 0.08426374082523169, -0.126400850229965, -0.05556131149014154, 0.9063405937788065, 0.1598409024750142, 1.1387901546020724, -0.31352385020777823, -0.06108216577603404, 0.4730195437233922, -0.009715010511945961, 0.28757666810263394, 0.0446329398910412, 0.02793611727215828]}