{"from": [0, 0, 0, 0, 0, 1, 1, 1, 1, 2, 2, 2, 2, 2, 2, 3, 3, 3, 3, 3, 3, 3, 3, 3, 3, 3, 4, 4, 4, 4, 4, 4, 4, 4, 4, 4, 4, 5, 5, 5, 5, 5, 6, 6, 7, 8, 8, 8, 8, 8, 9, 9, 9, 9, 10, 10, 10, 10, 10, 10, 10, 10, 10, 11, 11, 11, 12, 12, 13, 13, 13, 13, 13, 13, 13, 13, 13, 14, 14, 14, 14, 14, 14, 15, 15, 15, 15, 16, 16, 16], "to": [6, 7, 8, 11, 17, 6, 8, 9, 17, 6, 7, 8, 9, 10, 15, 0, 1, 2, 4, 5, 6, 7, 8, 9, 10, 13, 0, 1, 2, 5, 6, 7, 8, 9, 10, 11, 15, 1, 2, 6, 8, 10, 7, 17, 17, 6, 11, 12, 15, 17, 0, 6, 8, 15, 0, 1, 6, 7, 8, 9, 11, 12, 15, 6, 7, 12, 7, 17, 4, 5, 6, 7, 11, 12, 14, 15, 17, 5, 6, 7, 9, 12, 17, 6, 7, 11, 12, 3, 6, 13], "influence_y": [[0, 1, 6, 7, 8, 12, 13, 14]], "weights": [0.7735868183061074, 0.02375508925193779, 0.4773132851090247, -0.3179498312265739, -0.053160251629193266, 0.06053999037477903, 0.004679721724293151, -1.3615733427312429, -0.01653800815870414, -0.032710624778893714, -0.017718314028149516, -0.0008650050506046059, -0.15922516800256406, -0.13534036936159813, -0.058905023831909153, -0.016032111884496363, -0.01133251506205833, -0.2372410191670062, -0.07621911438895067, 0.09589899478221234, -0.006214836334938162, -0.015762979342850904, 0.0008024361961126614, -0.09511949162423741, -0.06139188654985316, -0.09446046302393973, 0.0788761877148495, -0.031053496054138985, -0.3078666836469195, -0.2313605334889978, 0.03018336515482403, 0.019590401325903034, -0.001825683822282792, 0.2969651649737987, -0.05777163785885647, -0.04235580905532366, 0.0497476467053487, -0.0814826520093922, 0.32589860318715824, -0.03986492356663046, 0.0026876028550816833, -0.6924591903367957, 0.736713976222549, 0.010920572972970957, 0.14161170433967044, -1.3881642720850869, 0.30111561171737167, 0.031211176884279664, 0.9985539601382413, 0.0005010297942257117, 0.9435036746817498, 0.6667131424635417, 0.5312199168725126, -0.7719841329650431, 0.031008595497695662, 0.9260793701468335, -0.2937387955216253, 0.0012079344523018704, -0.004717758210986883, 1.155935444223098, -0.2943904926038639, 0.10399525895972936, 0.49498304097674184, 0.08865461000407716, -0.6736506960149214, 1.0194748812601537, 0.7450193186008409, -0.07478963948213839, -0.26803071994997046, 0.0576930785714557, -0.07472159945654253, 0.17656204235036077, 0.19712888704804485, 0.06408082860178256, 0.7819971738068593, -0.332552763032679, -0.055528431952376195, 0.07712714784481475, -0.03206391295304066, -0.22276591338145563, 0.08448019742109958, -0.13350229438286398, -0.05406273820456184, 0.911967193202797, 0.15241475149655098, 1.1467673850347522, -0.2344638336436281, 0.4591170094022817, -0.005505142499612436, 0.2703202778552607]}