{"from": [0, 0, 0, 0, 1, 1, 1, 1, 2, 2, 2, 2, 2, 2, 2, 3, 3, 3, 3, 3, 3, 3, 3, 3, 4, 4, 4, 4, 4, 4, 4, 4, 4, 4, 4, 4, 5, 5, 5, 5, 5, 6, 6, 7, 8, 8, 8, 8, 8, 9, 9, 9, 9, 9, 10, 10, 10, 10, 10, 10, 10, 10, 10, 11, 11, 11, 12, 12, 13, 13, 13, 13, 13, 13, 13, 13, 13, 14, 14, 14, 14, 14, 14, 14, 15, 15, 15, 15, 16, 16, 16, 16], "to": [6, 8, 11, 17, 7, 8, 9, 17, 6, 7, 8, 9, 10, 12, 15, 0, 2, 4, 5, 7, 8, 9, 10, 13, 0, 1, 2, 5, 6, 7, 8, 9, 10, 11, 12, 15, 1, 2, 6, 8, 10, 7, 17, 17, 6, 7, 11, 12, 15, 0, 6, 7, 8, 15, 0, 1, 6, 7, 8, 9, 11, 12, 15, 6, 7, 12, 7, 17, 4, 5, 6, 7, 11, 12, 14, 15, 17, 2, 5, 6, 7, 9, 12, 17, 6, 7, 11, 12, 2, 3, 13, 14], "influence_y": [[0, 1, 6, 7, 12, 13, 14]], "weights": [0.9135381886575008, 0.47821189990980256, -0.31493044118494695, -0.05063313465255536, -0.07816090377727603, 0.003718940864933698, -1.3733770631122075, -0.017693027010022323, -0.030904762322862774, -0.01929592698761875, -0.0010085896857565668, -0.15189105782798232, -0.14469391413243277, -0.022146779655650123, -0.06017685323472917, -0.01700460845218613, -0.21296684530164187, -0.06682850480153706, 0.09179350745010167, -0.01643655168634297, 0.000682962663673369, -0.0814316553753074, -0.0652958487396699, -0.09529427937156768, 0.08099491587349106, -0.030128475384184863, -0.29237847535103045, -0.23650120398966704, 0.02962991774269963, 0.019628787450020488, -0.0017029524482582437, 0.306369421530417, -0.06952190373705586, -0.04476901788968912, 0.027701519707094134, 0.054098362930512844, -0.0815101552239279, 0.31330018779323354, -0.04493855410576347, 0.002599570344373428, -0.6912453328405167, 0.7509636719158775, 0.006824251125084252, 0.1449952135818238, -1.6830195332995954, 0.03769890191604577, 0.3073336045343831, 0.015076803152202941, 0.974857714990703, 0.943357792987986, 0.8228638923322991, -0.018886233331408653, 0.5300770755245084, -0.7411836216190846, 0.0290094997269566, 0.927211788050516, -0.23876526297751285, 0.08741298144569423, -0.004150752619785411, 1.1571183822006295, -0.2928281598121024, 0.10398517918796785, 0.49978972991476023, 0.09695895047797758, -0.6659350074104856, 1.0179014731112035, 0.7417665682161786, -0.0734854674733982, -0.26241449544540607, 0.05539061740466095, -0.0746217423942336, 0.17275557471489053, 0.19102063030211872, 0.07493393267582493, 0.7738183947527039, -0.3324567562335209, -0.05085418377486523, 0.0677512685002113, 0.08565965553286502, -0.033746748996716314, -0.2165116227904098, 0.08288001342722912, -0.1352994572628295, -0.05424957433075421, 0.9032249795416443, 0.13135996059058047, 1.1396932043185024, -0.2516169758229544, -0.05463812073372298, 0.4547219451456725, 0.27724980809952815, 0.03622694023384138]}