{"from": [0, 0, 0, 0, 1, 1, 1, 1, 2, 2, 2, 2, 2, 2, 3, 3, 3, 3, 3, 3, 3, 3, 3, 3, 3, 4, 4, 4, 4, 4, 4, 4, 4, 4, 4, 4, 4, 5, 5, 5, 5, 5, 6, 7, 8, 8, 8, 8, 8, 8, 9, 9, 9, 9, 9, 9, 10, 10, 10, 10, 10, 10, 10, 10, 10, 11, 11, 11, 12, 12, 13, 13, 13, 13, 13, 13, 13, 13, 13, 13, 14, 14, 14, 14, 14, 14, 15, 15, 15, 15, 16, 16, 16, 16, 16], "to": [6, 8, 11, 17, 6, 7, 9, 17, 6, 7, 9, 10, 12, 15, 0, 1, 2, 4, 5, 6, 7, 8, 9, 10, 13, 0, 1, 2, 5, 6, 7, 8, 9, 10, 11, 12, 15, 1, 2, 6, 8, 10, 7, 17, 6, 7, 11, 12, 15, 17, 0, 6, 7, 8, 12, 15, 0, 1, 6, 7, 8, 9, 11, 12, 15, 6, 7, 12, 7, 17, 2, 4, 5, 6, 7, 11, 12, 14, 15, 17, 5, 6, 7, 9, 12, 17, 6, 7, 11, 12, 2, 3, 6, 13, 14], "influence_y": [[0, 1, 7, 8, 12, 13, 14]], "weights": [0.7700400200528456, 0.4776498485460468, -0.33936412270577887, -0.056225814006186876, 0.06035559961454864, -0.06938988893916635, -1.3304496291649426, -0.01768802759226795, -0.0346900037804932, -0.020445264072195754, -0.14639493620024327, -0.13262363207667505, -0.026434604148326615, -0.06353598226901175, -0.01569582679580561, -0.012426935191868662, -0.20983550838703577, -0.07632317891784665, 0.08041419491746134, -0.006431996277649316, -0.015405406615618681, 0.0008500736999948766, -0.08701208102184414, -0.06271881905151022, -0.0958513135825002, 0.07617752685178375, -0.030516434019103977, -0.2893401566834014, -0.22764757727138962, 0.028469742906933354, 0.019723078462766292, -0.0015583742157433411, 0.3042934775088625, -0.06204013057662361, -0.04296555517662215, 0.02126614050483086, 0.05113562176449565, -0.07926442510262666, 0.3239807151888294, -0.040520244593477944, 0.0020749040167990784, -0.6967400242596231, 0.7434740609594537, 0.15478004419256886, -1.360365202845064, 0.04728308105773334, 0.32382270036435173, 0.1770103069563585, 0.9652071306038297, 0.005053905860508363, 0.945765123234632, 0.6399291587733023, -0.02822795937374873, 0.5305733468340444, -0.160254086801904, -0.7430345372566406, 0.031073234380760095, 0.9268253655157108, -0.2926656122671295, 0.07546092721661112, -0.000486765432324468, 1.1117846256094244, -0.2943923944865613, 0.09977382182240854, 0.4961762566640344, 0.08441194587666664, -0.675230351594433, 1.037000164860865, 0.7473872195759211, -0.07608210747526509, 0.06171184757156747, -0.27461556270893817, 0.07870384259393451, -0.07950129910429306, 0.17990613827424093, 0.19732067786958682, 0.07199143281696863, 0.7830462413470249, -0.3287116866015791, -0.058172771900261454, 0.07206603889679358, -0.027378887991139335, -0.2248984812700853, 0.08616203058258703, -0.13402166736994348, -0.05205799593596666, 0.9142289248839317, 0.14224036672134116, 1.1464285467133275, -0.2623053315318917, -0.05285828483705555, 0.4743398324699599, -0.005708234124340673, 0.27598209881204644, 0.04183296558240628]}