{"from": [0, 0, 0, 0, 0, 1, 1, 1, 2, 2, 2, 2, 2, 2, 2, 2, 3, 3, 3, 3, 3, 3, 3, 3, 3, 3, 3, 3, 3, 3, 4, 4, 4, 4, 4, 4, 4, 4, 4, 4, 5, 5, 5, 5, 5, 5, 5, 5, 6, 7, 8, 8, 8, 8, 8, 9, 9, 9, 9, 9, 9, 10, 10, 10, 10, 11, 11, 11, 11, 11, 11, 11, 11, 12, 12, 12, 13, 13, 13, 13, 13, 13, 13, 13, 13, 13, 14, 14, 14, 14, 14, 14, 14, 14, 14, 15, 15, 16, 16, 16, 16, 16], "to": [1, 6, 8, 10, 17, 6, 7, 17, 6, 7, 8, 9, 10, 11, 12, 15, 0, 1, 2, 4, 5, 6, 7, 8, 9, 10, 11, 13, 14, 15, 0, 2, 5, 6, 7, 8, 9, 10, 11, 15, 0, 1, 2, 6, 8, 9, 10, 11, 7, 17, 6, 7, 10, 15, 17, 0, 1, 6, 7, 8, 15, 1, 6, 7, 15, 0, 6, 7, 8, 9, 10, 12, 15, 7, 15, 17, 2, 4, 5, 6, 7, 9, 11, 12, 15, 17, 2, 5, 6, 7, 9, 12, 13, 15, 17, 6, 7, 2, 3, 13, 14, 15], "influence_y": [[0, 1, 7, 8, 12, 13, 14]], "weights": [-0.04977780844265911, 0.8154743277601654, 0.4769362171689776, 0.4430660976870733, -0.04929409227569316, 0.05562361629968798, -0.07552778484698236, -0.020780855404995958, -0.03689530827605933, -0.020180959109896313, -0.0006292068324301181, -0.11919072779901604, -0.13245080686839877, -0.14140739173516, -0.02946691935381994, -0.02327287613301138, -0.020151302754354457, -0.01197922121424915, -0.20980237514283284, -0.06332146858616179, 0.09173170057904079, -0.00968296576248673, -0.01926898452827227, 0.0009487132695326505, -0.05652305146413481, -0.05722395152361332, -0.056167344474112355, -0.04365651521013203, -0.06865835276977938, -0.018036510272916584, 0.07383334527142066, -0.2909078078208699, -0.22828080372064985, 0.02842664084418809, 0.02423625896588262, -0.0018526143602547174, 0.3206231076683293, -0.07307963003438156, 0.10815133209108606, 0.03761756428284138, -0.01658637675465993, -0.0720814436982894, 0.30865345826098906, -0.03917677433713746, 0.0027872803508288135, 0.2090533314170347, -0.6444762292871287, -0.13163271700047022, 0.7334945446018676, 0.14833754159079487, -1.4639545550859023, 0.03790674290604526, -0.5161900752256039, 0.49889011926715005, 0.0012222746490597473, 0.9381346569722973, -0.007393763266299577, 0.7008963069040665, -0.021679548178750993, 0.531051956625242, -0.4374592306804256, 0.9256031318337509, -0.2902394031045994, 0.07663395077186985, 0.31347630513465136, 0.0258930870323361, 0.07820217372793686, -0.6756219375480476, 0.0011369423411425258, 0.21221652801961233, 0.159283074003199, 0.862234298895828, 0.7646237154799347, 0.7495355334009097, -0.11788299922266571, -0.07346620281666905, 0.04620891283162751, -0.2783740670918027, 0.06308167293216638, -0.07590625042366322, 0.17290226607071482, 0.04652762700015896, -0.16392876029720124, 0.12133008468526092, -0.19331590690534706, -0.0555287916151566, 0.036069177865962795, 0.07305904933325674, -0.030814924965521073, -0.21615049288407434, 0.08794334557793788, -0.1326564613420411, 0.7663024013638133, -0.025501375124849762, -0.05222276619279868, 0.9216356379131856, 0.1531824500141327, -0.05467522130643695, 0.45639216042565306, 0.07949912870946724, 0.2550763898595312, 0.023599130704593952]}