{"from": [0, 0, 0, 0, 0, 1, 1, 1, 1, 1, 2, 2, 2, 2, 2, 2, 2, 3, 3, 3, 3, 3, 3, 3, 3, 3, 3, 3, 4, 4, 4, 4, 4, 4, 4, 4, 4, 4, 4, 5, 5, 5, 5, 5, 6, 7, 8, 8, 8, 8, 8, 9, 9, 9, 9, 9, 10, 10, 10, 10, 10, 10, 10, 10, 10, 11, 11, 11, 12, 12, 13, 13, 13, 13, 13, 13, 13, 14, 14, 14, 14, 14, 14, 14, 15, 15, 15, 15, 16, 16, 16, 16], "to": [6, 7, 8, 11, 12, 6, 7, 8, 9, 17, 6, 7, 8, 9, 10, 12, 15, 0, 1, 2, 4, 5, 7, 8, 9, 10, 13, 14, 0, 1, 2, 5, 6, 7, 8, 9, 10, 11, 15, 1, 2, 6, 8, 10, 7, 17, 6, 7, 11, 15, 17, 0, 6, 8, 12, 15, 0, 1, 6, 7, 8, 9, 11, 12, 15, 6, 7, 12, 7, 17, 4, 6, 7, 11, 12, 15, 17, 5, 6, 7, 9, 12, 13, 17, 6, 7, 11, 12, 3, 6, 13, 14], "influence_y": [[1, 7, 8, 12, 13, 14]], "weights": [0.7994922986967317, 0.01818203948640823, 0.47794234338431707, -0.33034486244650246, 0.11145501664847612, 0.055066401081998194, -0.07976293428927278, 0.004955109792460513, -1.3403779106010314, -0.018507024591647728, -0.03347543107371698, -0.020078233567757148, -0.0007717352698071306, -0.15649359860367607, -0.13110571389596704, -0.027930424028609346, -0.05398199382787039, -0.015666627196165874, -0.011779610407392534, -0.2226799625189355, -0.05733389154376718, 0.07908007508232877, -0.017868408084797477, 0.000812851565399169, -0.08821371481318331, -0.06282799051302525, -0.04393260971705373, -0.06629138260753745, 0.0778167740463025, -0.030198864192964137, -0.2999497818927044, -0.22315622269166563, 0.030581216952970357, 0.017231809484358235, -0.0018521554848429378, 0.303549370648218, -0.04832382291651216, -0.04469148105130927, 0.050889466545201656, -0.07945776297053128, 0.3233309981934593, -0.03912980278945411, 0.002663184561821276, -0.6922916409026407, 0.7473240847157765, 0.15904361252357604, -1.4248793811437794, 0.0020978558219497817, 0.3140530789972117, 0.9488873279203616, -0.054640034369340826, 0.9452187742592163, 0.6797027107313522, 0.5304447911743793, -0.08173693572714583, -0.7118508925251378, 0.030194311402191143, 0.9272151753158988, -0.2875176868462716, 0.087771255654385, -0.005026566309222276, 1.1235320490176457, -0.2905593580785121, 0.1002087435269172, 0.5007583206762858, 0.0858036915173773, -0.6756751085807167, 1.0223270592563818, 0.7512454765074571, -0.07801178390954233, -0.2707617847285313, -0.07269416671400306, 0.16910740180108758, 0.1961126269446121, 0.06539639132662893, -0.3328695606515806, -0.058511014901715896, 0.12397817414187629, -0.0341483145373373, -0.21124005007524427, 0.09580997562592938, -0.1277941689764265, 0.7625958421388952, -0.0429976715531192, 0.9123387501458787, 0.13617936662326302, 1.142801117809051, -0.24578504702634849, 0.4433942185755527, -0.00918417684985261, 0.08412659464895131, 0.2330991596722727]}